game_id,season,season_code,game_number,game_date,game_start,home_team_code,home_team,away_team_code,away_team,home_score,away_score,home_q1,home_q2,home_q3,home_q4,away_q1,away_q2,away_q3,away_q4,home_ot_scores,away_ot_scores,overtime,overtime_periods,game_minutes,stadium,source_match_url,source_team_record_url,home_elo_before,away_elo_before,elo_difference,elo_home_win_probability,home_elo_after,away_elo_after
S43G01N1,2023-2024,43,1,2023-10-21,1400,70,안양 정관장,55,서울 SK,74,89,22,19,24,9,19,29,19,22,,,0,0,40,안양 정관장 아레나,https://api.kbl.or.kr/match/S43G01N1,https://api.kbl.or.kr/match/S43G01N1/team-record,1500.0,1500.0,0.0,0.5924662305843318,1488.1506753883134,1511.8493246116866
S43G01N2,2023-2024,43,2,2023-10-21,1400,50,창원 LG,06,수원 KT,66,71,17,18,23,8,13,20,24,14,,,0,0,40,창원체육관,https://api.kbl.or.kr/match/S43G01N2,https://api.kbl.or.kr/match/S43G01N2/team-record,1500.0,1500.0,0.0,0.5924662305843318,1488.1506753883134,1511.8493246116866
S43G01N3,2023-2024,43,3,2023-10-21,1600,10,울산 현대모비스,64,대구 한국가스공사,87,62,25,24,22,16,21,12,18,11,,,0,0,40,울산동천체육관,https://api.kbl.or.kr/match/S43G01N3,https://api.kbl.or.kr/match/S43G01N3/team-record,1500.0,1500.0,0.0,0.5924662305843318,1508.1506753883134,1491.8493246116866
S43G01N4,2023-2024,43,4,2023-10-22,1400,55,서울 SK,06,수원 KT,85,80,19,24,22,20,30,15,15,20,,,0,0,40,잠실학생체육관,https://api.kbl.or.kr/match/S43G01N4,https://api.kbl.or.kr/match/S43G01N4/team-record,1511.8493246116866,1511.8493246116866,0.0,0.5924662305843318,1520.0,1503.6986492233732
S43G01N5,2023-2024,43,5,2023-10-22,1400,66,고양 소노,16,원주 DB,89,110,21,17,34,17,29,30,31,20,,,0,0,40,고양 소노 아레나,https://api.kbl.or.kr/match/S43G01N5,https://api.kbl.or.kr/match/S43G01N5/team-record,1500.0,1500.0,0.0,0.5924662305843318,1488.1506753883134,1511.8493246116866
S43G01N6,2023-2024,43,6,2023-10-22,1600,60,부산 KCC,35,서울 삼성,106,100,34,29,26,17,22,21,27,30,,,0,0,40,부산사직체육관,https://api.kbl.or.kr/match/S43G01N6,https://api.kbl.or.kr/match/S43G01N6/team-record,1500.0,1500.0,0.0,0.5924662305843318,1508.1506753883134,1491.8493246116866
S43G01N7,2023-2024,43,7,2023-10-23,1900,10,울산 현대모비스,50,창원 LG,76,74,17,23,16,20,16,20,20,18,,,0,0,40,울산동천체육관,https://api.kbl.or.kr/match/S43G01N7,https://api.kbl.or.kr/match/S43G01N7/team-record,1508.1506753883134,1488.1506753883134,20.0,0.6199413590445233,1515.7518482074229,1480.549502569204
S43G01N8,2023-2024,43,8,2023-10-24,1900,66,고양 소노,55,서울 SK,79,90,15,25,17,22,23,20,18,29,,,0,0,40,고양 소노 아레나,https://api.kbl.or.kr/match/S43G01N8,https://api.kbl.or.kr/match/S43G01N8/team-record,1488.1506753883134,1520.0,-31.849324611686598,0.547563404009058,1477.1994073081323,1530.951268080181
S43G01N9,2023-2024,43,9,2023-10-26,1900,50,창원 LG,16,원주 DB,76,85,27,16,19,14,22,25,15,23,,,0,0,40,창원체육관,https://api.kbl.or.kr/match/S43G01N9,https://api.kbl.or.kr/match/S43G01N9/team-record,1480.549502569204,1511.8493246116866,-31.299822042482674,0.5483469272226097,1469.5825640247517,1522.8162631561388
S43G01N10,2023-2024,43,10,2023-10-27,1900,10,울산 현대모비스,55,서울 SK,78,67,20,19,21,18,17,17,13,20,,,0,0,40,울산동천체육관,https://api.kbl.or.kr/match/S43G01N10,https://api.kbl.or.kr/match/S43G01N10/team-record,1515.7518482074229,1530.951268080181,-15.199419872758199,0.5711819686785162,1524.3282088338526,1522.3749074537513
S43G01N11,2023-2024,43,11,2023-10-27,1900,35,서울 삼성,66,고양 소노,98,78,19,24,23,32,19,23,14,22,,,0,0,40,잠실실내체육관,https://api.kbl.or.kr/match/S43G01N11,https://api.kbl.or.kr/match/S43G01N11/team-record,1491.8493246116866,1477.1994073081323,14.649917303554275,0.6126586967306855,1499.596150677073,1469.452581242746
S43G01N12,2023-2024,43,12,2023-10-28,1400,16,원주 DB,60,부산 KCC,101,90,17,29,25,30,32,24,20,14,,,0,0,40,원주종합체육관,https://api.kbl.or.kr/match/S43G01N12,https://api.kbl.or.kr/match/S43G01N12/team-record,1522.8162631561388,1508.1506753883134,14.6655877678254,0.6126801032254674,1530.5626610916295,1500.4042774528227
S43G01N13,2023-2024,43,13,2023-10-28,1400,64,대구 한국가스공사,50,창원 LG,83,92,22,23,18,20,20,25,23,24,,,0,0,40,대구체육관,https://api.kbl.or.kr/match/S43G01N13,https://api.kbl.or.kr/match/S43G01N13/team-record,1491.8493246116866,1469.5825640247517,22.26676058693488,0.6230109270204315,1479.3891060712779,1482.0427825651605
S43G01N14,2023-2024,43,14,2023-10-28,1600,06,수원 KT,70,안양 정관장,59,63,20,8,21,10,19,22,14,8,,,0,0,40,수원 KT 아레나,https://api.kbl.or.kr/match/S43G01N14,https://api.kbl.or.kr/match/S43G01N14/team-record,1503.6986492233732,1488.1506753883134,15.547973835059793,0.613884774329457,1491.420953736784,1500.4283708749026
S43G01N15,2023-2024,43,15,2023-10-29,1400,35,서울 삼성,50,창원 LG,69,90,17,18,19,15,20,26,25,19,,,0,0,40,잠실실내체육관,https://api.kbl.or.kr/match/S43G01N15,https://api.kbl.or.kr/match/S43G01N15/team-record,1499.596150677073,1482.0427825651605,17.553368111912505,0.6166174233626488,1487.26380220982,1494.3751310324135
S43G01N16,2023-2024,43,16,2023-10-29,1400,64,대구 한국가스공사,55,서울 SK,96,94,29,22,24,21,27,23,26,18,,,0,0,40,대구체육관,https://api.kbl.or.kr/match/S43G01N16,https://api.kbl.or.kr/match/S43G01N16/team-record,1479.3891060712779,1522.3749074537513,-42.98580138247348,0.5316386495180003,1488.7563330809178,1513.0076804441114
S43G01N17,2023-2024,43,17,2023-10-29,1600,66,고양 소노,10,울산 현대모비스,99,88,23,16,31,29,19,19,27,23,,,0,0,40,고양 소노 아레나,https://api.kbl.or.kr/match/S43G01N17,https://api.kbl.or.kr/match/S43G01N17/team-record,1469.452581242746,1524.3282088338526,-54.87562759110665,0.514566020406206,1479.1612608346218,1514.6195292419768
S43G01N18,2023-2024,43,18,2023-10-30,1900,06,수원 KT,16,원주 DB,84,91,28,20,13,23,27,27,25,12,,,0,0,40,수원 KT 아레나,https://api.kbl.or.kr/match/S43G01N18,https://api.kbl.or.kr/match/S43G01N18/team-record,1491.420953736784,1530.5626610916295,-39.141707354845494,0.5371445155250898,1480.6780634262823,1541.3055514021312
S43G01N19,2023-2024,43,19,2023-10-31,1900,70,안양 정관장,10,울산 현대모비스,75,86,27,16,14,18,19,32,16,19,,,0,0,40,안양 정관장 아레나,https://api.kbl.or.kr/match/S43G01N19,https://api.kbl.or.kr/match/S43G01N19/team-record,1500.4283708749026,1514.6195292419768,-14.191158367074195,0.5726029743292956,1488.9763113883166,1526.0715887285628
S43G01N20,2023-2024,43,20,2023-10-31,1900,35,서울 삼성,64,대구 한국가스공사,84,80,21,22,18,23,22,20,19,19,,,0,0,40,잠실실내체육관,https://api.kbl.or.kr/match/S43G01N20,https://api.kbl.or.kr/match/S43G01N20/team-record,1487.26380220982,1488.7563330809178,-1.4925308710978697,0.5903901284819847,1495.4559996401802,1480.5641356505575
S43G01N21,2023-2024,43,21,2023-11-02,1900,50,창원 LG,66,고양 소노,87,73,18,19,23,27,18,20,16,19,,,0,0,40,창원체육관,https://api.kbl.or.kr/match/S43G01N21,https://api.kbl.or.kr/match/S43G01N21/team-record,1494.3751310324135,1479.1612608346218,15.21387019779172,0.6134288049376733,1502.10655493366,1471.4298369333753
S43G01N22,2023-2024,43,22,2023-11-02,1900,35,서울 삼성,70,안양 정관장,74,96,23,14,14,23,26,29,23,18,,,0,0,40,잠실실내체육관,https://api.kbl.or.kr/match/S43G01N22,https://api.kbl.or.kr/match/S43G01N22/team-record,1495.4559996401802,1488.9763113883166,6.479688251863536,0.6014403435640844,1483.4271927688985,1501.0051182595982
S43G01N23,2023-2024,43,23,2023-11-03,1900,10,울산 현대모비스,60,부산 KCC,79,91,18,21,10,30,19,22,26,24,,,0,0,40,울산동천체육관,https://api.kbl.or.kr/match/S43G01N23,https://api.kbl.or.kr/match/S43G01N23/team-record,1526.0715887285628,1500.4042774528227,25.667311275740076,0.6275973176018887,1513.519642376525,1512.9562238048604
S43G01N24,2023-2024,43,24,2023-11-03,1900,64,대구 한국가스공사,16,원주 DB,79,94,21,15,25,18,29,19,23,23,,,0,0,40,대구체육관,https://api.kbl.or.kr/match/S43G01N24,https://api.kbl.or.kr/match/S43G01N24/team-record,1480.5641356505575,1541.3055514021312,-60.74141575157364,0.5061282884807943,1470.4415698809416,1551.428117171747
S43G01N25,2023-2024,43,25,2023-11-04,1400,50,창원 LG,55,서울 SK,69,50,15,15,21,18,17,14,6,13,,,0,0,40,창원체육관,https://api.kbl.or.kr/match/S43G01N25,https://api.kbl.or.kr/match/S43G01N25/team-record,1502.10655493366,1513.0076804441114,-10.901125510451493,0.577231378851747,1510.561927356625,1504.5523080211465
S43G01N26,2023-2024,43,26,2023-11-04,1400,70,안양 정관장,66,고양 소노,82,84,23,22,25,12,29,25,15,15,,,0,0,40,안양 정관장 아레나,https://api.kbl.or.kr/match/S43G01N26,https://api.kbl.or.kr/match/S43G01N26/team-record,1501.0051182595982,1471.4298369333753,29.57528132622292,0.6328398088052535,1488.3483220834933,1484.0866331094803
S43G01N27,2023-2024,43,27,2023-11-04,1600,35,서울 삼성,06,수원 KT,87,90,19,20,21,27,16,22,30,22,,,0,0,40,잠실실내체육관,https://api.kbl.or.kr/match/S43G01N27,https://api.kbl.or.kr/match/S43G01N27/team-record,1483.4271927688985,1480.6780634262823,2.749129342616243,0.596281577067434,1471.50156122755,1492.6036949676309
S43G01N28,2023-2024,43,28,2023-11-05,1400,10,울산 현대모비스,16,원주 DB,79,90,29,25,13,12,14,26,27,23,,,0,0,40,울산동천체육관,https://api.kbl.or.kr/match/S43G01N28,https://api.kbl.or.kr/match/S43G01N28/team-record,1513.519642376525,1551.428117171747,-37.90847479522199,0.5389090124741163,1502.7414621270427,1562.2062974212295
S43G01N29,2023-2024,43,29,2023-11-05,1600,64,대구 한국가스공사,70,안양 정관장,80,91,19,19,15,27,25,22,23,21,,,0,0,40,대구체육관,https://api.kbl.or.kr/match/S43G01N29,https://api.kbl.or.kr/match/S43G01N29/team-record,1470.4415698809416,1488.3483220834933,-17.906752202551615,0.5673606078700366,1459.094357723541,1499.695534240894
S43G01N30,2023-2024,43,30,2023-11-06,1900,06,수원 KT,66,고양 소노,101,65,30,21,21,29,15,23,11,16,,,0,0,40,수원 KT 아레나,https://api.kbl.or.kr/match/S43G01N30,https://api.kbl.or.kr/match/S43G01N30/team-record,1492.6036949676309,1484.0866331094803,8.517061858150555,0.6042483035885966,1500.5187288958589,1476.1715991812523
S43G01N31,2023-2024,43,31,2023-11-07,1900,70,안양 정관장,60,부산 KCC,74,72,24,20,15,15,27,20,10,15,,,0,0,40,안양 정관장 아레나,https://api.kbl.or.kr/match/S43G01N31,https://api.kbl.or.kr/match/S43G01N31/team-record,1499.695534240894,1512.9562238048604,-13.26068956396648,0.5739132802910928,1508.217268635072,1504.4344894106823
S43G01N32,2023-2024,43,32,2023-11-07,1900,16,원주 DB,35,서울 삼성,94,58,23,21,32,18,15,18,13,12,,,0,0,40,원주종합체육관,https://api.kbl.or.kr/match/S43G01N32,https://api.kbl.or.kr/match/S43G01N32/team-record,1562.2062974212295,1471.50156122755,90.70473619367954,0.7101903102014878,1568.0024912171998,1465.7053674315796
S43G01N33,2023-2024,43,33,2023-11-09,1900,06,수원 KT,64,대구 한국가스공사,91,69,23,12,32,24,22,18,14,15,,,0,0,40,수원 KT 아레나,https://api.kbl.or.kr/match/S43G01N33,https://api.kbl.or.kr/match/S43G01N33/team-record,1500.5187288958589,1459.094357723541,41.42437117231793,0.6485400343253505,1507.5479282093518,1452.065158410048
S43G01N34,2023-2024,43,34,2023-11-09,1902,10,울산 현대모비스,35,서울 삼성,77,69,20,17,15,25,15,24,13,17,,,0,0,40,울산동천체육관,https://api.kbl.or.kr/match/S43G01N34,https://api.kbl.or.kr/match/S43G01N34/team-record,1502.7414621270427,1465.7053674315796,37.036094695463134,0.6427607800460199,1509.8862465261222,1458.5605830325
S43G01N35,2023-2024,43,35,2023-11-10,1900,50,창원 LG,60,부산 KCC,104,84,25,27,35,17,10,22,22,30,,,0,0,40,창원체육관,https://api.kbl.or.kr/match/S43G01N35,https://api.kbl.or.kr/match/S43G01N35/team-record,1510.561927356625,1504.4344894106823,6.1274379459425745,0.6009541802767702,1518.5428437510895,1496.4535730162177
S43G01N36,2023-2024,43,36,2023-11-10,1900,16,원주 DB,70,안양 정관장,94,99,21,18,28,27,27,26,24,22,,,0,0,40,원주종합체육관,https://api.kbl.or.kr/match/S43G01N36,https://api.kbl.or.kr/match/S43G01N36/team-record,1568.0024912171998,1508.217268635072,59.785222582127744,0.6722372892277014,1554.5577454326458,1521.662014419626
S43G01N37,2023-2024,43,37,2023-11-11,1400,35,서울 삼성,55,서울 SK,80,82,11,25,15,29,28,20,15,19,,,0,0,40,잠실실내체육관,https://api.kbl.or.kr/match/S43G01N37,https://api.kbl.or.kr/match/S43G01N37/team-record,1458.5605830325,1504.5523080211465,-45.99172498864641,0.5273278461463667,1448.0140261095728,1515.0988649440737
S43G01N38,2023-2024,43,38,2023-11-11,1400,64,대구 한국가스공사,66,고양 소노,90,100,19,21,23,27,26,24,26,24,,,0,0,40,대구체육관,https://api.kbl.or.kr/match/S43G01N38,https://api.kbl.or.kr/match/S43G01N38/team-record,1452.065158410048,1476.1715991812523,-24.106440771204234,0.5585802968181512,1440.893552473685,1487.3432051176153
S43G01N39,2023-2024,43,39,2023-11-11,1600,06,수원 KT,10,울산 현대모비스,75,74,24,12,25,14,19,23,15,17,,,0,0,40,수원 KT 아레나,https://api.kbl.or.kr/match/S43G01N39,https://api.kbl.or.kr/match/S43G01N39/team-record,1507.5479282093518,1509.8862465261222,-2.338318316770483,0.5892122059086149,1515.7636840911794,1501.6704906442947
S43G01N40,2023-2024,43,40,2023-11-12,1400,16,원주 DB,55,서울 SK,106,76,25,19,32,30,15,23,19,19,,,0,0,40,원주종합체육관,https://api.kbl.or.kr/match/S43G01N40,https://api.kbl.or.kr/match/S43G01N40/team-record,1554.5577454326458,1515.0988649440737,39.45888048857205,0.6459567917016628,1561.6386095986124,1508.018000778107
S43G01N41,2023-2024,43,41,2023-11-12,1400,70,안양 정관장,50,창원 LG,85,71,21,24,23,17,20,18,17,16,,,0,0,40,안양 정관장 아레나,https://api.kbl.or.kr/match/S43G01N41,https://api.kbl.or.kr/match/S43G01N41/team-record,1521.662014419626,1518.5428437510895,3.119170668536526,0.5967942574029502,1529.726129271567,1510.4787288991486
S43G01N42,2023-2024,43,42,2023-11-12,1600,66,고양 소노,60,부산 KCC,93,84,25,23,29,16,19,29,17,19,,,0,0,40,고양 소노 아레나,https://api.kbl.or.kr/match/S43G01N42,https://api.kbl.or.kr/match/S43G01N42/team-record,1487.3432051176153,1496.4535730162177,-9.110367898602362,0.5797449762524644,1495.748305592566,1488.0484725412668
S43G01N43,2023-2024,43,43,2023-11-13,1900,10,울산 현대모비스,06,수원 KT,61,77,15,13,18,15,13,18,21,25,,,0,0,40,울산동천체육관,https://api.kbl.or.kr/match/S43G01N43,https://api.kbl.or.kr/match/S43G01N43/team-record,1501.6704906442947,1515.7636840911794,-14.093193446884698,0.5727409789376611,1490.2156710655415,1527.2185036699325
S43G01N44,2023-2024,43,44,2023-11-14,1900,16,원주 DB,60,부산 KCC,87,85,28,16,26,17,27,17,21,20,,,0,0,40,원주종합체육관,https://api.kbl.or.kr/match/S43G01N44,https://api.kbl.or.kr/match/S43G01N44/team-record,1561.6386095986124,1488.0484725412668,73.5901370573456,0.6895013194765754,1567.848583209081,1481.8384989307983
S43G01N45,2023-2024,43,45,2023-11-14,1900,35,서울 삼성,70,안양 정관장,63,81,14,25,12,12,26,20,18,17,,,0,0,40,잠실실내체육관,https://api.kbl.or.kr/match/S43G01N45,https://api.kbl.or.kr/match/S43G01N45/team-record,1448.0140261095728,1529.726129271567,-81.71210316199426,0.47596788203425405,1438.4946684688878,1539.245486912252
S43G01N46,2023-2024,43,46,2023-11-16,1900,16,원주 DB,10,울산 현대모비스,81,72,28,20,18,15,18,21,19,14,,,0,0,40,원주종합체육관,https://api.kbl.or.kr/match/S43G01N46,https://api.kbl.or.kr/match/S43G01N46/team-record,1567.848583209081,1490.2156710655415,77.63291214353944,0.6944615236951258,1573.9593527351785,1484.104901539444
S43G01N47,2023-2024,43,47,2023-11-16,1900,64,대구 한국가스공사,55,서울 SK,74,76,15,21,12,26,20,14,20,22,,,0,0,40,대구체육관,https://api.kbl.or.kr/match/S43G01N47,https://api.kbl.or.kr/match/S43G01N47/team-record,1440.893552473685,1508.018000778107,-67.124448304422,0.4969427112300111,1430.954698249085,1517.9568550027072
S43G01N48,2023-2024,43,48,2023-11-17,1900,60,부산 KCC,66,고양 소노,78,69,16,22,18,22,17,17,20,15,,,0,0,40,부산사직체육관,https://api.kbl.or.kr/match/S43G01N48,https://api.kbl.or.kr/match/S43G01N48/team-record,1481.8384989307983,1495.748305592566,-13.909806661767789,0.5729992881200023,1490.3785131683983,1487.2082913549661
S43G01N49,2023-2024,43,49,2023-11-17,1900,70,안양 정관장,50,창원 LG,77,106,22,16,23,16,34,30,19,23,,,0,0,40,안양 정관장 아레나,https://api.kbl.or.kr/match/S43G01N49,https://api.kbl.or.kr/match/S43G01N49/team-record,1539.245486912252,1510.4787288991486,28.766758013103527,0.6317577137035963,1526.6103326381801,1523.1138831732205
S43G01N50,2023-2024,43,50,2023-11-18,1400,06,수원 KT,55,서울 SK,87,102,23,24,17,23,24,23,24,31,,,0,0,40,수원 KT 아레나,https://api.kbl.or.kr/match/S43G01N50,https://api.kbl.or.kr/match/S43G01N50/team-record,1527.2185036699325,1517.9568550027072,9.261648667225245,0.6052728097731525,1515.1130474744693,1530.0623111981704
S43G01N51,2023-2024,43,51,2023-11-18,1400,10,울산 현대모비스,64,대구 한국가스공사,81,80,22,13,19,15,15,25,12,17,12,11,1,1,45,울산동천체육관,https://api.kbl.or.kr/match/S43G01N51,https://api.kbl.or.kr/match/S43G01N51/team-record,1484.104901539444,1430.954698249085,53.15020329035906,0.6637670959257611,1490.8295596209286,1424.2300401676002
S43G01N52,2023-2024,43,52,2023-11-18,1600,16,원주 DB,35,서울 삼성,102,73,28,29,27,18,13,24,23,13,,,0,0,40,원주종합체육관,https://api.kbl.or.kr/match/S43G01N52,https://api.kbl.or.kr/match/S43G01N52/team-record,1573.9593527351785,1438.4946684688878,135.46468426629076,0.7602348478209825,1578.754655778759,1433.6993654253074
S43G01N53,2023-2024,43,53,2023-11-19,1400,50,창원 LG,64,대구 한국가스공사,77,62,23,16,23,15,14,25,12,11,,,0,0,40,창원체육관,https://api.kbl.or.kr/match/S43G01N53,https://api.kbl.or.kr/match/S43G01N53/team-record,1523.1138831732205,1424.2300401676002,98.88384300562029,0.7197841617714158,1528.7181999377922,1418.6257234030286
S43G01N54,2023-2024,43,54,2023-11-19,1400,70,안양 정관장,60,부산 KCC,84,74,28,19,16,21,22,21,18,13,,,0,0,40,안양 정관장 아레나,https://api.kbl.or.kr/match/S43G01N54,https://api.kbl.or.kr/match/S43G01N54/team-record,1526.6103326381801,1490.3785131683983,36.23181946978184,0.6416969916316416,1533.7763928055474,1483.212453001031
S43G01N55,2023-2024,43,55,2023-11-19,1600,66,고양 소노,16,원주 DB,91,99,30,21,21,19,18,24,31,26,,,0,0,40,고양 소노 아레나,https://api.kbl.or.kr/match/S43G01N55,https://api.kbl.or.kr/match/S43G01N55/team-record,1487.2082913549661,1578.754655778759,-91.54636442379274,0.4618708805909335,1477.9708737431474,1587.9920733905776
S43G01N56,2023-2024,43,56,2023-11-20,1900,55,서울 SK,35,서울 삼성,82,75,20,25,16,21,27,16,12,20,,,0,0,40,잠실학생체육관,https://api.kbl.or.kr/match/S43G01N56,https://api.kbl.or.kr/match/S43G01N56/team-record,1530.0623111981704,1433.6993654253074,96.36294577286299,0.7168479626461319,1535.7253519452477,1428.0363246782301
S43G01N57,2023-2024,43,57,2023-11-21,1900,06,수원 KT,16,원주 DB,71,87,23,8,17,23,32,24,15,16,,,0,0,40,수원 KT 아레나,https://api.kbl.or.kr/match/S43G01N57,https://api.kbl.or.kr/match/S43G01N57/team-record,1515.1130474744693,1587.9920733905776,-72.87902591610828,0.4886631136002253,1505.3397852024648,1597.7653356625822
S43G01N58,2023-2024,43,58,2023-11-21,1900,64,대구 한국가스공사,70,안양 정관장,93,98,30,18,21,24,41,23,15,19,,,0,0,40,대구체육관,https://api.kbl.or.kr/match/S43G01N58,https://api.kbl.or.kr/match/S43G01N58/team-record,1418.6257234030286,1533.7763928055474,-115.15066940251882,0.428324494466679,1410.059233513695,1542.342882694881
S43G01N59,2023-2024,43,59,2023-11-23,1900,50,창원 LG,10,울산 현대모비스,97,76,20,28,31,18,19,17,18,22,,,0,0,40,창원체육관,https://api.kbl.or.kr/match/S43G01N59,https://api.kbl.or.kr/match/S43G01N59/team-record,1528.7181999377922,1490.8295596209286,37.88864031686353,0.6438868796025343,1535.8404623457416,1483.7072972129793
S43G01N60,2023-2024,43,60,2023-11-23,1900,35,서울 삼성,64,대구 한국가스공사,84,63,25,21,20,18,17,4,25,17,,,0,0,40,잠실실내체육관,https://api.kbl.or.kr/match/S43G01N60,https://api.kbl.or.kr/match/S43G01N60/team-record,1428.0363246782301,1410.059233513695,17.977091164535068,0.6171938741309687,1435.6924471956108,1402.4031109963144
S43G01N61,2023-2024,43,61,2023-11-24,1900,70,안양 정관장,06,수원 KT,85,94,26,17,20,22,25,32,20,17,,,0,0,40,안양 정관장 아레나,https://api.kbl.or.kr/match/S43G01N61,https://api.kbl.or.kr/match/S43G01N61/team-record,1542.342882694881,1505.3397852024648,37.003097492416146,0.6427171633159355,1529.4885394285623,1518.1941284687834
S43G01N62,2023-2024,43,62,2023-11-24,1900,55,서울 SK,16,원주 DB,86,80,24,23,14,25,24,19,21,16,,,0,0,40,잠실학생체육관,https://api.kbl.or.kr/match/S43G01N62,https://api.kbl.or.kr/match/S43G01N62/team-record,1535.7253519452477,1597.7653356625822,-62.03998371733451,0.5042597027933949,1545.6401578893797,1587.8505297184502
S43G01N63,2023-2024,43,63,2023-11-25,1400,50,창원 LG,66,고양 소노,80,49,19,13,24,24,10,18,9,12,,,0,0,40,창원체육관,https://api.kbl.or.kr/match/S43G01N63,https://api.kbl.or.kr/match/S43G01N63/team-record,1535.8404623457416,1477.9708737431474,57.86958860259415,0.6698030032046131,1542.4444022816492,1471.3669338072398
S43G01N64,2023-2024,43,64,2023-11-25,1400,35,서울 삼성,10,울산 현대모비스,66,80,17,19,16,14,18,22,28,12,,,0,0,40,잠실실내체육관,https://api.kbl.or.kr/match/S43G01N64,https://api.kbl.or.kr/match/S43G01N64/team-record,1435.6924471956108,1483.7072972129793,-48.01485001736842,0.5244241412665545,1425.2039643702797,1494.1957800383104
S43G01N65,2023-2024,43,65,2023-11-25,1700,60,부산 KCC,64,대구 한국가스공사,81,96,22,17,19,23,33,27,16,20,,,0,0,40,부산사직체육관,https://api.kbl.or.kr/match/S43G01N65,https://api.kbl.or.kr/match/S43G01N65/team-record,1483.212453001031,1402.4031109963144,80.80934200471665,0.6983274672895371,1469.2459036552402,1416.3696603421051
S43G01N66,2023-2024,43,66,2023-11-26,1400,06,수원 KT,35,서울 삼성,88,83,16,19,31,22,25,19,18,21,,,0,0,40,수원 KT 아레나,https://api.kbl.or.kr/match/S43G01N66,https://api.kbl.or.kr/match/S43G01N66/team-record,1518.1941284687834,1425.2039643702797,92.99016409850378,0.7128905686990251,1523.936317094803,1419.4617757442602
S43G01N67,2023-2024,43,67,2023-11-26,1400,70,안양 정관장,16,원주 DB,80,97,17,23,18,22,28,31,19,19,,,0,0,40,안양 정관장 아레나,https://api.kbl.or.kr/match/S43G01N67,https://api.kbl.or.kr/match/S43G01N67/team-record,1529.4885394285623,1587.8505297184502,-58.3619902898879,0.5095517016913079,1519.2975053947362,1598.0415637522763
S43G01N68,2023-2024,43,68,2023-11-26,1600,66,고양 소노,55,서울 SK,84,77,16,20,24,24,23,21,14,19,,,0,0,40,고양 소노 아레나,https://api.kbl.or.kr/match/S43G01N68,https://api.kbl.or.kr/match/S43G01N68/team-record,1471.3669338072398,1545.6401578893797,-74.2732240821399,0.48665792585747564,1481.6337752900902,1535.3733164065293
S43G01N69,2023-2024,43,69,2023-11-27,1900,60,부산 KCC,10,울산 현대모비스,91,84,27,20,27,17,26,16,16,26,,,0,0,40,부산사직체육관,https://api.kbl.or.kr/match/S43G01N69,https://api.kbl.or.kr/match/S43G01N69/team-record,1469.2459036552402,1494.1957800383104,-24.949876383070205,0.5573828185399525,1478.0982472844412,1485.3434364091095
S43G01N70,2023-2024,43,70,2023-11-28,1900,06,수원 KT,50,창원 LG,93,88,25,28,19,21,18,23,25,22,,,0,0,40,수원 KT 아레나,https://api.kbl.or.kr/match/S43G01N70,https://api.kbl.or.kr/match/S43G01N70/team-record,1523.936317094803,1542.4444022816492,-18.5080851868463,0.5665107294415478,1532.6061025059719,1533.7746168704803
S43G01N71,2023-2024,43,71,2023-11-28,1900,66,고양 소노,70,안양 정관장,86,82,27,22,24,13,24,17,25,16,,,0,0,40,고양 소노 아레나,https://api.kbl.or.kr/match/S43G01N71,https://api.kbl.or.kr/match/S43G01N71/team-record,1481.6337752900902,1519.2975053947362,-37.66373010464599,0.5392590762545691,1490.848593764999,1510.0826869198274
S43G01N72,2023-2024,43,72,2023-11-30,1900,60,부산 KCC,06,수원 KT,71,85,25,17,17,12,25,18,29,13,,,0,0,40,부산사직체육관,https://api.kbl.or.kr/match/S43G01N72,https://api.kbl.or.kr/match/S43G01N72/team-record,1478.0982472844412,1532.6061025059719,-54.50785522153069,0.5150948217107119,1467.7963508502269,1542.9079989401862
S43G01N73,2023-2024,43,73,2023-11-30,1900,55,서울 SK,50,창원 LG,73,87,12,27,10,24,18,23,26,20,,,0,0,40,잠실학생체육관,https://api.kbl.or.kr/match/S43G01N73,https://api.kbl.or.kr/match/S43G01N73/team-record,1535.3733164065293,1533.7746168704803,1.5986995360490255,0.5946863548291306,1523.4795893099467,1545.6683439670628
S43G01N74,2023-2024,43,74,2023-12-01,1900,70,안양 정관장,10,울산 현대모비스,77,108,23,21,15,18,26,26,32,24,,,0,0,40,안양 정관장 아레나,https://api.kbl.or.kr/match/S43G01N74,https://api.kbl.or.kr/match/S43G01N74/team-record,1510.0826869198274,1485.3434364091095,24.739250510717966,0.6263478612138571,1497.5557296955503,1497.8703936333866
S43G01N75,2023-2024,43,75,2023-12-01,1900,35,서울 삼성,66,고양 소노,64,78,16,19,16,13,18,18,25,17,,,0,0,40,잠실실내체육관,https://api.kbl.or.kr/match/S43G01N75,https://api.kbl.or.kr/match/S43G01N75/team-record,1419.4617757442602,1490.848593764999,-71.3868180207387,0.49080966521281333,1409.6455824400039,1500.6647870692552
S43G01N76,2023-2024,43,76,2023-12-02,1400,16,원주 DB,50,창원 LG,70,91,23,16,21,10,23,21,21,26,,,0,0,40,원주종합체육관,https://api.kbl.or.kr/match/S43G01N76,https://api.kbl.or.kr/match/S43G01N76/team-record,1598.0415637522763,1545.6683439670628,52.37321978521345,0.6627681524129869,1584.7862007040164,1558.9237070153226
S43G01N77,2023-2024,43,77,2023-12-02,1400,55,서울 SK,60,부산 KCC,72,74,18,19,10,25,20,22,20,12,,,0,0,40,잠실학생체육관,https://api.kbl.or.kr/match/S43G01N77,https://api.kbl.or.kr/match/S43G01N77/team-record,1523.4795893099467,1467.7963508502269,55.68323845971986,0.6670135505639277,1510.1393182986683,1481.1366218615053
S43G01N78,2023-2024,43,78,2023-12-02,1600,64,대구 한국가스공사,06,수원 KT,81,99,20,27,18,16,30,30,21,18,,,0,0,40,대구체육관,https://api.kbl.or.kr/match/S43G01N78,https://api.kbl.or.kr/match/S43G01N78/team-record,1416.3696603421051,1542.9079989401862,-126.53833859808105,0.41235384716862195,1408.1225833987328,1551.1550758835585
S43G01N79,2023-2024,43,79,2023-12-03,1400,10,울산 현대모비스,66,고양 소노,66,71,20,14,21,11,21,21,10,19,,,0,0,40,울산동천체육관,https://api.kbl.or.kr/match/S43G01N79,https://api.kbl.or.kr/match/S43G01N79/team-record,1497.8703936333866,1500.6647870692552,-2.794393435868642,0.5885766074660653,1486.0988614840653,1512.4363192185765
S43G01N80,2023-2024,43,80,2023-12-03,1400,55,서울 SK,70,안양 정관장,85,71,27,9,22,27,14,26,14,17,,,0,0,40,잠실학생체육관,https://api.kbl.or.kr/match/S43G01N80,https://api.kbl.or.kr/match/S43G01N80/team-record,1510.1393182986683,1497.5557296955503,12.58358860311796,0.6098322242905831,1517.9426738128566,1489.752374181362
S43G01N81,2023-2024,43,81,2023-12-03,1600,60,부산 KCC,35,서울 삼성,77,74,21,16,23,17,19,17,16,22,,,0,0,40,부산사직체육관,https://api.kbl.or.kr/match/S43G01N81,https://api.kbl.or.kr/match/S43G01N81/team-record,1481.1366218615053,1409.6455824400039,71.49103942150145,0.6869084927429807,1487.3984520066458,1403.3837522948634
S43G01N82,2023-2024,43,82,2023-12-04,1900,16,원주 DB,64,대구 한국가스공사,88,74,25,25,19,19,17,18,16,23,,,0,0,40,원주종합체육관,https://api.kbl.or.kr/match/S43G01N82,https://api.kbl.or.kr/match/S43G01N82/team-record,1584.7862007040164,1408.1225833987328,176.66361730528365,0.8007721981410518,1588.7707567411953,1404.138027361554
S43G01N84,2023-2024,43,84,2023-12-05,1900,35,서울 삼성,50,창원 LG,82,95,14,21,22,25,24,19,22,30,,,0,0,40,잠실실내체육관,https://api.kbl.or.kr/match/S43G01N84,https://api.kbl.or.kr/match/S43G01N84/team-record,1403.3837522948634,1558.9237070153226,-155.53995472045926,0.37257404320117476,1395.9322714308398,1566.3751878793462
S43G01N83,2023-2024,43,83,2023-12-05,1909,06,수원 KT,66,고양 소노,86,81,28,23,19,16,23,17,27,14,,,0,0,40,수원 KT 아레나,https://api.kbl.or.kr/match/S43G01N83,https://api.kbl.or.kr/match/S43G01N83/team-record,1551.1550758835585,1512.4363192185765,38.71875666498204,0.644981826063719,1558.255439362284,1505.335955739851
S43G01N85,2023-2024,43,85,2023-12-07,1900,50,창원 LG,60,부산 KCC,85,81,19,25,25,16,19,27,16,19,,,0,0,40,창원체육관,https://api.kbl.or.kr/match/S43G01N85,https://api.kbl.or.kr/match/S43G01N85/team-record,1566.3751878793462,1487.3984520066458,78.97673587270037,0.6961004413127517,1572.4531790530912,1481.3204608329008
S43G01N86,2023-2024,43,86,2023-12-07,1900,10,울산 현대모비스,55,서울 SK,75,78,20,20,14,21,22,15,17,24,,,0,0,40,울산동천체육관,https://api.kbl.or.kr/match/S43G01N86,https://api.kbl.or.kr/match/S43G01N86/team-record,1486.0988614840653,1517.9426738128566,-31.843812328791273,0.5475712650250655,1475.147436183564,1528.894099113358
S43G01N87,2023-2024,43,87,2023-12-08,1900,66,고양 소노,64,대구 한국가스공사,74,80,13,24,22,15,23,21,24,12,,,0,0,40,고양 소노 아레나,https://api.kbl.or.kr/match/S43G01N87,https://api.kbl.or.kr/match/S43G01N87/team-record,1505.335955739851,1404.138027361554,101.19792837829709,0.72246304630884,1490.8866948136742,1418.5872882877306
S43G01N88,2023-2024,43,88,2023-12-08,1900,16,원주 DB,35,서울 삼성,91,67,14,19,31,27,21,10,14,22,,,0,0,40,원주종합체육관,https://api.kbl.or.kr/match/S43G01N88,https://api.kbl.or.kr/match/S43G01N88/team-record,1588.7707567411953,1395.9322714308398,192.8384853103555,0.815211796876494,1592.4665208036654,1392.2365073683698
S43G01N89,2023-2024,43,89,2023-12-09,1400,10,울산 현대모비스,70,안양 정관장,93,78,30,26,23,14,20,14,25,19,,,0,0,40,울산동천체육관,https://api.kbl.or.kr/match/S43G01N89,https://api.kbl.or.kr/match/S43G01N89/team-record,1475.147436183564,1489.752374181362,-14.60493799779806,0.5720199525139543,1483.707037133285,1481.192773231641
S43G01N90,2023-2024,43,90,2023-12-09,1600,50,창원 LG,06,수원 KT,84,76,23,19,26,16,19,19,16,22,,,0,0,40,창원체육관,https://api.kbl.or.kr/match/S43G01N90,https://api.kbl.or.kr/match/S43G01N90/team-record,1572.4531790530912,1558.255439362284,14.197739690807111,0.6120408165085593,1580.21236272292,1550.4962556924552
S43G01N91,2023-2024,43,91,2023-12-10,1400,66,고양 소노,64,대구 한국가스공사,76,84,16,25,14,21,19,17,22,26,,,0,0,40,고양 소노 아레나,https://api.kbl.or.kr/match/S43G01N91,https://api.kbl.or.kr/match/S43G01N91/team-record,1490.8866948136742,1418.5872882877306,72.2994065259436,0.687908391796324,1477.1285269777477,1432.3454561236572
S43G01N92,2023-2024,43,92,2023-12-10,1600,16,원주 DB,70,안양 정관장,88,83,25,27,22,14,23,14,28,18,,,0,0,40,원주종합체육관,https://api.kbl.or.kr/match/S43G01N92,https://api.kbl.or.kr/match/S43G01N92/team-record,1592.4665208036654,1481.192773231641,111.27374757202438,0.7339415278968306,1597.7876902457288,1475.8716037895776
S43G01N93,2023-2024,43,93,2023-12-11,1900,10,울산 현대모비스,50,창원 LG,80,88,27,12,20,21,29,17,19,23,,,0,0,40,울산동천체육관,https://api.kbl.or.kr/match/S43G01N93,https://api.kbl.or.kr/match/S43G01N93/team-record,1483.707037133285,1580.21236272292,-96.50532558963505,0.4547840577315633,1474.6113559786538,1589.3080438775512
S43G01N94,2023-2024,43,94,2023-12-12,1900,06,수원 KT,35,서울 삼성,94,99,16,32,23,23,16,28,27,28,,,0,0,40,수원 KT 아레나,https://api.kbl.or.kr/match/S43G01N94,https://api.kbl.or.kr/match/S43G01N94/team-record,1550.4962556924552,1392.2365073683698,158.25974832408542,0.7833313266402008,1534.8296291596512,1407.9031339011738
S43G01N95,2023-2024,43,95,2023-12-12,1900,16,원주 DB,55,서울 SK,91,82,21,26,26,18,18,28,20,16,,,0,0,40,원주종합체육관,https://api.kbl.or.kr/match/S43G01N95,https://api.kbl.or.kr/match/S43G01N95/team-record,1597.7876902457288,1528.894099113358,68.89359113237083,0.6836838613389481,1604.11401301895,1522.5677763401368
S43G01N96,2023-2024,43,96,2023-12-12,1900,60,부산 KCC,64,대구 한국가스공사,93,88,22,15,18,19,17,18,27,12,9|10,9|5,1,2,50,부산사직체육관,https://api.kbl.or.kr/match/S43G01N96,https://api.kbl.or.kr/match/S43G01N96/team-record,1481.3204608329008,1432.3454561236572,48.97500470924365,0.6583821598680201,1488.1528176355405,1425.5130993210175
S43G01N97,2023-2024,43,97,2023-12-14,1900,64,대구 한국가스공사,55,서울 SK,69,81,16,17,19,17,17,21,24,19,,,0,0,40,대구체육관,https://api.kbl.or.kr/match/S43G01N97,https://api.kbl.or.kr/match/S43G01N97/team-record,1425.5130993210175,1522.5677763401368,-97.05467701911925,0.45400005553621703,1416.433098210293,1531.6477774508612
S43G01N98,2023-2024,43,98,2023-12-15,1900,06,수원 KT,66,고양 소노,82,64,19,16,24,23,25,15,19,5,,,0,0,40,수원 KT 아레나,https://api.kbl.or.kr/match/S43G01N98,https://api.kbl.or.kr/match/S43G01N98/team-record,1534.8296291596512,1477.1285269777477,57.70110218190348,0.6695884612136161,1541.4378599353788,1470.52029620202
S43G01N99,2023-2024,43,99,2023-12-15,1900,60,부산 KCC,16,원주 DB,94,88,30,17,23,24,26,25,22,15,,,0,0,40,부산사직체육관,https://api.kbl.or.kr/match/S43G01N99,https://api.kbl.or.kr/match/S43G01N99/team-record,1488.1528176355405,1604.11401301895,-115.9611953834094,0.42718240761216486,1499.6091694832971,1592.6576611711932
S43G01N100,2023-2024,43,100,2023-12-16,1400,70,안양 정관장,35,서울 삼성,84,75,18,26,27,13,25,15,12,23,,,0,0,40,안양 정관장 아레나,https://api.kbl.or.kr/match/S43G01N100,https://api.kbl.or.kr/match/S43G01N100/team-record,1475.8716037895776,1407.9031339011738,67.96846988840389,0.6825310585054969,1482.2209826194678,1401.5537550712836
S43G01N101,2023-2024,43,101,2023-12-16,1400,64,대구 한국가스공사,50,창원 LG,88,69,16,20,24,28,21,24,17,7,,,0,0,40,대구체육관,https://api.kbl.or.kr/match/S43G01N101,https://api.kbl.or.kr/match/S43G01N101/team-record,1416.433098210293,1589.3080438775512,-172.8749456672581,0.3495590295256489,1429.44191761978,1576.2992244680643
S43G01N102,2023-2024,43,102,2023-12-16,1600,55,서울 SK,10,울산 현대모비스,85,77,28,20,16,21,18,22,23,14,,,0,0,40,잠실학생체육관,https://api.kbl.or.kr/match/S43G01N102,https://api.kbl.or.kr/match/S43G01N102/team-record,1531.6477774508612,1474.6113559786538,57.036421472207394,0.6687414029072526,1538.272949392716,1467.986184036799
S43G01N103,2023-2024,43,103,2023-12-17,1400,16,원주 DB,06,수원 KT,82,90,19,28,17,18,33,23,19,15,,,0,0,40,원주종합체육관,https://api.kbl.or.kr/match/S43G01N103,https://api.kbl.or.kr/match/S43G01N103/team-record,1592.6576611711932,1541.4378599353788,51.21980123581443,0.6612825559789717,1579.4320100516138,1554.6635110549582
S43G01N104,2023-2024,43,104,2023-12-17,1600,50,창원 LG,35,서울 삼성,93,75,22,22,28,21,16,11,31,17,,,0,0,40,창원체육관,https://api.kbl.or.kr/match/S43G01N104,https://api.kbl.or.kr/match/S43G01N104/team-record,1576.2992244680643,1401.5537550712836,174.74546939678066,0.7990047893659691,1580.3191286807448,1397.533850858603
S43G01N105,2023-2024,43,105,2023-12-17,1800,60,부산 KCC,66,고양 소노,69,61,21,19,15,14,16,18,15,12,,,0,0,40,부산사직체육관,https://api.kbl.or.kr/match/S43G01N105,https://api.kbl.or.kr/match/S43G01N105/team-record,1499.6091694832971,1470.52029620202,29.088873281277074,0.6321889794897121,1506.9653898935028,1463.1640757918144
S43G01N106,2023-2024,43,106,2023-12-18,1900,70,안양 정관장,64,대구 한국가스공사,80,91,21,25,16,18,27,24,21,19,,,0,0,40,안양 정관장 아레나,https://api.kbl.or.kr/match/S43G01N106,https://api.kbl.or.kr/match/S43G01N106/team-record,1482.2209826194678,1429.44191761978,52.77906499968776,0.6632901169858061,1468.9551802797516,1442.7077199594962
S43G01N107,2023-2024,43,107,2023-12-19,1900,06,수원 KT,55,서울 SK,71,85,21,19,17,14,27,14,20,24,,,0,0,40,수원 KT 아레나,https://api.kbl.or.kr/match/S43G01N107,https://api.kbl.or.kr/match/S43G01N107/team-record,1554.6635110549582,1538.272949392716,16.390561662242135,0.6150338112617992,1542.3628348297223,1550.573625617952
S43G01N108,2023-2024,43,108,2023-12-19,1900,10,울산 현대모비스,60,부산 KCC,81,84,26,21,11,23,15,20,26,23,,,0,0,40,울산동천체육관,https://api.kbl.or.kr/match/S43G01N108,https://api.kbl.or.kr/match/S43G01N108/team-record,1467.986184036799,1506.9653898935028,-38.97920585670386,0.5373770752499614,1457.2386425317998,1517.712931398502
S43G01N109,2023-2024,43,109,2023-12-21,1900,64,대구 한국가스공사,16,원주 DB,72,85,18,19,19,16,22,26,26,11,,,0,0,40,대구체육관,https://api.kbl.or.kr/match/S43G01N109,https://api.kbl.or.kr/match/S43G01N109/team-record,1442.7077199594962,1579.4320100516138,-136.7242900921176,0.398222183296825,1434.7432762935598,1587.3964537175502
S43G01N110,2023-2024,43,110,2023-12-21,1900,66,고양 소노,55,서울 SK,70,80,11,15,23,21,29,21,14,16,,,0,0,40,고양 소노 아레나,https://api.kbl.or.kr/match/S43G01N110,https://api.kbl.or.kr/match/S43G01N110/team-record,1463.1640757918144,1550.573625617952,-87.40954982613766,0.467794713511804,1453.8081815215783,1559.9295198881882
S43G01N111,2023-2024,43,111,2023-12-22,1900,10,울산 현대모비스,06,수원 KT,94,74,22,26,23,23,20,19,21,14,,,0,0,40,울산동천체육관,https://api.kbl.or.kr/match/S43G01N111,https://api.kbl.or.kr/match/S43G01N111/team-record,1457.2386425317998,1542.3628348297223,-85.12419229792249,0.4710713036325938,1467.8172164591479,1531.7842609023742
S43G01N112,2023-2024,43,112,2023-12-22,1900,70,안양 정관장,60,부산 KCC,75,104,20,23,12,20,19,29,31,25,,,0,0,40,안양 정관장 아레나,https://api.kbl.or.kr/match/S43G01N112,https://api.kbl.or.kr/match/S43G01N112/team-record,1468.9551802797516,1517.712931398502,-48.75775111875032,0.5233574619393775,1458.4880310409642,1528.1800806372894
S43G01N113,2023-2024,43,113,2023-12-23,1400,50,창원 LG,55,서울 SK,62,64,17,20,10,15,14,26,12,12,,,0,0,40,창원체육관,https://api.kbl.or.kr/match/S43G01N113,https://api.kbl.or.kr/match/S43G01N113/team-record,1580.3191286807448,1559.9295198881882,20.3896087925566,0.6204696445278742,1567.9097357901874,1572.3389127787457
S43G01N114,2023-2024,43,114,2023-12-23,1400,66,고양 소노,16,원주 DB,58,92,17,10,14,17,24,27,26,15,,,0,0,40,고양 소노 아레나,https://api.kbl.or.kr/match/S43G01N114,https://api.kbl.or.kr/match/S43G01N114/team-record,1453.8081815215783,1587.3964537175502,-133.58827219597197,0.4025561214949361,1445.7570590916796,1595.447576147449
S43G01N115,2023-2024,43,115,2023-12-23,1600,64,대구 한국가스공사,35,서울 삼성,107,82,34,27,31,15,24,22,11,25,,,0,0,40,대구체육관,https://api.kbl.or.kr/match/S43G01N115,https://api.kbl.or.kr/match/S43G01N115/team-record,1434.7432762935598,1397.533850858603,37.209425434956756,0.6429898551514344,1441.883479190531,1390.3936479616318
S43G01N116,2023-2024,43,116,2023-12-24,1400,66,고양 소노,10,울산 현대모비스,72,92,11,21,22,18,24,20,30,18,,,0,0,40,고양 소노 아레나,https://api.kbl.or.kr/match/S43G01N116,https://api.kbl.or.kr/match/S43G01N116/team-record,1445.7570590916796,1467.8172164591479,-22.060157367468264,0.5614826764102052,1434.5274055634754,1479.046869987352
S43G01N117,2023-2024,43,117,2023-12-24,1400,70,안양 정관장,06,수원 KT,85,113,22,20,20,23,32,33,26,22,,,0,0,40,안양 정관장 아레나,https://api.kbl.or.kr/match/S43G01N117,https://api.kbl.or.kr/match/S43G01N117/team-record,1458.4880310409642,1531.7842609023742,-73.29622986140998,0.4880630341542613,1448.7267703578789,1541.5455215854595
S43G01N118,2023-2024,43,118,2023-12-24,1600,50,창원 LG,60,부산 KCC,91,95,23,20,25,23,26,24,24,21,,,0,0,40,창원체육관,https://api.kbl.or.kr/match/S43G01N118,https://api.kbl.or.kr/match/S43G01N118/team-record,1567.9097357901874,1528.1800806372894,39.729655152897976,0.6463131809386334,1554.9834721714146,1541.1063442560621
S43G01N119,2023-2024,43,119,2023-12-25,1400,16,원주 DB,10,울산 현대모비스,102,92,28,20,28,26,16,28,26,22,,,0,0,40,원주종합체육관,https://api.kbl.or.kr/match/S43G01N119,https://api.kbl.or.kr/match/S43G01N119/team-record,1595.447576147449,1479.046869987352,116.40070616009689,0.7396646701168544,1600.654282745112,1473.840163389689
S43G01N120,2023-2024,43,120,2023-12-25,1600,55,서울 SK,35,서울 삼성,89,74,25,20,20,24,18,18,17,21,,,0,0,40,잠실학생체육관,https://api.kbl.or.kr/match/S43G01N120,https://api.kbl.or.kr/match/S43G01N120/team-record,1572.3389127787457,1390.3936479616318,181.94526481711387,0.8055783502126305,1576.227345774493,1386.5052149658845
S43G01N121,2023-2024,43,121,2023-12-25,1600,64,대구 한국가스공사,60,부산 KCC,90,96,18,24,17,31,24,24,18,30,,,0,0,40,대구체육관,https://api.kbl.or.kr/match/S43G01N121,https://api.kbl.or.kr/match/S43G01N121/team-record,1441.883479190531,1541.1063442560621,-99.2228650655311,0.450908007420779,1432.8653190421155,1550.1245044044776
S43G01N122,2023-2024,43,122,2023-12-26,1900,50,창원 LG,70,안양 정관장,94,75,19,27,22,26,16,22,17,20,,,0,0,40,창원체육관,https://api.kbl.or.kr/match/S43G01N122,https://api.kbl.or.kr/match/S43G01N122/team-record,1554.9834721714146,1448.7267703578789,106.25670181353576,0.7282640412791467,1560.4181913458317,1443.2920511834618
S43G01N123,2023-2024,43,123,2023-12-28,1900,64,대구 한국가스공사,06,수원 KT,75,85,19,22,16,18,23,25,23,14,,,0,0,40,대구체육관,https://api.kbl.or.kr/match/S43G01N123,https://api.kbl.or.kr/match/S43G01N123/team-record,1432.8653190421155,1541.5455215854595,-108.68020254334397,0.43746824682698404,1424.1159541055758,1550.2948865219992
S43G01N124,2023-2024,43,124,2023-12-28,1900,66,고양 소노,70,안양 정관장,85,81,20,18,28,19,24,23,18,16,,,0,0,40,고양 소노 아레나,https://api.kbl.or.kr/match/S43G01N124,https://api.kbl.or.kr/match/S43G01N124/team-record,1434.5274055634754,1443.2920511834618,-8.764645619986368,0.580229777702241,1442.9228100094306,1434.8966467375067
S43G01N125,2023-2024,43,125,2023-12-28,1900,10,울산 현대모비스,35,서울 삼성,102,85,24,26,24,28,21,21,26,17,,,0,0,40,울산동천체육관,https://api.kbl.or.kr/match/S43G01N125,https://api.kbl.or.kr/match/S43G01N125/team-record,1473.840163389689,1386.5052149658845,87.33494842380446,0.7061815822929509,1479.71653174383,1380.6288466117435
S43G01N126,2023-2024,43,126,2023-12-29,1900,16,원주 DB,50,창원 LG,91,75,28,23,21,19,15,18,25,17,,,0,0,40,원주종합체육관,https://api.kbl.or.kr/match/S43G01N126,https://api.kbl.or.kr/match/S43G01N126/team-record,1600.654282745112,1560.4181913458317,40.23609139928021,0.6469793076562222,1607.7146965919874,1553.3577774989562
S43G01N127,2023-2024,43,127,2023-12-30,1400,66,고양 소노,35,서울 삼성,67,86,12,18,14,23,21,22,28,15,,,0,0,40,고양 소노 아레나,https://api.kbl.or.kr/match/S43G01N127,https://api.kbl.or.kr/match/S43G01N127/team-record,1442.9228100094306,1380.6288466117435,62.293963397687094,0.6754112912591682,1429.4145841842471,1394.137072436927
S43G01N128,2023-2024,43,128,2023-12-30,1400,70,안양 정관장,55,서울 SK,68,86,19,11,17,21,20,26,18,22,,,0,0,40,안양 정관장 아레나,https://api.kbl.or.kr/match/S43G01N128,https://api.kbl.or.kr/match/S43G01N128/team-record,1434.8966467375067,1576.227345774493,-141.3306990369863,0.39188517994007377,1427.0589431387052,1584.0650493732944
S43G01N129,2023-2024,43,129,2023-12-30,1600,06,수원 KT,60,부산 KCC,98,83,25,19,32,22,19,17,25,22,,,0,0,40,수원 KT 아레나,https://api.kbl.or.kr/match/S43G01N129,https://api.kbl.or.kr/match/S43G01N129/team-record,1550.2948865219992,1550.1245044044776,0.17038211752151255,0.5927030228386633,1558.4408260652258,1541.978564861251
S43G01N130,2023-2024,43,130,2023-12-31,1400,70,안양 정관장,16,원주 DB,86,93,20,16,22,28,23,22,25,23,,,0,0,40,안양 정관장 아레나,https://api.kbl.or.kr/match/S43G01N130,https://api.kbl.or.kr/match/S43G01N130/team-record,1427.0589431387052,1607.7146965919874,-180.65575345328216,0.3394450953537612,1420.27004123163,1614.5035984990625
S43G01N131,2023-2024,43,131,2023-12-31,1600,50,창원 LG,66,고양 소노,79,72,27,19,14,19,16,23,25,8,,,0,0,40,창원체육관,https://api.kbl.or.kr/match/S43G01N131,https://api.kbl.or.kr/match/S43G01N131/team-record,1553.3577774989562,1429.4145841842471,123.9431933147091,0.7479378968816793,1558.3990195613226,1424.3733421218808
S43G01N132,2023-2024,43,132,2023-12-31,2200,64,대구 한국가스공사,10,울산 현대모비스,83,90,23,22,26,12,27,29,13,21,,,0,0,40,대구체육관,https://api.kbl.or.kr/match/S43G01N132,https://api.kbl.or.kr/match/S43G01N132/team-record,1424.1159541055758,1479.71653174383,-55.60057763825421,0.5135235569818353,1413.845482965939,1489.9870028834669
S43G01N133,2023-2024,43,133,2024-01-01,1400,06,수원 KT,60,부산 KCC,83,80,19,20,22,22,14,28,23,15,,,0,0,40,수원 KT 아레나,https://api.kbl.or.kr/match/S43G01N133,https://api.kbl.or.kr/match/S43G01N133/team-record,1558.4408260652258,1541.978564861251,16.462261203974776,0.6151315289155891,1566.138195486914,1534.281195439563
S43G01N134,2023-2024,43,134,2024-01-01,1600,35,서울 삼성,55,서울 SK,76,80,16,18,24,18,19,24,17,20,,,0,0,40,잠실실내체육관,https://api.kbl.or.kr/match/S43G01N134,https://api.kbl.or.kr/match/S43G01N134/team-record,1394.137072436927,1584.0650493732944,-189.9279769363675,0.32758167445181907,1387.5854389478905,1590.616682862331
S43G01N135,2023-2024,43,135,2024-01-02,1900,16,원주 DB,66,고양 소노,88,94,21,25,22,20,27,20,27,20,,,0,0,40,원주종합체육관,https://api.kbl.or.kr/match/S43G01N135,https://api.kbl.or.kr/match/S43G01N135/team-record,1614.5035984990625,1424.3733421218808,190.1302563771817,0.8128517732272533,1598.2465630345175,1440.6303775864258
S43G01N136,2023-2024,43,136,2024-01-02,1900,70,안양 정관장,50,창원 LG,84,80,16,21,19,28,12,31,23,14,,,0,0,40,안양 정관장 아레나,https://api.kbl.or.kr/match/S43G01N136,https://api.kbl.or.kr/match/S43G01N136/team-record,1420.27004123163,1558.3990195613226,-138.12897832969247,0.39628603938915147,1432.344320443847,1546.3247403491057
S43G01N137,2023-2024,43,137,2024-01-03,1900,60,부산 KCC,55,서울 SK,74,77,14,21,22,17,21,26,15,15,,,0,0,40,부산사직체육관,https://api.kbl.or.kr/match/S43G01N137,https://api.kbl.or.kr/match/S43G01N137/team-record,1534.281195439563,1590.616682862331,-56.33548742276798,0.5124666515929943,1524.031862407703,1600.8660158941907
S43G01N138,2023-2024,43,138,2024-01-04,1900,64,대구 한국가스공사,70,안양 정관장,81,70,14,27,26,14,20,16,12,22,,,0,0,40,대구체육관,https://api.kbl.or.kr/match/S43G01N138,https://api.kbl.or.kr/match/S43G01N138/team-record,1413.845482965939,1432.344320443847,-18.498837477907955,0.5665238024277893,1422.5150069173833,1423.6747964924027
S43G01N139,2023-2024,43,139,2024-01-04,1900,35,서울 삼성,06,수원 KT,61,103,15,12,13,21,24,23,31,25,,,0,0,40,잠실실내체육관,https://api.kbl.or.kr/match/S43G01N139,https://api.kbl.or.kr/match/S43G01N139/team-record,1387.5854389478905,1566.138195486914,-178.55275653902345,0.34216474158879295,1380.7421441161146,1572.9814903186898
S43G01N140,2023-2024,43,140,2024-01-05,1900,55,서울 SK,66,고양 소노,87,61,26,21,22,18,16,17,15,13,,,0,0,40,잠실학생체육관,https://api.kbl.or.kr/match/S43G01N140,https://api.kbl.or.kr/match/S43G01N140/team-record,1600.8660158941907,1440.6303775864258,160.23563830776493,0.7852555615115299,1605.16090466396,1436.3354888166564
S43G01N141,2023-2024,43,141,2024-01-06,1400,50,창원 LG,64,대구 한국가스공사,78,82,23,16,22,17,23,21,18,20,,,0,0,40,창원체육관,https://api.kbl.or.kr/match/S43G01N141,https://api.kbl.or.kr/match/S43G01N141/team-record,1546.3247403491057,1422.5150069173833,123.8097334317224,0.7477930322914135,1531.3688797032773,1437.4708675632116
S43G01N142,2023-2024,43,142,2024-01-06,1400,10,울산 현대모비스,06,수원 KT,83,82,23,13,15,32,26,19,21,16,,,0,0,40,울산동천체육관,https://api.kbl.or.kr/match/S43G01N142,https://api.kbl.or.kr/match/S43G01N142/team-record,1489.9870028834669,1572.9814903186898,-82.99448743522294,0.47412698107835755,1500.5044632618997,1562.464029940257
S43G01N143,2023-2024,43,143,2024-01-06,1600,35,서울 삼성,16,원주 DB,73,87,26,12,14,21,19,22,20,26,,,0,0,40,잠실실내체육관,https://api.kbl.or.kr/match/S43G01N143,https://api.kbl.or.kr/match/S43G01N143/team-record,1380.7421441161146,1598.2465630345175,-217.50441891840296,0.29361604226205557,1374.8698232708734,1604.1188838797586
S43G01N144,2023-2024,43,144,2024-01-07,1400,55,서울 SK,70,안양 정관장,83,71,20,26,20,17,19,12,27,13,,,0,0,40,잠실학생체육관,https://api.kbl.or.kr/match/S43G01N144,https://api.kbl.or.kr/match/S43G01N144/team-record,1605.16090466396,1423.6747964924027,181.48610817155736,0.8051640457211847,1609.0576237495363,1419.7780774068265
S43G01N145,2023-2024,43,145,2024-01-07,1400,60,부산 KCC,66,고양 소노,83,74,16,21,22,24,19,18,11,26,,,0,0,40,부산사직체육관,https://api.kbl.or.kr/match/S43G01N145,https://api.kbl.or.kr/match/S43G01N145/team-record,1524.031862407703,1436.3354888166564,87.69637359104672,0.7066130845538984,1529.8996007166252,1430.4677505077343
S43G01N146,2023-2024,43,146,2024-01-07,1600,50,창원 LG,10,울산 현대모비스,90,79,19,34,11,26,24,18,14,23,,,0,0,40,창원체육관,https://api.kbl.or.kr/match/S43G01N146,https://api.kbl.or.kr/match/S43G01N146/team-record,1531.3688797032773,1500.5044632618997,30.86441644137767,0.6345623658477644,1538.677632386322,1493.195710578855
S43G01N147,2023-2024,43,147,2024-01-08,1900,16,원주 DB,06,수원 KT,94,86,27,25,26,16,24,22,27,13,,,0,0,40,원주종합체육관,https://api.kbl.or.kr/match/S43G01N147,https://api.kbl.or.kr/match/S43G01N147/team-record,1604.1188838797586,1562.464029940257,41.65485393950166,0.6488423921166997,1611.1420360374248,1555.4408777825909
S43G01N148,2023-2024,43,148,2024-01-08,1900,64,대구 한국가스공사,35,서울 삼성,77,71,16,22,16,23,14,22,22,13,,,0,0,40,대구체육관,https://api.kbl.or.kr/match/S43G01N148,https://api.kbl.or.kr/match/S43G01N148/team-record,1437.4708675632116,1374.8698232708734,62.6010442923382,0.6757987053955875,1443.9548934553,1368.3857973787851
S43G01N149,2023-2024,43,149,2024-01-09,1900,50,창원 LG,55,서울 SK,57,64,17,18,14,8,15,12,20,17,,,0,0,40,창원체육관,https://api.kbl.or.kr/match/S43G01N149,https://api.kbl.or.kr/match/S43G01N149/team-record,1538.677632386322,1609.0576237495363,-70.37999136321423,0.4922581888236975,1528.832468609848,1618.9027875260103
S43G01N150,2023-2024,43,150,2024-01-09,1900,60,부산 KCC,10,울산 현대모비스,91,86,29,25,19,18,21,25,18,22,,,0,0,40,부산사직체육관,https://api.kbl.or.kr/match/S43G01N150,https://api.kbl.or.kr/match/S43G01N150/team-record,1529.8996007166252,1493.195710578855,36.70389013777026,0.6423215538504726,1537.0531696396158,1486.0421416558643
S43G01N151,2023-2024,43,151,2024-01-11,1900,60,부산 KCC,55,서울 SK,90,75,27,21,17,25,15,21,21,18,,,0,0,40,부산사직체육관,https://api.kbl.or.kr/match/S43G01N151,https://api.kbl.or.kr/match/S43G01N151/team-record,1537.0531696396158,1618.9027875260103,-81.84961788639453,0.47577044338591457,1547.5377607718976,1608.4181963937285
S43G01N152,2023-2024,43,152,2024-01-17,1900,60,부산 KCC,16,원주 DB,84,87,20,20,24,20,30,14,22,21,,,0,0,40,부산사직체육관,https://api.kbl.or.kr/match/S43G01N152,https://api.kbl.or.kr/match/S43G01N152/team-record,1547.5377607718976,1611.1420360374248,-63.60427526552712,0.5020085985497598,1537.4975888009023,1621.18220800842
S43G01N153,2023-2024,43,153,2024-01-17,1900,66,고양 소노,70,안양 정관장,93,86,19,26,18,30,22,24,19,21,,,0,0,40,고양 소노 아레나,https://api.kbl.or.kr/match/S43G01N153,https://api.kbl.or.kr/match/S43G01N153/team-record,1430.4677505077343,1419.7780774068265,10.68967310090784,0.607235091828972,1438.3230486711548,1411.922779243406
S43G01N154,2023-2024,43,154,2024-01-18,1900,64,대구 한국가스공사,06,수원 KT,80,69,23,20,16,21,14,14,22,19,,,0,0,40,대구체육관,https://api.kbl.or.kr/match/S43G01N154,https://api.kbl.or.kr/match/S43G01N154/team-record,1443.9548934553,1555.4408777825909,-111.48598432729091,0.4334976542144645,1455.2849403710106,1544.1108308668802
S43G01N155,2023-2024,43,155,2024-01-18,1900,55,서울 SK,10,울산 현대모비스,94,97,26,12,34,22,21,30,27,19,,,0,0,40,잠실학생체육관,https://api.kbl.or.kr/match/S43G01N155,https://api.kbl.or.kr/match/S43G01N155/team-record,1608.4181963937285,1486.0421416558643,122.37605473786425,0.7462333627114816,1593.4935291394988,1500.966808910094
S43G01N156,2023-2024,43,156,2024-01-19,1900,60,부산 KCC,50,창원 LG,95,101,25,20,23,27,26,28,22,25,,,0,0,40,부산사직체육관,https://api.kbl.or.kr/match/S43G01N156,https://api.kbl.or.kr/match/S43G01N156/team-record,1537.4975888009023,1528.832468609848,8.665120191054257,0.6044520960739271,1525.4085468794237,1540.9215105313267
S43G01N157,2023-2024,43,157,2024-01-19,1900,70,안양 정관장,35,서울 삼성,86,77,25,24,21,16,25,12,20,20,,,0,0,40,안양 정관장 아레나,https://api.kbl.or.kr/match/S43G01N157,https://api.kbl.or.kr/match/S43G01N157/team-record,1411.922779243406,1368.3857973787851,43.536981864620884,0.651306967498299,1418.8966398934401,1361.411936728751
S43G01N158,2023-2024,43,158,2024-01-20,1400,10,울산 현대모비스,64,대구 한국가스공사,91,88,21,31,20,19,17,28,24,19,,,0,0,40,울산동천체육관,https://api.kbl.or.kr/match/S43G01N158,https://api.kbl.or.kr/match/S43G01N158/team-record,1500.966808910094,1455.2849403710106,45.681868539083325,0.65410577449786,1507.8846934201367,1448.3670558609679
S43G01N159,2023-2024,43,159,2024-01-20,1400,55,서울 SK,16,원주 DB,76,68,22,20,25,9,14,22,15,17,,,0,0,40,잠실학생체육관,https://api.kbl.or.kr/match/S43G01N159,https://api.kbl.or.kr/match/S43G01N159/team-record,1593.4935291394988,1621.18220800842,-27.688678868921215,0.5534898371194532,1602.4237323971097,1612.2520047508092
S43G01N160,2023-2024,43,160,2024-01-20,1600,66,고양 소노,06,수원 KT,73,92,19,25,20,9,27,29,14,22,,,0,0,40,고양 소노 아레나,https://api.kbl.or.kr/match/S43G01N160,https://api.kbl.or.kr/match/S43G01N160/team-record,1438.3230486711548,1544.1108308668802,-105.78778219572541,0.4415698443821815,1429.491651783511,1552.9422277545239
S43G01N161,2023-2024,43,161,2024-01-21,1400,16,원주 DB,50,창원 LG,93,73,20,26,22,25,24,17,19,13,,,0,0,40,원주종합체육관,https://api.kbl.or.kr/match/S43G01N161,https://api.kbl.or.kr/match/S43G01N161/team-record,1612.2520047508092,1540.9215105313267,71.33049421948249,0.6867097010669463,1618.5178107294703,1534.6557045526656
S43G01N162,2023-2024,43,162,2024-01-21,1400,35,서울 삼성,60,부산 KCC,74,90,23,25,14,12,23,19,27,21,,,0,0,40,잠실실내체육관,https://api.kbl.or.kr/match/S43G01N162,https://api.kbl.or.kr/match/S43G01N162/team-record,1361.411936728751,1525.4085468794237,-163.99661015067272,0.361266753685971,1354.1866016550316,1532.6338819531431
S43G01N163,2023-2024,43,163,2024-01-21,1600,70,안양 정관장,10,울산 현대모비스,114,90,34,30,26,24,18,28,17,27,,,0,0,40,안양 정관장 아레나,https://api.kbl.or.kr/match/S43G01N163,https://api.kbl.or.kr/match/S43G01N163/team-record,1418.8966398934401,1507.8846934201367,-88.9880535266966,0.4655331658941814,1429.5859765755565,1497.1953567380203
S43G01N164,2023-2024,43,164,2024-01-22,1900,55,서울 SK,64,대구 한국가스공사,75,88,17,17,20,21,25,24,18,21,,,0,0,40,잠실학생체육관,https://api.kbl.or.kr/match/S43G01N164,https://api.kbl.or.kr/match/S43G01N164/team-record,1602.4237323971097,1448.3670558609679,154.05667653614182,0.7791967580699304,1586.839797235711,1463.9509910223665
S43G01N165,2023-2024,43,165,2024-01-23,1900,16,원주 DB,10,울산 현대모비스,91,99,24,28,20,19,23,22,25,29,,,0,0,40,원주종합체육관,https://api.kbl.or.kr/match/S43G01N165,https://api.kbl.or.kr/match/S43G01N165/team-record,1618.5178107294703,1497.1953567380203,121.32245399144995,0.7450831221345698,1603.616148286779,1512.0970191807116
S43G01N166,2023-2024,43,166,2024-01-23,1900,66,고양 소노,35,서울 삼성,87,79,19,24,24,20,18,21,19,21,,,0,0,40,고양 소노 아레나,https://api.kbl.or.kr/match/S43G01N166,https://api.kbl.or.kr/match/S43G01N166/team-record,1429.491651783511,1354.1866016550316,75.30505012847948,0.6916108094303204,1435.6594355949046,1348.018817843638
S43G01N167,2023-2024,43,167,2024-01-25,1900,06,수원 KT,55,서울 SK,68,65,21,14,9,24,19,19,10,17,,,0,0,40,수원 KT 아레나,https://api.kbl.or.kr/match/S43G01N167,https://api.kbl.or.kr/match/S43G01N167/team-record,1552.9422277545239,1586.839797235711,-33.89756948118725,0.544640811263355,1562.0494115292568,1577.7326134609782
S43G01N168,2023-2024,43,168,2024-01-25,1900,64,대구 한국가스공사,60,부산 KCC,100,98,20,13,27,27,28,15,21,23,13,11,1,1,45,대구체육관,https://api.kbl.or.kr/match/S43G01N168,https://api.kbl.or.kr/match/S43G01N168/team-record,1463.9509910223665,1532.6338819531431,-68.6828909307767,0.49470009240796015,1474.0569891742073,1522.5278838013023
S43G01N169,2023-2024,43,169,2024-01-26,1900,50,창원 LG,35,서울 삼성,100,74,21,30,26,23,13,20,22,19,,,0,0,40,창원체육관,https://api.kbl.or.kr/match/S43G01N169,https://api.kbl.or.kr/match/S43G01N169/team-record,1534.6557045526656,1348.018817843638,186.63688670902752,0.8097733843089113,1538.4602368664873,1344.2142855298164
S43G01N170,2023-2024,43,170,2024-01-26,1900,10,울산 현대모비스,66,고양 소노,93,85,21,24,25,23,16,23,24,22,,,0,0,40,울산동천체육관,https://api.kbl.or.kr/match/S43G01N170,https://api.kbl.or.kr/match/S43G01N170/team-record,1512.0970191807116,1435.6594355949046,76.43758358580703,0.6929995590269411,1518.2370280001728,1429.5194267754434
S43G01N171,2023-2024,43,171,2024-01-27,1400,06,수원 KT,70,안양 정관장,94,78,26,24,27,17,24,21,14,19,,,0,0,40,수원 KT 아레나,https://api.kbl.or.kr/match/S43G01N171,https://api.kbl.or.kr/match/S43G01N171/team-record,1562.0494115292568,1429.5859765755565,132.46343495370024,0.7570715671175998,1566.9079801869048,1424.7274079179085
S43G01N172,2023-2024,43,172,2024-01-27,1400,64,대구 한국가스공사,16,원주 DB,98,73,24,28,26,20,22,18,12,21,,,0,0,40,대구체육관,https://api.kbl.or.kr/match/S43G01N172,https://api.kbl.or.kr/match/S43G01N172/team-record,1474.0569891742073,1603.616148286779,-129.5591591125717,0.40814663672196516,1485.894056439768,1591.7790810212182
S43G01N173,2023-2024,43,173,2024-01-27,1600,55,서울 SK,60,부산 KCC,87,92,18,26,11,32,14,27,25,26,,,0,0,40,잠실학생체육관,https://api.kbl.or.kr/match/S43G01N173,https://api.kbl.or.kr/match/S43G01N173/team-record,1577.7326134609782,1522.5278838013023,55.20472965967588,0.6664014730727503,1564.404583999523,1535.8559132627574
S43G01N174,2023-2024,43,174,2024-01-28,1400,06,수원 KT,50,창원 LG,68,71,22,7,20,19,21,14,19,17,,,0,0,40,수원 KT 아레나,https://api.kbl.or.kr/match/S43G01N174,https://api.kbl.or.kr/match/S43G01N174/team-record,1566.9079801869048,1538.4602368664873,28.44774332041743,0.6313303913941913,1554.281372359021,1551.0868446943712
S43G01N175,2023-2024,43,175,2024-01-28,1400,10,울산 현대모비스,35,서울 삼성,116,78,28,32,30,26,21,20,14,23,,,0,0,40,울산동천체육관,https://api.kbl.or.kr/match/S43G01N175,https://api.kbl.or.kr/match/S43G01N175/team-record,1518.2370280001728,1344.2142855298164,174.02274247035643,0.7983358219256038,1522.2703115616607,1340.1810019683285
S43G01N176,2023-2024,43,176,2024-01-28,1600,66,고양 소노,64,대구 한국가스공사,77,76,17,21,17,22,25,21,16,14,,,0,0,40,고양 소노 아레나,https://api.kbl.or.kr/match/S43G01N176,https://api.kbl.or.kr/match/S43G01N176/team-record,1429.5194267754434,1485.894056439768,-56.37462966432463,0.5124103562401842,1439.2712196506398,1476.1422635645717
S43G01N177,2023-2024,43,177,2024-01-29,1900,60,부산 KCC,70,안양 정관장,108,99,24,30,23,31,24,18,18,39,,,0,0,40,부산사직체육관,https://api.kbl.or.kr/match/S43G01N177,https://api.kbl.or.kr/match/S43G01N177/team-record,1535.8559132627574,1424.7274079179085,111.12850534484892,0.7337782332002648,1541.180348598752,1419.402972581914
S43G01N178,2023-2024,43,178,2024-01-30,1900,66,고양 소노,50,창원 LG,70,74,19,17,19,15,22,23,20,9,,,0,0,40,고양 소노 아레나,https://api.kbl.or.kr/match/S43G01N178,https://api.kbl.or.kr/match/S43G01N178/team-record,1439.2712196506398,1551.0868446943712,-111.81562504373142,0.4330317141242289,1430.6105853681552,1559.7474789768557
S43G01N179,2023-2024,43,179,2024-01-30,1900,35,서울 삼성,16,원주 DB,73,108,25,15,17,16,25,21,35,27,,,0,0,40,잠실실내체육관,https://api.kbl.or.kr/match/S43G01N179,https://api.kbl.or.kr/match/S43G01N179/team-record,1340.1810019683285,1591.7790810212182,-251.59807905288972,0.2546156405409807,1335.088689157509,1596.8713938320377
S43G01N180,2023-2024,43,180,2024-02-01,1900,06,수원 KT,64,대구 한국가스공사,98,87,29,24,21,24,25,19,25,18,,,0,0,40,수원 KT 아레나,https://api.kbl.or.kr/match/S43G01N180,https://api.kbl.or.kr/match/S43G01N180/team-record,1554.281372359021,1476.1422635645717,78.13910879444916,0.6950794586110122,1560.3797831868008,1470.043852736792
S43G01N181,2023-2024,43,181,2024-02-01,1900,66,고양 소노,50,창원 LG,77,80,23,20,15,19,20,28,20,12,,,0,0,40,고양 소노 아레나,https://api.kbl.or.kr/match/S43G01N181,https://api.kbl.or.kr/match/S43G01N181/team-record,1430.6105853681552,1559.7474789768557,-129.13689360870057,0.40873394808929137,1422.4359064063694,1567.9221579386415
S43G01N182,2023-2024,43,182,2024-02-02,1900,10,울산 현대모비스,16,원주 DB,82,91,20,27,15,20,20,22,30,19,,,0,0,40,울산동천체육관,https://api.kbl.or.kr/match/S43G01N182,https://api.kbl.or.kr/match/S43G01N182/team-record,1522.2703115616607,1596.8713938320377,-74.60108227037699,0.4861864479696241,1512.5465826022682,1606.5951227914302
S43G01N183,2023-2024,43,183,2024-02-02,1900,60,부산 KCC,70,안양 정관장,81,75,19,27,14,21,17,27,13,18,,,0,0,40,부산사직체육관,https://api.kbl.or.kr/match/S43G01N183,https://api.kbl.or.kr/match/S43G01N183/team-record,1541.180348598752,1419.402972581914,121.77737601683816,0.7455801915992858,1546.2687447667663,1414.3145764138997
S43G01N184,2023-2024,43,184,2024-02-03,1400,55,서울 SK,06,수원 KT,76,78,22,18,21,15,12,22,16,28,,,0,0,40,잠실학생체육관,https://api.kbl.or.kr/match/S43G01N184,https://api.kbl.or.kr/match/S43G01N184/team-record,1564.404583999523,1560.3797831868008,4.024800812722333,0.5980480850277614,1552.443622298968,1572.3407448873559
S43G01N185,2023-2024,43,185,2024-02-03,1400,64,대구 한국가스공사,66,고양 소노,83,66,22,22,25,14,16,20,15,15,,,0,0,40,대구체육관,https://api.kbl.or.kr/match/S43G01N185,https://api.kbl.or.kr/match/S43G01N185/team-record,1470.043852736792,1422.4359064063694,47.607946330422465,0.6566100087909575,1476.9116525609727,1415.5681065821886
S43G01N186,2023-2024,43,186,2024-02-03,1600,35,서울 삼성,50,창원 LG,88,86,29,27,16,16,22,18,21,25,,,0,0,40,잠실실내체육관,https://api.kbl.or.kr/match/S43G01N186,https://api.kbl.or.kr/match/S43G01N186/team-record,1335.088689157509,1567.9221579386415,-232.83346878113252,0.2756531243314484,1349.57562667088,1553.4352204252705
S43G01N187,2023-2024,43,187,2024-02-04,1400,70,안양 정관장,16,원주 DB,84,99,19,23,26,16,33,24,22,20,,,0,0,40,안양 정관장 아레나,https://api.kbl.or.kr/match/S43G01N187,https://api.kbl.or.kr/match/S43G01N187/team-record,1414.3145764138997,1606.5951227914302,-192.28054637753053,0.324605641174311,1407.8224635904135,1613.0872356149164
S43G01N188,2023-2024,43,188,2024-02-04,1400,10,울산 현대모비스,55,서울 SK,92,80,22,20,14,23,25,18,17,19,13,1,1,1,45,울산동천체육관,https://api.kbl.or.kr/match/S43G01N188,https://api.kbl.or.kr/match/S43G01N188/team-record,1512.5465826022682,1552.443622298968,-39.89703969669972,0.5360633310511831,1521.8253159812446,1543.1648889199917
S43G01N189,2023-2024,43,189,2024-02-04,1600,35,서울 삼성,60,부산 KCC,97,88,16,20,25,14,19,19,18,19,8|14,8|5,1,2,50,잠실실내체육관,https://api.kbl.or.kr/match/S43G01N189,https://api.kbl.or.kr/match/S43G01N189/team-record,1349.57562667088,1546.2687447667663,-196.69311809588635,0.31906184611592503,1363.1943897485614,1532.6499816890848
S43G01N190,2023-2024,43,190,2024-02-05,1900,66,고양 소노,06,수원 KT,89,92,25,22,20,22,21,22,27,22,,,0,0,40,고양 소노 아레나,https://api.kbl.or.kr/match/S43G01N190,https://api.kbl.or.kr/match/S43G01N190/team-record,1415.5681065821886,1572.3407448873559,-156.77263830516722,0.37091679310251874,1408.1497707201383,1579.7590807494062
S43G01N191,2023-2024,43,191,2024-02-06,1900,50,창원 LG,16,원주 DB,79,83,16,11,26,26,21,24,19,19,,,0,0,40,창원체육관,https://api.kbl.or.kr/match/S43G01N191,https://api.kbl.or.kr/match/S43G01N191/team-record,1553.4352204252705,1613.0872356149164,-59.65201518964591,0.5076957610213776,1543.281305204843,1623.241150835344
S43G01N192,2023-2024,43,192,2024-02-06,1900,64,대구 한국가스공사,35,서울 삼성,85,79,27,20,16,22,24,22,24,9,,,0,0,40,대구체육관,https://api.kbl.or.kr/match/S43G01N192,https://api.kbl.or.kr/match/S43G01N192/team-record,1476.9116525609727,1363.1943897485614,113.71726281241126,0.7366791620727119,1482.1780693195185,1357.9279729900156
S43G01N193,2023-2024,43,193,2024-02-08,1900,60,부산 KCC,50,창원 LG,90,69,15,33,23,19,17,21,15,16,,,0,0,40,부산사직체육관,https://api.kbl.or.kr/match/S43G01N193,https://api.kbl.or.kr/match/S43G01N193/team-record,1532.6499816890848,1543.281305204843,-10.63132351575814,0.577610345816747,1541.09777477275,1534.8335121211778
S43G01N194,2023-2024,43,194,2024-02-08,1900,64,대구 한국가스공사,10,울산 현대모비스,79,91,17,17,23,22,24,24,20,23,,,0,0,40,대구체육관,https://api.kbl.or.kr/match/S43G01N194,https://api.kbl.or.kr/match/S43G01N194/team-record,1482.1780693195185,1521.8253159812446,-39.64724666172606,0.5364209234079492,1471.4496508513596,1532.5537344494035
S43G01N195,2023-2024,43,195,2024-02-09,1400,06,수원 KT,16,원주 DB,79,76,16,19,27,17,22,16,22,16,,,0,0,40,수원 KT 아레나,https://api.kbl.or.kr/match/S43G01N195,https://api.kbl.or.kr/match/S43G01N195/team-record,1579.7590807494062,1623.241150835344,-43.48207008593772,0.5309272572501706,1589.1405356044027,1613.8596959803474
S43G01N196,2023-2024,43,196,2024-02-09,1600,66,고양 소노,35,서울 삼성,89,99,26,24,16,23,27,22,32,18,,,0,0,40,고양 소노 아레나,https://api.kbl.or.kr/match/S43G01N196,https://api.kbl.or.kr/match/S43G01N196/team-record,1408.1497707201383,1357.9279729900156,50.22179773012272,0.6599945621370537,1394.9498794773972,1371.1278642327568
S43G01N197,2023-2024,43,197,2024-02-10,1400,55,서울 SK,70,안양 정관장,84,72,23,26,20,15,22,23,10,17,,,0,0,40,잠실학생체육관,https://api.kbl.or.kr/match/S43G01N197,https://api.kbl.or.kr/match/S43G01N197/team-record,1543.1648889199917,1407.8224635904135,135.3424253295782,0.7601065410201333,1547.9627580995889,1403.0245944108162
S43G01N198,2023-2024,43,198,2024-02-10,1400,64,대구 한국가스공사,50,창원 LG,80,87,14,21,24,21,26,24,20,17,,,0,0,40,대구체육관,https://api.kbl.or.kr/match/S43G01N198,https://api.kbl.or.kr/match/S43G01N198/team-record,1471.4496508513596,1534.8335121211778,-63.383861269818226,0.5023257938178788,1461.403134975002,1544.8800279975353
S43G01N199,2023-2024,43,199,2024-02-10,1600,10,울산 현대모비스,60,부산 KCC,94,77,21,28,16,29,25,10,25,17,,,0,0,40,울산동천체육관,https://api.kbl.or.kr/match/S43G01N199,https://api.kbl.or.kr/match/S43G01N199/team-record,1532.5537344494035,1541.09777477275,-8.544040323346508,0.5805390485391059,1540.9429534786213,1532.708555743532
S43G01N200,2023-2024,43,200,2024-02-11,1400,35,서울 삼성,55,서울 SK,70,80,16,19,14,21,15,20,26,19,,,0,0,40,잠실실내체육관,https://api.kbl.or.kr/match/S43G01N200,https://api.kbl.or.kr/match/S43G01N200/team-record,1371.1278642327568,1547.9627580995889,-176.8348938668321,0.34439405626941266,1364.2399831073685,1554.8506392249772
S43G01N201,2023-2024,43,201,2024-02-11,1400,70,안양 정관장,06,수원 KT,77,90,16,23,24,14,26,31,13,20,,,0,0,40,안양 정관장 아레나,https://api.kbl.or.kr/match/S43G01N201,https://api.kbl.or.kr/match/S43G01N201/team-record,1403.0245944108162,1589.1405356044027,-186.11594119358642,0.3324334487131299,1396.3759254365536,1595.7892045786652
S43G01N202,2023-2024,43,202,2024-02-11,1600,16,원주 DB,66,고양 소노,89,74,27,19,22,21,23,15,16,20,,,0,0,40,원주종합체육관,https://api.kbl.or.kr/match/S43G01N202,https://api.kbl.or.kr/match/S43G01N202/team-record,1613.8596959803474,1394.9498794773972,218.9098165029502,0.8367600679688733,1617.12449462097,1391.6850808367747
S43G01N203,2023-2024,43,203,2024-02-12,1400,50,창원 LG,10,울산 현대모비스,95,98,30,29,13,23,26,23,19,30,,,0,0,40,창원체육관,https://api.kbl.or.kr/match/S43G01N203,https://api.kbl.or.kr/match/S43G01N203/team-record,1544.8800279975353,1540.9429534786213,3.9370745189139598,0.5979266854488531,1532.9214942885583,1552.9014871875984
S43G01N204,2023-2024,43,204,2024-02-12,1600,60,부산 KCC,64,대구 한국가스공사,81,72,19,23,16,23,25,15,21,11,,,0,0,40,부산사직체육관,https://api.kbl.or.kr/match/S43G01N204,https://api.kbl.or.kr/match/S43G01N204/team-record,1532.708555743532,1461.403134975002,71.30542076852998,0.686678648204335,1538.9749827794453,1455.1367079390889
S43G01N205,2023-2024,43,205,2024-02-13,1900,16,원주 DB,55,서울 SK,82,68,30,15,22,15,22,17,14,15,,,0,0,40,원주종합체육관,https://api.kbl.or.kr/match/S43G01N205,https://api.kbl.or.kr/match/S43G01N205/team-record,1617.12449462097,1554.8506392249772,62.27385539599277,0.6753859145587319,1623.6167763297954,1548.3583575161517
S43G01N206,2023-2024,43,206,2024-02-13,1900,35,서울 삼성,70,안양 정관장,73,60,25,11,21,16,17,14,14,15,,,0,0,40,잠실실내체육관,https://api.kbl.or.kr/match/S43G01N206,https://api.kbl.or.kr/match/S43G01N206/team-record,1364.2399831073685,1396.3759254365536,-32.13594232918513,0.5471546285118001,1373.2968905371324,1387.3190180067897
S43G01N207,2023-2024,43,207,2024-02-14,1900,06,수원 KT,10,울산 현대모비스,103,99,30,26,28,19,25,23,31,20,,,0,0,40,수원 KT 아레나,https://api.kbl.or.kr/match/S43G01N207,https://api.kbl.or.kr/match/S43G01N207/team-record,1595.7892045786652,1552.9014871875984,42.88771739106687,0.6504576863382351,1602.7800508519006,1545.910640914363
S43G01N208,2023-2024,43,208,2024-02-14,1900,66,고양 소노,60,부산 KCC,95,77,30,28,21,16,18,19,24,16,,,0,0,40,고양 소노 아레나,https://api.kbl.or.kr/match/S43G01N208,https://api.kbl.or.kr/match/S43G01N208/team-record,1391.6850808367747,1538.9749827794453,-147.28990194267067,0.38374117264793917,1404.0102573838158,1526.6498062324042
S43G01N209,2023-2024,43,209,2024-02-15,1900,70,안양 정관장,64,대구 한국가스공사,66,77,24,9,14,19,17,17,21,22,,,0,0,40,안양 정관장 아레나,https://api.kbl.or.kr/match/S43G01N209,https://api.kbl.or.kr/match/S43G01N209/team-record,1387.3190180067897,1455.1367079390889,-67.81768993229912,0.49594510712667295,1377.4001158642563,1465.0556100816223
S43G01N210,2023-2024,43,210,2024-02-15,1900,55,서울 SK,50,창원 LG,67,76,14,14,20,19,19,20,15,22,,,0,0,40,잠실학생체육관,https://api.kbl.or.kr/match/S43G01N210,https://api.kbl.or.kr/match/S43G01N210/team-record,1548.3583575161517,1532.9214942885583,15.436863227593449,0.6137331577726044,1536.0836943606996,1545.1961574440104
S43G01N211,2023-2024,43,211,2024-02-28,1900,10,울산 현대모비스,70,안양 정관장,98,81,18,26,26,28,29,21,8,23,,,0,0,40,울산동천체육관,https://api.kbl.or.kr/match/S43G01N211,https://api.kbl.or.kr/match/S43G01N211/team-record,1545.910640914363,1377.4001158642563,168.5105250501067,0.7931789013597493,1550.047062887168,1373.2636938914513
S43G01N212,2023-2024,43,212,2024-02-28,1900,55,서울 SK,66,고양 소노,98,66,22,32,20,24,20,17,17,12,,,0,0,40,잠실학생체육관,https://api.kbl.or.kr/match/S43G01N212,https://api.kbl.or.kr/match/S43G01N212/team-record,1536.0836943606996,1404.0102573838158,132.07343697688384,0.756658439841774,1540.9505255638642,1399.1434261806512
S43G01N213,2023-2024,43,213,2024-02-29,1900,60,부산 KCC,16,원주 DB,78,92,20,14,20,24,20,24,23,25,,,0,0,40,부산사직체육관,https://api.kbl.or.kr/match/S43G01N213,https://api.kbl.or.kr/match/S43G01N213/team-record,1526.6498062324042,1623.6167763297954,-96.96697009739114,0.4541252105198592,1517.567302022007,1632.6992805401926
S43G01N214,2023-2024,43,214,2024-02-29,1900,35,서울 삼성,06,수원 KT,86,106,22,19,28,17,31,25,25,25,,,0,0,40,잠실실내체육관,https://api.kbl.or.kr/match/S43G01N214,https://api.kbl.or.kr/match/S43G01N214/team-record,1373.2968905371324,1602.7800508519006,-229.48316031476816,0.2795205291878784,1367.7064799533748,1608.3704614356582
S43G01N215,2023-2024,43,215,2024-03-01,1400,55,서울 SK,64,대구 한국가스공사,66,79,14,20,11,21,27,17,19,16,,,0,0,40,잠실학생체육관,https://api.kbl.or.kr/match/S43G01N215,https://api.kbl.or.kr/match/S43G01N215/team-record,1540.9505255638642,1465.0556100816223,75.89491548224191,0.6923345561670126,1527.103834440524,1478.9023012049624
S43G01N216,2023-2024,43,216,2024-03-01,1400,10,울산 현대모비스,66,고양 소노,73,83,24,16,17,16,15,24,30,14,,,0,0,40,울산동천체육관,https://api.kbl.or.kr/match/S43G01N216,https://api.kbl.or.kr/match/S43G01N216/team-record,1550.047062887168,1399.1434261806512,150.90363670651686,0.7760581857152191,1534.5258991728638,1414.6645898949555
S43G01N217,2023-2024,43,217,2024-03-01,1600,50,창원 LG,70,안양 정관장,97,64,27,29,20,21,15,14,20,15,,,0,0,40,창원체육관,https://api.kbl.or.kr/match/S43G01N217,https://api.kbl.or.kr/match/S43G01N217/team-record,1545.1961574440104,1373.2636938914513,171.93246355255906,0.7963916669814329,1549.2683241043817,1369.19152723108
S43G01N218,2023-2024,43,218,2024-03-02,1400,60,부산 KCC,06,수원 KT,101,94,25,24,19,33,29,22,26,17,,,0,0,40,부산사직체육관,https://api.kbl.or.kr/match/S43G01N218,https://api.kbl.or.kr/match/S43G01N218/team-record,1517.567302022007,1608.3704614356582,-90.8031594136512,0.46293439061910063,1528.308614209625,1597.6291492480402
S43G01N219,2023-2024,43,219,2024-03-02,1400,16,원주 DB,64,대구 한국가스공사,75,74,18,20,21,16,22,8,20,24,,,0,0,40,원주종합체육관,https://api.kbl.or.kr/match/S43G01N219,https://api.kbl.or.kr/match/S43G01N219/team-record,1632.6992805401926,1478.9023012049624,153.79697933523016,0.7789394480063572,1637.1204915800654,1474.4810901650897
S43G01N220,2023-2024,43,220,2024-03-02,1600,35,서울 삼성,10,울산 현대모비스,92,77,25,23,30,14,19,19,20,19,,,0,0,40,잠실실내체육관,https://api.kbl.or.kr/match/S43G01N220,https://api.kbl.or.kr/match/S43G01N220/team-record,1367.7064799533748,1534.5258991728638,-166.81941921948896,0.3575256715462309,1380.5559665224503,1521.6764126037883
S43G01N221,2023-2024,43,221,2024-03-03,1400,06,수원 KT,50,창원 LG,60,75,13,15,18,14,19,16,21,19,,,0,0,40,수원 KT 아레나,https://api.kbl.or.kr/match/S43G01N221,https://api.kbl.or.kr/match/S43G01N221/team-record,1597.6291492480402,1549.2683241043817,48.36082514365853,0.6575865274679483,1584.4774186986813,1562.4200546537406
S43G01N222,2023-2024,43,222,2024-03-03,1400,70,안양 정관장,66,고양 소노,92,87,32,15,25,20,25,22,19,21,,,0,0,40,안양 정관장 아레나,https://api.kbl.or.kr/match/S43G01N222,https://api.kbl.or.kr/match/S43G01N222/team-record,1369.19152723108,1414.6645898949555,-45.47306266387545,0.5280719702405843,1378.6300878262684,1405.226029299767
S43G01N223,2023-2024,43,223,2024-03-03,1600,55,서울 SK,60,부산 KCC,90,69,19,24,27,20,18,25,12,14,,,0,0,40,잠실학생체육관,https://api.kbl.or.kr/match/S43G01N223,https://api.kbl.or.kr/match/S43G01N223/team-record,1527.103834440524,1528.308614209625,-1.2047797691009237,0.5907906419048365,1535.2880216024273,1520.1244270477216
S43G01N224,2023-2024,43,224,2024-03-04,1900,35,서울 삼성,64,대구 한국가스공사,75,81,17,15,18,25,26,14,18,23,,,0,0,40,잠실실내체육관,https://api.kbl.or.kr/match/S43G01N224,https://api.kbl.or.kr/match/S43G01N224/team-record,1380.5559665224503,1474.4810901650897,-93.92512364263939,0.45846930768047855,1371.3865803688407,1483.6504763186992
S43G01N225,2023-2024,43,225,2024-03-05,1900,66,고양 소노,60,부산 KCC,85,117,26,16,22,21,32,31,31,23,,,0,0,40,고양 소노 아레나,https://api.kbl.or.kr/match/S43G01N225,https://api.kbl.or.kr/match/S43G01N225/team-record,1405.226029299767,1520.1244270477216,-114.8983977479545,0.42868011905312464,1396.6524269187046,1528.6980294287841
S43G01N226,2023-2024,43,226,2024-03-05,1900,55,서울 SK,10,울산 현대모비스,105,76,34,24,22,25,23,17,23,13,,,0,0,40,잠실학생체육관,https://api.kbl.or.kr/match/S43G01N226,https://api.kbl.or.kr/match/S43G01N226/team-record,1535.2880216024273,1521.6764126037883,13.611608998638985,0.6112393592278494,1543.0632344178703,1513.9011997883454
S43G01N227,2023-2024,43,227,2024-03-07,1900,50,창원 LG,64,대구 한국가스공사,82,59,21,18,21,22,10,18,13,18,,,0,0,40,창원체육관,https://api.kbl.or.kr/match/S43G01N227,https://api.kbl.or.kr/match/S43G01N227/team-record,1562.4200546537406,1483.6504763186992,78.76957833504139,0.6958481165139075,1568.5030923234624,1477.5674386489775
S43G01N228,2023-2024,43,228,2024-03-07,1900,35,서울 삼성,16,원주 DB,85,99,17,21,24,23,23,28,26,22,,,0,0,40,잠실실내체육관,https://api.kbl.or.kr/match/S43G01N228,https://api.kbl.or.kr/match/S43G01N228/team-record,1371.3865803688407,1637.1204915800654,-265.7339112112247,0.2394827728846626,1366.5969249111474,1641.9101470377586
S43G01N229,2023-2024,43,229,2024-03-07,1900,06,수원 KT,60,부산 KCC,94,96,23,19,23,29,27,25,23,21,,,0,0,40,수원 KT 아레나,https://api.kbl.or.kr/match/S43G01N229,https://api.kbl.or.kr/match/S43G01N229/team-record,1584.4774186986813,1528.6980294287841,55.77938926989714,0.6671364725892848,1571.1346892468955,1542.04075888057
S43G01N230,2023-2024,43,230,2024-03-09,1500,06,수원 KT,10,울산 현대모비스,98,94,25,25,24,24,31,24,19,20,,,0,0,40,수원 KT 아레나,https://api.kbl.or.kr/match/S43G01N230,https://api.kbl.or.kr/match/S43G01N230/team-record,1571.1346892468955,1513.9011997883454,57.23348945855014,0.6689926574797523,1577.7548360973005,1507.2810529379403
S43G01N231,2023-2024,43,231,2024-03-09,1700,16,원주 DB,60,부산 KCC,115,104,27,31,32,25,21,28,34,21,,,0,0,40,원주종합체육관,https://api.kbl.or.kr/match/S43G01N231,https://api.kbl.or.kr/match/S43G01N231/team-record,1641.9101470377586,1542.04075888057,99.86938815718872,0.7209270002222361,1647.4916070333138,1536.4592988850147
S43G01N232,2023-2024,43,232,2024-03-09,1700,35,서울 삼성,66,고양 소노,92,86,21,24,23,24,17,30,17,22,,,0,0,40,잠실실내체육관,https://api.kbl.or.kr/match/S43G01N232,https://api.kbl.or.kr/match/S43G01N232/team-record,1366.5969249111474,1396.6524269187046,-30.055502007557152,0.5501202832965635,1375.5945192452161,1387.6548325846359
S43G01N233,2023-2024,43,233,2024-03-11,1900,50,창원 LG,06,수원 KT,87,76,21,15,30,21,15,18,15,28,,,0,0,40,창원체육관,https://api.kbl.or.kr/match/S43G01N233,https://api.kbl.or.kr/match/S43G01N233/team-record,1568.5030923234624,1577.7548360973005,-9.251743773838143,0.5795466824806866,1576.9121586738486,1569.3457697469144
S43G01N234,2023-2024,43,234,2024-03-13,1900,70,안양 정관장,66,고양 소노,80,94,11,18,25,26,24,23,31,16,,,0,0,40,안양 정관장 아레나,https://api.kbl.or.kr/match/S43G01N234,https://api.kbl.or.kr/match/S43G01N234/team-record,1378.6300878262684,1387.6548325846359,-9.024744758367433,0.5798650587406369,1367.0327866514558,1399.2521337594485
S43G01N235,2023-2024,43,235,2024-03-13,1900,55,서울 SK,64,대구 한국가스공사,82,67,17,21,17,27,14,14,23,16,,,0,0,40,잠실학생체육관,https://api.kbl.or.kr/match/S43G01N235,https://api.kbl.or.kr/match/S43G01N235/team-record,1543.0632344178703,1477.5674386489775,65.49579576889278,0.6794388504319071,1549.4744574092322,1471.1562156576156
S43G01N236,2023-2024,43,236,2024-03-14,1900,16,원주 DB,06,수원 KT,107,103,18,22,27,29,24,22,20,30,11,7,1,1,45,원주종합체육관,https://api.kbl.or.kr/match/S43G01N236,https://api.kbl.or.kr/match/S43G01N236/team-record,1647.4916070333138,1569.3457697469144,78.14583728639946,0.6950876676305516,1653.5898536807028,1563.2475230995253
S43G01N237,2023-2024,43,237,2024-03-14,1900,70,안양 정관장,35,서울 삼성,69,77,16,16,20,17,22,28,16,11,,,0,0,40,안양 정관장 아레나,https://api.kbl.or.kr/match/S43G01N237,https://api.kbl.or.kr/match/S43G01N237/team-record,1367.0327866514558,1375.5945192452161,-8.561732593760325,0.5805142477326943,1355.4225016968019,1387.20480419987
S43G01N238,2023-2024,43,238,2024-03-15,1900,64,대구 한국가스공사,60,부산 KCC,99,85,27,24,29,19,26,16,27,16,,,0,0,40,대구체육관,https://api.kbl.or.kr/match/S43G01N238,https://api.kbl.or.kr/match/S43G01N238/team-record,1471.1562156576156,1536.4592988850147,-65.30308322739916,0.49956382828479867,1481.1649390919197,1526.4505754507106
S43G01N239,2023-2024,43,239,2024-03-15,1900,66,고양 소노,50,창원 LG,64,95,25,10,14,15,21,23,27,24,,,0,0,40,고양 소노 아레나,https://api.kbl.or.kr/match/S43G01N239,https://api.kbl.or.kr/match/S43G01N239/team-record,1399.2521337594485,1576.9121586738486,-177.66002491440008,0.34332240009527554,1392.385685757543,1583.7786066757542
S43G01N240,2023-2024,43,240,2024-03-16,1500,06,수원 KT,35,서울 삼성,89,84,23,26,13,27,20,26,21,17,,,0,0,40,수원 KT 아레나,https://api.kbl.or.kr/match/S43G01N240,https://api.kbl.or.kr/match/S43G01N240/team-record,1563.2475230995253,1387.20480419987,176.04271889965526,0.8002013746561901,1567.2434956064014,1383.208831692994
S43G01N241,2023-2024,43,241,2024-03-16,1700,10,울산 현대모비스,16,원주 DB,95,89,25,26,21,23,25,21,23,20,,,0,0,40,울산동천체육관,https://api.kbl.or.kr/match/S43G01N241,https://api.kbl.or.kr/match/S43G01N241/team-record,1507.2810529379403,1653.5898536807028,-146.30880074276251,0.38507763013557583,1519.5795003352289,1641.2914062834143
S43G01N242,2023-2024,43,242,2024-03-16,1700,70,안양 정관장,55,서울 SK,84,78,22,26,26,10,23,15,26,14,,,0,0,40,안양 정관장 아레나,https://api.kbl.or.kr/match/S43G01N242,https://api.kbl.or.kr/match/S43G01N242/team-record,1355.4225016968019,1549.4744574092322,-194.0519557124303,0.32237408246227306,1368.9750200475564,1535.9219390584776
S43G01N243,2023-2024,43,243,2024-03-17,1500,64,대구 한국가스공사,66,고양 소노,81,82,24,24,15,18,24,19,21,18,,,0,0,40,대구체육관,https://api.kbl.or.kr/match/S43G01N243,https://api.kbl.or.kr/match/S43G01N243/team-record,1481.1649390919197,1392.385685757543,88.77925333437679,0.7079037032616595,1467.0068650266865,1406.543759822776
S43G01N244,2023-2024,43,244,2024-03-17,1700,60,부산 KCC,06,수원 KT,119,101,35,25,35,24,25,23,28,25,,,0,0,40,부산사직체육관,https://api.kbl.or.kr/match/S43G01N244,https://api.kbl.or.kr/match/S43G01N244/team-record,1526.4505754507106,1567.2434956064014,-40.79292015569081,0.5347805268376977,1535.7549649139567,1557.9391061431554
S43G01N245,2023-2024,43,245,2024-03-17,1700,50,창원 LG,16,원주 DB,92,88,21,29,16,26,24,26,25,13,,,0,0,40,창원체육관,https://api.kbl.or.kr/match/S43G01N245,https://api.kbl.or.kr/match/S43G01N245/team-record,1583.7786066757542,1641.2914062834143,-57.5127996076601,0.5107732798624662,1593.563141078505,1631.5068718806635
S43G01N246,2023-2024,43,246,2024-03-18,1900,35,서울 삼성,10,울산 현대모비스,94,91,18,20,23,21,18,18,16,30,12,9,1,1,45,잠실실내체육관,https://api.kbl.or.kr/match/S43G01N246,https://api.kbl.or.kr/match/S43G01N246/team-record,1383.208831692994,1519.5795003352289,-136.37066864223493,0.39871010008064767,1395.234629691381,1507.5537023368418
S43G01N247,2023-2024,43,247,2024-03-19,1900,50,창원 LG,70,안양 정관장,94,70,24,18,24,28,15,18,19,18,,,0,0,40,창원체육관,https://api.kbl.or.kr/match/S43G01N247,https://api.kbl.or.kr/match/S43G01N247/team-record,1593.563141078505,1368.9750200475564,224.5881210309485,0.841175864347434,1596.7396237915564,1365.798537334505
S43G01N248,2023-2024,43,248,2024-03-19,1900,55,서울 SK,66,고양 소노,62,75,22,19,9,12,18,20,13,24,,,0,0,40,잠실학생체육관,https://api.kbl.or.kr/match/S43G01N248,https://api.kbl.or.kr/match/S43G01N248/team-record,1535.9219390584776,1406.543759822776,129.3781792357015,0.7537903267250514,1520.8461325239766,1421.619566357277
S43G01N249,2023-2024,43,249,2024-03-20,1900,60,부산 KCC,35,서울 삼성,98,85,26,29,23,20,23,24,20,18,,,0,0,40,부산사직체육관,https://api.kbl.or.kr/match/S43G01N249,https://api.kbl.or.kr/match/S43G01N249/team-record,1535.7549649139567,1395.234629691381,140.52033522257557,0.7654993758916291,1540.4449773961242,1390.5446172092136
S43G01N250,2023-2024,43,250,2024-03-21,1900,70,안양 정관장,64,대구 한국가스공사,85,70,25,28,20,12,16,17,25,12,,,0,0,40,안양 정관장 아레나,https://api.kbl.or.kr/match/S43G01N250,https://api.kbl.or.kr/match/S43G01N250/team-record,1365.798537334505,1467.0068650266865,-101.20832769218146,0.4480798593755069,1376.836940146995,1455.9684622141965
S43G01N251,2023-2024,43,251,2024-03-21,1900,55,서울 SK,16,원주 DB,83,84,17,26,27,13,25,13,27,19,,,0,0,40,잠실학생체육관,https://api.kbl.or.kr/match/S43G01N251,https://api.kbl.or.kr/match/S43G01N251/team-record,1520.8461325239766,1631.5068718806635,-110.66073935668692,0.4346646343254642,1512.1528398374674,1640.2001645671728
S43G01N252,2023-2024,43,252,2024-03-22,1900,60,부산 KCC,50,창원 LG,92,101,24,28,20,20,23,20,35,23,,,0,0,40,부산사직체육관,https://api.kbl.or.kr/match/S43G01N252,https://api.kbl.or.kr/match/S43G01N252/team-record,1540.4449773961242,1596.7396237915564,-56.29464639543221,0.5125253898449128,1530.1944695992258,1606.9901315884547
S43G01N253,2023-2024,43,253,2024-03-22,1900,66,고양 소노,10,울산 현대모비스,102,87,29,13,26,16,21,19,17,27,18,3,1,1,45,고양 소노 아레나,https://api.kbl.or.kr/match/S43G01N253,https://api.kbl.or.kr/match/S43G01N253/team-record,1421.619566357277,1507.5537023368418,-85.93413597956464,0.46990976157700065,1432.221371125737,1496.9518975683818
S43G01N254,2023-2024,43,254,2024-03-23,1500,06,수원 KT,64,대구 한국가스공사,85,81,20,25,15,25,19,28,12,22,,,0,0,40,수원 KT 아레나,https://api.kbl.or.kr/match/S43G01N254,https://api.kbl.or.kr/match/S43G01N254/team-record,1557.9391061431554,1455.9684622141965,101.9706439289589,0.7233540541999082,1563.4720250591572,1450.4355432981947
S43G01N255,2023-2024,43,255,2024-03-23,1800,16,원주 DB,70,안양 정관장,68,96,23,18,16,11,25,23,18,30,,,0,0,40,원주종합체육관,https://api.kbl.or.kr/match/S43G01N255,https://api.kbl.or.kr/match/S43G01N255/team-record,1640.2001645671728,1376.836940146995,263.36322442017786,0.8687795484804169,1622.8245735975645,1394.2125311166033
S43G01N256,2023-2024,43,256,2024-03-23,1800,55,서울 SK,35,서울 삼성,84,75,21,24,18,21,20,20,21,14,,,0,0,40,잠실학생체육관,https://api.kbl.or.kr/match/S43G01N256,https://api.kbl.or.kr/match/S43G01N256/team-record,1512.1528398374674,1390.5446172092136,121.60822262825377,0.7453954411462499,1517.2449310145423,1385.4525260321386
S43G01N257,2023-2024,43,257,2024-03-24,1500,10,울산 현대모비스,50,창원 LG,85,86,21,30,16,18,20,21,17,28,,,0,0,40,울산동천체육관,https://api.kbl.or.kr/match/S43G01N257,https://api.kbl.or.kr/match/S43G01N257/team-record,1496.9518975683818,1606.9901315884547,-110.03823402007288,0.43554540016644117,1488.240989565053,1615.7010395917835
S43G01N258,2023-2024,43,258,2024-03-24,1800,16,원주 DB,66,고양 소노,86,84,17,20,19,19,22,18,14,21,11,9,1,1,45,원주종합체육관,https://api.kbl.or.kr/match/S43G01N258,https://api.kbl.or.kr/match/S43G01N258/team-record,1622.8245735975645,1432.221371125737,190.60320247182744,0.8132655769556572,1626.5592620584514,1428.4866826648502
S43G01N259,2023-2024,43,259,2024-03-24,1800,35,서울 삼성,60,부산 KCC,96,87,25,21,26,24,26,23,24,14,,,0,0,40,잠실실내체육관,https://api.kbl.or.kr/match/S43G01N259,https://api.kbl.or.kr/match/S43G01N259/team-record,1385.4525260321386,1530.1944695992258,-144.74194356708722,0.38721559785888066,1397.708214074961,1517.9387815564035
S43G01N260,2023-2024,43,260,2024-03-25,1900,55,서울 SK,06,수원 KT,80,99,19,17,22,22,28,26,26,19,,,0,0,40,잠실학생체육관,https://api.kbl.or.kr/match/S43G01N260,https://api.kbl.or.kr/match/S43G01N260/team-record,1517.2449310145423,1563.4720250591572,-46.22709404461489,0.5269901222429765,1506.7051285696828,1574.0118275040168
S43G01N261,2023-2024,43,261,2024-03-26,1900,60,부산 KCC,70,안양 정관장,91,88,24,20,25,22,24,20,19,25,,,0,0,40,부산사직체육관,https://api.kbl.or.kr/match/S43G01N261,https://api.kbl.or.kr/match/S43G01N261/team-record,1517.9387815564035,1394.2125311166033,123.7262504398002,0.7477023872799096,1522.9847338108052,1389.1665788622015
S43G01N262,2023-2024,43,262,2024-03-26,1900,64,대구 한국가스공사,10,울산 현대모비스,82,78,23,20,19,20,21,15,21,21,,,0,0,40,대구체육관,https://api.kbl.or.kr/match/S43G01N262,https://api.kbl.or.kr/match/S43G01N262/team-record,1450.4355432981947,1488.240989565053,-37.805446266858326,0.5390563811697617,1459.6544156747996,1479.0221171884482
S43G01N263,2023-2024,43,263,2024-03-28,1900,06,수원 KT,70,안양 정관장,81,83,17,24,25,15,21,25,15,22,,,0,0,40,수원 KT 아레나,https://api.kbl.or.kr/match/S43G01N263,https://api.kbl.or.kr/match/S43G01N263/team-record,1574.0118275040168,1389.1665788622015,184.84524864181526,0.8081796107327313,1557.848235289362,1405.3301710768562
S43G01N264,2023-2024,43,264,2024-03-28,1900,55,서울 SK,50,창원 LG,82,62,18,24,21,19,10,15,20,17,,,0,0,40,잠실학생체육관,https://api.kbl.or.kr/match/S43G01N264,https://api.kbl.or.kr/match/S43G01N264/team-record,1506.7051285696828,1615.7010395917835,-108.9959110221007,0.43702106303998406,1517.9647073088831,1604.441460852583
S43G01N265,2023-2024,43,265,2024-03-29,1900,60,부산 KCC,10,울산 현대모비스,110,103,31,28,26,25,30,25,23,25,,,0,0,40,부산사직체육관,https://api.kbl.or.kr/match/S43G01N265,https://api.kbl.or.kr/match/S43G01N265/team-record,1522.9847338108052,1479.0221171884482,43.96261662235702,0.6518632054095578,1529.947469702614,1472.0593812966395
S43G01N266,2023-2024,43,266,2024-03-31,1800,10,울산 현대모비스,70,안양 정관장,83,81,19,19,20,25,23,22,16,20,,,0,0,40,울산동천체육관,https://api.kbl.or.kr/match/S43G01N266,https://api.kbl.or.kr/match/S43G01N266/team-record,1472.0593812966395,1405.3301710768562,66.72921021978323,0.6809832910567717,1478.439715475504,1398.9498368979916
S43G01N267,2023-2024,43,267,2024-03-31,1800,60,부산 KCC,55,서울 SK,102,79,21,27,19,35,16,27,21,15,,,0,0,40,부산사직체육관,https://api.kbl.or.kr/match/S43G01N267,https://api.kbl.or.kr/match/S43G01N267/team-record,1529.947469702614,1517.9647073088831,11.982762393730809,0.6090089758680483,1537.767290185253,1510.1448868262441
S43G01N268,2023-2024,43,268,2024-03-31,1800,16,원주 DB,64,대구 한국가스공사,82,73,18,21,25,18,21,22,19,11,,,0,0,40,원주종합체육관,https://api.kbl.or.kr/match/S43G01N268,https://api.kbl.or.kr/match/S43G01N268/team-record,1626.5592620584514,1459.6544156747996,166.90484638365183,0.791658508911821,1630.7260918802149,1455.487585853036
S43G01N269,2023-2024,43,269,2024-03-31,1800,66,고양 소노,06,수원 KT,95,91,30,22,14,13,17,21,17,24,16,12,1,1,45,고양 소노 아레나,https://api.kbl.or.kr/match/S43G01N269,https://api.kbl.or.kr/match/S43G01N269/team-record,1428.4866826648502,1557.848235289362,-129.3615526245119,0.4084214467470272,1440.3182537299097,1546.0166642243025
S43G01N270,2023-2024,43,270,2024-03-31,1800,50,창원 LG,35,서울 삼성,98,63,25,31,22,20,21,14,15,13,,,0,0,40,창원체육관,https://api.kbl.or.kr/match/S43G01N270,https://api.kbl.or.kr/match/S43G01N270/team-record,1604.441460852583,1397.708214074961,206.73324677762207,0.8269583921024963,1607.9022930105332,1394.247381917011
S45G01N1,2024-2025,45,1,2024-10-19,1400,60,부산 KCC,06,수원 KT,77,72,12,31,17,17,12,18,25,17,,,0,0,40,부산사직체육관,https://api.kbl.or.kr/match/S45G01N1,https://api.kbl.or.kr/match/S45G01N1/team-record,1524.5487386204145,1529.9108317457967,-5.362093125382216,0.584992731629634,1532.8488839878219,1521.6106863783893
S45G01N2,2024-2025,45,2,2024-10-19,1400,16,원주 DB,35,서울 삼성,88,83,26,21,21,20,18,22,17,26,,,0,0,40,원주종합체육관,https://api.kbl.or.kr/match/S45G01N2,https://api.kbl.or.kr/match/S45G01N2/team-record,1584.9719597221397,1431.260798246057,153.71116147608268,0.7788543717908989,1589.3948722863217,1426.837885681875
S45G01N3,2024-2025,45,3,2024-10-19,1600,50,창원 LG,64,대구 한국가스공사,70,67,13,23,14,20,18,16,23,10,,,0,0,40,창원체육관,https://api.kbl.or.kr/match/S45G01N3,https://api.kbl.or.kr/match/S45G01N3/team-record,1570.1364904568466,1471.0669308044735,99.06955965237307,0.7199997372815135,1575.7364957112163,1465.4669255501037
S45G01N4,2024-2025,45,4,2024-10-20,1400,06,수원 KT,35,서울 삼성,72,63,17,20,16,19,11,16,16,20,,,0,0,40,수원 KT 아레나,https://api.kbl.or.kr/match/S45G01N4,https://api.kbl.or.kr/match/S45G01N4/team-record,1521.6106863783893,1426.837885681875,94.77280069651442,0.7149863082514422,1527.3109602133604,1421.1376118469038
S45G01N5,2024-2025,45,5,2024-10-20,1400,55,서울 SK,70,안양 정관장,95,71,21,26,20,28,28,14,16,13,,,0,0,40,잠실학생체육관,https://api.kbl.or.kr/match/S45G01N5,https://api.kbl.or.kr/match/S45G01N5/team-record,1506.5941764370586,1434.3173939836945,72.27678245336415,0.6878804309824246,1512.8365678174102,1428.075002603343
S45G01N6,2024-2025,45,6,2024-10-20,1600,10,울산 현대모비스,66,고양 소노,82,100,25,19,20,18,26,35,18,21,,,0,0,40,울산동천체육관,https://api.kbl.or.kr/match/S45G01N6,https://api.kbl.or.kr/match/S45G01N6/team-record,1485.9858150590776,1461.2068649244413,24.77895013463626,0.6264013438271325,1473.4577881825348,1473.734891800984
S45G01N7,2024-2025,45,7,2024-10-21,1900,50,창원 LG,60,부산 KCC,89,84,27,21,15,26,23,23,24,14,,,0,0,40,창원체육관,https://api.kbl.or.kr/match/S45G01N7,https://api.kbl.or.kr/match/S45G01N7/team-record,1575.7364957112163,1532.8488839878219,42.88761172339446,0.6504575480399851,1582.7273447504167,1525.8580349486215
S45G01N8,2024-2025,45,8,2024-10-22,1900,55,서울 SK,16,원주 DB,77,72,17,17,20,23,18,24,16,14,,,0,0,40,잠실학생체육관,https://api.kbl.or.kr/match/S45G01N8,https://api.kbl.or.kr/match/S45G01N8/team-record,1512.8365678174102,1589.3948722863217,-76.5583044689115,0.4833723963767135,1523.169119889876,1579.062320213856
S45G01N9,2024-2025,45,9,2024-10-23,1900,60,부산 KCC,66,고양 소노,69,79,24,18,12,15,21,24,14,20,,,0,0,40,부산사직체육관,https://api.kbl.or.kr/match/S45G01N9,https://api.kbl.or.kr/match/S45G01N9/team-record,1525.8580349486215,1473.734891800984,52.12314314763739,0.6624463267073205,1512.609108414475,1486.9838183351305
S45G01N10,2024-2025,45,10,2024-10-24,1900,16,원주 DB,64,대구 한국가스공사,62,92,11,18,18,15,25,16,29,22,,,0,0,40,원주종합체육관,https://api.kbl.or.kr/match/S45G01N10,https://api.kbl.or.kr/match/S45G01N10/team-record,1579.062320213856,1465.4669255501037,113.59539466375236,0.7365430547089822,1564.3314591196765,1480.1977866442833
S45G01N11,2024-2025,45,11,2024-10-24,1900,50,창원 LG,70,안양 정관장,82,75,19,26,14,23,26,17,16,16,,,0,0,40,창원체육관,https://api.kbl.or.kr/match/S45G01N11,https://api.kbl.or.kr/match/S45G01N11/team-record,1582.7273447504167,1428.075002603343,154.6523421470738,0.7797861372795074,1587.1316220048266,1423.670725348933
S45G01N12,2024-2025,45,12,2024-10-25,1900,60,부산 KCC,10,울산 현대모비스,76,96,20,13,25,18,26,24,25,21,,,0,0,40,부산사직체육관,https://api.kbl.or.kr/match/S45G01N12,https://api.kbl.or.kr/match/S45G01N12/team-record,1512.609108414475,1473.4577881825348,39.15132023194019,0.6455517891347883,1499.6980726317793,1486.3688239652306
S45G01N13,2024-2025,45,13,2024-10-25,1900,06,수원 KT,55,서울 SK,77,75,26,20,22,9,20,23,21,11,,,0,0,40,수원 KT 아레나,https://api.kbl.or.kr/match/S45G01N13,https://api.kbl.or.kr/match/S45G01N13/team-record,1527.3109602133604,1523.169119889876,4.14184032348453,0.5982100308306636,1535.3467595967472,1515.133320506489
S45G01N14,2024-2025,45,14,2024-10-26,1400,64,대구 한국가스공사,35,서울 삼성,76,70,15,30,12,19,23,21,6,20,,,0,0,40,대구체육관,https://api.kbl.or.kr/match/S45G01N14,https://api.kbl.or.kr/match/S45G01N14/team-record,1480.1977866442833,1421.1376118469038,59.06017479737943,0.6713170173485407,1486.7714462973124,1414.5639521938747
S45G01N15,2024-2025,45,15,2024-10-26,1400,66,고양 소노,50,창원 LG,82,77,19,20,20,23,20,21,22,14,,,0,0,40,고양 소노 아레나,https://api.kbl.or.kr/match/S45G01N15,https://api.kbl.or.kr/match/S45G01N15/team-record,1486.9838183351305,1587.1316220048266,-100.14780366969603,0.44959009323412236,1497.992016470448,1576.123423869509
S45G01N16,2024-2025,45,16,2024-10-26,1600,70,안양 정관장,16,원주 DB,68,60,21,18,16,13,17,21,10,12,,,0,0,40,안양 정관장 아레나,https://api.kbl.or.kr/match/S45G01N16,https://api.kbl.or.kr/match/S45G01N16/team-record,1423.670725348933,1564.3314591196765,-140.6607337707435,0.39280464026639034,1435.8146325436053,1552.1875519250043
S45G01N17,2024-2025,45,17,2024-10-27,1400,35,서울 삼성,55,서울 SK,73,76,24,17,20,12,15,17,20,24,,,0,0,40,잠실실내체육관,https://api.kbl.or.kr/match/S45G01N17,https://api.kbl.or.kr/match/S45G01N17/team-record,1414.5639521938747,1515.133320506489,-100.56936831261442,0.44898965337557345,1405.5841591263631,1524.1131135740006
S45G01N18,2024-2025,45,18,2024-10-27,1400,06,수원 KT,10,울산 현대모비스,89,91,27,23,10,17,18,25,20,14,12,14,1,1,45,수원 KT 아레나,https://api.kbl.or.kr/match/S45G01N18,https://api.kbl.or.kr/match/S45G01N18/team-record,1535.3467595967472,1486.3688239652306,48.97793563151663,0.6583859545679124,1522.179040505389,1499.536543056589
S45G01N19,2024-2025,45,19,2024-10-27,1600,16,원주 DB,60,부산 KCC,70,77,21,18,10,21,13,27,18,19,,,0,0,40,원주종합체육관,https://api.kbl.or.kr/match/S45G01N19,https://api.kbl.or.kr/match/S45G01N19/team-record,1552.1875519250043,1499.6980726317793,52.48947929322503,0.6629177164122402,1538.9291975967594,1512.9564269600241
S45G01N20,2024-2025,45,20,2024-10-28,1900,66,고양 소노,70,안양 정관장,83,70,21,20,19,23,18,21,18,13,,,0,0,40,고양 소노 아레나,https://api.kbl.or.kr/match/S45G01N20,https://api.kbl.or.kr/match/S45G01N20/team-record,1497.992016470448,1435.8146325436053,62.17738392684282,0.6752641513064531,1504.486733444319,1429.3199155697343
S45G01N21,2024-2025,45,21,2024-10-29,1900,35,서울 삼성,60,부산 KCC,73,77,20,14,13,26,22,21,24,10,,,0,0,40,잠실실내체육관,https://api.kbl.or.kr/match/S45G01N21,https://api.kbl.or.kr/match/S45G01N21/team-record,1405.5841591263631,1512.9564269600241,-107.372267833661,0.4393219398037926,1396.7977203302873,1521.7428657561
S45G01N22,2024-2025,45,22,2024-10-30,1900,70,안양 정관장,64,대구 한국가스공사,64,97,21,12,18,13,26,27,25,19,,,0,0,40,안양 정관장 아레나,https://api.kbl.or.kr/match/S45G01N22,https://api.kbl.or.kr/match/S45G01N22/team-record,1429.3199155697343,1486.7714462973124,-57.451530727578074,0.5108614115982046,1419.1026873377702,1496.9886745292765
S45G01N23,2024-2025,45,23,2024-10-31,1900,66,고양 소노,06,수원 KT,61,69,16,21,14,10,20,17,12,20,,,0,0,40,고양 소노 아레나,https://api.kbl.or.kr/match/S45G01N23,https://api.kbl.or.kr/match/S45G01N23/team-record,1504.486733444319,1522.179040505389,-17.69230706106987,0.5676635927673164,1493.1334615889728,1533.5323123607352
S45G01N24,2024-2025,45,24,2024-10-31,1900,35,서울 삼성,10,울산 현대모비스,80,83,19,21,18,16,14,12,23,25,6,9,1,1,45,잠실실내체육관,https://api.kbl.or.kr/match/S45G01N24,https://api.kbl.or.kr/match/S45G01N24/team-record,1396.7977203302873,1499.536543056589,-102.73882272630158,0.44590206001023136,1387.8796791300826,1508.4545842567936
S45G01N25,2024-2025,45,25,2024-11-01,1900,60,부산 KCC,64,대구 한국가스공사,58,80,14,16,9,19,14,17,21,28,,,0,0,40,부산사직체육관,https://api.kbl.or.kr/match/S45G01N25,https://api.kbl.or.kr/match/S45G01N25/team-record,1521.7428657561,1496.9886745292765,24.754191226823423,0.6263679894381264,1509.2155059673373,1509.5160343180391
S45G01N26,2024-2025,45,26,2024-11-01,1900,50,창원 LG,55,서울 SK,66,72,14,22,22,8,20,20,15,17,,,0,0,40,창원체육관,https://api.kbl.or.kr/match/S45G01N26,https://api.kbl.or.kr/match/S45G01N26/team-record,1576.123423869509,1524.1131135740006,52.01031029550836,0.6623010718685939,1562.8774024321372,1537.3591350113725
S45G01N27,2024-2025,45,27,2024-11-02,1400,06,수원 KT,16,원주 DB,80,78,18,24,21,17,25,23,17,13,,,0,0,40,수원 KT 아레나,https://api.kbl.or.kr/match/S45G01N27,https://api.kbl.or.kr/match/S45G01N27/team-record,1533.5323123607352,1538.9291975967594,-5.396885236024218,0.5849441077018752,1541.8334302066978,1530.6280797507968
S45G01N28,2024-2025,45,28,2024-11-02,1400,10,울산 현대모비스,70,안양 정관장,71,72,22,15,19,15,16,15,22,19,,,0,0,40,울산동천체육관,https://api.kbl.or.kr/match/S45G01N28,https://api.kbl.or.kr/match/S45G01N28/team-record,1508.4545842567936,1419.1026873377702,89.35189691902337,0.7085848527023817,1494.282887202746,1433.2743843918179
S45G01N29,2024-2025,45,29,2024-11-02,1600,35,서울 삼성,66,고양 소노,78,76,23,14,17,24,26,16,19,15,,,0,0,40,잠실실내체육관,https://api.kbl.or.kr/match/S45G01N29,https://api.kbl.or.kr/match/S45G01N29/team-record,1387.8796791300826,1493.1334615889728,-105.2537824588901,0.4423279726304293,1399.0331196774741,1481.9800210415813
S45G01N30,2024-2025,45,30,2024-11-03,1400,50,창원 LG,10,울산 현대모비스,73,78,18,25,15,15,23,22,22,11,,,0,0,40,창원체육관,https://api.kbl.or.kr/match/S45G01N30,https://api.kbl.or.kr/match/S45G01N30/team-record,1562.8774024321372,1494.282887202746,68.59451522939116,0.683311425855097,1549.2111739150353,1507.949115719848
S45G01N31,2024-2025,45,31,2024-11-03,1400,64,대구 한국가스공사,55,서울 SK,91,76,25,19,26,21,20,25,23,8,,,0,0,40,대구체육관,https://api.kbl.or.kr/match/S45G01N31,https://api.kbl.or.kr/match/S45G01N31/team-record,1509.5160343180391,1537.3591350113725,-27.843100693333326,0.5532701391729871,1518.4506315345793,1528.4245377948323
S45G01N32,2024-2025,45,32,2024-11-03,1600,60,부산 KCC,70,안양 정관장,102,71,26,27,24,25,13,23,19,16,,,0,0,40,부산사직체육관,https://api.kbl.or.kr/match/S45G01N32,https://api.kbl.or.kr/match/S45G01N32/team-record,1509.2155059673373,1433.2743843918179,75.94112157551945,0.6923912097598981,1515.3676817721393,1427.1222085870158
S45G01N33,2024-2025,45,33,2024-11-04,1900,16,원주 DB,66,고양 소노,64,79,16,18,11,19,14,17,25,23,,,0,0,40,원주종합체육관,https://api.kbl.or.kr/match/S45G01N33,https://api.kbl.or.kr/match/S45G01N33/team-record,1530.6280797507968,1481.9800210415813,48.64805870921555,0.6579587317738795,1517.4689051153193,1495.1391956770588
S45G01N34,2024-2025,45,34,2024-11-05,1900,64,대구 한국가스공사,06,수원 KT,82,74,24,15,18,25,28,19,21,6,,,0,0,40,대구체육관,https://api.kbl.or.kr/match/S45G01N34,https://api.kbl.or.kr/match/S45G01N34/team-record,1518.4506315345793,1541.8334302066978,-23.382798672118497,0.5596071544993976,1527.2584884445914,1533.0255732966857
S45G01N35,2024-2025,45,35,2024-11-06,1900,10,울산 현대모비스,55,서울 SK,76,95,11,20,18,27,22,21,31,21,,,0,0,40,울산동천체육관,https://api.kbl.or.kr/match/S45G01N35,https://api.kbl.or.kr/match/S45G01N35/team-record,1507.949115719848,1528.4245377948323,-20.475422074984408,0.5637275351472746,1496.6745650169023,1539.699088497778
S45G01N36,2024-2025,45,36,2024-11-07,1900,35,서울 삼성,50,창원 LG,80,79,22,17,17,24,24,19,24,12,,,0,0,40,잠실실내체육관,https://api.kbl.or.kr/match/S45G01N36,https://api.kbl.or.kr/match/S45G01N36/team-record,1399.0331196774741,1549.2111739150353,-150.17805423756113,0.3798171750551735,1411.4367761763706,1536.8075174161388
S45G01N37,2024-2025,45,37,2024-11-07,1900,70,안양 정관장,06,수원 KT,74,73,25,23,11,15,16,15,26,16,,,0,0,40,안양 정관장 아레나,https://api.kbl.or.kr/match/S45G01N37,https://api.kbl.or.kr/match/S45G01N37/team-record,1427.1222085870158,1533.0255732966857,-105.90336470966986,0.44140578570572164,1438.2940928729015,1521.8536890108
S45G01N38,2024-2025,45,38,2024-11-08,1900,10,울산 현대모비스,16,원주 DB,79,70,21,11,25,22,15,14,18,23,,,0,0,40,울산동천체육관,https://api.kbl.or.kr/match/S45G01N38,https://api.kbl.or.kr/match/S45G01N38/team-record,1496.6745650169023,1517.4689051153193,-20.794340098417024,0.5632759782256402,1505.4090454523896,1508.734424679832
S45G01N39,2024-2025,45,39,2024-11-08,1900,64,대구 한국가스공사,66,고양 소노,99,65,25,29,17,28,15,11,28,11,,,0,0,40,대구체육관,https://api.kbl.or.kr/match/S45G01N39,https://api.kbl.or.kr/match/S45G01N39/team-record,1527.2584884445914,1495.1391956770588,32.11929276753267,0.63623584526997,1534.533771539192,1487.8639125824582
S45G01N40,2024-2025,45,40,2024-11-09,1400,06,수원 KT,50,창원 LG,65,59,12,13,26,14,13,22,13,11,,,0,0,40,수원 KT 아레나,https://api.kbl.or.kr/match/S45G01N40,https://api.kbl.or.kr/match/S45G01N40/team-record,1521.8536890108,1536.8075174161388,-14.953828405338754,0.5715282050794774,1530.4231249092104,1528.2380815177285
S45G01N41,2024-2025,45,41,2024-11-09,1400,55,서울 SK,60,부산 KCC,93,57,18,25,24,26,15,14,17,11,,,0,0,40,잠실학생체육관,https://api.kbl.or.kr/match/S45G01N41,https://api.kbl.or.kr/match/S45G01N41/team-record,1539.699088497778,1515.3676817721393,24.331406725638544,0.6257982428152544,1547.1831236414728,1507.8836466284445
S45G01N42,2024-2025,45,42,2024-11-09,1600,70,안양 정관장,35,서울 삼성,102,59,30,24,28,20,8,20,8,23,,,0,0,40,안양 정관장 아레나,https://api.kbl.or.kr/match/S45G01N42,https://api.kbl.or.kr/match/S45G01N42/team-record,1438.2940928729015,1411.4367761763706,26.857316696530916,0.629196939650201,1445.7101540798974,1404.0207149693747
S45G01N43,2024-2025,45,43,2024-11-10,1400,16,원주 DB,50,창원 LG,73,51,25,9,17,22,8,17,18,8,,,0,0,40,원주종합체육관,https://api.kbl.or.kr/match/S45G01N43,https://api.kbl.or.kr/match/S45G01N43/team-record,1508.734424679832,1528.2380815177285,-19.503656837896415,0.5651028058244117,1517.4323685633437,1519.5401376342168
S45G01N44,2024-2025,45,44,2024-11-10,1400,64,대구 한국가스공사,10,울산 현대모비스,64,67,23,14,14,13,7,15,24,21,,,0,0,40,대구체육관,https://api.kbl.or.kr/match/S45G01N44,https://api.kbl.or.kr/match/S45G01N44/team-record,1534.533771539192,1505.4090454523896,29.12472608680241,0.6322369681528365,1521.8890321761353,1518.0537848154463
S45G01N45,2024-2025,45,45,2024-11-10,1600,55,서울 SK,66,고양 소노,91,71,23,26,26,16,24,24,13,10,,,0,0,40,잠실학생체육관,https://api.kbl.or.kr/match/S45G01N45,https://api.kbl.or.kr/match/S45G01N45/team-record,1547.1831236414728,1487.8639125824582,59.319211059014606,0.671645952379339,1553.7502045938859,1481.296831630045
S45G01N46,2024-2025,45,46,2024-11-11,1900,06,수원 KT,70,안양 정관장,69,58,20,15,24,10,19,14,15,10,,,0,0,40,수원 KT 아레나,https://api.kbl.or.kr/match/S45G01N46,https://api.kbl.or.kr/match/S45G01N46/team-record,1530.4231249092104,1445.7101540798974,84.71297082931301,0.7030401665083154,1536.3623215790442,1439.7709574100636
S45G01N47,2024-2025,45,47,2024-11-12,1900,16,원주 DB,55,서울 SK,80,88,17,23,27,13,16,21,26,25,,,0,0,40,원주종합체육관,https://api.kbl.or.kr/match/S45G01N47,https://api.kbl.or.kr/match/S45G01N47/team-record,1517.4323685633437,1553.7502045938859,-36.31783603054214,0.5411834374128872,1506.608699815086,1564.5738733421435
S45G01N48,2024-2025,45,48,2024-11-13,1900,66,고양 소노,10,울산 현대모비스,78,80,23,23,19,13,24,24,11,21,,,0,0,40,고양 소노 아레나,https://api.kbl.or.kr/match/S45G01N48,https://api.kbl.or.kr/match/S45G01N48/team-record,1481.296831630045,1518.0537848154463,-36.756953185401244,0.5405557192906412,1470.4857172442323,1528.864899201259
S45G01N49,2024-2025,45,49,2024-11-14,1900,64,대구 한국가스공사,16,원주 DB,64,69,15,14,21,14,17,24,10,18,,,0,0,40,대구체육관,https://api.kbl.or.kr/match/S45G01N49,https://api.kbl.or.kr/match/S45G01N49/team-record,1521.8890321761353,1506.608699815086,15.280332361049204,0.6135195253413213,1509.6186416693088,1518.8790903219126
S45G01N50,2024-2025,45,50,2024-11-14,1900,50,창원 LG,06,수원 KT,76,78,23,15,19,19,26,18,19,15,,,0,0,40,창원체육관,https://api.kbl.or.kr/match/S45G01N50,https://api.kbl.or.kr/match/S45G01N50/team-record,1519.5401376342168,1536.3623215790442,-16.82218394482743,0.5688924493006494,1508.1622886482037,1547.7401705650573
S45G01N51,2024-2025,45,51,2024-11-27,1900,60,부산 KCC,10,울산 현대모비스,84,81,21,21,21,21,24,13,21,23,,,0,0,40,부산사직체육관,https://api.kbl.or.kr/match/S45G01N51,https://api.kbl.or.kr/match/S45G01N51/team-record,1507.8836466284445,1528.864899201259,-20.981252572814583,0.5630112795172342,1516.6234210380999,1520.1251247916036
S45G01N52,2024-2025,45,52,2024-11-27,1900,50,창원 LG,55,서울 SK,73,78,19,19,22,13,15,18,18,27,,,0,0,40,창원체육관,https://api.kbl.or.kr/match/S45G01N52,https://api.kbl.or.kr/match/S45G01N52/team-record,1508.1622886482037,1564.5738733421435,-56.41158469393986,0.5123572063014389,1497.9151445221748,1574.8210174681724
S45G01N53,2024-2025,45,53,2024-11-28,1900,35,서울 삼성,06,수원 KT,71,83,20,18,16,17,21,26,21,15,,,0,0,40,잠실실내체육관,https://api.kbl.or.kr/match/S45G01N53,https://api.kbl.or.kr/match/S45G01N53/team-record,1404.0207149693747,1547.7401705650573,-143.71945559568258,0.38861312931957687,1396.2484523829833,1555.5124331514487
S45G01N54,2024-2025,45,54,2024-11-28,1900,16,원주 DB,66,고양 소노,88,78,22,18,24,24,15,26,18,19,,,0,0,40,원주종합체육관,https://api.kbl.or.kr/match/S45G01N54,https://api.kbl.or.kr/match/S45G01N54/team-record,1518.8790903219126,1470.4857172442323,48.39337307768028,0.6576287136333739,1525.7265160492452,1463.6382915168997
S45G01N55,2024-2025,45,55,2024-11-29,1900,55,서울 SK,64,대구 한국가스공사,69,67,20,16,13,20,12,19,23,13,,,0,0,40,잠실학생체육관,https://api.kbl.or.kr/match/S45G01N55,https://api.kbl.or.kr/match/S45G01N55/team-record,1574.8210174681724,1509.6186416693088,65.20237579886361,0.6790708586051523,1581.2396002960693,1503.2000588414119
S45G01N56,2024-2025,45,56,2024-11-29,1900,70,안양 정관장,60,부산 KCC,85,79,13,21,23,19,15,21,20,20,9,3,1,1,45,안양 정관장 아레나,https://api.kbl.or.kr/match/S45G01N56,https://api.kbl.or.kr/match/S45G01N56/team-record,1439.7709574100636,1516.6234210380999,-76.85246362803628,0.48294954748750085,1450.1119664603136,1506.2824119878499
S45G01N57,2024-2025,45,57,2024-11-30,1400,06,수원 KT,10,울산 현대모비스,73,85,19,10,29,15,23,34,17,11,,,0,0,40,수원 KT 아레나,https://api.kbl.or.kr/match/S45G01N57,https://api.kbl.or.kr/match/S45G01N57/team-record,1555.5124331514487,1520.1251247916036,35.387308359845065,0.6405784814767093,1542.7008635219145,1532.9366944211379
S45G01N58,2024-2025,45,58,2024-11-30,1400,66,고양 소노,50,창원 LG,78,86,22,21,15,20,25,23,14,24,,,0,0,40,고양 소노 아레나,https://api.kbl.or.kr/match/S45G01N58,https://api.kbl.or.kr/match/S45G01N58/team-record,1463.6382915168997,1497.9151445221748,-34.27685300527514,0.5440992767769699,1452.7563059813604,1508.7971300577142
S45G01N59,2024-2025,45,59,2024-11-30,1600,35,서울 삼성,16,원주 DB,66,76,19,22,10,15,15,25,24,12,,,0,0,40,잠실실내체육관,https://api.kbl.or.kr/match/S45G01N59,https://api.kbl.or.kr/match/S45G01N59/team-record,1396.2484523829833,1525.7265160492452,-129.47806366626196,0.4082594086803454,1388.0832642093765,1533.8917042228522
S45G01N60,2024-2025,45,60,2024-12-01,1400,55,서울 SK,06,수원 KT,100,62,21,30,21,28,26,10,10,16,,,0,0,40,잠실학생체육관,https://api.kbl.or.kr/match/S45G01N60,https://api.kbl.or.kr/match/S45G01N60/team-record,1581.2396002960693,1542.7008635219145,38.53873677415481,0.6447445032603636,1588.3447102308621,1535.5957535871216
S45G01N61,2024-2025,45,61,2024-12-01,1400,66,고양 소노,60,부산 KCC,67,74,12,17,23,15,15,23,11,25,,,0,0,40,고양 소노 아레나,https://api.kbl.or.kr/match/S45G01N61,https://api.kbl.or.kr/match/S45G01N61/team-record,1452.7563059813604,1506.2824119878499,-53.5261060064895,0.5165062605481835,1442.4261807703967,1516.6125371988135
S45G01N62,2024-2025,45,62,2024-12-01,1600,64,대구 한국가스공사,70,안양 정관장,83,80,17,33,14,19,23,19,13,25,,,0,0,40,대구체육관,https://api.kbl.or.kr/match/S45G01N62,https://api.kbl.or.kr/match/S45G01N62/team-record,1503.2000588414119,1450.1119664603136,53.08809238109825,0.663687295549071,1509.9263129304304,1443.385712371295
S45G01N63,2024-2025,45,63,2024-12-02,1900,35,서울 삼성,10,울산 현대모비스,71,87,17,18,16,20,32,16,21,18,,,0,0,40,잠실실내체육관,https://api.kbl.or.kr/match/S45G01N63,https://api.kbl.or.kr/match/S45G01N63/team-record,1388.0832642093765,1532.9366944211379,-144.8534302117614,0.38706333021095923,1380.3419976051573,1540.677961025357
S45G01N64,2024-2025,45,64,2024-12-03,1900,64,대구 한국가스공사,66,고양 소노,85,63,15,24,24,22,13,20,18,12,,,0,0,40,대구체육관,https://api.kbl.or.kr/match/S45G01N64,https://api.kbl.or.kr/match/S45G01N64/team-record,1509.9263129304304,1442.4261807703967,67.50013216003367,0.6819466022517278,1516.2873808853958,1436.0651128154313
S45G01N65,2024-2025,45,65,2024-12-04,1900,16,원주 DB,70,안양 정관장,98,67,22,34,14,28,11,15,19,22,,,0,0,40,원주종합체육관,https://api.kbl.or.kr/match/S45G01N65,https://api.kbl.or.kr/match/S45G01N65/team-record,1533.8917042228522,1443.385712371295,90.50599185155716,0.7099547822166009,1539.6926085785203,1437.584808015627
S45G01N66,2024-2025,45,66,2024-12-05,1900,10,울산 현대모비스,50,창원 LG,83,75,25,21,16,21,19,16,19,21,,,0,0,40,울산동천체육관,https://api.kbl.or.kr/match/S45G01N66,https://api.kbl.or.kr/match/S45G01N66/team-record,1540.677961025357,1508.7971300577142,31.88083096764285,0.6359180893086438,1547.9595992391842,1501.515491843887
S45G01N67,2024-2025,45,67,2024-12-05,1900,64,대구 한국가스공사,35,서울 삼성,59,74,16,18,13,12,19,19,22,14,,,0,0,40,대구체육관,https://api.kbl.or.kr/match/S45G01N67,https://api.kbl.or.kr/match/S45G01N67/team-record,1516.2873808853958,1380.3419976051573,135.9453832802385,0.7607388702500563,1501.0726034803947,1395.5567750101584
S45G01N68,2024-2025,45,68,2024-12-06,1900,70,안양 정관장,55,서울 SK,69,73,15,21,17,16,23,20,17,13,,,0,0,40,안양 정관장 아레나,https://api.kbl.or.kr/match/S45G01N68,https://api.kbl.or.kr/match/S45G01N68/team-record,1437.584808015627,1588.3447102308621,-150.75990221523512,0.3790285249423282,1430.0042375167804,1595.9252807297087
S45G01N69,2024-2025,45,69,2024-12-06,1900,66,고양 소노,06,수원 KT,64,72,20,15,15,14,21,13,19,19,,,0,0,40,고양 소노 아레나,https://api.kbl.or.kr/match/S45G01N69,https://api.kbl.or.kr/match/S45G01N69/team-record,1436.0651128154313,1535.5957535871216,-99.53064077169029,0.45046939067669806,1427.0557250018974,1544.6051414006556
S45G01N70,2024-2025,45,70,2024-12-07,1400,10,울산 현대모비스,64,대구 한국가스공사,89,85,32,22,19,16,20,21,23,21,,,0,0,40,울산동천체육관,https://api.kbl.or.kr/match/S45G01N70,https://api.kbl.or.kr/match/S45G01N70/team-record,1547.9595992391842,1501.0726034803947,46.88699575878945,0.6556736591308567,1554.846126056567,1494.1860766630118
S45G01N71,2024-2025,45,71,2024-12-07,1400,35,서울 삼성,60,부산 KCC,61,78,13,15,13,20,9,27,20,22,,,0,0,40,잠실실내체육관,https://api.kbl.or.kr/match/S45G01N71,https://api.kbl.or.kr/match/S45G01N71/team-record,1395.5567750101584,1516.6125371988135,-121.05576218865508,0.42002204261809045,1387.1563341577967,1525.0129780511752
S45G01N72,2024-2025,45,72,2024-12-07,1600,50,창원 LG,16,원주 DB,76,74,17,20,25,14,10,24,16,24,,,0,0,40,창원체육관,https://api.kbl.or.kr/match/S45G01N72,https://api.kbl.or.kr/match/S45G01N72/team-record,1501.515491843887,1539.6926085785203,-38.17711673463327,0.5385247237536206,1510.7449973688147,1530.4631030535927
S45G01N73,2024-2025,45,73,2024-12-08,1400,06,수원 KT,60,부산 KCC,60,58,11,13,22,14,19,11,12,16,,,0,0,40,수원 KT 아레나,https://api.kbl.or.kr/match/S45G01N73,https://api.kbl.or.kr/match/S45G01N73/team-record,1544.6051414006556,1525.0129780511752,19.592163349480415,0.6193880531719109,1552.2173803372175,1517.4007391146133
S45G01N74,2024-2025,45,74,2024-12-08,1400,66,고양 소노,55,서울 SK,81,92,21,21,23,16,17,22,29,24,,,0,0,40,고양 소노 아레나,https://api.kbl.or.kr/match/S45G01N74,https://api.kbl.or.kr/match/S45G01N74/team-record,1427.0557250018974,1595.9252807297087,-168.8695557278113,0.3548194282452338,1419.9593364369928,1603.0216692946133
S45G01N75,2024-2025,45,75,2024-12-08,1600,10,울산 현대모비스,70,안양 정관장,71,95,16,23,9,23,32,18,28,17,,,0,0,40,울산동천체육관,https://api.kbl.or.kr/match/S45G01N75,https://api.kbl.or.kr/match/S45G01N75/team-record,1554.846126056567,1430.0042375167804,124.84188853978662,0.7489119520701693,1539.8678870151637,1444.9824765581839
S45G01N76,2024-2025,45,76,2024-12-09,1900,64,대구 한국가스공사,50,창원 LG,85,78,25,22,12,26,20,18,18,22,,,0,0,40,대구체육관,https://api.kbl.or.kr/match/S45G01N76,https://api.kbl.or.kr/match/S45G01N76/team-record,1494.1860766630118,1510.7449973688147,-16.558920705802848,0.5692640840314209,1502.8007949823834,1502.130279049443
S45G01N77,2024-2025,45,77,2024-12-10,1900,60,부산 KCC,55,서울 SK,80,74,27,16,15,22,16,23,15,20,,,0,0,40,부산사직체육관,https://api.kbl.or.kr/match/S45G01N77,https://api.kbl.or.kr/match/S45G01N77/team-record,1517.4007391146133,1603.0216692946133,-85.62093017999996,0.4703588927613341,1527.9935612593865,1592.42884714984
S45G01N78,2024-2025,45,78,2024-12-11,1900,70,안양 정관장,35,서울 삼성,73,80,22,23,9,19,19,24,19,18,,,0,0,40,안양 정관장 아레나,https://api.kbl.or.kr/match/S45G01N78,https://api.kbl.or.kr/match/S45G01N78/team-record,1444.9824765581839,1387.1563341577967,57.8261424003872,0.6697476877905928,1431.587522802372,1400.5512879136086
S45G01N79,2024-2025,45,79,2024-12-12,1900,64,대구 한국가스공사,60,부산 KCC,78,100,19,27,8,24,27,30,27,16,,,0,0,40,대구체육관,https://api.kbl.or.kr/match/S45G01N79,https://api.kbl.or.kr/match/S45G01N79/team-record,1502.8007949823834,1527.9935612593865,-25.192766277003102,0.5570378481948404,1491.6600380184866,1539.1343182232833
S45G01N80,2024-2025,45,80,2024-12-12,1900,10,울산 현대모비스,16,원주 DB,87,84,22,26,20,19,28,15,21,20,,,0,0,40,울산동천체육관,https://api.kbl.or.kr/match/S45G01N80,https://api.kbl.or.kr/match/S45G01N80/team-record,1539.8678870151637,1530.4631030535927,9.404783961570956,0.6054696495877412,1547.7584940234087,1522.5724960453476
S45G01N81,2024-2025,45,81,2024-12-13,1900,66,고양 소노,35,서울 삼성,73,82,21,19,16,17,18,19,18,27,,,0,0,40,고양 소노 아레나,https://api.kbl.or.kr/match/S45G01N81,https://api.kbl.or.kr/match/S45G01N81/team-record,1419.9593364369928,1400.5512879136086,19.408048523384196,0.6191381656240115,1407.5765731245126,1412.9340512260887
S45G01N82,2024-2025,45,82,2024-12-13,1900,70,안양 정관장,50,창원 LG,68,79,26,7,16,19,16,22,18,23,,,0,0,40,안양 정관장 아레나,https://api.kbl.or.kr/match/S45G01N82,https://api.kbl.or.kr/match/S45G01N82/team-record,1431.587522802372,1502.130279049443,-70.54275624707111,0.4920240091991732,1421.7470426183884,1511.9707592334266
S45G01N83,2024-2025,45,83,2024-12-14,1400,60,부산 KCC,16,원주 DB,88,92,25,18,21,24,29,17,31,15,,,0,0,40,부산사직체육관,https://api.kbl.or.kr/match/S45G01N83,https://api.kbl.or.kr/match/S45G01N83/team-record,1539.1343182232833,1522.5724960453476,16.56182217793571,0.6152672028716438,1526.8289741658505,1534.8778401027805
S45G01N84,2024-2025,45,84,2024-12-14,1400,06,수원 KT,64,대구 한국가스공사,83,87,22,19,17,25,24,18,14,31,,,0,0,40,수원 KT 아레나,https://api.kbl.or.kr/match/S45G01N84,https://api.kbl.or.kr/match/S45G01N84/team-record,1552.2173803372175,1491.6600380184866,60.55734231873089,0.6732158536826561,1538.7530632635644,1505.1243550921397
S45G01N85,2024-2025,45,85,2024-12-14,1600,55,서울 SK,10,울산 현대모비스,89,90,26,22,21,20,22,25,22,21,,,0,0,40,잠실학생체육관,https://api.kbl.or.kr/match/S45G01N85,https://api.kbl.or.kr/match/S45G01N85/team-record,1592.42884714984,1547.7584940234087,44.67035312643134,0.6527871894564933,1579.3731033607103,1560.8142378125385
S45G01N86,2024-2025,45,86,2024-12-15,1400,60,부산 KCC,50,창원 LG,52,74,15,14,13,10,25,16,17,16,,,0,0,40,부산사직체육관,https://api.kbl.or.kr/match/S45G01N86,https://api.kbl.or.kr/match/S45G01N86/team-record,1526.8289741658505,1511.9707592334266,14.858214932423834,0.6129432042319499,1514.5701100812114,1524.2296233180657
S45G01N87,2024-2025,45,87,2024-12-15,1400,70,안양 정관장,66,고양 소노,79,78,21,20,25,13,31,19,18,10,,,0,0,40,안양 정관장 아레나,https://api.kbl.or.kr/match/S45G01N87,https://api.kbl.or.kr/match/S45G01N87/team-record,1421.7470426183884,1407.5765731245126,14.170469493875771,0.6120035414759823,1429.5069717888687,1399.8166439540323
S45G01N88,2024-2025,45,88,2024-12-15,1600,55,서울 SK,35,서울 삼성,84,88,22,24,18,20,24,27,13,24,,,0,0,40,잠실학생체육관,https://api.kbl.or.kr/match/S45G01N88,https://api.kbl.or.kr/match/S45G01N88/team-record,1579.3731033607103,1412.9340512260887,166.43905213462153,0.7912159175063772,1563.5487850105828,1428.7583695762162
S45G01N89,2024-2025,45,89,2024-12-16,1900,16,원주 DB,06,수원 KT,72,66,26,19,7,20,19,13,23,11,,,0,0,40,원주종합체육관,https://api.kbl.or.kr/match/S45G01N89,https://api.kbl.or.kr/match/S45G01N89/team-record,1534.8778401027805,1538.7530632635644,-3.8752231607838894,0.5870691573113361,1543.1364569565537,1530.4944464097912
S45G01N90,2024-2025,45,90,2024-12-17,1900,50,창원 LG,35,서울 삼성,90,76,27,21,25,17,21,15,16,24,,,0,0,40,창원체육관,https://api.kbl.or.kr/match/S45G01N90,https://api.kbl.or.kr/match/S45G01N90/team-record,1524.2296233180657,1428.7583695762162,95.47125374184952,0.7158049248465448,1529.9135248211348,1423.074468073147
S45G01N91,2024-2025,45,91,2024-12-18,1900,66,고양 소노,06,수원 KT,75,58,19,28,14,14,9,16,13,20,,,0,0,40,고양 소노 아레나,https://api.kbl.or.kr/match/S45G01N91,https://api.kbl.or.kr/match/S45G01N91/team-record,1399.8166439540323,1530.4944464097912,-130.67780245575887,0.40659203415607825,1411.6848032709108,1518.6262870929127
S45G01N92,2024-2025,45,92,2024-12-19,1900,10,울산 현대모비스,35,서울 삼성,81,79,20,26,18,17,24,23,15,17,,,0,0,40,울산동천체육관,https://api.kbl.or.kr/match/S45G01N92,https://api.kbl.or.kr/match/S45G01N92/team-record,1560.8142378125385,1423.074468073147,137.73976973939148,0.7626138971061502,1565.5619598704154,1418.3267460152701
S45G01N93,2024-2025,45,93,2024-12-19,1900,16,원주 DB,70,안양 정관장,74,57,20,23,14,17,14,21,8,14,,,0,0,40,원주종합체육관,https://api.kbl.or.kr/match/S45G01N93,https://api.kbl.or.kr/match/S45G01N93/team-record,1543.1364569565537,1429.5069717888687,113.62948516768506,0.7365811329386104,1548.4048342977815,1424.238594447641
S45G01N94,2024-2025,45,94,2024-12-20,1900,50,창원 LG,60,부산 KCC,86,74,25,19,22,20,28,12,22,12,,,0,0,40,창원체육관,https://api.kbl.or.kr/match/S45G01N94,https://api.kbl.or.kr/match/S45G01N94/team-record,1529.9135248211348,1514.5701100812114,15.343414739923446,0.6136056250732653,1537.6414123196696,1506.8422225826766
S45G01N95,2024-2025,45,95,2024-12-20,1900,06,수원 KT,64,대구 한국가스공사,88,86,25,14,24,13,18,17,19,22,12,10,1,1,45,수원 KT 아레나,https://api.kbl.or.kr/match/S45G01N95,https://api.kbl.or.kr/match/S45G01N95/team-record,1518.6262870929127,1505.1243550921397,13.501932000772968,0.6110893232751599,1526.4045006274096,1497.3461415576428
S45G01N96,2024-2025,45,96,2024-12-21,1400,66,고양 소노,35,서울 삼성,81,61,27,17,20,17,17,18,10,16,,,0,0,40,고양 소노 아레나,https://api.kbl.or.kr/match/S45G01N96,https://api.kbl.or.kr/match/S45G01N96/team-record,1411.6848032709108,1418.3267460152701,-6.641942744359312,0.5832029877816497,1420.020743515278,1409.990805770903
S45G01N97,2024-2025,45,97,2024-12-21,1400,70,안양 정관장,55,서울 SK,73,77,20,23,22,8,18,21,22,16,,,0,0,40,안양 정관장 아레나,https://api.kbl.or.kr/match/S45G01N97,https://api.kbl.or.kr/match/S45G01N97/team-record,1424.238594447641,1563.5487850105828,-139.3101905629419,0.3946604315284886,1416.3453858170712,1571.4419936411525
S45G01N98,2024-2025,45,98,2024-12-21,1600,16,원주 DB,10,울산 현대모비스,95,72,33,15,26,21,16,22,10,24,,,0,0,40,원주종합체육관,https://api.kbl.or.kr/match/S45G01N98,https://api.kbl.or.kr/match/S45G01N98/team-record,1548.4048342977815,1565.5619598704154,-17.15712557263396,0.5684195178680006,1557.0364439404213,1556.9303502277755
S45G01N100,2024-2025,45,100,2024-12-22,1400,70,안양 정관장,50,창원 LG,60,69,16,14,22,8,23,18,15,13,,,0,0,40,안양 정관장 아레나,https://api.kbl.or.kr/match/S45G01N100,https://api.kbl.or.kr/match/S45G01N100/team-record,1416.3453858170712,1537.6414123196696,-121.29602650259835,0.4196851585813056,1407.951682645445,1546.0351154912958
S45G01N99,2024-2025,45,99,2024-12-22,1400,60,부산 KCC,64,대구 한국가스공사,71,97,10,18,15,28,21,23,28,25,,,0,0,40,부산사직체육관,https://api.kbl.or.kr/match/S45G01N99,https://api.kbl.or.kr/match/S45G01N99/team-record,1506.8422225826766,1497.3461415576428,9.496081025033845,0.6055951835453048,1494.7303189117706,1509.4580452285488
S45G01N101,2024-2025,45,101,2024-12-22,1600,16,원주 DB,06,수원 KT,77,81,27,19,13,18,19,28,16,18,,,0,0,40,원주종합체육관,https://api.kbl.or.kr/match/S45G01N101,https://api.kbl.or.kr/match/S45G01N101/team-record,1557.0364439404213,1526.4045006274096,30.63194331301179,0.6342519855201826,1544.3514042300178,1539.089540337813
S45G01N102,2024-2025,45,102,2024-12-24,1900,06,수원 KT,10,울산 현대모비스,91,78,20,17,29,25,12,24,20,22,,,0,0,40,수원 KT 아레나,https://api.kbl.or.kr/match/S45G01N102,https://api.kbl.or.kr/match/S45G01N102/team-record,1539.089540337813,1556.9303502277755,-17.84080988996243,0.5674537817112464,1547.7404647035883,1548.2794258620004
S45G01N103,2024-2025,45,103,2024-12-25,1400,60,부산 KCC,70,안양 정관장,94,68,21,27,25,21,19,9,14,26,,,0,0,40,부산사직체육관,https://api.kbl.or.kr/match/S45G01N103,https://api.kbl.or.kr/match/S45G01N103/team-record,1494.7303189117706,1407.951682645445,86.77863626632552,0.7055166826078656,1500.6199852596133,1402.0620162976024
S45G01N104,2024-2025,45,104,2024-12-25,1400,66,고양 소노,16,원주 DB,87,81,28,20,22,17,17,13,21,30,,,0,0,40,고양 소노 아레나,https://api.kbl.or.kr/match/S45G01N104,https://api.kbl.or.kr/match/S45G01N104/team-record,1420.020743515278,1544.3514042300178,-124.3306607147399,0.4154367192631213,1431.7120091300155,1532.6601386152802
S45G01N105,2024-2025,45,105,2024-12-25,1600,55,서울 SK,35,서울 삼성,63,60,8,24,13,18,12,19,14,15,,,0,0,40,잠실학생체육관,https://api.kbl.or.kr/match/S45G01N105,https://api.kbl.or.kr/match/S45G01N105/team-record,1571.4419936411525,1409.990805770903,161.45118787024944,0.7864331500084183,1575.7133306409842,1405.7194687710714
S45G01N106,2024-2025,45,106,2024-12-26,1900,64,대구 한국가스공사,50,창원 LG,54,85,20,12,11,11,23,17,27,18,,,0,0,40,대구체육관,https://api.kbl.or.kr/match/S45G01N106,https://api.kbl.or.kr/match/S45G01N106/team-record,1509.4580452285488,1546.0351154912958,-36.57707026274693,0.5408128776653702,1498.6417876752414,1556.8513730446032
S45G01N107,2024-2025,45,107,2024-12-27,1900,60,부산 KCC,10,울산 현대모비스,79,95,16,32,20,11,29,17,31,18,,,0,0,40,부산사직체육관,https://api.kbl.or.kr/match/S45G01N107,https://api.kbl.or.kr/match/S45G01N107/team-record,1500.6199852596133,1548.2794258620004,-47.65944060238712,0.5249343703966729,1490.1212978516799,1558.7781132699338
S45G01N108,2024-2025,45,108,2024-12-27,1900,16,원주 DB,55,서울 SK,80,75,29,19,17,15,17,19,23,16,,,0,0,40,원주종합체육관,https://api.kbl.or.kr/match/S45G01N108,https://api.kbl.or.kr/match/S45G01N108/team-record,1532.6601386152802,1575.7133306409842,-43.05319202570399,0.5315420537233267,1542.0292975408136,1566.3441717154508
S45G01N109,2024-2025,45,109,2024-12-28,1400,50,창원 LG,06,수원 KT,74,72,19,22,13,20,19,17,19,17,,,0,0,40,창원체육관,https://api.kbl.or.kr/match/S45G01N109,https://api.kbl.or.kr/match/S45G01N109/team-record,1556.8513730446032,1547.7404647035883,9.11090834101492,0.6050654745908659,1564.7500635527858,1539.8417741954056
S45G01N110,2024-2025,45,110,2024-12-28,1400,64,대구 한국가스공사,66,고양 소노,76,73,18,22,22,14,14,20,13,26,,,0,0,40,대구체육관,https://api.kbl.or.kr/match/S45G01N110,https://api.kbl.or.kr/match/S45G01N110/team-record,1498.6417876752414,1431.7120091300155,66.92977854522587,0.6812340619603499,1505.0171064360345,1425.3366903692224
S45G01N111,2024-2025,45,111,2024-12-28,1600,70,안양 정관장,35,서울 삼성,78,100,19,17,25,17,35,28,22,15,,,0,0,40,안양 정관장 아레나,https://api.kbl.or.kr/match/S45G01N111,https://api.kbl.or.kr/match/S45G01N111/team-record,1402.0620162976024,1405.7194687710714,-3.657452473468993,0.5873730178120653,1390.314555941361,1417.4669291273128
S45G01N112,2024-2025,45,112,2024-12-29,1400,50,창원 LG,16,원주 DB,94,60,22,19,26,27,18,13,17,12,,,0,0,40,창원체육관,https://api.kbl.or.kr/match/S45G01N112,https://api.kbl.or.kr/match/S45G01N112/team-record,1564.7500635527858,1542.0292975408136,22.720766011972273,0.623624549586141,1572.277572561063,1534.5017885325365
S45G01N113,2024-2025,45,113,2024-12-29,1400,10,울산 현대모비스,66,고양 소노,84,67,27,19,21,17,25,21,14,7,,,0,0,40,울산동천체육관,https://api.kbl.or.kr/match/S45G01N113,https://api.kbl.or.kr/match/S45G01N113/team-record,1558.7781132699338,1425.3366903692224,133.44142290071136,0.7581054593228931,1563.616004083476,1420.4987995556803
S45G01N114,2024-2025,45,114,2024-12-29,1600,60,부산 KCC,55,서울 SK,86,96,19,29,14,19,28,14,22,17,5,15,1,1,45,부산사직체육관,https://api.kbl.or.kr/match/S45G01N114,https://api.kbl.or.kr/match/S45G01N114/team-record,1490.1212978516799,1566.3441717154508,-76.22287386377093,0.48385460130497865,1480.4442058255802,1576.0212637415505
S45G01N115,2024-2025,45,115,2024-12-31,2200,10,울산 현대모비스,64,대구 한국가스공사,88,81,28,20,18,22,18,25,16,22,,,0,0,40,울산동천체육관,https://api.kbl.or.kr/match/S45G01N115,https://api.kbl.or.kr/match/S45G01N115/team-record,1563.616004083476,1505.0171064360345,58.59889764744139,0.6707308523716182,1570.2013870360436,1498.4317234834668
S45G01N116,2024-2025,45,116,2025-01-01,1400,06,수원 KT,60,부산 KCC,86,68,24,18,21,23,21,25,15,7,,,0,0,40,수원 KT 아레나,https://api.kbl.or.kr/match/S45G01N116,https://api.kbl.or.kr/match/S45G01N116/team-record,1539.8417741954056,1480.4442058255802,59.39756836982542,0.6717454206038322,1546.406865783329,1473.8791142376567
S45G01N117,2024-2025,45,117,2025-01-01,1400,50,창원 LG,55,서울 SK,74,77,22,18,21,13,15,18,30,14,,,0,0,40,창원체육관,https://api.kbl.or.kr/match/S45G01N117,https://api.kbl.or.kr/match/S45G01N117/team-record,1572.277572561063,1576.0212637415505,-3.743691180487531,0.5872526948876604,1560.5325186633097,1587.7663176393037
S45G01N118,2024-2025,45,118,2025-01-01,1600,70,안양 정관장,66,고양 소노,59,62,12,16,23,8,12,19,22,9,,,0,0,40,안양 정관장 아레나,https://api.kbl.or.kr/match/S45G01N118,https://api.kbl.or.kr/match/S45G01N118/team-record,1390.314555941361,1420.4987995556803,-30.184243614319257,0.5499368640922082,1379.315818659517,1431.4975368375244
S45G01N119,2024-2025,45,119,2025-01-02,1900,35,서울 삼성,16,원주 DB,79,80,29,18,13,19,23,21,12,24,,,0,0,40,잠실실내체육관,https://api.kbl.or.kr/match/S45G01N119,https://api.kbl.or.kr/match/S45G01N119/team-record,1417.4669291273128,1534.5017885325365,-117.03485940522364,0.4256707375493305,1408.9535143763262,1543.015203283523
S45G01N120,2024-2025,45,120,2025-01-03,1900,06,수원 KT,70,안양 정관장,80,64,12,23,21,24,24,16,14,10,,,0,0,40,수원 KT 아레나,https://api.kbl.or.kr/match/S45G01N120,https://api.kbl.or.kr/match/S45G01N120/team-record,1546.406865783329,1379.315818659517,167.09104712381213,0.7918352408191656,1550.5701609669457,1375.1525234759004
S45G01N121,2024-2025,45,121,2025-01-03,1900,55,서울 SK,66,고양 소노,78,70,16,24,25,13,16,25,12,17,,,0,0,40,잠실학생체육관,https://api.kbl.or.kr/match/S45G01N121,https://api.kbl.or.kr/match/S45G01N121/team-record,1587.7663176393037,1431.4975368375244,156.26878080177926,0.7813798234017629,1592.1387211712683,1427.1251333055598
S45G01N122,2024-2025,45,122,2025-01-04,1400,10,울산 현대모비스,50,창원 LG,85,64,24,21,20,20,15,22,12,15,,,0,0,40,울산동천체육관,https://api.kbl.or.kr/match/S45G01N122,https://api.kbl.or.kr/match/S45G01N122/team-record,1570.2013870360436,1560.5325186633097,9.668868372733868,0.6058327289375958,1578.0847324572917,1552.6491732420616
S45G01N123,2024-2025,45,123,2025-01-04,1400,35,서울 삼성,64,대구 한국가스공사,77,114,23,19,16,19,25,31,32,26,,,0,0,40,잠실실내체육관,https://api.kbl.or.kr/match/S45G01N123,https://api.kbl.or.kr/match/S45G01N123/team-record,1408.9535143763262,1498.4317234834668,-89.47820910714063,0.46483119595438216,1399.6568904572387,1507.7283474025544
S45G01N124,2024-2025,45,124,2025-01-04,1600,60,부산 KCC,16,원주 DB,86,88,18,25,21,22,30,17,16,25,,,0,0,40,부산사직체육관,https://api.kbl.or.kr/match/S45G01N124,https://api.kbl.or.kr/match/S45G01N124/team-record,1473.8791142376567,1543.015203283523,-69.13608904586636,0.4940479705585349,1463.998154826486,1552.8961626946939
S45G01N125,2024-2025,45,125,2025-01-05,1400,50,창원 LG,66,고양 소노,67,64,15,21,15,16,17,14,11,22,,,0,0,40,창원체육관,https://api.kbl.or.kr/match/S45G01N125,https://api.kbl.or.kr/match/S45G01N125/team-record,1552.6491732420616,1427.1251333055598,125.52403993650182,0.749649632789904,1557.6561805862634,1422.118125961358
S45G01N126,2024-2025,45,126,2025-01-05,1400,55,서울 SK,06,수원 KT,67,63,15,17,15,20,20,12,16,15,,,0,0,40,잠실학생체육관,https://api.kbl.or.kr/match/S45G01N126,https://api.kbl.or.kr/match/S45G01N126/team-record,1592.1387211712683,1550.5701609669457,41.568560204322694,0.6487292020368437,1599.1641371305316,1543.5447450076824
S45G01N127,2024-2025,45,127,2025-01-05,1600,70,안양 정관장,64,대구 한국가스공사,77,84,17,20,20,20,15,23,21,25,,,0,0,40,안양 정관장 아레나,https://api.kbl.or.kr/match/S45G01N127,https://api.kbl.or.kr/match/S45G01N127/team-record,1375.1525234759004,1507.7283474025544,-132.57582392665404,0.4039586043885555,1367.0733513881291,1515.8075194903256
S45G01N128,2024-2025,45,128,2025-01-06,1900,35,서울 삼성,60,부산 KCC,86,72,21,16,28,21,21,16,16,19,,,0,0,40,잠실실내체육관,https://api.kbl.or.kr/match/S45G01N128,https://api.kbl.or.kr/match/S45G01N128/team-record,1399.6568904572387,1463.998154826486,-64.34126436924726,0.5009479956412984,1409.6379305444127,1454.0171147393119
S45G01N129,2024-2025,45,129,2025-01-07,1900,55,서울 SK,64,대구 한국가스공사,63,55,21,12,15,15,20,12,10,13,,,0,0,40,잠실학생체육관,https://api.kbl.or.kr/match/S45G01N129,https://api.kbl.or.kr/match/S45G01N129/team-record,1599.1641371305316,1515.8075194903256,83.35661764020597,0.701407516250178,1605.135986805528,1509.835669815329
S45G01N130,2024-2025,45,130,2025-01-08,1900,10,울산 현대모비스,70,안양 정관장,92,77,29,22,27,14,22,20,23,12,,,0,0,40,울산동천체육관,https://api.kbl.or.kr/match/S45G01N130,https://api.kbl.or.kr/match/S45G01N130/team-record,1578.0847324572917,1367.0733513881291,211.01138106916255,0.8304541360269653,1581.4756497367523,1363.6824341086685
S45G01N131,2024-2025,45,131,2025-01-09,1900,35,서울 삼성,50,창원 LG,92,88,23,22,19,28,28,21,15,24,,,0,0,40,잠실실내체육관,https://api.kbl.or.kr/match/S45G01N131,https://api.kbl.or.kr/match/S45G01N131/team-record,1409.6379305444127,1557.6561805862634,-148.0182500418507,0.3827501491238375,1421.9829275619359,1545.3111835687403
S45G01N132,2024-2025,45,132,2025-01-09,1900,66,고양 소노,60,부산 KCC,68,93,21,13,17,17,27,31,22,13,,,0,0,40,고양 소노 아레나,https://api.kbl.or.kr/match/S45G01N132,https://api.kbl.or.kr/match/S45G01N132/team-record,1422.118125961358,1454.0171147393119,-31.898988777953946,0.5474925773281923,1411.168274414794,1464.9669662858757
S45G01N133,2024-2025,45,133,2025-01-10,1900,55,서울 SK,10,울산 현대모비스,76,70,14,23,23,16,21,16,20,13,,,0,0,40,잠실학생체육관,https://api.kbl.or.kr/match/S45G01N133,https://api.kbl.or.kr/match/S45G01N133/team-record,1605.135986805528,1581.4756497367523,23.66033706877579,0.6248931897973886,1612.6381230095803,1573.9735135327
S45G01N134,2024-2025,45,134,2025-01-10,1900,64,대구 한국가스공사,16,원주 DB,84,61,17,22,17,28,12,17,17,15,,,0,0,40,대구체육관,https://api.kbl.or.kr/match/S45G01N134,https://api.kbl.or.kr/match/S45G01N134/team-record,1509.835669815329,1552.8961626946939,-43.0604928793648,0.5315315887492545,1519.2050380403439,1543.5267944696789
S45G01N135,2024-2025,45,135,2025-01-11,1400,06,수원 KT,35,서울 삼성,63,78,20,18,9,16,19,21,19,19,,,0,0,40,수원 KT 아레나,https://api.kbl.or.kr/match/S45G01N135,https://api.kbl.or.kr/match/S45G01N135/team-record,1543.5447450076824,1421.9829275619359,121.56181744574656,0.7453447416600874,1528.6378501744807,1436.8898223951376
S45G01N136,2024-2025,45,136,2025-01-11,1400,70,안양 정관장,50,창원 LG,82,86,25,18,17,22,21,27,25,13,,,0,0,40,안양 정관장 아레나,https://api.kbl.or.kr/match/S45G01N136,https://api.kbl.or.kr/match/S45G01N136/team-record,1363.6824341086685,1545.3111835687403,-181.62874946007173,0.3381903554560675,1356.918626999547,1552.0749906778617
S45G01N137,2024-2025,45,137,2025-01-11,1600,66,고양 소노,60,부산 KCC,70,73,16,15,23,16,26,17,16,14,,,0,0,40,고양 소노 아레나,https://api.kbl.or.kr/match/S45G01N137,https://api.kbl.or.kr/match/S45G01N137/team-record,1411.168274414794,1464.9669662858757,-53.7986918710817,0.5161143954063461,1400.845986506667,1475.2892541940028
S45G01N138,2024-2025,45,138,2025-01-12,1400,16,원주 DB,10,울산 현대모비스,69,94,21,18,18,12,24,27,24,19,,,0,0,40,원주종합체육관,https://api.kbl.or.kr/match/S45G01N138,https://api.kbl.or.kr/match/S45G01N138/team-record,1543.5267944696789,1573.9735135327,-30.44671906302119,0.5495628712024913,1532.535537045629,1584.9647709567498
S45G01N139,2024-2025,45,139,2025-01-12,1400,70,안양 정관장,64,대구 한국가스공사,74,67,13,17,21,23,18,19,15,15,,,0,0,40,안양 정관장 아레나,https://api.kbl.or.kr/match/S45G01N139,https://api.kbl.or.kr/match/S45G01N139/team-record,1356.918626999547,1519.2050380403439,-162.2864110407968,0.3635415365010174,1369.6477962695267,1506.4758687703643
S45G01N140,2024-2025,45,140,2025-01-12,1600,66,고양 소노,55,서울 SK,57,84,21,16,10,10,26,18,21,19,,,0,0,40,고양 소노 아레나,https://api.kbl.or.kr/match/S45G01N140,https://api.kbl.or.kr/match/S45G01N140/team-record,1400.845986506667,1612.6381230095803,-211.7921365029133,0.3004820443979211,1394.8363456187087,1618.6477638975387
S45G01N141,2024-2025,45,141,2025-01-13,1900,60,부산 KCC,35,서울 삼성,69,81,11,15,21,22,23,21,24,13,,,0,0,40,부산사직체육관,https://api.kbl.or.kr/match/S45G01N141,https://api.kbl.or.kr/match/S45G01N141/team-record,1475.2892541940028,1436.8898223951376,38.39943179886518,0.6445608066391536,1462.3980380612197,1449.7810385279206
S45G01N142,2024-2025,45,142,2025-01-13,1900,06,수원 KT,50,창원 LG,70,78,23,13,20,14,23,22,15,18,,,0,0,40,수원 KT 아레나,https://api.kbl.or.kr/match/S45G01N142,https://api.kbl.or.kr/match/S45G01N142/team-record,1528.6378501744807,1552.0749906778617,-23.437140503380988,0.5595300603227544,1517.4472489680256,1563.2655918843168
S45G01N143,2024-2025,45,143,2025-01-14,1900,16,원주 DB,64,대구 한국가스공사,80,68,25,19,23,13,17,26,11,14,,,0,0,40,원주종합체육관,https://api.kbl.or.kr/match/S45G01N143,https://api.kbl.or.kr/match/S45G01N143/team-record,1532.535537045629,1506.4758687703643,26.059668275264812,0.6281250401557659,1539.9730362425137,1499.0383695734797
S45G01N144,2024-2025,45,144,2025-01-14,1900,55,서울 SK,70,안양 정관장,84,69,19,13,30,22,19,18,13,19,,,0,0,40,잠실학생체육관,https://api.kbl.or.kr/match/S45G01N144,https://api.kbl.or.kr/match/S45G01N144/team-record,1618.6477638975387,1369.6477962695267,248.99996762801197,0.8590629798148018,1621.4665043012426,1366.8290558658227
S45G01N145,2024-2025,45,145,2025-01-15,1900,50,창원 LG,35,서울 삼성,84,79,22,17,14,31,11,25,24,19,,,0,0,40,창원체육관,https://api.kbl.or.kr/match/S45G01N145,https://api.kbl.or.kr/match/S45G01N145/team-record,1563.2655918843168,1449.7810385279206,113.48455335639619,0.7364192233427105,1568.5372074174625,1444.509422994775
S45G01N146,2024-2025,45,146,2025-01-15,1900,66,고양 소노,10,울산 현대모비스,84,81,15,22,25,22,19,25,13,24,,,0,0,40,고양 소노 아레나,https://api.kbl.or.kr/match/S45G01N146,https://api.kbl.or.kr/match/S45G01N146/team-record,1394.8363456187087,1584.9647709567498,-190.1284253380411,0.32732755904760724,1408.2897944377567,1571.5113221377019
S45G01N147,2024-2025,45,147,2025-01-16,1900,55,서울 SK,16,원주 DB,74,65,26,14,13,21,13,17,7,28,,,0,0,40,잠실학생체육관,https://api.kbl.or.kr/match/S45G01N147,https://api.kbl.or.kr/match/S45G01N147/team-record,1621.4665043012426,1539.9730362425137,81.49346805872892,0.6991564530880094,1627.4833752394825,1533.9561653042738
S45G01N148,2024-2025,45,148,2025-01-16,1900,64,대구 한국가스공사,06,수원 KT,76,74,15,16,25,20,18,16,21,19,,,0,0,40,대구체육관,https://api.kbl.or.kr/match/S45G01N148,https://api.kbl.or.kr/match/S45G01N148/team-record,1499.0383695734797,1517.4472489680256,-18.40887939454592,0.5666509664737606,1507.7053502440044,1508.780268297501
S45G01N149,2024-2025,45,149,2025-01-22,1900,06,수원 KT,35,서울 삼성,74,65,26,17,21,10,18,17,17,13,,,0,0,40,수원 KT 아레나,https://api.kbl.or.kr/match/S45G01N149,https://api.kbl.or.kr/match/S45G01N149/team-record,1508.780268297501,1444.509422994775,64.270845302726,0.6779011081949428,1515.222246133602,1438.0674451586738
S45G01N150,2024-2025,45,150,2025-01-22,1900,70,안양 정관장,16,원주 DB,75,82,24,20,13,18,14,28,27,13,,,0,0,40,안양 정관장 아레나,https://api.kbl.or.kr/match/S45G01N150,https://api.kbl.or.kr/match/S45G01N150/team-record,1366.8290558658227,1533.9561653042738,-167.12710943845104,0.35711892609589146,1359.6866773439049,1541.0985438261916
S45G01N151,2024-2025,45,151,2025-01-23,1900,10,울산 현대모비스,55,서울 SK,71,83,18,14,19,20,22,15,26,20,,,0,0,40,울산동천체육관,https://api.kbl.or.kr/match/S45G01N151,https://api.kbl.or.kr/match/S45G01N151/team-record,1571.5113221377019,1627.4833752394825,-55.9720531017806,0.5129893366529483,1561.251535404643,1637.7431619725414
S45G01N152,2024-2025,45,152,2025-01-23,1900,50,창원 LG,66,고양 소노,67,62,11,25,13,18,20,11,18,13,,,0,0,40,창원체육관,https://api.kbl.or.kr/match/S45G01N152,https://api.kbl.or.kr/match/S45G01N152/team-record,1568.5372074174625,1408.2897944377567,160.2474129797058,0.7852669910597002,1572.8318675962685,1403.9951342589507
S45G01N153,2024-2025,45,153,2025-01-24,1900,06,수원 KT,70,안양 정관장,72,93,15,19,19,19,22,18,29,24,,,0,0,40,수원 KT 아레나,https://api.kbl.or.kr/match/S45G01N153,https://api.kbl.or.kr/match/S45G01N153/team-record,1515.222246133602,1359.6866773439049,155.5355687896972,0.7806579631295423,1499.6090868710112,1375.2998366064958
S45G01N154,2024-2025,45,154,2025-01-24,1900,16,원주 DB,35,서울 삼성,99,92,32,22,26,19,21,20,33,18,,,0,0,40,원주종합체육관,https://api.kbl.or.kr/match/S45G01N154,https://api.kbl.or.kr/match/S45G01N154/team-record,1541.0985438261916,1438.0674451586738,103.03109866751788,0.7245739703441662,1546.6070644193082,1432.5589245655572
S45G01N155,2024-2025,45,155,2025-01-25,1400,60,부산 KCC,55,서울 SK,89,72,30,21,20,18,20,24,9,19,,,0,0,40,부산사직체육관,https://api.kbl.or.kr/match/S45G01N155,https://api.kbl.or.kr/match/S45G01N155/team-record,1462.3980380612197,1637.7431619725414,-175.3451239113217,0.3463329352530902,1475.471379356158,1624.6698206776032
S45G01N156,2024-2025,45,156,2025-01-25,1400,50,창원 LG,10,울산 현대모비스,71,68,27,16,18,10,24,11,21,12,,,0,0,40,창원체육관,https://api.kbl.or.kr/match/S45G01N156,https://api.kbl.or.kr/match/S45G01N156/team-record,1572.8318675962685,1561.251535404643,11.58033219162553,0.6084572209206275,1580.662723177856,1553.4206798230555
S45G01N157,2024-2025,45,157,2025-01-25,1600,66,고양 소노,64,대구 한국가스공사,56,76,11,16,11,18,25,28,10,13,,,0,0,40,고양 소노 아레나,https://api.kbl.or.kr/match/S45G01N157,https://api.kbl.or.kr/match/S45G01N157/team-record,1403.9951342589507,1507.7053502440044,-103.71021598505376,0.4445208990009288,1395.104716278932,1516.595768224023
S45G01N158,2024-2025,45,158,2025-01-26,1400,10,울산 현대모비스,06,수원 KT,72,78,22,16,12,22,13,26,21,18,,,0,0,40,울산동천체육관,https://api.kbl.or.kr/match/S45G01N158,https://api.kbl.or.kr/match/S45G01N158/team-record,1553.4206798230555,1499.6090868710112,53.81159295204429,0.6646162721117314,1540.1283543808208,1512.9014123132458
S45G01N159,2024-2025,45,159,2025-01-26,1400,35,서울 삼성,70,안양 정관장,74,85,19,28,16,11,18,27,19,21,,,0,0,40,잠실실내체육관,https://api.kbl.or.kr/match/S45G01N159,https://api.kbl.or.kr/match/S45G01N159/team-record,1432.5589245655572,1375.2998366064958,57.25908795906139,0.6690252875784093,1419.178418813989,1388.6803423580639
S45G01N160,2024-2025,45,160,2025-01-26,1600,60,부산 KCC,16,원주 DB,96,87,28,23,21,24,30,24,20,13,,,0,0,40,부산사직체육관,https://api.kbl.or.kr/match/S45G01N160,https://api.kbl.or.kr/match/S45G01N160/team-record,1475.471379356158,1546.6070644193082,-71.13568506315028,0.4911709572259913,1485.647960211638,1536.4304835638281
S45G01N161,2024-2025,45,161,2025-01-28,1400,64,대구 한국가스공사,60,부산 KCC,81,87,21,19,24,17,23,22,24,18,,,0,0,40,대구체육관,https://api.kbl.or.kr/match/S45G01N161,https://api.kbl.or.kr/match/S45G01N161/team-record,1516.595768224023,1485.647960211638,30.94780801238494,0.6346736766657892,1503.9022946907073,1498.3414337449537
S45G01N162,2024-2025,45,162,2025-01-28,1600,66,고양 소노,70,안양 정관장,69,94,23,20,15,11,26,25,24,19,,,0,0,40,고양 소노 아레나,https://api.kbl.or.kr/match/S45G01N162,https://api.kbl.or.kr/match/S45G01N162/team-record,1395.104716278932,1388.6803423580639,6.42437392086822,0.6013640139128317,1383.0774360006753,1400.7076226363206
S45G01N163,2024-2025,45,163,2025-01-29,1400,35,서울 삼성,55,서울 SK,75,79,23,21,8,23,21,19,19,20,,,0,0,40,잠실실내체육관,https://api.kbl.or.kr/match/S45G01N163,https://api.kbl.or.kr/match/S45G01N163/team-record,1419.178418813989,1624.6698206776032,-205.4914018636141,0.308160440751407,1413.015209998961,1630.8330294926313
S45G01N164,2024-2025,45,164,2025-01-29,1600,16,원주 DB,06,수원 KT,69,71,12,25,19,13,27,21,19,4,,,0,0,40,원주종합체육관,https://api.kbl.or.kr/match/S45G01N164,https://api.kbl.or.kr/match/S45G01N164/team-record,1536.4304835638281,1512.9014123132458,23.52907125058232,0.6247160528913787,1523.9361625060005,1525.3957333710734
S45G01N165,2024-2025,45,165,2025-01-30,1400,50,창원 LG,64,대구 한국가스공사,69,67,17,21,17,14,23,21,11,12,,,0,0,40,창원체육관,https://api.kbl.or.kr/match/S45G01N165,https://api.kbl.or.kr/match/S45G01N165/team-record,1580.662723177856,1503.9022946907073,76.7604284871486,0.6933948034198877,1586.794827109458,1497.7701907591052
S45G01N166,2024-2025,45,166,2025-01-30,1600,10,울산 현대모비스,60,부산 KCC,97,80,22,23,25,27,21,20,17,22,,,0,0,40,울산동천체육관,https://api.kbl.or.kr/match/S45G01N166,https://api.kbl.or.kr/match/S45G01N166/team-record,1540.1283543808208,1498.3414337449537,41.78692063586709,0.6490155894293801,1547.1480425922332,1491.3217455335414
S45G01N167,2024-2025,45,167,2025-01-31,1900,06,수원 KT,66,고양 소노,78,73,14,20,22,22,23,24,16,10,,,0,0,40,수원 KT 아레나,https://api.kbl.or.kr/match/S45G01N167,https://api.kbl.or.kr/match/S45G01N167/team-record,1525.3957333710734,1383.0774360006753,142.3182973703981,0.7673521798143016,1530.0486897747874,1378.4244795969614
S45G01N168,2024-2025,45,168,2025-02-01,1400,16,원주 DB,50,창원 LG,61,76,23,17,12,9,26,20,15,15,,,0,0,40,원주종합체육관,https://api.kbl.or.kr/match/S45G01N168,https://api.kbl.or.kr/match/S45G01N168/team-record,1523.9361625060005,1586.794827109458,-62.858664603457555,0.5030815903332376,1513.8745306993358,1596.8564589161228
S45G01N169,2024-2025,45,169,2025-02-01,1400,64,대구 한국가스공사,55,서울 SK,75,80,13,26,22,14,20,23,22,15,,,0,0,40,대구체육관,https://api.kbl.or.kr/match/S45G01N169,https://api.kbl.or.kr/match/S45G01N169/team-record,1497.7701907591052,1630.8330294926313,-133.06283873352618,0.40328377506438756,1489.7045152578173,1638.8987049939192
S45G01N170,2024-2025,45,170,2025-02-01,1600,70,안양 정관장,10,울산 현대모비스,85,78,30,15,17,23,22,18,24,14,,,0,0,40,안양 정관장 아레나,https://api.kbl.or.kr/match/S45G01N170,https://api.kbl.or.kr/match/S45G01N170/team-record,1400.7076226363206,1547.1480425922332,-146.4404199559126,0.38489823703503234,1413.00965789562,1534.8460073329338
S45G01N171,2024-2025,45,171,2025-02-02,1400,60,부산 KCC,06,수원 KT,84,95,16,24,20,24,30,24,22,19,,,0,0,40,부산사직체육관,https://api.kbl.or.kr/match/S45G01N171,https://api.kbl.or.kr/match/S45G01N171/team-record,1491.3217455335414,1530.0486897747874,-38.726944241245974,0.5377380605420872,1480.5669843226997,1540.803450985629
S45G01N172,2024-2025,45,172,2025-02-02,1400,64,대구 한국가스공사,35,서울 삼성,72,69,17,13,18,24,15,19,21,14,,,0,0,40,대구체육관,https://api.kbl.or.kr/match/S45G01N172,https://api.kbl.or.kr/match/S45G01N172/team-record,1489.7045152578173,1413.015209998961,76.6893052588564,0.6933077548511477,1495.8383601607943,1406.881365095984
S45G01N173,2024-2025,45,173,2025-02-02,1600,66,고양 소노,16,원주 DB,86,82,22,28,19,17,12,17,27,26,,,0,0,40,고양 소노 아레나,https://api.kbl.or.kr/match/S45G01N173,https://api.kbl.or.kr/match/S45G01N173/team-record,1378.4244795969614,1513.8745306993358,-135.45005110237435,0.3999812836105322,1390.4248539247508,1501.8741563715464
S45G01N174,2024-2025,45,174,2025-02-03,1900,55,서울 SK,50,창원 LG,78,70,16,22,22,18,22,13,15,20,,,0,0,40,잠실학생체육관,https://api.kbl.or.kr/match/S45G01N174,https://api.kbl.or.kr/match/S45G01N174/team-record,1638.8987049939192,1596.8564589161228,42.042246077796335,0.6493503216811742,1645.9116985602957,1589.8434653497463
S45G01N175,2024-2025,45,175,2025-02-04,1900,60,부산 KCC,70,안양 정관장,86,91,21,19,26,20,27,22,22,20,,,0,0,40,부산사직체육관,https://api.kbl.or.kr/match/S45G01N175,https://api.kbl.or.kr/match/S45G01N175/team-record,1480.5669843226997,1413.00965789562,67.55732642707972,0.6820180079033376,1466.926624164633,1426.6500180536866
S45G01N176,2024-2025,45,176,2025-02-05,1900,35,서울 삼성,10,울산 현대모비스,68,77,19,22,16,11,22,21,22,12,,,0,0,40,잠실실내체육관,https://api.kbl.or.kr/match/S45G01N176,https://api.kbl.or.kr/match/S45G01N176/team-record,1406.881365095984,1534.8460073329338,-127.96464223694989,0.41036574460635894,1398.6740502038567,1543.053322225061
S45G01N177,2024-2025,45,177,2025-02-06,1900,50,창원 LG,60,부산 KCC,90,80,32,16,16,26,14,20,30,16,,,0,0,40,창원체육관,https://api.kbl.or.kr/match/S45G01N177,https://api.kbl.or.kr/match/S45G01N177/team-record,1589.8434653497463,1466.926624164633,122.9168411851133,0.7468224200364569,1594.9070169490171,1461.8630725653622
S45G01N178,2024-2025,45,178,2025-02-06,1900,55,서울 SK,06,수원 KT,80,75,24,19,19,18,20,19,16,20,,,0,0,40,잠실학생체육관,https://api.kbl.or.kr/match/S45G01N178,https://api.kbl.or.kr/match/S45G01N178/team-record,1645.9116985602957,1540.803450985629,105.10824757466662,0.7269537747130755,1651.372623066034,1535.3425264798907
S45G01N179,2024-2025,45,179,2025-02-07,1900,10,울산 현대모비스,64,대구 한국가스공사,85,94,22,22,15,26,25,28,20,21,,,0,0,40,울산동천체육관,https://api.kbl.or.kr/match/S45G01N179,https://api.kbl.or.kr/match/S45G01N179/team-record,1543.053322225061,1495.8383601607943,47.21496206426673,0.6560997626878697,1529.9313269713036,1508.9603554145517
S45G01N180,2024-2025,45,180,2025-02-07,1900,35,서울 삼성,66,고양 소노,77,63,28,15,22,12,9,16,28,10,,,0,0,40,잠실실내체육관,https://api.kbl.or.kr/match/S45G01N180,https://api.kbl.or.kr/match/S45G01N180/team-record,1398.6740502038567,1390.4248539247508,8.249196279105945,0.6038795123769409,1406.5964599563179,1382.5024441722896
S45G01N181,2024-2025,45,181,2025-02-08,1400,60,부산 KCC,50,창원 LG,78,83,22,27,18,11,26,20,19,18,,,0,0,40,부산사직체육관,https://api.kbl.or.kr/match/S45G01N181,https://api.kbl.or.kr/match/S45G01N181/team-record,1461.8630725653622,1594.9070169490171,-133.0439443836549,0.40330994910758944,1453.7968735832105,1602.9732159311689
S45G01N182,2024-2025,45,182,2025-02-08,1400,55,서울 SK,70,안양 정관장,85,81,20,19,24,11,20,21,19,14,11,7,1,1,45,잠실학생체육관,https://api.kbl.or.kr/match/S45G01N182,https://api.kbl.or.kr/match/S45G01N182/team-record,1651.372623066034,1426.6500180536866,224.72260501234746,0.8412792629919796,1654.5470378061946,1423.475603313526
S45G01N183,2024-2025,45,183,2025-02-08,1600,06,수원 KT,16,원주 DB,83,76,29,23,20,11,21,27,14,14,,,0,0,40,수원 KT 아레나,https://api.kbl.or.kr/match/S45G01N183,https://api.kbl.or.kr/match/S45G01N183/team-record,1535.3425264798907,1501.8741563715464,33.46837010834429,0.6380312780955285,1542.5819009179802,1494.634781933457
S45G01N184,2024-2025,45,184,2025-02-09,1400,64,대구 한국가스공사,10,울산 현대모비스,66,69,19,16,15,16,19,18,11,21,,,0,0,40,대구체육관,https://api.kbl.or.kr/match/S45G01N184,https://api.kbl.or.kr/match/S45G01N184/team-record,1508.9603554145517,1529.9313269713036,-20.97097155675192,0.5630258400557747,1497.6998386134362,1541.1918437724191
S45G01N185,2024-2025,45,185,2025-02-09,1400,35,서울 삼성,66,고양 소노,63,76,9,20,19,15,24,17,21,14,,,0,0,40,잠실실내체육관,https://api.kbl.or.kr/match/S45G01N185,https://api.kbl.or.kr/match/S45G01N185/team-record,1406.5964599563179,1382.5024441722896,24.094015784028215,0.6254781804579376,1394.0868963471592,1395.0120077814483
S45G01N186,2024-2025,45,186,2025-02-09,1600,06,수원 KT,55,서울 SK,74,85,14,21,22,17,20,24,21,20,,,0,0,40,수원 KT 아레나,https://api.kbl.or.kr/match/S45G01N186,https://api.kbl.or.kr/match/S45G01N186/team-record,1542.5819009179802,1654.5470378061946,-111.96513688821437,0.4328204213185209,1533.9254924916097,1663.203446232565
S45G01N187,2024-2025,45,187,2025-02-10,1900,70,안양 정관장,60,부산 KCC,76,67,21,19,18,18,14,19,22,12,,,0,0,40,안양 정관장 아레나,https://api.kbl.or.kr/match/S45G01N187,https://api.kbl.or.kr/match/S45G01N187/team-record,1423.475603313526,1453.7968735832105,-30.32127026968442,0.5497416261983806,1432.4807707895584,1444.7917061071782
S45G01N188,2024-2025,45,188,2025-02-11,1900,66,고양 소노,10,울산 현대모비스,80,101,18,24,14,24,30,22,25,24,,,0,0,40,고양 소노 아레나,https://api.kbl.or.kr/match/S45G01N188,https://api.kbl.or.kr/match/S45G01N188/team-record,1395.0120077814483,1541.1918437724191,-146.1798359909708,0.38525343558819025,1387.3069390696846,1548.8969124841828
S45G01N189,2024-2025,45,189,2025-02-12,1900,55,서울 SK,50,창원 LG,68,77,22,14,17,15,27,18,15,17,,,0,0,40,잠실학생체육관,https://api.kbl.or.kr/match/S45G01N189,https://api.kbl.or.kr/match/S45G01N189/team-record,1663.203446232565,1602.9732159311689,60.230230301396205,0.6728014638820322,1649.7474169549243,1616.4292452088096
S45G01N190,2024-2025,45,190,2025-02-13,1900,16,원주 DB,60,부산 KCC,88,75,23,27,10,28,20,16,21,18,,,0,0,40,원주종합체육관,https://api.kbl.or.kr/match/S45G01N190,https://api.kbl.or.kr/match/S45G01N190/team-record,1494.634781933457,1444.7917061071782,49.843075826278664,0.659505173727623,1501.4446784589045,1437.9818095817307
S45G01N191,2024-2025,45,191,2025-02-26,1900,60,부산 KCC,66,고양 소노,85,95,22,15,23,25,19,33,21,22,,,0,0,40,부산사직체육관,https://api.kbl.or.kr/match/S45G01N191,https://api.kbl.or.kr/match/S45G01N191/team-record,1437.9818095817307,1387.3069390696846,50.67487051204603,0.6605795791006346,1424.770217999718,1400.5185306516973
S45G01N192,2024-2025,45,192,2025-02-26,1900,70,안양 정관장,06,수원 KT,56,63,16,17,10,13,10,11,27,15,,,0,0,40,안양 정관장 아레나,https://api.kbl.or.kr/match/S45G01N192,https://api.kbl.or.kr/match/S45G01N192/team-record,1432.4807707895584,1533.9254924916097,-101.44472170205131,0.44774335316735087,1423.5259037262115,1542.8803595549566
S45G01N193,2024-2025,45,193,2025-02-27,1900,16,원주 DB,64,대구 한국가스공사,89,80,28,22,25,14,17,17,25,21,,,0,0,40,원주종합체육관,https://api.kbl.or.kr/match/S45G01N193,https://api.kbl.or.kr/match/S45G01N193/team-record,1501.4446784589045,1497.6998386134362,3.7448398454682774,0.5976606205221388,1509.4914660484617,1489.653051023879
S45G01N194,2024-2025,45,194,2025-02-27,1900,50,창원 LG,35,서울 삼성,74,62,17,22,17,18,21,10,5,26,,,0,0,40,창원체육관,https://api.kbl.or.kr/match/S45G01N194,https://api.kbl.or.kr/match/S45G01N194/team-record,1616.4292452088096,1394.0868963471592,222.3423488616504,0.8394411084754636,1619.6404230393002,1390.8757185166685
S45G01N195,2024-2025,45,195,2025-02-28,1900,60,부산 KCC,06,수원 KT,67,80,23,17,9,18,19,24,21,16,,,0,0,40,부산사직체육관,https://api.kbl.or.kr/match/S45G01N195,https://api.kbl.or.kr/match/S45G01N195/team-record,1424.770217999718,1542.8803595549566,-118.11014155523867,0.42415818064683963,1416.2870543867812,1551.3635231678934
S45G01N196,2024-2025,45,196,2025-02-28,1900,10,울산 현대모비스,55,서울 SK,77,80,20,18,16,23,21,28,13,18,,,0,0,40,울산동천체육관,https://api.kbl.or.kr/match/S45G01N196,https://api.kbl.or.kr/match/S45G01N196/team-record,1548.8969124841828,1649.7474169549243,-100.8505044707415,0.4485893100940519,1539.9251262823018,1658.7192031568054
S45G01N197,2024-2025,45,197,2025-03-01,1400,16,원주 DB,66,고양 소노,82,92,25,21,16,13,16,19,21,19,7,17,1,1,45,원주종합체육관,https://api.kbl.or.kr/match/S45G01N197,https://api.kbl.or.kr/match/S45G01N197/team-record,1509.4914660484617,1400.5185306516973,108.97293539676434,0.7313472483113651,1494.8645210822344,1415.1454756179246
S45G01N198,2024-2025,45,198,2025-03-01,1400,35,서울 삼성,64,대구 한국가스공사,63,66,15,20,12,16,20,21,17,8,,,0,0,40,잠실실내체육관,https://api.kbl.or.kr/match/S45G01N198,https://api.kbl.or.kr/match/S45G01N198/team-record,1390.8757185166685,1489.653051023879,-98.77733250721053,0.45154307895634227,1381.8448569375416,1498.6839126030059
S45G01N199,2024-2025,45,199,2025-03-01,1600,50,창원 LG,70,안양 정관장,55,70,10,11,16,18,16,17,17,20,,,0,0,40,창원체육관,https://api.kbl.or.kr/match/S45G01N199,https://api.kbl.or.kr/match/S45G01N199/team-record,1619.6404230393002,1423.5259037262115,196.11451931308875,0.818035779583554,1603.279707447629,1439.8866193178826
S45G01N200,2024-2025,45,200,2025-03-02,1400,55,서울 SK,60,부산 KCC,85,77,19,21,22,23,14,26,18,19,,,0,0,40,잠실학생체육관,https://api.kbl.or.kr/match/S45G01N200,https://api.kbl.or.kr/match/S45G01N200/team-record,1658.7192031568054,1416.2870543867812,242.43214877002424,0.8544230592187153,1661.630741972431,1413.3755155711556
S45G01N201,2024-2025,45,201,2025-03-02,1400,10,울산 현대모비스,06,수원 KT,56,62,20,13,10,13,22,10,18,12,,,0,0,40,울산동천체육관,https://api.kbl.or.kr/match/S45G01N201,https://api.kbl.or.kr/match/S45G01N201/team-record,1539.9251262823018,1551.3635231678934,-11.438396885591601,0.5764764509464598,1528.3955972633726,1562.8930521868226
S45G01N202,2024-2025,45,202,2025-03-02,1600,66,고양 소노,64,대구 한국가스공사,79,88,27,25,15,12,33,14,20,21,,,0,0,40,고양 소노 아레나,https://api.kbl.or.kr/match/S45G01N202,https://api.kbl.or.kr/match/S45G01N202/team-record,1415.1454756179246,1498.6839126030059,-83.53843698508126,0.47334633471490434,1405.6785489236265,1508.150839297304
S45G01N203,2024-2025,45,203,2025-03-03,1400,16,원주 DB,50,창원 LG,67,63,14,19,17,17,15,16,12,20,,,0,0,40,원주종합체육관,https://api.kbl.or.kr/match/S45G01N203,https://api.kbl.or.kr/match/S45G01N203/team-record,1494.8645210822344,1603.279707447629,-108.41518636539467,0.4378437062504909,1506.1076469572247,1592.0365815726389
S45G01N204,2024-2025,45,204,2025-03-03,1600,35,서울 삼성,70,안양 정관장,76,89,28,19,13,16,24,22,22,21,,,0,0,40,잠실실내체육관,https://api.kbl.or.kr/match/S45G01N204,https://api.kbl.or.kr/match/S45G01N204/team-record,1381.8448569375416,1439.8866193178826,-58.04176238034097,0.5100123702756924,1371.6446095320277,1450.0868667233965
S45G01N205,2024-2025,45,205,2025-03-04,1900,06,수원 KT,64,대구 한국가스공사,75,74,22,12,20,21,16,21,22,15,,,0,0,40,수원 KT 아레나,https://api.kbl.or.kr/match/S45G01N205,https://api.kbl.or.kr/match/S45G01N205/team-record,1562.8930521868226,1508.150839297304,54.74221288951867,0.6658093180070281,1569.576865826682,1501.4670256574445
S45G01N206,2024-2025,45,206,2025-03-05,1900,35,서울 삼성,55,서울 SK,66,75,24,22,3,17,15,16,25,19,,,0,0,40,잠실실내체육관,https://api.kbl.or.kr/match/S45G01N206,https://api.kbl.or.kr/match/S45G01N206/team-record,1371.6446095320277,1661.630741972431,-289.98613244040325,0.21498673507759983,1367.3448748304756,1665.930476673983
S45G01N207,2024-2025,45,207,2025-03-06,1900,10,울산 현대모비스,16,원주 DB,93,84,27,21,26,19,18,17,24,25,,,0,0,40,울산동천체육관,https://api.kbl.or.kr/match/S45G01N207,https://api.kbl.or.kr/match/S45G01N207/team-record,1528.3955972633726,1506.1076469572247,22.287950306147877,0.6230395753173088,1535.9348057570264,1498.5684384635708
S45G01N208,2024-2025,45,208,2025-03-07,1900,64,대구 한국가스공사,50,창원 LG,72,79,30,17,6,19,18,23,17,21,,,0,0,40,대구체육관,https://api.kbl.or.kr/match/S45G01N208,https://api.kbl.or.kr/match/S45G01N208/team-record,1501.4670256574445,1592.0365815726389,-90.56955591519431,0.46326874222242215,1492.2016508129961,1601.3019564170872
S45G01N209,2024-2025,45,209,2025-03-07,1900,66,고양 소노,55,서울 SK,56,71,19,15,12,10,12,15,16,28,,,0,0,40,고양 소노 아레나,https://api.kbl.or.kr/match/S45G01N209,https://api.kbl.or.kr/match/S45G01N209/team-record,1405.6785489236265,1665.930476673983,-260.2519277503566,0.2452774007476064,1400.7730009086745,1670.8360246889351
S45G01N210,2024-2025,45,210,2025-03-08,1400,16,원주 DB,35,서울 삼성,75,83,23,10,15,23,17,15,28,11,4,12,1,1,45,원주종합체육관,https://api.kbl.or.kr/match/S45G01N210,https://api.kbl.or.kr/match/S45G01N210/team-record,1498.5684384635708,1367.3448748304756,131.22356363309518,0.7557565139235177,1483.4533081851005,1382.460005108946
S45G01N211,2024-2025,45,211,2025-03-08,1600,70,안양 정관장,10,울산 현대모비스,74,81,22,22,19,11,25,20,19,17,,,0,0,40,안양 정관장 아레나,https://api.kbl.or.kr/match/S45G01N211,https://api.kbl.or.kr/match/S45G01N211/team-record,1450.0868667233965,1535.9348057570264,-85.84793903362993,0.47003336153548264,1440.686199492687,1545.335472987736
S45G01N212,2024-2025,45,212,2025-03-09,1400,55,서울 SK,64,대구 한국가스공사,89,69,30,30,18,11,23,9,18,19,,,0,0,40,잠실학생체육관,https://api.kbl.or.kr/match/S45G01N212,https://api.kbl.or.kr/match/S45G01N212/team-record,1670.8360246889351,1492.2016508129961,178.634373875939,0.8025758952906449,1674.7845067831222,1488.253168718809
S45G01N213,2024-2025,45,213,2025-03-09,1600,50,창원 LG,66,고양 소노,91,79,30,23,20,18,20,29,19,11,,,0,0,40,창원체육관,https://api.kbl.or.kr/match/S45G01N213,https://api.kbl.or.kr/match/S45G01N213/team-record,1601.3019564170872,1400.7730009086745,200.52895550841276,0.8217878440817934,1604.8661995354514,1397.2087577903103
S45G01N214,2024-2025,45,214,2025-03-10,1900,70,안양 정관장,16,원주 DB,77,69,16,21,15,25,21,23,10,15,,,0,0,40,안양 정관장 아레나,https://api.kbl.or.kr/match/S45G01N214,https://api.kbl.or.kr/match/S45G01N214/team-record,1440.686199492687,1483.4533081851005,-42.76710869241356,0.5319521009115201,1450.0471574744565,1474.0923502033309
S45G01N215,2024-2025,45,215,2025-03-11,1900,10,울산 현대모비스,35,서울 삼성,63,61,19,18,15,11,11,24,14,12,,,0,0,40,울산동천체육관,https://api.kbl.or.kr/match/S45G01N215,https://api.kbl.or.kr/match/S45G01N215/team-record,1545.335472987736,1382.460005108946,162.87546787879,0.7878069565998933,1549.5793338557382,1378.2161442409438
S45G01N216,2024-2025,45,216,2025-03-12,1900,64,대구 한국가스공사,70,안양 정관장,88,76,27,21,27,13,20,20,16,20,,,0,0,40,대구체육관,https://api.kbl.or.kr/match/S45G01N216,https://api.kbl.or.kr/match/S45G01N216/team-record,1488.253168718809,1450.0471574744565,38.20601124435257,0.6443056790686029,1495.367055137437,1442.9332710558285
S45G01N217,2024-2025,45,217,2025-03-13,1900,60,부산 KCC,35,서울 삼성,77,83,15,15,21,26,15,18,26,24,,,0,0,40,부산사직체육관,https://api.kbl.or.kr/match/S45G01N217,https://api.kbl.or.kr/match/S45G01N217/team-record,1413.3755155711556,1378.2161442409438,35.1593713302118,0.6402763283763735,1400.569989003628,1391.0216708084713
S45G01N218,2024-2025,45,218,2025-03-13,1900,06,수원 KT,66,고양 소노,69,63,24,16,17,12,7,19,26,11,,,0,0,40,수원 KT 아레나,https://api.kbl.or.kr/match/S45G01N218,https://api.kbl.or.kr/match/S45G01N218/team-record,1569.576865826682,1397.2087577903103,172.36810803637172,0.7967980048152916,1573.6409057303763,1393.144717886616
S45G01N219,2024-2025,45,219,2025-03-14,1900,50,창원 LG,10,울산 현대모비스,84,81,22,17,17,10,23,14,19,10,18,15,1,1,45,창원체육관,https://api.kbl.or.kr/match/S45G01N219,https://api.kbl.or.kr/match/S45G01N219/team-record,1604.8661995354514,1549.5793338557382,55.28686567971317,0.6665065761058806,1611.5360680133338,1542.909465377856
S45G01N220,2024-2025,45,220,2025-03-14,1900,55,서울 SK,16,원주 DB,80,88,17,21,26,16,26,17,22,23,,,0,0,40,잠실학생체육관,https://api.kbl.or.kr/match/S45G01N220,https://api.kbl.or.kr/match/S45G01N220/team-record,1674.7845067831222,1474.0923502033309,200.69215657979134,0.8219253889645388,1658.3459990038314,1490.5308579826217
S45G01N221,2024-2025,45,221,2025-03-15,1400,64,대구 한국가스공사,60,부산 KCC,70,57,20,18,18,14,16,17,13,11,,,0,0,40,대구체육관,https://api.kbl.or.kr/match/S45G01N221,https://api.kbl.or.kr/match/S45G01N221/team-record,1495.367055137437,1400.569989003628,94.79706613380904,0.7150147721397204,1501.0667596946428,1394.8702844464224
S45G01N222,2024-2025,45,222,2025-03-15,1400,35,서울 삼성,06,수원 KT,83,73,15,23,20,25,14,14,18,27,,,0,0,40,잠실실내체육관,https://api.kbl.or.kr/match/S45G01N222,https://api.kbl.or.kr/match/S45G01N222/team-record,1391.0216708084713,1573.6409057303763,-182.619234921905,0.33691539578723817,1404.2833628927265,1560.3792136461211
S45G01N223,2024-2025,45,223,2025-03-15,1600,66,고양 소노,70,안양 정관장,84,86,19,25,25,15,30,22,18,16,,,0,0,40,고양 소노 아레나,https://api.kbl.or.kr/match/S45G01N223,https://api.kbl.or.kr/match/S45G01N223/team-record,1393.144717886616,1442.9332710558285,-49.78855316921249,0.5218770549997597,1382.707176786621,1453.3708121558236
S45G01N224,2024-2025,45,224,2025-03-16,1400,06,수원 KT,50,창원 LG,90,62,28,27,14,21,12,24,16,10,,,0,0,40,수원 KT 아레나,https://api.kbl.or.kr/match/S45G01N224,https://api.kbl.or.kr/match/S45G01N224/team-record,1560.3792136461211,1611.5360680133338,-51.156854367212645,0.5199113524990457,1569.9809865961402,1601.9342950633147
S45G01N225,2024-2025,45,225,2025-03-16,1400,10,울산 현대모비스,60,부산 KCC,76,102,18,17,21,20,29,20,25,28,,,0,0,40,울산동천체육관,https://api.kbl.or.kr/match/S45G01N225,https://api.kbl.or.kr/match/S45G01N225/team-record,1542.909465377856,1394.8702844464224,148.03918093143352,0.7731794697615064,1527.4458759826257,1410.3338738416526
S45G01N226,2024-2025,45,226,2025-03-16,1600,16,원주 DB,55,서울 SK,63,75,9,23,18,13,21,16,15,23,,,0,0,40,원주종합체육관,https://api.kbl.or.kr/match/S45G01N226,https://api.kbl.or.kr/match/S45G01N226/team-record,1490.5308579826217,1658.3459990038314,-167.81514102120968,0.3562101407522349,1483.406655167577,1665.4702018188761
S45G01N227,2024-2025,45,227,2025-03-17,1900,64,대구 한국가스공사,70,안양 정관장,68,73,10,22,14,22,28,16,20,9,,,0,0,40,대구체육관,https://api.kbl.or.kr/match/S45G01N227,https://api.kbl.or.kr/match/S45G01N227/team-record,1501.0667596946428,1453.3708121558236,47.695947538819155,0.6567242190197654,1487.9322753142474,1466.505296536219
S45G01N228,2024-2025,45,228,2025-03-18,1900,10,울산 현대모비스,60,부산 KCC,79,77,20,24,22,13,25,15,21,16,,,0,0,40,울산동천체육관,https://api.kbl.or.kr/match/S45G01N228,https://api.kbl.or.kr/match/S45G01N228/team-record,1527.4458759826257,1410.3338738416526,117.11200214097312,0.7404523458370711,1532.6368290658843,1405.142920758394
S45G01N229,2024-2025,45,229,2025-03-19,1900,06,수원 KT,55,서울 SK,77,78,28,18,14,17,14,17,26,21,,,0,0,40,수원 KT 아레나,https://api.kbl.or.kr/match/S45G01N229,https://api.kbl.or.kr/match/S45G01N229/team-record,1569.9809865961402,1665.4702018188761,-95.489215222736,0.4562347790590617,1560.856291014959,1674.5948974000573
S45G01N230,2024-2025,45,230,2025-03-20,1900,66,고양 소노,64,대구 한국가스공사,90,85,25,18,28,19,31,18,21,15,,,0,0,40,고양 소노 아레나,https://api.kbl.or.kr/match/S45G01N230,https://api.kbl.or.kr/match/S45G01N230/team-record,1382.707176786621,1487.9322753142474,-105.22509852762641,0.442368703320772,1393.8598027202056,1476.7796493806627
S45G01N231,2024-2025,45,231,2025-03-20,1900,50,창원 LG,16,원주 DB,81,68,29,27,18,7,19,16,21,12,,,0,0,40,창원체육관,https://api.kbl.or.kr/match/S45G01N231,https://api.kbl.or.kr/match/S45G01N231/team-record,1601.9342950633147,1483.406655167577,118.52763989573782,0.7420153837265442,1607.093987388784,1478.2469628421077
S45G01N232,2024-2025,45,232,2025-03-21,1900,55,서울 SK,10,울산 현대모비스,85,79,20,27,21,17,21,13,22,23,,,0,0,40,잠실학생체육관,https://api.kbl.or.kr/match/S45G01N232,https://api.kbl.or.kr/match/S45G01N232/team-record,1674.5948974000573,1532.6368290658843,141.95806833417305,0.7669817816603482,1679.2552617668505,1527.9764646990911
S45G01N233,2024-2025,45,233,2025-03-21,1900,70,안양 정관장,60,부산 KCC,91,70,25,25,14,27,12,25,14,19,,,0,0,40,안양 정관장 아레나,https://api.kbl.or.kr/match/S45G01N233,https://api.kbl.or.kr/match/S45G01N233/team-record,1466.505296536219,1405.142920758394,61.36237577782504,0.6742345287903523,1473.020605960412,1398.627611334201
S45G01N234,2024-2025,45,234,2025-03-22,1400,50,창원 LG,06,수원 KT,65,69,16,13,15,21,17,15,24,13,,,0,0,40,창원체육관,https://api.kbl.or.kr/match/S45G01N234,https://api.kbl.or.kr/match/S45G01N234/team-record,1607.093987388784,1560.856291014959,46.237696373824974,0.654829331624817,1593.9974007562876,1573.9528776474554
S45G01N235,2024-2025,45,235,2025-03-22,1400,64,대구 한국가스공사,16,원주 DB,74,79,15,28,22,9,19,19,26,15,,,0,0,40,대구체육관,https://api.kbl.or.kr/match/S45G01N235,https://api.kbl.or.kr/match/S45G01N235/team-record,1476.7796493806627,1478.2469628421077,-1.4673134614449737,0.5904252327541901,1464.9711447255788,1490.0554674971916
S45G01N236,2024-2025,45,236,2025-03-22,1600,66,고양 소노,35,서울 삼성,84,59,22,24,21,17,19,10,15,15,,,0,0,40,고양 소노 아레나,https://api.kbl.or.kr/match/S45G01N236,https://api.kbl.or.kr/match/S45G01N236/team-record,1393.8598027202056,1404.2833628927265,-10.423560172520865,0.5779021103491455,1402.3017605132227,1395.8414050997094
S45G01N237,2024-2025,45,237,2025-03-23,1400,55,서울 SK,60,부산 KCC,71,81,25,16,14,16,21,23,17,20,,,0,0,40,잠실학생체육관,https://api.kbl.or.kr/match/S45G01N237,https://api.kbl.or.kr/match/S45G01N237/team-record,1679.2552617668505,1398.627611334201,280.6276504326495,0.8797000393419373,1661.6612609800118,1416.2216121210397
S45G01N238,2024-2025,45,238,2025-03-23,1400,70,안양 정관장,10,울산 현대모비스,87,84,31,16,15,25,18,17,31,18,,,0,0,40,안양 정관장 아레나,https://api.kbl.or.kr/match/S45G01N238,https://api.kbl.or.kr/match/S45G01N238/team-record,1473.020605960412,1527.9764646990911,-54.955858738679126,0.5144506557191425,1482.7315928460291,1518.265477813474
S45G01N239,2024-2025,45,239,2025-03-23,1600,50,창원 LG,64,대구 한국가스공사,85,81,27,27,14,17,20,15,21,25,,,0,0,40,창원체육관,https://api.kbl.or.kr/match/S45G01N239,https://api.kbl.or.kr/match/S45G01N239/team-record,1593.9974007562876,1464.9711447255788,129.02625603070874,0.7534141581873646,1598.9291175925403,1460.0394278893261
S45G01N240,2024-2025,45,240,2025-03-24,1900,35,서울 삼성,06,수원 KT,54,72,18,7,13,16,13,21,21,17,,,0,0,40,잠실실내체육관,https://api.kbl.or.kr/match/S45G01N240,https://api.kbl.or.kr/match/S45G01N240/team-record,1395.8414050997094,1573.9528776474554,-178.11147254774596,0.342736747081532,1388.9866701580788,1580.807612589086
S45G01N241,2024-2025,45,241,2025-03-25,1900,70,안양 정관장,66,고양 소노,93,84,29,18,23,23,12,25,23,24,,,0,0,40,안양 정관장 아레나,https://api.kbl.or.kr/match/S45G01N241,https://api.kbl.or.kr/match/S45G01N241/team-record,1482.7315928460291,1402.3017605132227,80.42983233280643,0.6978670395553949,1488.7742520549211,1396.2591013043307
S45G01N242,2024-2025,45,242,2025-03-26,1900,35,서울 삼성,50,창원 LG,69,92,27,16,14,12,26,30,19,17,,,0,0,40,잠실실내체육관,https://api.kbl.or.kr/match/S45G01N242,https://api.kbl.or.kr/match/S45G01N242/team-record,1388.9866701580788,1598.9291175925403,-209.94244743446143,0.30272484830720575,1382.9321731919347,1604.9836145586844
S45G01N243,2024-2025,45,243,2025-03-27,1900,06,수원 KT,66,고양 소노,90,81,23,25,21,21,24,27,21,9,,,0,0,40,수원 KT 아레나,https://api.kbl.or.kr/match/S45G01N243,https://api.kbl.or.kr/match/S45G01N243/team-record,1580.807612589086,1396.2591013043307,184.54851128475525,0.8079146636422017,1584.6493193162419,1392.4173945771747
S45G01N244,2024-2025,45,244,2025-03-27,1900,16,원주 DB,10,울산 현대모비스,62,71,19,12,11,20,15,20,23,13,,,0,0,40,원주종합체육관,https://api.kbl.or.kr/match/S45G01N244,https://api.kbl.or.kr/match/S45G01N244/team-record,1490.0554674971916,1518.265477813474,-28.210010316282478,0.5527480487599394,1479.0005065219927,1529.3204387886728
S45G01N245,2024-2025,45,245,2025-03-28,1900,60,부산 KCC,64,대구 한국가스공사,67,96,13,16,15,23,26,27,26,17,,,0,0,40,부산사직체육관,https://api.kbl.or.kr/match/S45G01N245,https://api.kbl.or.kr/match/S45G01N245/team-record,1416.2216121210397,1460.0394278893261,-43.81781576828644,0.5304459003762235,1405.6126941135153,1470.6483458968505
S45G01N246,2024-2025,45,246,2025-03-28,1900,55,서울 SK,50,창원 LG,79,78,15,22,22,20,23,19,23,13,,,0,0,40,잠실학생체육관,https://api.kbl.or.kr/match/S45G01N246,https://api.kbl.or.kr/match/S45G01N246/team-record,1661.6612609800118,1604.9836145586844,56.67764642132738,0.6682837307162189,1668.2955863656873,1598.3492891730089
S45G01N247,2024-2025,45,247,2025-03-29,1400,10,울산 현대모비스,66,고양 소노,94,79,26,22,28,18,20,20,17,22,,,0,0,40,울산동천체육관,https://api.kbl.or.kr/match/S45G01N247,https://api.kbl.or.kr/match/S45G01N247/team-record,1529.3204387886728,1392.4173945771747,136.90304421149813,0.7617408301146025,1534.0856221863808,1387.6522111794668
S45G01N248,2024-2025,45,248,2025-03-29,1400,35,서울 삼성,70,안양 정관장,72,82,18,24,15,15,11,25,27,19,,,0,0,40,잠실실내체육관,https://api.kbl.or.kr/match/S45G01N248,https://api.kbl.or.kr/match/S45G01N248/team-record,1382.9321731919347,1488.7742520549211,-105.84207886298645,0.44149277369961876,1374.1023177179422,1497.6041075289136
S45G01N249,2024-2025,45,249,2025-03-29,1600,06,수원 KT,16,원주 DB,69,67,22,17,18,12,18,18,16,15,,,0,0,40,수원 KT 아레나,https://api.kbl.or.kr/match/S45G01N249,https://api.kbl.or.kr/match/S45G01N249/team-record,1584.6493193162419,1479.0005065219927,105.64881279424912,0.7275709944704969,1590.0978994268319,1473.5519264114027
S45G01N250,2024-2025,45,250,2025-03-30,1400,60,부산 KCC,50,창원 LG,72,97,16,14,24,18,22,23,28,24,,,0,0,40,부산사직체육관,https://api.kbl.or.kr/match/S45G01N250,https://api.kbl.or.kr/match/S45G01N250/team-record,1405.6126941135153,1598.3492891730089,-192.73659505949354,0.3240303599235982,1399.1320869150434,1604.8298963714808
S45G01N251,2024-2025,45,251,2025-03-30,1400,64,대구 한국가스공사,55,서울 SK,75,74,19,13,24,19,19,18,16,21,,,0,0,40,대구체육관,https://api.kbl.or.kr/match/S45G01N251,https://api.kbl.or.kr/match/S45G01N251/team-record,1470.6483458968505,1668.2955863656873,-197.6472404688368,0.31786975390457595,1484.290950818759,1654.6529814437788
S45G01N252,2024-2025,45,252,2025-03-30,1600,35,서울 삼성,16,원주 DB,76,85,18,26,14,18,31,15,24,15,,,0,0,40,잠실실내체육관,https://api.kbl.or.kr/match/S45G01N252,https://api.kbl.or.kr/match/S45G01N252/team-record,1374.1023177179422,1473.5519264114027,-99.4496086934605,0.4505848635240906,1365.0906204474604,1482.5636236818846
S45G01N253,2024-2025,45,253,2025-03-31,1900,70,안양 정관장,06,수원 KT,85,88,21,12,25,27,21,25,21,21,,,0,0,40,안양 정관장 아레나,https://api.kbl.or.kr/match/S45G01N253,https://api.kbl.or.kr/match/S45G01N253/team-record,1497.6041075289136,1590.0978994268319,-92.4937918979183,0.4605156369777899,1488.3937947893578,1599.3082121663876
S45G01N254,2024-2025,45,254,2025-04-01,1900,35,서울 삼성,64,대구 한국가스공사,61,92,10,19,15,17,28,22,18,24,,,0,0,40,잠실실내체육관,https://api.kbl.or.kr/match/S45G01N254,https://api.kbl.or.kr/match/S45G01N254/team-record,1365.0906204474604,1484.290950818759,-119.2003303712986,0.42262610436759557,1356.6380983601084,1492.743472906111
S45G01N255,2024-2025,45,255,2025-04-02,1900,60,부산 KCC,66,고양 소노,98,85,25,26,19,28,23,21,27,14,,,0,0,40,부산사직체육관,https://api.kbl.or.kr/match/S45G01N255,https://api.kbl.or.kr/match/S45G01N255/team-record,1399.1320869150434,1387.6522111794668,11.47987573557657,0.6083194460393194,1406.965697994257,1379.8186001002532
S45G01N256,2024-2025,45,256,2025-04-03,1900,50,창원 LG,70,안양 정관장,77,62,18,20,25,14,26,9,15,12,,,0,0,40,창원체육관,https://api.kbl.or.kr/match/S45G01N256,https://api.kbl.or.kr/match/S45G01N256/team-record,1604.8298963714808,1488.3937947893578,116.436101582123,0.7397039029407411,1610.035818312666,1483.1878728481727
S45G01N257,2024-2025,45,257,2025-04-03,1900,10,울산 현대모비스,06,수원 KT,91,71,25,27,19,20,19,21,16,15,,,0,0,40,울산동천체육관,https://api.kbl.or.kr/match/S45G01N257,https://api.kbl.or.kr/match/S45G01N257/team-record,1534.0856221863808,1599.3082121663876,-65.22258998000689,0.4996796673126935,1544.0920288401269,1589.3018055126415
S45G01N258,2024-2025,45,258,2025-04-04,1900,60,부산 KCC,35,서울 삼성,83,91,21,29,12,21,12,20,29,30,,,0,0,40,부산사직체육관,https://api.kbl.or.kr/match/S45G01N258,https://api.kbl.or.kr/match/S45G01N258/team-record,1406.965697994257,1356.6380983601084,50.327599634148555,0.6601312195108187,1393.7630736040405,1369.8407227503249
S45G01N259,2024-2025,45,259,2025-04-04,1900,66,고양 소노,16,원주 DB,86,70,24,22,20,20,18,29,8,15,,,0,0,40,고양 소노 아레나,https://api.kbl.or.kr/match/S45G01N259,https://api.kbl.or.kr/match/S45G01N259/team-record,1379.8186001002532,1482.5636236818846,-102.74502358163136,0.44589324074361397,1390.900735285381,1471.4814884967568
S45G01N260,2024-2025,45,260,2025-04-05,1400,10,울산 현대모비스,50,창원 LG,76,83,23,14,24,15,24,21,10,28,,,0,0,40,울산동천체육관,https://api.kbl.or.kr/match/S45G01N260,https://api.kbl.or.kr/match/S45G01N260/team-record,1544.0920288401269,1610.035818312666,-65.94378947253904,0.4986417811093003,1534.1191932179408,1620.008653934852
S45G01N261,2024-2025,45,261,2025-04-05,1400,70,안양 정관장,55,서울 SK,81,76,19,17,22,23,19,21,21,15,,,0,0,40,안양 정관장 아레나,https://api.kbl.or.kr/match/S45G01N261,https://api.kbl.or.kr/match/S45G01N261/team-record,1483.1878728481727,1654.6529814437788,-171.46510859560613,0.35140651578954923,1496.1597425323816,1641.6811117595698
S45G01N262,2024-2025,45,262,2025-04-05,1600,64,대구 한국가스공사,06,수원 KT,83,74,20,23,22,18,13,18,25,18,,,0,0,40,대구체육관,https://api.kbl.or.kr/match/S45G01N262,https://api.kbl.or.kr/match/S45G01N262/team-record,1492.743472906111,1589.3018055126415,-96.55833260653048,0.4547083993852538,1503.649304918406,1578.3959735003466
S45G01N263,2024-2025,45,263,2025-04-06,1400,55,서울 SK,66,고양 소노,71,96,27,16,17,11,34,29,18,15,,,0,0,40,잠실학생체육관,https://api.kbl.or.kr/match/S45G01N263,https://api.kbl.or.kr/match/S45G01N263/team-record,1641.6811117595698,1390.900735285381,250.78037647418887,0.8602992872429194,1624.4751260147113,1408.1067210302394
S45G01N264,2024-2025,45,264,2025-04-06,1400,10,울산 현대모비스,35,서울 삼성,88,78,25,15,23,25,22,21,20,15,,,0,0,40,울산동천체육관,https://api.kbl.or.kr/match/S45G01N264,https://api.kbl.or.kr/match/S45G01N264/team-record,1534.1191932179408,1369.8407227503249,164.278470467616,0.7891539158418345,1538.336114901104,1365.6238010671616
S45G01N265,2024-2025,45,265,2025-04-06,1600,16,원주 DB,60,부산 KCC,84,76,21,24,22,17,18,17,20,21,,,0,0,40,원주종합체육관,https://api.kbl.or.kr/match/S45G01N265,https://api.kbl.or.kr/match/S45G01N265/team-record,1471.4814884967568,1393.7630736040405,77.71841489271628,0.6945659496125327,1477.590169504506,1387.6543925962912
S45G01N266,2024-2025,45,266,2025-04-08,1900,06,수원 KT,60,부산 KCC,68,64,17,22,10,19,14,18,20,12,,,0,0,40,수원 KT 아레나,https://api.kbl.or.kr/match/S45G01N266,https://api.kbl.or.kr/match/S45G01N266/team-record,1578.3959735003466,1387.6543925962912,190.74158090405535,0.8133865176604956,1582.1282431471368,1383.922122949501
S45G01N267,2024-2025,45,267,2025-04-08,1900,16,원주 DB,70,안양 정관장,67,78,20,13,23,11,19,11,22,26,,,0,0,40,원주종합체육관,https://api.kbl.or.kr/match/S45G01N267,https://api.kbl.or.kr/match/S45G01N267/team-record,1477.590169504506,1496.1597425323816,-18.56957302787555,0.5664238050511928,1466.2616934034822,1507.4882186334055
S45G01N268,2024-2025,45,268,2025-04-08,1900,55,서울 SK,35,서울 삼성,79,76,25,26,18,10,20,25,12,19,,,0,0,40,잠실학생체육관,https://api.kbl.or.kr/match/S45G01N268,https://api.kbl.or.kr/match/S45G01N268/team-record,1624.4751260147113,1365.6238010671616,258.85132494754976,0.8657901667908213,1627.159322678895,1362.939604402978
S45G01N269,2024-2025,45,269,2025-04-08,1900,64,대구 한국가스공사,10,울산 현대모비스,80,84,20,18,18,24,24,31,15,14,,,0,0,40,대구체육관,https://api.kbl.or.kr/match/S45G01N269,https://api.kbl.or.kr/match/S45G01N269/team-record,1503.649304918406,1538.336114901104,-34.68680998269815,0.5435138300162261,1492.7790283180814,1549.2063915014287
S45G01N270,2024-2025,45,270,2025-04-08,1900,66,고양 소노,50,창원 LG,101,99,17,32,24,28,37,14,28,20,,,0,0,40,고양 소노 아레나,https://api.kbl.or.kr/match/S45G01N270,https://api.kbl.or.kr/match/S45G01N270/team-record,1408.1067210302394,1620.008653934852,-211.90193290461252,0.30034921126370173,1422.0997368049655,1606.015638160126
