game_id,season,game_date,home_team_code,home_team,away_team_code,away_team,y_home_win,home_prior_games,away_prior_games,home_season_prior_games,away_season_prior_games,home_rest_days_capped14,away_rest_days_capped14,diff_rest_days_capped14,home_back_to_back,away_back_to_back,diff_back_to_back,home_long_break,away_long_break,diff_long_break,home_season_opener,away_season_opener,diff_season_opener,home_season_transition,away_season_transition,diff_season_transition,home_win_streak_before,away_win_streak_before,diff_win_streak_before,home_loss_streak_before,away_loss_streak_before,diff_loss_streak_before,home_elo_before,away_elo_before,diff_elo_before,home_elo_win_probability,away_elo_win_probability,diff_elo_win_probability,elo_difference,elo_home_win_probability,home_rolling_win_3,away_rolling_win_3,diff_rolling_win_3,home_rolling_score_margin_per40_3,away_rolling_score_margin_per40_3,diff_rolling_score_margin_per40_3,home_rolling_efg_pct_3,away_rolling_efg_pct_3,diff_rolling_efg_pct_3,home_rolling_tov_pct_3,away_rolling_tov_pct_3,diff_rolling_tov_pct_3,home_rolling_oreb_pct_3,away_rolling_oreb_pct_3,diff_rolling_oreb_pct_3,home_rolling_fta_rate_3,away_rolling_fta_rate_3,diff_rolling_fta_rate_3,home_rolling_offensive_rating_3,away_rolling_offensive_rating_3,diff_rolling_offensive_rating_3,home_rolling_defensive_rating_3,away_rolling_defensive_rating_3,diff_rolling_defensive_rating_3,home_rolling_win_5,away_rolling_win_5,diff_rolling_win_5,home_rolling_score_margin_per40_5,away_rolling_score_margin_per40_5,diff_rolling_score_margin_per40_5,home_rolling_efg_pct_5,away_rolling_efg_pct_5,diff_rolling_efg_pct_5,home_rolling_tov_pct_5,away_rolling_tov_pct_5,diff_rolling_tov_pct_5,home_rolling_oreb_pct_5,away_rolling_oreb_pct_5,diff_rolling_oreb_pct_5,home_rolling_fta_rate_5,away_rolling_fta_rate_5,diff_rolling_fta_rate_5,home_rolling_offensive_rating_5,away_rolling_offensive_rating_5,diff_rolling_offensive_rating_5,home_rolling_defensive_rating_5,away_rolling_defensive_rating_5,diff_rolling_defensive_rating_5,home_rolling_win_10,away_rolling_win_10,diff_rolling_win_10,home_rolling_score_margin_per40_10,away_rolling_score_margin_per40_10,diff_rolling_score_margin_per40_10,home_rolling_efg_pct_10,away_rolling_efg_pct_10,diff_rolling_efg_pct_10,home_rolling_tov_pct_10,away_rolling_tov_pct_10,diff_rolling_tov_pct_10,home_rolling_oreb_pct_10,away_rolling_oreb_pct_10,diff_rolling_oreb_pct_10,home_rolling_fta_rate_10,away_rolling_fta_rate_10,diff_rolling_fta_rate_10,home_rolling_offensive_rating_10,away_rolling_offensive_rating_10,diff_rolling_offensive_rating_10,home_rolling_defensive_rating_10,away_rolling_defensive_rating_10,diff_rolling_defensive_rating_10,split,train_end_date,validation_end_date
S43G01N1,2023-2024,2023-10-21,70,안양 정관장,55,서울 SK,0,0,0,0,0,7.0,7.0,0.0,0.0,0.0,0.0,0.0,0.0,0.0,1.0,1.0,0.0,0.0,0.0,0.0,0.0,0.0,0.0,0.0,0.0,0.0,1500.0,1500.0,0.0,0.5924662305843318,0.4075337694156682,0.18493246116866358,0.0,0.5924662305843318,,,,,,,,,,,,,,,,,,,,,,,,,,,,,,,,,,,,,,,,,,,,,,,,,,,,,,,,,,,,,,,,,,,,,,,,,train,2024-12-29,2025-02-26
S43G01N2,2023-2024,2023-10-21,50,창원 LG,06,수원 KT,0,0,0,0,0,7.0,7.0,0.0,0.0,0.0,0.0,0.0,0.0,0.0,1.0,1.0,0.0,0.0,0.0,0.0,0.0,0.0,0.0,0.0,0.0,0.0,1500.0,1500.0,0.0,0.5924662305843318,0.4075337694156682,0.18493246116866358,0.0,0.5924662305843318,,,,,,,,,,,,,,,,,,,,,,,,,,,,,,,,,,,,,,,,,,,,,,,,,,,,,,,,,,,,,,,,,,,,,,,,,train,2024-12-29,2025-02-26
S43G01N3,2023-2024,2023-10-21,10,울산 현대모비스,64,대구 한국가스공사,1,0,0,0,0,7.0,7.0,0.0,0.0,0.0,0.0,0.0,0.0,0.0,1.0,1.0,0.0,0.0,0.0,0.0,0.0,0.0,0.0,0.0,0.0,0.0,1500.0,1500.0,0.0,0.5924662305843318,0.4075337694156682,0.18493246116866358,0.0,0.5924662305843318,,,,,,,,,,,,,,,,,,,,,,,,,,,,,,,,,,,,,,,,,,,,,,,,,,,,,,,,,,,,,,,,,,,,,,,,,train,2024-12-29,2025-02-26
S43G01N4,2023-2024,2023-10-22,55,서울 SK,06,수원 KT,1,1,1,1,1,1.0,1.0,0.0,1.0,1.0,0.0,0.0,0.0,0.0,0.0,0.0,0.0,0.0,0.0,0.0,1.0,1.0,0.0,0.0,0.0,0.0,1511.8493246116866,1511.8493246116866,0.0,0.5924662305843318,0.4075337694156682,0.18493246116866358,0.0,0.5924662305843318,1.0,1.0,0.0,15.0,5.0,10.0,0.5256410256410257,0.45454545454545453,0.07109557109557113,0.03477051460361613,0.14184397163120568,-0.10707345702758955,0.3333333333333333,0.4,-0.06666666666666671,0.15384615384615385,0.22727272727272727,-0.07342657342657341,121.5,100.6,20.900000000000006,105.3,88.7,16.599999999999994,1.0,1.0,0.0,15.0,5.0,10.0,0.5256410256410257,0.45454545454545453,0.07109557109557113,0.03477051460361613,0.14184397163120568,-0.10707345702758955,0.3333333333333333,0.4,-0.06666666666666671,0.15384615384615385,0.22727272727272727,-0.07342657342657341,121.5,100.6,20.900000000000006,105.3,88.7,16.599999999999994,1.0,1.0,0.0,15.0,5.0,10.0,0.5256410256410257,0.45454545454545453,0.07109557109557113,0.03477051460361613,0.14184397163120568,-0.10707345702758955,0.3333333333333333,0.4,-0.06666666666666671,0.15384615384615385,0.22727272727272727,-0.07342657342657341,121.5,100.6,20.900000000000006,105.3,88.7,16.599999999999994,train,2024-12-29,2025-02-26
S43G01N5,2023-2024,2023-10-22,66,고양 소노,16,원주 DB,0,0,0,0,0,7.0,7.0,0.0,0.0,0.0,0.0,0.0,0.0,0.0,1.0,1.0,0.0,0.0,0.0,0.0,0.0,0.0,0.0,0.0,0.0,0.0,1500.0,1500.0,0.0,0.5924662305843318,0.4075337694156682,0.18493246116866358,0.0,0.5924662305843318,,,,,,,,,,,,,,,,,,,,,,,,,,,,,,,,,,,,,,,,,,,,,,,,,,,,,,,,,,,,,,,,,,,,,,,,,train,2024-12-29,2025-02-26
S43G01N6,2023-2024,2023-10-22,60,부산 KCC,35,서울 삼성,1,0,0,0,0,7.0,7.0,0.0,0.0,0.0,0.0,0.0,0.0,0.0,1.0,1.0,0.0,0.0,0.0,0.0,0.0,0.0,0.0,0.0,0.0,0.0,1500.0,1500.0,0.0,0.5924662305843318,0.4075337694156682,0.18493246116866358,0.0,0.5924662305843318,,,,,,,,,,,,,,,,,,,,,,,,,,,,,,,,,,,,,,,,,,,,,,,,,,,,,,,,,,,,,,,,,,,,,,,,,train,2024-12-29,2025-02-26
S43G01N7,2023-2024,2023-10-23,10,울산 현대모비스,50,창원 LG,1,1,1,1,1,2.0,2.0,0.0,0.0,0.0,0.0,0.0,0.0,0.0,0.0,0.0,0.0,0.0,0.0,0.0,1.0,0.0,1.0,0.0,1.0,-1.0,1508.1506753883134,1488.1506753883134,20.0,0.6199413590445233,0.3800586409554767,0.2398827180890466,20.0,0.6199413590445233,1.0,0.0,1.0,25.0,-5.0,30.0,0.5859375,0.40131578947368424,0.18462171052631576,0.1445086705202312,0.12035010940919036,0.024158561111040838,0.2962962962962963,0.3695652173913043,-0.07326892109500804,0.25,0.13157894736842105,0.11842105263157895,115.9,88.7,27.200000000000003,82.2,100.6,-18.39999999999999,1.0,0.0,1.0,25.0,-5.0,30.0,0.5859375,0.40131578947368424,0.18462171052631576,0.1445086705202312,0.12035010940919036,0.024158561111040838,0.2962962962962963,0.3695652173913043,-0.07326892109500804,0.25,0.13157894736842105,0.11842105263157895,115.9,88.7,27.200000000000003,82.2,100.6,-18.39999999999999,1.0,0.0,1.0,25.0,-5.0,30.0,0.5859375,0.40131578947368424,0.18462171052631576,0.1445086705202312,0.12035010940919036,0.024158561111040838,0.2962962962962963,0.3695652173913043,-0.07326892109500804,0.25,0.13157894736842105,0.11842105263157895,115.9,88.7,27.200000000000003,82.2,100.6,-18.39999999999999,train,2024-12-29,2025-02-26
S43G01N8,2023-2024,2023-10-24,66,고양 소노,55,서울 SK,0,1,2,1,2,2.0,2.0,0.0,0.0,0.0,0.0,0.0,0.0,0.0,0.0,0.0,0.0,0.0,0.0,0.0,0.0,2.0,-2.0,1.0,0.0,1.0,1488.1506753883134,1520.0,-31.849324611686598,0.547563404009058,0.452436595990942,0.09512680801811602,-31.849324611686598,0.547563404009058,0.0,1.0,-1.0,-21.0,10.0,-31.0,0.5357142857142857,0.5389399158055874,-0.0032256300913017233,0.07112375533428165,0.07688073564545395,-0.005756980311172291,0.2702702702702703,0.26344086021505375,0.006829410055216534,0.2714285714285714,0.1963260619977038,0.0751025094308676,119.7,115.2,4.5,147.0,103.9,43.099999999999994,0.0,1.0,-1.0,-21.0,10.0,-31.0,0.5357142857142857,0.5389399158055874,-0.0032256300913017233,0.07112375533428165,0.07688073564545395,-0.005756980311172291,0.2702702702702703,0.26344086021505375,0.006829410055216534,0.2714285714285714,0.1963260619977038,0.0751025094308676,119.7,115.2,4.5,147.0,103.9,43.099999999999994,0.0,1.0,-1.0,-21.0,10.0,-31.0,0.5357142857142857,0.5389399158055874,-0.0032256300913017233,0.07112375533428165,0.07688073564545395,-0.005756980311172291,0.2702702702702703,0.26344086021505375,0.006829410055216534,0.2714285714285714,0.1963260619977038,0.0751025094308676,119.7,115.2,4.5,147.0,103.9,43.099999999999994,train,2024-12-29,2025-02-26
S43G01N9,2023-2024,2023-10-26,50,창원 LG,16,원주 DB,0,2,1,2,1,3.0,4.0,-1.0,0.0,0.0,0.0,0.0,0.0,0.0,0.0,0.0,0.0,0.0,0.0,0.0,0.0,1.0,-1.0,2.0,0.0,2.0,1480.549502569204,1511.8493246116866,-31.299822042482674,0.5483469272226097,0.4516530727773903,0.09669385444521938,-31.299822042482674,0.5483469272226097,0.0,1.0,-1.0,-3.5,21.0,-24.5,0.4260677308024159,0.75,-0.3239322691975841,0.15018405560468517,0.10997067448680352,0.040213381117881655,0.3653381642512077,0.2692307692307692,0.09610739502043847,0.2871009490940466,0.16176470588235295,0.12533624321169365,93.1,147.0,-53.900000000000006,100.9,119.7,-18.799999999999997,0.0,1.0,-1.0,-3.5,21.0,-24.5,0.4260677308024159,0.75,-0.3239322691975841,0.15018405560468517,0.10997067448680352,0.040213381117881655,0.3653381642512077,0.2692307692307692,0.09610739502043847,0.2871009490940466,0.16176470588235295,0.12533624321169365,93.1,147.0,-53.900000000000006,100.9,119.7,-18.799999999999997,0.0,1.0,-1.0,-3.5,21.0,-24.5,0.4260677308024159,0.75,-0.3239322691975841,0.15018405560468517,0.10997067448680352,0.040213381117881655,0.3653381642512077,0.2692307692307692,0.09610739502043847,0.2871009490940466,0.16176470588235295,0.12533624321169365,93.1,147.0,-53.900000000000006,100.9,119.7,-18.799999999999997,train,2024-12-29,2025-02-26
S43G01N10,2023-2024,2023-10-27,10,울산 현대모비스,55,서울 SK,1,2,3,2,3,4.0,3.0,1.0,0.0,0.0,0.0,0.0,0.0,0.0,0.0,0.0,0.0,0.0,0.0,0.0,2.0,3.0,-1.0,0.0,0.0,0.0,1515.7518482074229,1530.951268080181,-15.199419872758199,0.5711819686785162,0.4288180313214838,0.14236393735703246,-15.199419872758199,0.5711819686785162,1.0,1.0,0.0,13.5,10.333333333333334,3.166666666666666,0.5205806902985075,0.5282747586852065,-0.007694068386698949,0.11924681646312311,0.081283853793666,0.03796296266945712,0.27314814814814814,0.31977138428751334,-0.0466232361393652,0.2966417910447761,0.22347663392439512,0.07316515712038099,108.55000000000001,118.0,-9.449999999999989,89.85,105.60000000000001,-15.750000000000014,1.0,1.0,0.0,13.5,10.333333333333334,3.166666666666666,0.5205806902985075,0.5282747586852065,-0.007694068386698949,0.11924681646312311,0.081283853793666,0.03796296266945712,0.27314814814814814,0.31977138428751334,-0.0466232361393652,0.2966417910447761,0.22347663392439512,0.07316515712038099,108.55000000000001,118.0,-9.449999999999989,89.85,105.60000000000001,-15.750000000000014,1.0,1.0,0.0,13.5,10.333333333333334,3.166666666666666,0.5205806902985075,0.5282747586852065,-0.007694068386698949,0.11924681646312311,0.081283853793666,0.03796296266945712,0.27314814814814814,0.31977138428751334,-0.0466232361393652,0.2966417910447761,0.22347663392439512,0.07316515712038099,108.55000000000001,118.0,-9.449999999999989,89.85,105.60000000000001,-15.750000000000014,train,2024-12-29,2025-02-26
S43G01N11,2023-2024,2023-10-27,35,서울 삼성,66,고양 소노,1,1,2,1,2,5.0,3.0,2.0,0.0,0.0,0.0,0.0,0.0,0.0,0.0,0.0,0.0,0.0,0.0,0.0,0.0,0.0,0.0,1.0,2.0,-1.0,1491.8493246116866,1477.1994073081323,14.649917303554275,0.6126586967306855,0.3873413032693145,0.22531739346137103,14.649917303554275,0.6126586967306855,0.0,0.0,0.0,-6.0,-16.0,10.0,0.6666666666666666,0.5,0.16666666666666663,0.13711151736745888,0.0714986289848217,0.06561288838263718,0.25806451612903225,0.28378378378378377,-0.02571926765475152,0.1111111111111111,0.2571428571428571,-0.146031746031746,125.8,114.35,11.450000000000003,136.0,135.3,0.6999999999999886,0.0,0.0,0.0,-6.0,-16.0,10.0,0.6666666666666666,0.5,0.16666666666666663,0.13711151736745888,0.0714986289848217,0.06561288838263718,0.25806451612903225,0.28378378378378377,-0.02571926765475152,0.1111111111111111,0.2571428571428571,-0.146031746031746,125.8,114.35,11.450000000000003,136.0,135.3,0.6999999999999886,0.0,0.0,0.0,-6.0,-16.0,10.0,0.6666666666666666,0.5,0.16666666666666663,0.13711151736745888,0.0714986289848217,0.06561288838263718,0.25806451612903225,0.28378378378378377,-0.02571926765475152,0.1111111111111111,0.2571428571428571,-0.146031746031746,125.8,114.35,11.450000000000003,136.0,135.3,0.6999999999999886,train,2024-12-29,2025-02-26
S43G01N12,2023-2024,2023-10-28,16,원주 DB,60,부산 KCC,1,2,1,2,1,2.0,6.0,-4.0,0.0,0.0,0.0,0.0,0.0,0.0,0.0,0.0,0.0,0.0,0.0,0.0,2.0,1.0,1.0,0.0,0.0,0.0,1522.8162631561388,1508.1506753883134,14.6655877678254,0.6126801032254674,0.3873198967745326,0.2253602064509348,14.6655877678254,0.6126801032254674,1.0,1.0,0.0,15.0,6.0,9.0,0.671875,0.6301369863013698,0.04173801369863017,0.1231221063216971,0.05819366852886406,0.06492843779283303,0.2692307692307692,0.25806451612903225,0.011166253101736967,0.18244485294117646,0.2465753424657534,-0.06413048952457695,131.15,136.0,-4.849999999999994,111.30000000000001,125.8,-14.499999999999986,1.0,1.0,0.0,15.0,6.0,9.0,0.671875,0.6301369863013698,0.04173801369863017,0.1231221063216971,0.05819366852886406,0.06492843779283303,0.2692307692307692,0.25806451612903225,0.011166253101736967,0.18244485294117646,0.2465753424657534,-0.06413048952457695,131.15,136.0,-4.849999999999994,111.30000000000001,125.8,-14.499999999999986,1.0,1.0,0.0,15.0,6.0,9.0,0.671875,0.6301369863013698,0.04173801369863017,0.1231221063216971,0.05819366852886406,0.06492843779283303,0.2692307692307692,0.25806451612903225,0.011166253101736967,0.18244485294117646,0.2465753424657534,-0.06413048952457695,131.15,136.0,-4.849999999999994,111.30000000000001,125.8,-14.499999999999986,train,2024-12-29,2025-02-26
S43G01N13,2023-2024,2023-10-28,64,대구 한국가스공사,50,창원 LG,0,1,3,1,3,7.0,2.0,5.0,0.0,0.0,0.0,0.0,0.0,0.0,0.0,0.0,0.0,0.0,0.0,0.0,0.0,0.0,0.0,1.0,3.0,-2.0,1491.8493246116866,1469.5825640247517,22.26676058693488,0.6230109270204315,0.3769890729795685,0.24602185404086296,22.26676058693488,0.6230109270204315,0.0,0.0,0.0,-25.0,-5.333333333333333,-19.666666666666668,0.42424242424242425,0.44594991577303916,-0.02170749153061491,0.16587677725118483,0.14618442644488608,0.019692350806298747,0.23684210526315788,0.3639291465378422,-0.12708704127468431,0.15151515151515152,0.24378158511031675,-0.09226643359516523,82.2,96.36666666666667,-14.166666666666671,115.9,105.7,10.200000000000003,0.0,0.0,0.0,-25.0,-5.333333333333333,-19.666666666666668,0.42424242424242425,0.44594991577303916,-0.02170749153061491,0.16587677725118483,0.14618442644488608,0.019692350806298747,0.23684210526315788,0.3639291465378422,-0.12708704127468431,0.15151515151515152,0.24378158511031675,-0.09226643359516523,82.2,96.36666666666667,-14.166666666666671,115.9,105.7,10.200000000000003,0.0,0.0,0.0,-25.0,-5.333333333333333,-19.666666666666668,0.42424242424242425,0.44594991577303916,-0.02170749153061491,0.16587677725118483,0.14618442644488608,0.019692350806298747,0.23684210526315788,0.3639291465378422,-0.12708704127468431,0.15151515151515152,0.24378158511031675,-0.09226643359516523,82.2,96.36666666666667,-14.166666666666671,115.9,105.7,10.200000000000003,train,2024-12-29,2025-02-26
S43G01N14,2023-2024,2023-10-28,06,수원 KT,70,안양 정관장,0,2,1,2,1,6.0,7.0,-1.0,0.0,0.0,0.0,0.0,0.0,0.0,0.0,0.0,0.0,0.0,0.0,0.0,0.0,0.0,0.0,1.0,1.0,0.0,1503.6986492233732,1488.1506753883134,15.547973835059793,0.613884774329457,0.386115225670543,0.22776954865891397,15.547973835059793,0.613884774329457,0.5,0.0,0.5,0.0,-15.0,15.0,0.5058441558441559,0.5161290322580645,-0.010284876413908628,0.151307837905635,0.14052120592743997,0.010786631978195044,0.325,0.25,0.07500000000000001,0.16363636363636364,0.1935483870967742,-0.029912023460410553,101.55,105.3,-3.75,98.80000000000001,121.5,-22.69999999999999,0.5,0.0,0.5,0.0,-15.0,15.0,0.5058441558441559,0.5161290322580645,-0.010284876413908628,0.151307837905635,0.14052120592743997,0.010786631978195044,0.325,0.25,0.07500000000000001,0.16363636363636364,0.1935483870967742,-0.029912023460410553,101.55,105.3,-3.75,98.80000000000001,121.5,-22.69999999999999,0.5,0.0,0.5,0.0,-15.0,15.0,0.5058441558441559,0.5161290322580645,-0.010284876413908628,0.151307837905635,0.14052120592743997,0.010786631978195044,0.325,0.25,0.07500000000000001,0.16363636363636364,0.1935483870967742,-0.029912023460410553,101.55,105.3,-3.75,98.80000000000001,121.5,-22.69999999999999,train,2024-12-29,2025-02-26
S43G01N15,2023-2024,2023-10-29,35,서울 삼성,50,창원 LG,0,2,4,2,4,2.0,1.0,1.0,0.0,1.0,-1.0,0.0,0.0,0.0,0.0,0.0,0.0,0.0,0.0,0.0,1.0,1.0,0.0,0.0,0.0,0.0,1499.596150677073,1482.0427825651605,17.553368111912505,0.6166174233626488,0.3833825766373512,0.2332348467252976,17.553368111912505,0.6166174233626488,0.5,0.3333333333333333,0.16666666666666669,7.0,-0.6666666666666666,7.666666666666667,0.6174242424242424,0.5293497031201949,0.08807453930404752,0.11351978746070786,0.13209583366767721,-0.018576046206969357,0.3866080156402737,0.35978835978835977,0.026819655851913926,0.31313131313131315,0.2554774915430653,0.05765382158824783,131.0,112.66666666666667,18.33333333333333,120.85,114.06666666666666,6.783333333333331,0.5,0.25,0.25,7.0,-1.75,8.75,0.6174242424242424,0.49734122470856723,0.1200830177156752,0.11351978746070786,0.1291594026030555,-0.015639615142347643,0.3866080156402737,0.36223257418909593,0.02437544145117776,0.31313131313131315,0.22450285549940424,0.08862845763190891,131.0,106.675,24.325000000000003,120.85,110.7,10.149999999999991,0.5,0.25,0.25,7.0,-1.75,8.75,0.6174242424242424,0.49734122470856723,0.1200830177156752,0.11351978746070786,0.1291594026030555,-0.015639615142347643,0.3866080156402737,0.36223257418909593,0.02437544145117776,0.31313131313131315,0.22450285549940424,0.08862845763190891,131.0,106.675,24.325000000000003,120.85,110.7,10.149999999999991,train,2024-12-29,2025-02-26
S43G01N16,2023-2024,2023-10-29,64,대구 한국가스공사,55,서울 SK,1,2,4,2,4,1.0,2.0,-1.0,1.0,0.0,1.0,0.0,0.0,0.0,0.0,0.0,0.0,0.0,0.0,0.0,0.0,0.0,0.0,2.0,1.0,1.0,1479.3891060712779,1522.3749074537513,-42.98580138247348,0.5316386495180003,0.46836135048199967,0.06327729903600066,-42.98580138247348,0.5316386495180003,0.0,0.6666666666666666,-0.6666666666666666,-17.0,1.6666666666666667,-18.666666666666668,0.49337121212121215,0.4996128076094623,-0.006241595488250151,0.12778718411508497,0.11578049305182044,0.012006691063264532,0.2805832147937411,0.28643805095418,-0.005854836160438914,0.20075757575757575,0.3101256171251025,-0.10936804136752676,103.95,108.26666666666667,-4.316666666666663,126.75,104.63333333333333,22.116666666666674,0.0,0.75,-0.75,-17.0,5.0,-22.0,0.49337121212121215,0.5061198621173532,-0.012748649996141004,0.12778718411508497,0.09552799843976936,0.032259185675315605,0.2805832147937411,0.29816187154896834,-0.01757865675522724,0.20075757575757575,0.2710557513053653,-0.07029817554778955,103.95,111.575,-7.625,126.75,104.8,21.950000000000003,0.0,0.75,-0.75,-17.0,5.0,-22.0,0.49337121212121215,0.5061198621173532,-0.012748649996141004,0.12778718411508497,0.09552799843976936,0.032259185675315605,0.2805832147937411,0.29816187154896834,-0.01757865675522724,0.20075757575757575,0.2710557513053653,-0.07029817554778955,103.95,111.575,-7.625,126.75,104.8,21.950000000000003,train,2024-12-29,2025-02-26
S43G01N17,2023-2024,2023-10-29,66,고양 소노,10,울산 현대모비스,1,3,3,3,3,2.0,2.0,0.0,0.0,0.0,0.0,0.0,0.0,0.0,0.0,0.0,0.0,0.0,0.0,0.0,0.0,3.0,-3.0,3.0,0.0,3.0,1469.452581242746,1524.3282088338526,-54.87562759110665,0.514566020406206,0.485433979593794,0.029132040812412052,-54.87562759110665,0.514566020406206,0.0,1.0,-1.0,-17.333333333333332,12.666666666666666,-30.0,0.4803921568627451,0.5113730423586293,-0.030980885495884236,0.060197080977349805,0.11774172038340074,-0.05754463940605093,0.2404712404712405,0.2899419026870007,-0.049470662215760214,0.2694677871148459,0.26348889356036714,0.005978893554478781,111.46666666666665,106.5,4.966666666666654,135.6,90.66666666666667,44.93333333333332,0.0,1.0,-1.0,-17.333333333333332,12.666666666666666,-30.0,0.4803921568627451,0.5113730423586293,-0.030980885495884236,0.060197080977349805,0.11774172038340074,-0.05754463940605093,0.2404712404712405,0.2899419026870007,-0.049470662215760214,0.2694677871148459,0.26348889356036714,0.005978893554478781,111.46666666666665,106.5,4.966666666666654,135.6,90.66666666666667,44.93333333333332,0.0,1.0,-1.0,-17.333333333333332,12.666666666666666,-30.0,0.4803921568627451,0.5113730423586293,-0.030980885495884236,0.060197080977349805,0.11774172038340074,-0.05754463940605093,0.2404712404712405,0.2899419026870007,-0.049470662215760214,0.2694677871148459,0.26348889356036714,0.005978893554478781,111.46666666666665,106.5,4.966666666666654,135.6,90.66666666666667,44.93333333333332,train,2024-12-29,2025-02-26
S43G01N18,2023-2024,2023-10-30,06,수원 KT,16,원주 DB,0,3,3,3,3,2.0,2.0,0.0,0.0,0.0,0.0,0.0,0.0,0.0,0.0,0.0,0.0,0.0,0.0,0.0,0.0,3.0,-3.0,2.0,0.0,2.0,1491.420953736784,1530.5626610916295,-39.141707354845494,0.5371445155250898,0.4628554844749102,0.07428903105017959,-39.141707354845494,0.5371445155250898,0.3333333333333333,1.0,-0.6666666666666667,-1.3333333333333333,13.666666666666666,-15.0,0.46349206349206346,0.6645833333333333,-0.20109126984126985,0.16570789498819602,0.12457869984110669,0.041129195147089334,0.31666666666666665,0.25726495726495724,0.05940170940170941,0.1595959595959596,0.17877275910364146,-0.019176799507681863,93.76666666666667,129.9,-36.13333333333334,93.86666666666667,111.83333333333333,-17.966666666666654,0.3333333333333333,1.0,-0.6666666666666667,-1.3333333333333333,13.666666666666666,-15.0,0.46349206349206346,0.6645833333333333,-0.20109126984126985,0.16570789498819602,0.12457869984110669,0.041129195147089334,0.31666666666666665,0.25726495726495724,0.05940170940170941,0.1595959595959596,0.17877275910364146,-0.019176799507681863,93.76666666666667,129.9,-36.13333333333334,93.86666666666667,111.83333333333333,-17.966666666666654,0.3333333333333333,1.0,-0.6666666666666667,-1.3333333333333333,13.666666666666666,-15.0,0.46349206349206346,0.6645833333333333,-0.20109126984126985,0.16570789498819602,0.12457869984110669,0.041129195147089334,0.31666666666666665,0.25726495726495724,0.05940170940170941,0.1595959595959596,0.17877275910364146,-0.019176799507681863,93.76666666666667,129.9,-36.13333333333334,93.86666666666667,111.83333333333333,-17.966666666666654,train,2024-12-29,2025-02-26
S43G01N19,2023-2024,2023-10-31,70,안양 정관장,10,울산 현대모비스,0,2,4,2,4,3.0,2.0,1.0,0.0,0.0,0.0,0.0,0.0,0.0,0.0,0.0,0.0,0.0,0.0,0.0,1.0,0.0,1.0,0.0,1.0,-1.0,1500.4283708749026,1514.6195292419768,-14.191158367074195,0.5726029743292956,0.42739702567070437,0.14520594865859127,-14.191158367074195,0.5726029743292956,0.5,0.6666666666666666,-0.16666666666666663,-5.5,0.6666666666666666,-6.166666666666667,0.46044546850998463,0.4801631064611935,-0.019717637951208844,0.1485361328288452,0.10736505847907574,0.041171074349769465,0.22756410256410256,0.27689075630252097,-0.04932665373841841,0.22375832053251407,0.3340017140731877,-0.11024339354067361,94.65,104.89999999999999,-10.249999999999986,99.85,105.43333333333334,-5.583333333333343,0.5,0.75,-0.25,-5.5,6.75,-12.25,0.46044546850998463,0.5066067048458951,-0.04616123633591046,0.1485361328288452,0.1166509614893646,0.0318851713394806,0.22756410256410256,0.2817421413009648,-0.05417803873686225,0.22375832053251407,0.31300128555489076,-0.08924296502237669,94.65,107.65,-13.0,99.85,99.625,0.22499999999999432,0.5,0.75,-0.25,-5.5,6.75,-12.25,0.46044546850998463,0.5066067048458951,-0.04616123633591046,0.1485361328288452,0.1166509614893646,0.0318851713394806,0.22756410256410256,0.2817421413009648,-0.05417803873686225,0.22375832053251407,0.31300128555489076,-0.08924296502237669,94.65,107.65,-13.0,99.85,99.625,0.22499999999999432,train,2024-12-29,2025-02-26
S43G01N20,2023-2024,2023-10-31,35,서울 삼성,64,대구 한국가스공사,1,3,3,3,3,2.0,2.0,0.0,0.0,0.0,0.0,0.0,0.0,0.0,0.0,0.0,0.0,0.0,0.0,0.0,0.0,1.0,-1.0,1.0,0.0,1.0,1487.26380220982,1488.7563330809178,-1.4925308710978697,0.5903901284819847,0.4096098715180153,0.18078025696396938,-1.4925308710978697,0.5903901284819847,0.3333333333333333,0.3333333333333333,0.0,-2.3333333333333335,-10.666666666666666,8.333333333333332,0.553407206392281,0.5502683080808081,0.0031388983114729596,0.12146740409468437,0.11459333779715342,0.006874066297530956,0.3630018349882526,0.3180078574815417,0.044993977506710914,0.30328157193828836,0.23279671717171715,0.07048485476657121,117.86666666666667,116.10000000000001,1.7666666666666657,120.73333333333333,128.56666666666666,-7.833333333333329,0.3333333333333333,0.3333333333333333,0.0,-2.3333333333333335,-10.666666666666666,8.333333333333332,0.553407206392281,0.5502683080808081,0.0031388983114729596,0.12146740409468437,0.11459333779715342,0.006874066297530956,0.3630018349882526,0.3180078574815417,0.044993977506710914,0.30328157193828836,0.23279671717171715,0.07048485476657121,117.86666666666667,116.10000000000001,1.7666666666666657,120.73333333333333,128.56666666666666,-7.833333333333329,0.3333333333333333,0.3333333333333333,0.0,-2.3333333333333335,-10.666666666666666,8.333333333333332,0.553407206392281,0.5502683080808081,0.0031388983114729596,0.12146740409468437,0.11459333779715342,0.006874066297530956,0.3630018349882526,0.3180078574815417,0.044993977506710914,0.30328157193828836,0.23279671717171715,0.07048485476657121,117.86666666666667,116.10000000000001,1.7666666666666657,120.73333333333333,128.56666666666666,-7.833333333333329,train,2024-12-29,2025-02-26
S43G01N21,2023-2024,2023-11-02,50,창원 LG,66,고양 소노,1,5,4,5,4,4.0,4.0,0.0,0.0,0.0,0.0,0.0,0.0,0.0,0.0,0.0,0.0,0.0,0.0,0.0,2.0,1.0,1.0,0.0,0.0,0.0,1494.3751310324135,1479.1612608346218,15.21387019779172,0.6134288049376733,0.38657119506232673,0.22685760987534653,15.21387019779172,0.6134288049376733,0.6666666666666666,0.3333333333333333,0.3333333333333333,7.0,-6.666666666666667,13.666666666666668,0.5505050505050505,0.5164671929377812,0.03403785756726929,0.09900876861599439,0.06852504271839736,0.030483725897597028,0.36063011063011063,0.20414459124136544,0.1564855193887452,0.2126984126984127,0.2850522026992615,-0.07235379000084882,120.33333333333333,113.73333333333335,6.59999999999998,110.86666666666667,123.63333333333333,-12.766666666666652,0.4,0.25,0.15000000000000002,2.8,-10.25,13.05,0.5007301226239966,0.5212789661319073,-0.02054884350791064,0.1194788834114707,0.06917472087236844,0.05030416253910226,0.36251333207854947,0.22067601099859166,0.1418373210799578,0.24245942725666625,0.281646294881589,-0.03918686762492274,109.44000000000001,115.225,-5.784999999999982,106.88,129.475,-22.595,0.4,0.25,0.15000000000000002,2.8,-10.25,13.05,0.5007301226239966,0.5212789661319073,-0.02054884350791064,0.1194788834114707,0.06917472087236844,0.05030416253910226,0.36251333207854947,0.22067601099859166,0.1418373210799578,0.24245942725666625,0.281646294881589,-0.03918686762492274,109.44000000000001,115.225,-5.784999999999982,106.88,129.475,-22.595,train,2024-12-29,2025-02-26
S43G01N22,2023-2024,2023-11-02,35,서울 삼성,70,안양 정관장,0,4,3,4,3,2.0,2.0,0.0,0.0,0.0,0.0,0.0,0.0,0.0,0.0,0.0,0.0,0.0,0.0,0.0,1.0,0.0,1.0,0.0,1.0,-1.0,1495.4559996401802,1488.9763113883166,6.479688251863536,0.6014403435640844,0.3985596564359156,0.20288068712816876,6.479688251863536,0.6014403435640844,0.6666666666666666,0.3333333333333333,0.3333333333333333,1.0,-7.333333333333333,8.333333333333332,0.5247333712668331,0.45220174091141835,0.07253163035541471,0.11987649407069019,0.1303818809639777,-0.010505386893287519,0.3973506999822789,0.26282051282051283,0.13453018716176607,0.38990044887974595,0.2253626898788189,0.16453775900092704,115.86666666666666,97.8,18.066666666666663,112.96666666666665,107.89999999999999,5.066666666666663,0.5,0.3333333333333333,0.16666666666666669,-0.75,-7.333333333333333,6.583333333333333,0.5602166951167914,0.45220174091141835,0.10801495420537305,0.12418524989488237,0.1303818809639777,-0.006196631069095335,0.36252915401896724,0.26282051282051283,0.0997086411984544,0.32020311443758726,0.2253626898788189,0.09484042455876834,118.35,97.8,20.549999999999997,118.725,107.89999999999999,10.825000000000003,0.5,0.3333333333333333,0.16666666666666669,-0.75,-7.333333333333333,6.583333333333333,0.5602166951167914,0.45220174091141835,0.10801495420537305,0.12418524989488237,0.1303818809639777,-0.006196631069095335,0.36252915401896724,0.26282051282051283,0.0997086411984544,0.32020311443758726,0.2253626898788189,0.09484042455876834,118.35,97.8,20.549999999999997,118.725,107.89999999999999,10.825000000000003,train,2024-12-29,2025-02-26
S43G01N23,2023-2024,2023-11-03,10,울산 현대모비스,60,부산 KCC,0,5,2,5,2,3.0,6.0,-3.0,0.0,0.0,0.0,0.0,0.0,0.0,0.0,0.0,0.0,0.0,0.0,0.0,1.0,0.0,1.0,0.0,1.0,-1.0,1526.0715887285628,1500.4042774528227,25.667311275740076,0.6275973176018887,0.37240268239811125,0.2551946352037775,25.667311275740076,0.6275973176018887,0.6666666666666666,0.5,0.16666666666666663,3.6666666666666665,-2.5,6.166666666666666,0.5048924011641494,0.5993150684931507,-0.0944226673290014,0.096521824533839,0.09523440040199817,0.0012874241318408391,0.30466853408029876,0.28617511520737327,0.018493418872925493,0.3127111082786311,0.21232876712328766,0.10038234115534342,112.5,124.45,-11.950000000000003,107.63333333333333,126.6,-18.96666666666667,0.8,0.5,0.30000000000000004,7.6,-2.5,10.1,0.5111677168178925,0.5993150684931507,-0.08814735167525822,0.10561182130555265,0.09523440040199817,0.01037742090355448,0.2920603797074385,0.28617511520737327,0.005885264500065213,0.3062833813850891,0.21232876712328766,0.09395461426180143,110.92,124.45,-13.530000000000001,100.52000000000001,126.6,-26.079999999999984,0.8,0.5,0.30000000000000004,7.6,-2.5,10.1,0.5111677168178925,0.5993150684931507,-0.08814735167525822,0.10561182130555265,0.09523440040199817,0.01037742090355448,0.2920603797074385,0.28617511520737327,0.005885264500065213,0.3062833813850891,0.21232876712328766,0.09395461426180143,110.92,124.45,-13.530000000000001,100.52000000000001,126.6,-26.079999999999984,train,2024-12-29,2025-02-26
S43G01N24,2023-2024,2023-11-03,64,대구 한국가스공사,16,원주 DB,0,4,4,4,4,3.0,4.0,-1.0,0.0,0.0,0.0,0.0,0.0,0.0,0.0,0.0,0.0,0.0,0.0,0.0,0.0,4.0,-4.0,1.0,0.0,1.0,1480.5641356505575,1541.3055514021312,-60.74141575157364,0.5061282884807943,0.4938717115192057,0.01225657696158855,-60.74141575157364,0.5061282884807943,0.3333333333333333,1.0,-0.6666666666666667,-3.6666666666666665,9.0,-12.666666666666666,0.5701444892473119,0.6229166666666667,-0.052772177419354804,0.07661709602944246,0.14398459867066968,-0.06736750264122722,0.31313456313456317,0.2746642246642247,0.03847033847033848,0.3167002688172043,0.24151785714285715,0.07518241167434717,126.26666666666667,121.76666666666667,4.5,129.86666666666665,109.23333333333335,20.633333333333297,0.25,1.0,-0.75,-9.0,12.0,-21.0,0.53366897299609,0.6546875,-0.12101852700391003,0.09893201633487805,0.13548111762470316,-0.03654910128982511,0.2940614486667118,0.27330586080586083,0.020755587860850966,0.2754039894916911,0.2215795693277311,0.053824420163959996,115.25,128.075,-12.824999999999989,126.375,111.85000000000001,14.524999999999991,0.25,1.0,-0.75,-9.0,12.0,-21.0,0.53366897299609,0.6546875,-0.12101852700391003,0.09893201633487805,0.13548111762470316,-0.03654910128982511,0.2940614486667118,0.27330586080586083,0.020755587860850966,0.2754039894916911,0.2215795693277311,0.053824420163959996,115.25,128.075,-12.824999999999989,126.375,111.85000000000001,14.524999999999991,train,2024-12-29,2025-02-26
S43G01N25,2023-2024,2023-11-04,50,창원 LG,55,서울 SK,1,6,5,6,5,2.0,6.0,-4.0,0.0,0.0,0.0,0.0,0.0,0.0,0.0,0.0,0.0,0.0,0.0,0.0,3.0,0.0,3.0,0.0,2.0,-2.0,1502.10655493366,1513.0076804441114,-10.901125510451493,0.577231378851747,0.422768621148253,0.15446275770349405,-10.901125510451493,0.577231378851747,1.0,0.3333333333333333,0.6666666666666667,14.666666666666666,-0.6666666666666666,15.333333333333332,0.5626198964434258,0.509977650063857,0.052642246379568824,0.09021597852533492,0.10047144384269396,-0.010255465317359047,0.38840788840788837,0.3528743028743029,0.03553358553358549,0.28776844070961716,0.34668524323696737,-0.05891680252735021,125.53333333333332,116.03333333333335,9.499999999999972,105.53333333333335,117.26666666666667,-11.73333333333332,0.6,0.6,0.0,6.6,3.6,2.9999999999999996,0.5248787294351421,0.5215625563605493,0.0033161730745928653,0.11777022110029453,0.09103516056379796,0.026735060536496574,0.37748917748917743,0.31710092581060323,0.0603882516785742,0.29261422601827614,0.28654157074126196,0.006072655277014172,115.4,115.7,-0.29999999999999716,106.61999999999998,111.92,-5.300000000000026,0.5,0.6,-0.09999999999999998,4.666666666666667,3.6,1.0666666666666669,0.5042849061082325,0.5215625563605493,-0.017277650252316756,0.1182002024851105,0.09103516056379796,0.02716504192131254,0.3761685174728653,0.31710092581060323,0.05906759166226205,0.26577501290996697,0.28654157074126196,-0.020766557831294996,110.95,115.7,-4.75,105.61666666666667,111.92,-6.3033333333333275,train,2024-12-29,2025-02-26
S43G01N26,2023-2024,2023-11-04,70,안양 정관장,66,고양 소노,0,4,5,4,5,2.0,2.0,0.0,0.0,0.0,0.0,0.0,0.0,0.0,0.0,0.0,0.0,0.0,0.0,0.0,1.0,0.0,1.0,0.0,1.0,-1.0,1501.0051182595982,1471.4298369333753,29.57528132622292,0.6328398088052535,0.3671601911947465,0.26567961761050696,29.57528132622292,0.6328398088052535,0.6666666666666666,0.3333333333333333,0.3333333333333333,5.0,-7.666666666666667,12.666666666666668,0.452849493210939,0.5415994680700562,-0.08874997485911723,0.10465634385302926,0.0918668301096373,0.012789513743391961,0.3014383989993746,0.14544953254630674,0.15598886645306784,0.21305539618792632,0.2464278640749229,-0.033372467886996576,102.83333333333333,110.5,-7.666666666666671,98.10000000000001,121.93333333333332,-23.833333333333314,0.5,0.2,0.3,0.0,-11.0,11.0,0.46866937797272035,0.5249596808420337,-0.05629030286931336,0.11362255937163193,0.08371954965971105,0.029903009711920878,0.28857879924953095,0.20078323304129758,0.08779556620823337,0.20817864391513827,0.2507138613020966,-0.04253521738695834,103.45,112.04,-8.590000000000003,103.95,127.28,-23.33,0.5,0.2,0.3,0.0,-11.0,11.0,0.46866937797272035,0.5249596808420337,-0.05629030286931336,0.11362255937163193,0.08371954965971105,0.029903009711920878,0.28857879924953095,0.20078323304129758,0.08779556620823337,0.20817864391513827,0.2507138613020966,-0.04253521738695834,103.45,112.04,-8.590000000000003,103.95,127.28,-23.33,train,2024-12-29,2025-02-26
S43G01N27,2023-2024,2023-11-04,35,서울 삼성,06,수원 KT,0,5,4,5,4,2.0,5.0,-3.0,0.0,0.0,0.0,0.0,0.0,0.0,0.0,0.0,0.0,0.0,0.0,0.0,0.0,0.0,0.0,1.0,3.0,-2.0,1483.4271927688985,1480.6780634262823,2.749129342616243,0.596281577067434,0.403718422932566,0.19256315413486802,2.749129342616243,0.596281577067434,0.3333333333333333,0.0,0.3333333333333333,-13.0,-5.333333333333333,-7.666666666666667,0.4746088382655877,0.4853102453102453,-0.010701407044657607,0.14467998734837703,0.15958807388017401,-0.014908086531796982,0.3515594541910331,0.31666666666666665,0.034892787524366475,0.30494126803015414,0.11494949494949495,0.18999177308065918,101.16666666666667,97.53333333333335,3.6333333333333258,117.86666666666667,105.16666666666667,12.700000000000003,0.4,0.25,0.15000000000000002,-5.0,-2.75,-2.25,0.5317349999290496,0.4776190476190476,0.05411595231000199,0.13221590739330935,0.15515204831793192,-0.022936140924622567,0.36557887877072937,0.3375,0.028078878770729343,0.3082172860706177,0.14303030303030304,0.16518698304031468,113.1,98.3,14.799999999999997,119.05999999999999,101.05,18.00999999999999,0.4,0.25,0.15000000000000002,-5.0,-2.75,-2.25,0.5317349999290496,0.4776190476190476,0.05411595231000199,0.13221590739330935,0.15515204831793192,-0.022936140924622567,0.36557887877072937,0.3375,0.028078878770729343,0.3082172860706177,0.14303030303030304,0.16518698304031468,113.1,98.3,14.799999999999997,119.05999999999999,101.05,18.00999999999999,train,2024-12-29,2025-02-26
S43G01N28,2023-2024,2023-11-05,10,울산 현대모비스,16,원주 DB,0,6,5,6,5,2.0,2.0,0.0,0.0,0.0,0.0,0.0,0.0,0.0,0.0,0.0,0.0,0.0,0.0,0.0,0.0,5.0,-5.0,1.0,0.0,1.0,1513.519642376525,1551.428117171747,-37.90847479522199,0.5389090124741163,0.46109098752588373,0.07781802494823253,-37.90847479522199,0.5389090124741163,0.3333333333333333,1.0,-0.6666666666666667,-4.0,11.0,-15.0,0.5049567139816938,0.6371212121212121,-0.13216449813951825,0.08563883232410259,0.15710809531948763,-0.07146926299538504,0.2993894993894994,0.2874847374847375,0.011904761904761862,0.30177792929605984,0.22431457431457433,0.07746335498148552,114.3,123.8,-9.5,118.26666666666667,108.53333333333335,9.73333333333332,0.6,1.0,-0.4,0.2,12.6,-12.4,0.49261035380419393,0.6510227272727273,-0.15841237346853332,0.09312659752045575,0.14351369972037142,-0.05038710219991567,0.29433958198664084,0.28018315018315015,0.014156431803490688,0.2891600937138562,0.2075666857652152,0.081593407948641,109.3,126.74000000000001,-17.440000000000012,108.92,109.64000000000001,-0.7200000000000131,0.6666666666666666,1.0,-0.33333333333333337,4.333333333333333,12.6,-8.266666666666666,0.5081648781701616,0.6510227272727273,-0.1428578491025656,0.10169027635375166,0.14351369972037142,-0.04182342336661976,0.29466570103825007,0.28018315018315015,0.014482550855099918,0.28263341142821347,0.2075666857652152,0.07506672566299827,110.39999999999999,126.74000000000001,-16.340000000000018,104.46666666666665,109.64000000000001,-5.17333333333336,train,2024-12-29,2025-02-26
S43G01N29,2023-2024,2023-11-05,64,대구 한국가스공사,70,안양 정관장,0,5,5,5,5,2.0,1.0,1.0,0.0,1.0,-1.0,0.0,0.0,0.0,0.0,0.0,0.0,0.0,0.0,0.0,0.0,0.0,0.0,2.0,1.0,1.0,1470.4415698809416,1488.3483220834933,-17.906752202551615,0.5673606078700366,0.4326393921299634,0.13472121574007323,-17.906752202551615,0.5673606078700366,0.3333333333333333,0.3333333333333333,0.0,-5.666666666666667,3.0,-8.666666666666668,0.5248667114695341,0.496850426917755,0.028016284551779125,0.0855761723160857,0.09986602220518907,-0.014289849889103368,0.3235449735449735,0.3268123306233062,-0.0032673570783327,0.3178113799283154,0.1774189193749789,0.14039246055333648,117.96666666666665,111.09999999999998,6.866666666666674,124.46666666666665,108.0,16.466666666666654,0.2,0.4,-0.2,-10.2,-0.4,-9.799999999999999,0.5122685117302053,0.48228844355464684,0.029980068175558428,0.10246057703568541,0.11933406645465153,-0.016873489418966117,0.3063602700444806,0.28711303939962474,0.01924723064485584,0.27098985826001953,0.19595467983799297,0.07503517842202656,112.35999999999999,104.52000000000001,7.839999999999975,125.38,104.74000000000001,20.639999999999986,0.2,0.4,-0.2,-10.2,-0.4,-9.799999999999999,0.5122685117302053,0.48228844355464684,0.029980068175558428,0.10246057703568541,0.11933406645465153,-0.016873489418966117,0.3063602700444806,0.28711303939962474,0.01924723064485584,0.27098985826001953,0.19595467983799297,0.07503517842202656,112.35999999999999,104.52000000000001,7.839999999999975,125.38,104.74000000000001,20.639999999999986,train,2024-12-29,2025-02-26
S43G01N30,2023-2024,2023-11-06,06,수원 KT,66,고양 소노,1,5,6,5,6,2.0,2.0,0.0,0.0,0.0,0.0,0.0,0.0,0.0,0.0,0.0,0.0,0.0,0.0,0.0,1.0,1.0,0.0,0.0,0.0,0.0,1492.6036949676309,1484.0866331094803,8.517061858150555,0.6042483035885966,0.3957516964114034,0.2084966071771932,8.517061858150555,0.6042483035885966,0.3333333333333333,0.6666666666666666,-0.3333333333333333,-2.6666666666666665,-0.3333333333333333,-2.333333333333333,0.4662626262626263,0.5634002936634516,-0.09713766740082524,0.11827648420915061,0.10935201086882929,0.008924473340321329,0.2963963963963964,0.18818457528134946,0.10821182111504696,0.2109693954470074,0.19663426242373613,0.014335133023271274,103.66666666666667,111.23333333333333,-7.566666666666663,105.69999999999999,112.8,-7.1000000000000085,0.4,0.4,0.0,-1.6,-6.4,4.800000000000001,0.4820952380952381,0.5191326131728609,-0.03703737507762278,0.13148902568774437,0.08750470404085112,0.043984321646893254,0.3078378378378378,0.20313943539749993,0.10469840244033787,0.1920361827227499,0.22537551543743498,-0.03333933271468509,102.82000000000001,109.67999999999999,-6.859999999999985,102.94000000000001,119.63999999999999,-16.699999999999974,0.4,0.3333333333333333,0.06666666666666671,-1.6,-8.833333333333334,7.233333333333334,0.4820952380952381,0.5218962252630983,-0.039800987167860236,0.13148902568774437,0.08477454592308954,0.04671447976465483,0.3078378378378378,0.21432790787629497,0.09350992996154284,0.1920361827227499,0.23305102476929104,-0.041014842046541156,102.82000000000001,111.35000000000001,-8.530000000000001,102.94000000000001,124.19999999999999,-21.259999999999977,train,2024-12-29,2025-02-26
S43G01N31,2023-2024,2023-11-07,70,안양 정관장,60,부산 KCC,1,6,3,6,3,2.0,4.0,-2.0,0.0,0.0,0.0,0.0,0.0,0.0,0.0,0.0,0.0,0.0,0.0,0.0,1.0,1.0,0.0,0.0,0.0,0.0,1499.695534240894,1512.9562238048604,-13.26068956396648,0.5739132802910928,0.4260867197089072,0.14782656058218557,-13.26068956396648,0.5739132802910928,0.6666666666666666,0.6666666666666666,0.0,10.333333333333334,2.3333333333333335,8.0,0.5525927238365226,0.5795433789954338,-0.026950655158911263,0.11614996395289823,0.09369651765207972,0.02245344630081851,0.30765524250070087,0.3422985616534004,-0.034643319152699525,0.14534609024332626,0.19488584474885842,-0.04953975450553216,116.33333333333333,124.36666666666667,-8.033333333333346,102.83333333333333,120.33333333333333,-17.5,0.6,0.6666666666666666,-0.06666666666666665,4.8,2.3333333333333335,2.4666666666666663,0.4996508723971516,0.5795433789954338,-0.07989250659828223,0.11981486576463755,0.09369651765207972,0.026118348112557838,0.2922854531927282,0.3422985616534004,-0.050013108460672195,0.18371559065393223,0.19488584474885842,-0.011170254094926196,107.42,124.36666666666667,-16.946666666666673,102.14,120.33333333333333,-18.193333333333328,0.5,0.6666666666666666,-0.16666666666666663,1.5,2.3333333333333335,-0.8333333333333335,0.5023972323739704,0.5795433789954338,-0.07714614662146346,0.12326592245843797,0.09369651765207972,0.02956940480635825,0.2852378776606068,0.3422985616534004,-0.05706068399279357,0.18535439006107257,0.19488584474885842,-0.00953145468778585,107.06666666666666,124.36666666666667,-17.30000000000001,105.36666666666667,120.33333333333333,-14.966666666666654,train,2024-12-29,2025-02-26
S43G01N32,2023-2024,2023-11-07,16,원주 DB,35,서울 삼성,1,6,6,6,6,2.0,3.0,-1.0,0.0,0.0,0.0,0.0,0.0,0.0,0.0,0.0,0.0,0.0,0.0,0.0,6.0,0.0,6.0,0.0,2.0,-2.0,1562.2062974212295,1471.50156122755,90.70473619367954,0.7101903102014878,0.2898096897985122,0.42038062040297564,90.70473619367954,0.7101903102014878,1.0,0.3333333333333333,0.6666666666666667,11.0,-7.0,18.0,0.5761562998405103,0.4859709466426214,0.0901853531978889,0.1393178447302592,0.13939466918335044,-7.682445309123431e-05,0.32374204742625795,0.405026455026455,-0.08128440760019706,0.2812068048910154,0.34104453547670516,-0.05983773058568975,118.16666666666667,107.46666666666665,10.700000000000017,103.96666666666668,118.0,-14.033333333333317,1.0,0.4,0.6,10.6,-4.4,15.0,0.5944437799043063,0.4902935584876082,0.10415022141669811,0.1363437918454588,0.12909494049332912,0.007248851352129687,0.2947580489685753,0.4092040707830181,-0.1144460218144428,0.24363479722032358,0.36437344222677387,-0.12073864500645029,119.44000000000001,110.03999999999999,9.40000000000002,105.54,116.04,-10.5,1.0,0.3333333333333333,0.6666666666666667,12.333333333333334,-4.666666666666667,17.0,0.6203698165869219,0.5196890765174512,0.1006807400694707,0.13194827228568295,0.13043103663901742,0.0015172356466655323,0.2905035023456076,0.3840141450073538,-0.09351064266174619,0.22998978199732845,0.32216305370749676,-0.09217327171016831,124.03333333333335,112.66666666666667,11.366666666666674,107.89999999999999,119.36666666666667,-11.466666666666683,train,2024-12-29,2025-02-26
S43G01N33,2023-2024,2023-11-09,06,수원 KT,64,대구 한국가스공사,1,6,6,6,6,3.0,4.0,-1.0,0.0,0.0,0.0,0.0,0.0,0.0,0.0,0.0,0.0,0.0,0.0,0.0,2.0,0.0,2.0,0.0,3.0,-3.0,1500.5187288958589,1459.094357723541,41.42437117231793,0.6485400343253505,0.35145996567464954,0.2970800686507009,41.42437117231793,0.6485400343253505,0.6666666666666666,0.0,0.6666666666666666,10.666666666666666,-10.0,20.666666666666664,0.5691666666666667,0.46342245471277727,0.10574421195388944,0.10775457178498438,0.08657404739760116,0.021180524387383215,0.35639639639639636,0.30925925925925923,0.04713713713713713,0.2542143449419569,0.27741160515354063,-0.023197260211583748,123.13333333333334,107.33333333333333,15.800000000000011,106.09999999999998,120.33333333333333,-14.233333333333348,0.4,0.2,0.2,4.6,-7.4,12.0,0.5286861471861471,0.5233659728276664,0.005320174358480756,0.1357086857376671,0.0875250756666158,0.04818361007105129,0.3238378378378378,0.32899184899184897,-0.005154011154011151,0.20283163726820447,0.27582196309212437,-0.0729903258239199,110.01999999999998,117.62,-7.600000000000023,102.24000000000001,126.16,-23.919999999999987,0.5,0.16666666666666666,0.33333333333333337,4.666666666666667,-10.333333333333334,15.0,0.5163293650793651,0.5068453813967927,0.009483983682572417,0.13673123338659018,0.1005836925973773,0.03614754078921288,0.33653153153153154,0.31363355837040047,0.02289797316113107,0.20690515226895823,0.2551041611626289,-0.04819900889367068,108.45,111.71666666666665,-3.2666666666666515,99.98333333333333,124.45,-24.46666666666667,train,2024-12-29,2025-02-26
S43G01N34,2023-2024,2023-11-09,10,울산 현대모비스,35,서울 삼성,1,7,7,7,7,4.0,2.0,2.0,0.0,0.0,0.0,0.0,0.0,0.0,0.0,0.0,0.0,0.0,0.0,0.0,0.0,0.0,0.0,2.0,3.0,-1.0,1502.7414621270427,1465.7053674315796,37.036094695463134,0.6427607800460199,0.3572392199539801,0.2855215600920398,37.036094695463134,0.6427607800460199,0.3333333333333333,0.0,0.3333333333333333,-4.0,-20.333333333333332,16.333333333333332,0.48587579490077476,0.42630234096661224,0.059573453934162524,0.09855587653642355,0.1580859479667864,-0.05953007143036286,0.36096203538064,0.34947089947089943,0.011491135909740546,0.21286684038497095,0.31574927723591545,-0.1028824368509445,110.33333333333333,92.33333333333333,18.0,112.93333333333334,121.26666666666667,-8.333333333333329,0.4,0.2,0.2,-2.4,-15.6,13.2,0.48857856469777794,0.4569850637037035,0.03159350099407443,0.10475556852809656,0.14879185371169462,-0.04403628518359806,0.3327116750098966,0.345062656641604,-0.012350981631707392,0.25946441625698474,0.32035953263909384,-0.060895116382109094,108.9,97.67999999999999,11.220000000000013,111.52000000000001,119.4,-7.8799999999999955,0.5714285714285714,0.2857142857142857,0.2857142857142857,2.142857142857143,-9.142857142857142,11.285714285714285,0.49772202915512925,0.502824829052429,-0.005102799897299726,0.10889592508096128,0.13871412049712697,-0.02981819541616569,0.3156935244779685,0.35693275921265244,-0.04123923473468394,0.27008652333921085,0.3182943270654422,-0.048207803726231346,108.8,107.2,1.5999999999999943,105.32857142857142,119.81428571428572,-14.485714285714295,train,2024-12-29,2025-02-26
S43G01N35,2023-2024,2023-11-10,50,창원 LG,60,부산 KCC,1,7,4,7,4,6.0,3.0,3.0,0.0,0.0,0.0,0.0,0.0,0.0,0.0,0.0,0.0,0.0,0.0,0.0,4.0,0.0,4.0,0.0,1.0,-1.0,1510.561927356625,1504.4344894106823,6.1274379459425745,0.6009541802767702,0.39904581972322983,0.20190836055354033,6.1274379459425745,0.6009541802767702,1.0,0.3333333333333333,0.6666666666666667,18.0,-0.3333333333333333,18.333333333333332,0.4974089635854342,0.5214585012087027,-0.024049537623268558,0.09341298506661459,0.12303157161224394,-0.02961858654562935,0.33773633773633777,0.3356421356421356,0.002094202094202191,0.2861344537815126,0.2009293580445877,0.08520509573692489,111.66666666666667,109.43333333333334,2.2333333333333343,86.83333333333333,111.7,-24.866666666666674,0.8,0.5,0.30000000000000004,10.8,1.25,9.55,0.5258912655971479,0.5486281224818694,-0.02273685688472149,0.0993016908805391,0.10682209584139898,-0.007520404960859886,0.34629259629259634,0.3162477307638598,0.03004486552873653,0.23644257703081234,0.21234085414987913,0.024101722880933207,115.1,116.075,-0.9750000000000085,100.3,115.225,-14.924999999999997,0.5714285714285714,0.5,0.0714285714285714,6.714285714285714,1.25,5.464285714285714,0.4973702556557959,0.5486281224818694,-0.05125786682607353,0.11383950937315225,0.10682209584139898,0.0070174135317532665,0.3517341871379139,0.3162477307638598,0.035486456374054065,0.2509163976203078,0.21234085414987913,0.038575543470428686,108.81428571428572,116.075,-7.260714285714286,100.47142857142856,115.225,-14.753571428571433,train,2024-12-29,2025-02-26
S43G01N36,2023-2024,2023-11-10,16,원주 DB,70,안양 정관장,0,7,7,7,7,3.0,3.0,0.0,0.0,0.0,0.0,0.0,0.0,0.0,0.0,0.0,0.0,0.0,0.0,0.0,7.0,2.0,5.0,0.0,0.0,0.0,1568.0024912171998,1508.217268635072,59.785222582127744,0.6722372892277014,0.32776271077229857,0.34447457845540286,59.785222582127744,0.6722372892277014,1.0,0.6666666666666666,0.33333333333333337,20.666666666666668,3.6666666666666665,17.0,0.5525076511918617,0.5344913327649901,0.01801631842687168,0.12040767738027708,0.12676602087131114,-0.006358343491034063,0.3479123215965321,0.2711741084585912,0.07673821313794094,0.2230986967829073,0.17043194089229896,0.05266675589060835,118.13333333333333,109.5,8.633333333333326,91.46666666666665,102.53333333333335,-11.066666666666691,1.0,0.6,0.4,16.0,4.4,11.6,0.5865045907151171,0.5114521146331765,0.07505247608194054,0.13138065799924992,0.10754320688855416,0.023837451110695754,0.3196997739103002,0.30254186344913847,0.01715791046116172,0.2381449323554587,0.17929875145448435,0.05884618090097435,120.88,110.6,10.280000000000001,99.84,104.74000000000001,-4.900000000000006,1.0,0.5714285714285714,0.4285714285714286,15.714285714285714,1.5714285714285714,14.142857142857142,0.6108961362250837,0.4968787871694074,0.11401734905567623,0.1290210718056634,0.11925547144292303,0.009765600362740379,0.3052800582875771,0.2811196460534139,0.02416041223416321,0.22223062395137805,0.1920014854767786,0.03022913847459946,123.81428571428572,106.04285714285713,17.771428571428586,103.11428571428573,103.34285714285714,-0.22857142857141355,train,2024-12-29,2025-02-26
S43G01N37,2023-2024,2023-11-11,35,서울 삼성,55,서울 SK,0,8,6,8,6,2.0,7.0,-5.0,0.0,0.0,0.0,0.0,0.0,0.0,0.0,0.0,0.0,0.0,0.0,0.0,0.0,0.0,0.0,4.0,3.0,1.0,1458.5605830325,1504.5523080211465,-45.99172498864641,0.5273278461463667,0.47267215385363326,0.05465569229273348,-45.99172498864641,0.5273278461463667,0.0,0.0,0.0,-15.666666666666666,-10.666666666666666,-5.0,0.4354704345739182,0.4512525788387858,-0.01578214426486757,0.14776165697227792,0.11931726914013215,0.02844438783214577,0.2902116402116402,0.2828042328042328,0.007407407407407418,0.31753295303500223,0.3105029070546312,0.007030045980371047,92.10000000000001,98.03333333333335,-5.933333333333337,114.89999999999999,112.93333333333334,1.9666666666666544,0.2,0.4,-0.2,-13.0,-3.2,-9.8,0.46097293683803187,0.4825881973861902,-0.02161526054815832,0.14799245911986547,0.11340657083955566,0.03458588828030981,0.32190476190476186,0.294878703588381,0.027026058316380885,0.316768114728646,0.28961849381818505,0.02714962091046097,97.64,105.32000000000001,-7.680000000000007,115.56000000000002,110.05999999999999,5.500000000000028,0.25,0.5,-0.25,-9.0,-0.16666666666666666,-8.833333333333334,0.4956357879208753,0.4897636687619961,0.0058721191588791966,0.13804556348542257,0.10030056146689907,0.0377450020185235,0.3373161643110709,0.30128780854587306,0.03602835576519786,0.31171066118226193,0.26698977048951317,0.04472089069274876,105.225,108.01666666666667,-2.7916666666666714,117.5,109.26666666666667,8.233333333333334,train,2024-12-29,2025-02-26
S43G01N38,2023-2024,2023-11-11,64,대구 한국가스공사,66,고양 소노,0,7,7,7,7,2.0,5.0,-3.0,0.0,0.0,0.0,0.0,0.0,0.0,0.0,0.0,0.0,0.0,0.0,0.0,0.0,0.0,0.0,4.0,1.0,3.0,1452.065158410048,1476.1715991812523,-24.106440771204234,0.5585802968181512,0.44141970318184875,0.11716059363630249,-24.106440771204234,0.5585802968181512,0.0,0.3333333333333333,-0.3333333333333333,-16.0,-16.0,0.0,0.4485967785967786,0.47037545063860847,-0.021778672041829872,0.10146414924422476,0.10076828828152024,0.0006958609627045198,0.3204565030146425,0.19963852572548224,0.12081797728916027,0.24401310401310403,0.1446277104171841,0.09938539359591991,101.8,97.46666666666665,4.333333333333343,122.96666666666665,121.3,1.6666666666666572,0.2,0.4,-0.2,-10.0,-11.4,1.4000000000000004,0.49874476070645424,0.49924844328869095,-0.0005036825822367086,0.08890922896840331,0.08720129807287821,0.001707930895525095,0.3152897748246586,0.18281041072064913,0.13247936410400946,0.286428023698185,0.2092365192984388,0.07719150439974617,111.7,104.92,6.780000000000001,124.17999999999999,122.23999999999998,1.940000000000012,0.14285714285714285,0.2857142857142857,-0.14285714285714285,-12.0,-12.714285714285714,0.7142857142857135,0.4972094611106708,0.4994631737776364,-0.002253712666965557,0.1000172161531695,0.08271482119057635,0.017302394962593143,0.305373614815825,0.21165994588154477,0.09371366893428021,0.2619507528580109,0.22292404439684405,0.03902670846116685,109.48571428571428,107.61428571428571,1.8714285714285666,124.91428571428571,125.97142857142856,-1.0571428571428498,train,2024-12-29,2025-02-26
S43G01N39,2023-2024,2023-11-11,06,수원 KT,10,울산 현대모비스,1,7,8,7,8,2.0,2.0,0.0,0.0,0.0,0.0,0.0,0.0,0.0,0.0,0.0,0.0,0.0,0.0,0.0,3.0,1.0,2.0,0.0,0.0,0.0,1507.5479282093518,1509.8862465261222,-2.338318316770483,0.5892122059086149,0.4107877940913851,0.1784244118172298,-2.338318316770483,0.5892122059086149,1.0,0.3333333333333333,0.6666666666666667,20.333333333333332,-5.0,25.333333333333332,0.5848880597014925,0.478676039998814,0.10621201970267852,0.09091213516379776,0.1296335375774817,-0.038721402413683936,0.3494998446722584,0.33065900507760976,0.018840839594648662,0.32758084577114427,0.20306291881634345,0.12451792695480082,128.4,102.76666666666667,25.63333333333334,97.26666666666667,108.7,-11.433333333333337,0.6,0.4,0.19999999999999996,10.0,-3.0,13.0,0.5306904115784713,0.4915495154020033,0.03914089617646799,0.1181457845903702,0.11274691162200123,0.005398872968368967,0.3496999068033551,0.3164906411418039,0.03320926566155119,0.24551820443238354,0.27002779653867487,-0.024509592106291334,115.05999999999999,108.67999999999999,6.3799999999999955,99.67999999999999,111.34,-11.66000000000001,0.5714285714285714,0.625,-0.0535714285714286,7.142857142857143,2.875,4.267857142857143,0.523591481368667,0.4989833380107381,0.02460814335792888,0.12762065696616015,0.11461996490752605,0.013000692058634106,0.3426427905738251,0.30653486422125276,0.03610792635257232,0.22212339277637788,0.26757570792180946,-0.04545231514543158,111.2,107.8625,3.3375000000000057,99.42857142857143,103.5875,-4.158928571428575,train,2024-12-29,2025-02-26
S43G01N40,2023-2024,2023-11-12,16,원주 DB,55,서울 SK,1,8,7,8,7,2.0,1.0,1.0,0.0,1.0,-1.0,0.0,0.0,0.0,0.0,0.0,0.0,0.0,0.0,0.0,0.0,1.0,-1.0,1.0,0.0,1.0,1554.5577454326458,1515.0988649440737,39.45888048857205,0.6459567917016628,0.35404320829833724,0.2919135834033255,39.45888048857205,0.6459567917016628,0.6666666666666666,0.3333333333333333,0.3333333333333333,14.0,-6.333333333333333,20.333333333333332,0.5222046208888315,0.46390483480035716,0.058299786088474304,0.09621605830118928,0.11149186024520454,-0.01527580194401526,0.33136972440877366,0.3068783068783069,0.02449141753046674,0.3140077876919983,0.28699973326838996,0.02700805442360832,117.16666666666667,103.16666666666667,14.0,99.93333333333334,114.03333333333335,-14.100000000000009,0.8,0.4,0.4,12.8,-3.8,16.6,0.5655954998060262,0.46766282425186184,0.09793267555416435,0.12649611479642098,0.11256522064075662,0.013930894155664356,0.32464601046944,0.31728013728013726,0.007365873189302763,0.2887077029182293,0.31051401620624475,-0.021806313288015466,119.1,105.08,14.019999999999996,102.5,110.7,-8.200000000000003,0.875,0.5714285714285714,0.3035714285714286,13.125,0.14285714285714285,12.982142857142858,0.6027159373787663,0.4880277075529263,0.11468822982583998,0.1257770841881781,0.10236965349924157,0.023407430688936526,0.299378115517759,0.3018974866901134,-0.002519371172354401,0.24748209898775883,0.2778888864323759,-0.030406787444617084,123.15,107.97142857142856,15.178571428571445,106.0,108.75714285714287,-2.757142857142867,train,2024-12-29,2025-02-26
S43G01N41,2023-2024,2023-11-12,70,안양 정관장,50,창원 LG,1,8,8,8,8,2.0,2.0,0.0,0.0,0.0,0.0,0.0,0.0,0.0,0.0,0.0,0.0,0.0,0.0,0.0,3.0,5.0,-2.0,0.0,0.0,0.0,1521.662014419626,1518.5428437510895,3.119170668536526,0.5967942574029502,0.4032057425970498,0.19358851480590045,3.119170668536526,0.5967942574029502,1.0,1.0,0.0,6.0,17.666666666666668,-11.666666666666668,0.5266223957164864,0.5435729847494554,-0.016950589032968977,0.10731342151937802,0.08255056846492978,0.02476285305444824,0.32272325375773653,0.29985754985754987,0.022865703900186662,0.23544742076845995,0.2554466230936819,-0.019999202325221926,115.3,118.33333333333333,-3.0333333333333314,106.06666666666668,94.19999999999999,11.866666666666688,0.8,1.0,-0.19999999999999996,7.6,16.6,-9.000000000000002,0.5269408364376877,0.5593039640098463,-0.032363127572158534,0.10549299078789169,0.08129856862349692,0.02419442216439477,0.3230546839619589,0.3240703740703741,-0.0010156901084151793,0.20200551837177758,0.2494584500466853,-0.04745293167490772,115.02000000000001,122.61999999999998,-7.599999999999966,103.64000000000001,99.98,3.660000000000011,0.625,0.625,0.0,2.0,8.375,-6.375,0.4989136756153367,0.5167961959210436,-0.017882520305706917,0.11482632460392396,0.10563076530651785,0.009195559297406106,0.3004668697839167,0.3390174137456746,-0.038550543961757944,0.2107644576869181,0.24732962569554712,-0.03656516800862902,108.5625,112.775,-4.212500000000006,105.2375,102.125,3.112499999999997,train,2024-12-29,2025-02-26
S43G01N42,2023-2024,2023-11-12,66,고양 소노,60,부산 KCC,1,8,5,8,5,1.0,2.0,-1.0,1.0,0.0,1.0,0.0,0.0,0.0,0.0,0.0,0.0,0.0,0.0,0.0,1.0,0.0,1.0,0.0,2.0,-2.0,1487.3432051176153,1496.4535730162177,-9.110367898602362,0.5797449762524644,0.42025502374753565,0.1594899525049287,-9.110367898602362,0.5797449762524644,0.6666666666666666,0.3333333333333333,0.3333333333333333,-8.0,-3.3333333333333335,-4.666666666666666,0.5210368262999842,0.5066919671094244,0.014344859190559722,0.10270549582669591,0.10006900216556362,0.0026364936611322914,0.2544725805595371,0.2771765271765272,-0.0227039466169901,0.21896633475580843,0.28672991777356105,-0.06776358301775262,109.86666666666667,109.7,0.1666666666666714,123.76666666666667,116.06666666666668,7.699999999999989,0.6,0.4,0.19999999999999996,-5.4,-3.0,-2.4000000000000004,0.5493464825043771,0.5437412076629149,0.005605274841462227,0.10922459856931872,0.09813516146013743,0.011089437109181297,0.20918403709427552,0.2807759623888656,-0.07159192529459008,0.2204129898866741,0.2569694575134517,-0.03655646762677758,111.08,115.6,-4.519999999999996,120.17999999999999,120.28,-0.10000000000000853,0.375,0.4,-0.025000000000000022,-9.875,-3.0,-6.875,0.5234886103887652,0.5437412076629149,-0.020252597274149742,0.09083927947233038,0.09813516146013743,-0.0072958819878070486,0.22091673836063738,0.2807759623888656,-0.059859224028228214,0.23880853884723854,0.2569694575134517,-0.01816091866621314,111.225,115.6,-4.375,125.96249999999999,120.28,5.68249999999999,train,2024-12-29,2025-02-26
S43G01N43,2023-2024,2023-11-13,10,울산 현대모비스,06,수원 KT,0,9,8,9,8,2.0,2.0,0.0,0.0,0.0,0.0,0.0,0.0,0.0,0.0,0.0,0.0,0.0,0.0,0.0,0.0,4.0,-4.0,1.0,0.0,1.0,1501.6704906442947,1515.7636840911794,-14.093193446884698,0.5727409789376611,0.42725902106233893,0.14548195787532214,-14.093193446884698,0.5727409789376611,0.3333333333333333,1.0,-0.6666666666666667,-1.3333333333333333,19.666666666666668,-21.0,0.4578109968734969,0.5928245676380004,-0.1350135707645035,0.13275584510107397,0.12387830320454633,0.008877541896527633,0.3500461220257023,0.4138877620013523,-0.06384163997565001,0.22697210197210196,0.2828836965963832,-0.05591159462428122,100.86666666666667,124.83333333333333,-23.966666666666654,104.03333333333335,94.46666666666665,9.566666666666691,0.4,0.8,-0.4,-1.0,11.0,-12.0,0.479199088051576,0.5596947405828003,-0.08049565253122432,0.10836106949365469,0.10639127061755456,0.0019697988761001317,0.33823280142054957,0.3661704950386492,-0.027937693618099613,0.2249423264532048,0.26600882492300404,-0.041066498469799234,106.88,121.46,-14.579999999999998,108.08,103.3,4.780000000000001,0.5555555555555556,0.625,-0.06944444444444442,2.4444444444444446,6.375,-3.9305555555555554,0.49138025107127337,0.523618736673774,-0.032238485602500644,0.11204546593619241,0.1286350047565451,-0.01658953882035269,0.3131258413674008,0.34760655939915575,-0.03448071803175495,0.26407964160950964,0.22610400042536238,0.03797564118414726,107.22222222222223,111.075,-3.8527777777777743,104.32222222222222,99.7625,4.55972222222222,train,2024-12-29,2025-02-26
S43G01N44,2023-2024,2023-11-14,16,원주 DB,60,부산 KCC,1,9,6,9,6,2.0,2.0,0.0,0.0,0.0,0.0,0.0,0.0,0.0,0.0,0.0,0.0,0.0,0.0,0.0,1.0,0.0,1.0,0.0,3.0,-3.0,1561.6386095986124,1488.0484725412668,73.5901370573456,0.6895013194765754,0.31049868052342455,0.3790026389531509,73.5901370573456,0.6895013194765754,0.6666666666666666,0.0,0.6666666666666666,20.333333333333332,-10.333333333333334,30.666666666666664,0.587931437931438,0.5128030782205356,0.07512835971090237,0.103361219029025,0.10478438266868366,-0.0014231636396586644,0.3207829125515444,0.16137566137566137,0.15940725117588303,0.2618774618774619,0.3389521399957833,-0.07707467811832136,127.63333333333334,106.46666666666668,21.166666666666657,102.36666666666667,120.36666666666667,-18.0,0.8,0.2,0.6000000000000001,17.4,-6.0,23.4,0.573452642663169,0.5293804770693077,0.04407216559386129,0.11196976406047202,0.1074498064866852,0.004519957573786815,0.3224292617009671,0.2505916305916306,0.0718376311093365,0.25585056006108636,0.27098772235363433,-0.015137162292547968,122.96,111.3,11.659999999999997,101.42,119.25999999999999,-17.83999999999999,0.8888888888888888,0.3333333333333333,0.5555555555555556,15.0,-4.0,19.0,0.6095570237017606,0.5461732286079847,0.0633837950937759,0.12241925453346363,0.09924045016038169,0.023178804373081938,0.3005966390809199,0.25183711151453086,0.048759527566389016,0.2406190086240396,0.26691899237232086,-0.02629998374828127,125.23333333333332,115.41666666666667,9.816666666666649,106.05555555555556,120.35000000000001,-14.294444444444451,train,2024-12-29,2025-02-26
S43G01N45,2023-2024,2023-11-14,35,서울 삼성,70,안양 정관장,0,9,9,9,9,3.0,2.0,1.0,0.0,0.0,0.0,0.0,0.0,0.0,0.0,0.0,0.0,0.0,0.0,0.0,0.0,4.0,-4.0,5.0,0.0,5.0,1448.0140261095728,1529.726129271567,-81.71210316199426,0.47596788203425405,0.5240321179657459,-0.04806423593149184,-81.71210316199426,0.47596788203425405,0.0,1.0,-1.0,-15.333333333333334,7.0,-22.333333333333336,0.4356506147540984,0.516818474147859,-0.08116785939376059,0.13731653785592038,0.12337072812764072,0.013945809728279662,0.2425925925925926,0.34188034188034183,-0.09928774928774922,0.24468010018214936,0.23544742076845995,0.00923267941368941,90.5,111.7,-21.200000000000003,110.5,101.10000000000001,9.399999999999991,0.0,0.8,-0.8,-14.2,6.0,-20.2,0.43684390457996736,0.5380322609593037,-0.10118835637933632,0.13955896676446725,0.13104349632940443,0.008515470435062816,0.3163492063492064,0.3165506189213086,-0.00020141257210221086,0.2772412330082159,0.19715080540225244,0.08009042760596347,94.82000000000001,112.74000000000001,-17.92,114.55999999999999,103.94000000000001,10.619999999999976,0.2222222222222222,0.6666666666666666,-0.4444444444444444,-8.222222222222221,3.3333333333333335,-11.555555555555555,0.491676255929667,0.5072043129652666,-0.015528057035599563,0.1327262037113184,0.12330085768150553,0.009425346029812876,0.3368736275357668,0.30411869906718514,0.032754928468581634,0.296335402532381,0.20205206696353503,0.09428333556884597,105.27777777777777,108.61111111111111,-3.333333333333343,116.41111111111111,103.94444444444444,12.466666666666669,train,2024-12-29,2025-02-26
S43G01N46,2023-2024,2023-11-16,16,원주 DB,10,울산 현대모비스,1,10,10,10,10,2.0,3.0,-1.0,0.0,0.0,0.0,0.0,0.0,0.0,0.0,0.0,0.0,0.0,0.0,0.0,2.0,0.0,2.0,0.0,2.0,-2.0,1567.848583209081,1490.2156710655415,77.63291214353944,0.6944615236951258,0.3055384763048742,0.38892304739025163,77.63291214353944,0.6944615236951258,0.6666666666666666,0.3333333333333333,0.3333333333333333,9.0,-3.0,12.0,0.5818181818181818,0.4411677302302302,0.14065045158795159,0.10412185052760696,0.12430808514464071,-0.020186234617033755,0.31909941086804267,0.3194259669869426,-0.0003265561188999233,0.28903318903318903,0.18005505505505504,0.108978133978134,126.03333333333335,95.73333333333333,30.30000000000001,115.76666666666665,101.93333333333334,13.833333333333314,0.8,0.2,0.6000000000000001,14.8,-6.4,21.200000000000003,0.5533227725332989,0.4503437621374265,0.10297901039587237,0.09958891112412152,0.1214273248945776,-0.021838413770456075,0.3386685779402833,0.34156613475388287,-0.0028975568135995444,0.2769761011866275,0.17987078432283912,0.0971053168637884,122.22,98.84,23.379999999999995,104.18000000000002,108.1,-3.9199999999999733,0.9,0.5,0.4,13.7,0.6,13.1,0.6021727499030131,0.48075573947765954,0.12141701042535352,0.12155130542224646,0.11351957310006511,0.00803173232218135,0.3094258640617168,0.3168132572306607,-0.007387393168943934,0.24227139347592136,0.24307708285396412,-0.0008056893780427621,124.47999999999999,104.88,19.599999999999994,106.91,104.30999999999999,2.6000000000000085,train,2024-12-29,2025-02-26
S43G01N47,2023-2024,2023-11-16,64,대구 한국가스공사,55,서울 SK,0,8,8,8,8,5.0,4.0,1.0,0.0,0.0,0.0,0.0,0.0,0.0,0.0,0.0,0.0,0.0,0.0,0.0,0.0,0.0,0.0,5.0,1.0,4.0,1440.893552473685,1508.018000778107,-67.124448304422,0.4969427112300111,0.5030572887699889,-0.006114577539977795,-67.124448304422,0.4969427112300111,0.0,0.3333333333333333,-0.3333333333333333,-14.333333333333334,-15.666666666666666,1.3333333333333321,0.5089386589386589,0.40834927924480163,0.10058937969385723,0.1065285720195298,0.11384665893463547,-0.007318086915105673,0.33986901897888266,0.29713804713804715,0.04273097184083552,0.24674814674814674,0.25880108006973673,-0.012052933321589993,110.16666666666667,94.60000000000001,15.566666666666663,128.0,114.53333333333335,13.466666666666654,0.0,0.2,-0.2,-12.4,-12.0,-0.40000000000000036,0.4874707222449158,0.44960726869630624,0.03786345354860954,0.09762171756911123,0.11057284364837963,-0.012951126079268405,0.31947696694288513,0.3035209235209235,0.015956043421961608,0.2793607160058773,0.3077362384284669,-0.028375522422589616,108.8,101.66,7.140000000000001,125.04,117.28000000000002,7.759999999999991,0.125,0.5,-0.375,-11.75,-3.625,-8.125,0.5110198169333754,0.47910757744214383,0.031912239491231564,0.10398607515462704,0.09958947245286202,0.0043966027017650205,0.31892605089488135,0.3096148463083947,0.009311204586486654,0.26189921644306724,0.27613888673944004,-0.014239670296372797,111.5375,107.7875,3.75,126.3625,112.9,13.462499999999991,train,2024-12-29,2025-02-26
S43G01N48,2023-2024,2023-11-17,60,부산 KCC,66,고양 소노,1,7,9,7,9,3.0,5.0,-2.0,0.0,0.0,0.0,0.0,0.0,0.0,0.0,0.0,0.0,0.0,0.0,0.0,0.0,2.0,-2.0,4.0,0.0,4.0,1481.8384989307983,1495.748305592566,-13.909806661767789,0.5729992881200023,0.42700071187999766,0.14599857624000467,-13.909806661767789,0.5729992881200023,0.0,0.6666666666666666,-0.6666666666666666,-10.333333333333334,-5.666666666666667,-4.666666666666667,0.5232354562999725,0.5535660660660661,-0.030330609766093586,0.08164746084581924,0.10836929121863341,-0.02672183037281417,0.20793650793650795,0.23823326432022082,-0.030296756383712875,0.31054590570719603,0.2031281281281281,0.10741777757906792,114.26666666666667,114.13333333333334,0.13333333333332575,126.30000000000001,125.66666666666667,0.63333333333334,0.2,0.6,-0.39999999999999997,-4.2,-5.8,1.5999999999999996,0.5131177443682187,0.5413919370498318,-0.02827419268161313,0.09635239301981145,0.11141125314099276,-0.015058860121181308,0.2632900432900433,0.22359263924481315,0.039697404045230145,0.27126871989490586,0.17622107069475493,0.09504764920015094,111.64000000000001,109.92,1.720000000000013,117.32000000000001,120.85999999999999,-3.539999999999978,0.2857142857142857,0.4444444444444444,-0.15873015873015872,-3.7142857142857144,-7.777777777777778,4.063492063492063,0.5377455512610564,0.5324528388640876,0.005292712396968824,0.09603296655757909,0.09263946102160417,0.003393505535974922,0.2698286352664233,0.22229636002427025,0.04753227524215306,0.25442873338872923,0.22307672588890337,0.03135200749982586,115.3,112.27777777777777,3.0222222222222257,119.97142857142856,124.6888888888889,-4.717460317460336,train,2024-12-29,2025-02-26
S43G01N49,2023-2024,2023-11-17,70,안양 정관장,50,창원 LG,0,10,9,10,9,3.0,5.0,-2.0,0.0,0.0,0.0,0.0,0.0,0.0,0.0,0.0,0.0,0.0,0.0,0.0,5.0,0.0,5.0,0.0,1.0,-1.0,1539.245486912252,1510.4787288991486,28.766758013103527,0.6317577137035963,0.36824228629640365,0.2635154274071927,28.766758013103527,0.6317577137035963,1.0,0.6666666666666666,0.33333333333333337,12.333333333333334,8.333333333333334,4.0,0.5288957688338493,0.4977585051114463,0.03113726372240294,0.12027669065135031,0.07125373439272244,0.049022956258627876,0.317016317016317,0.24694749694749696,0.07006882006882004,0.24272984920598248,0.17500418971007206,0.06772565949591042,114.16666666666667,110.03333333333335,4.133333333333326,99.93333333333334,97.43333333333334,2.5,1.0,0.8,0.19999999999999996,10.0,12.0,-2.0,0.530679319782833,0.505924010629893,0.024755309152939997,0.1197896079562509,0.08126496153532166,0.038524646420929246,0.2966642552849449,0.30978465978465974,-0.013120404499714855,0.21848530935308652,0.24433024491848018,-0.025844935565393662,112.44000000000001,113.82000000000001,-1.3799999999999955,99.9,96.64,3.260000000000005,0.7,0.5555555555555556,0.14444444444444438,4.8,5.888888888888889,-1.0888888888888895,0.5064838816687399,0.5021094391093038,0.004374442559436087,0.11956183720545122,0.1025513797876478,0.01701045741780341,0.29188864734228487,0.3330948439644092,-0.041206196622124325,0.20721999459553975,0.2355180718433353,-0.028298077247795567,108.47999999999999,110.64444444444445,-2.164444444444456,102.32000000000001,102.88888888888889,-0.5688888888888783,train,2024-12-29,2025-02-26
S43G01N50,2023-2024,2023-11-18,06,수원 KT,55,서울 SK,0,9,9,9,9,5.0,2.0,3.0,0.0,0.0,0.0,0.0,0.0,0.0,0.0,0.0,0.0,0.0,0.0,0.0,5.0,1.0,4.0,0.0,0.0,0.0,1527.2185036699325,1517.9568550027072,9.261648667225245,0.6052728097731525,0.39472719022684755,0.2105456195463049,9.261648667225245,0.6052728097731525,1.0,0.6666666666666666,0.33333333333333337,13.0,-8.666666666666666,21.666666666666664,0.5136579009713338,0.45450312539864784,0.05915477557268595,0.10407870866596365,0.08250543450318688,0.021573274162776768,0.3649988731124634,0.31397306397306396,0.051025809139399414,0.27484798231066887,0.28444210571076245,-0.00959412340009358,114.03333333333335,109.2,4.833333333333343,94.0,119.03333333333335,-25.033333333333346,1.0,0.4,0.6,15.6,-9.4,25.0,0.5456947405828003,0.4555223880597016,0.09017235252309874,0.10240306660914089,0.09344153571037553,0.008961530898765363,0.3528371617053158,0.3113997113997114,0.04143745030560442,0.2987707296849088,0.274208386969581,0.024562342715327812,119.92,105.88,14.040000000000006,95.53999999999999,118.7,-23.16000000000001,0.6666666666666666,0.5555555555555556,0.11111111111111105,7.444444444444445,-3.0,10.444444444444445,0.5154388770433547,0.4780101543075467,0.037428722735807995,0.1258470584797147,0.09436885247899501,0.03147820600071968,0.3460206453918422,0.3055162270216034,0.04050441837023877,0.2295527622828618,0.27280721556326293,-0.04325445328040112,110.3111111111111,108.41111111111111,1.8999999999999915,97.98888888888888,112.52222222222223,-14.533333333333346,train,2024-12-29,2025-02-26
S43G01N51,2023-2024,2023-11-18,10,울산 현대모비스,64,대구 한국가스공사,1,11,9,11,9,2.0,2.0,0.0,0.0,0.0,0.0,0.0,0.0,0.0,0.0,0.0,0.0,0.0,0.0,0.0,0.0,0.0,0.0,3.0,6.0,-3.0,1484.104901539444,1430.954698249085,53.15020329035906,0.6637670959257611,0.3362329040742389,0.3275341918515222,53.15020329035906,0.6637670959257611,0.0,0.0,0.0,-8.666666666666666,-11.333333333333334,2.666666666666668,0.41475403975403974,0.5289229289229289,-0.11416888916888918,0.10625740158997782,0.12162095748392003,-0.015363555893942213,0.36264889393079974,0.34031946942933305,0.022329424501466688,0.13135375635375635,0.26755466755466756,-0.1362009112009112,94.60000000000001,110.5,-15.899999999999991,108.83333333333333,125.86666666666667,-17.033333333333346,0.2,0.0,0.2,-5.8,-12.0,6.2,0.43742791086541083,0.4986330366330366,-0.06120512576762577,0.12511805318152636,0.11452739253930233,0.010590660642224026,0.35444627786658417,0.345302792768711,0.00914348509787316,0.16777329277329278,0.24633460233460233,-0.07856130956130955,96.85999999999999,108.16,-11.300000000000011,105.67999999999999,123.75999999999999,-18.08,0.4,0.1111111111111111,0.2888888888888889,-2.8,-10.666666666666666,7.866666666666666,0.4650191323348024,0.5142045639055047,-0.04918543157070232,0.10912232535099106,0.10759611422622488,0.001526211124766183,0.3243929299266125,0.32252886205671133,0.001864067869901176,0.22846669324357446,0.2592543299599751,-0.03078763671640064,103.08,111.3111111111111,-8.231111111111105,107.3,124.92222222222222,-17.62222222222222,train,2024-12-29,2025-02-26
S43G01N52,2023-2024,2023-11-18,16,원주 DB,35,서울 삼성,1,11,10,11,10,2.0,4.0,-2.0,0.0,0.0,0.0,0.0,0.0,0.0,0.0,0.0,0.0,0.0,0.0,0.0,3.0,0.0,3.0,0.0,6.0,-6.0,1573.9593527351785,1438.4946684688878,135.46468426629076,0.7602348478209825,0.2397651521790175,0.520469695641965,135.46468426629076,0.7602348478209825,1.0,0.0,1.0,13.666666666666666,-9.333333333333334,23.0,0.576056338028169,0.40725606540084386,0.16880027262732517,0.10839936535414231,0.11750174796341029,-0.009102382609267975,0.34974457215836524,0.3567901234567901,-0.007045551298424879,0.2039570757880617,0.23070763009845288,-0.026750554310391195,123.90000000000002,94.93333333333334,28.966666666666683,106.33333333333333,105.43333333333334,0.8999999999999915,0.8,0.0,0.8,14.4,-13.4,27.8,0.5655355227186213,0.4165733999848572,0.14896212273376408,0.10794502717075083,0.13248491008071456,-0.02453988290996373,0.3402475253087044,0.34820105820105823,-0.007953532892353843,0.24235786545645704,0.27581934988007306,-0.03346148442361602,122.54,93.94,28.60000000000001,103.92,111.94000000000001,-8.02000000000001,0.9,0.2,0.7,12.5,-9.2,21.7,0.5799896513114637,0.47415419995695346,0.10583545135451028,0.12214440950810483,0.13235040873701195,-0.010205999228907123,0.3175027871386399,0.35688996848589377,-0.039387181347253886,0.24299633133839027,0.2920183179753454,-0.04902198663695512,120.99000000000001,103.52000000000001,17.47,104.72999999999999,115.5,-10.77000000000001,train,2024-12-29,2025-02-26
S43G01N53,2023-2024,2023-11-19,50,창원 LG,64,대구 한국가스공사,1,10,10,10,10,2.0,1.0,1.0,0.0,1.0,-1.0,0.0,0.0,0.0,0.0,0.0,0.0,0.0,0.0,0.0,1.0,0.0,1.0,0.0,7.0,-7.0,1523.1138831732205,1424.2300401676002,98.88384300562029,0.7197841617714158,0.2802158382285842,0.4395683235428316,98.88384300562029,0.7197841617714158,0.6666666666666666,0.0,0.6666666666666666,11.666666666666666,-4.296296296296297,15.962962962962962,0.5870912531360292,0.5402360602360602,0.04685519289996898,0.09337142949857395,0.12670044607668554,-0.03332901657811159,0.3055555555555556,0.33399552002092836,-0.02843996446537278,0.17083386486371563,0.210989010989011,-0.04015514612529536,124.26666666666665,111.63333333333333,12.633333333333326,106.53333333333335,117.06666666666666,-10.533333333333317,0.8,0.0,0.8,13.6,-9.177777777777777,22.77777777777778,0.5478429871757352,0.5079663699663699,0.039876617209365306,0.09591928741008682,0.1135837932247632,-0.01766450581467638,0.31324786324786325,0.32156010271023144,-0.008312239462368198,0.21132384832999404,0.2223346023346023,-0.01101075400460827,117.46,107.9,9.559999999999988,97.7,119.74000000000001,-22.040000000000006,0.6,0.1,0.5,8.2,-9.688888888888888,17.888888888888886,0.5242865548998659,0.5101174408482876,0.01416911405157828,0.10769908541077877,0.1080221851302243,-0.0003230997194455243,0.33788059766320633,0.313960186377356,0.023920411285850318,0.22689163779333016,0.24666223029731094,-0.019770592503980777,113.45,110.13,3.3200000000000074,102.28999999999999,122.55999999999999,-20.269999999999996,train,2024-12-29,2025-02-26
S43G01N54,2023-2024,2023-11-19,70,안양 정관장,60,부산 KCC,1,11,8,11,8,2.0,2.0,0.0,0.0,0.0,0.0,0.0,0.0,0.0,0.0,0.0,0.0,0.0,0.0,0.0,0.0,1.0,-1.0,1.0,0.0,1.0,1526.6103326381801,1490.3785131683983,36.23181946978184,0.6416969916316416,0.3583030083683584,0.28339398326328324,36.23181946978184,0.6416969916316416,0.6666666666666666,0.3333333333333333,0.3333333333333333,1.0,-0.6666666666666666,1.6666666666666665,0.5148479681727763,0.5021501068376069,0.01269786133516948,0.14076387917957392,0.1250344485663802,0.015729430613193707,0.25718725718725716,0.282010582010582,-0.024823324823324833,0.21082036535141854,0.2955929487179487,-0.08477258336653018,104.39999999999999,108.86666666666667,-4.466666666666683,106.66666666666667,108.8,-2.1333333333333258,0.8,0.2,0.6000000000000001,2.0,-4.8,6.8,0.5042939830394401,0.4973052443682187,0.006988738671221351,0.12026133992389712,0.11693792000871772,0.0033234199151793986,0.2927738927738927,0.24460317460317457,0.048170718170718135,0.241290083436633,0.31739371989490583,-0.07610363645827284,107.86000000000001,106.3,1.5600000000000165,105.94000000000001,113.35999999999999,-7.419999999999973,0.7,0.375,0.32499999999999996,3.4,-2.125,5.525,0.5019724277182958,0.5281445448534244,-0.02617211713512868,0.12003810284426734,0.10822239412497847,0.011815708719288873,0.2925296729833105,0.2812389447470093,0.011290728236301228,0.2125028370452826,0.2714532667151381,-0.058950429669855475,107.64000000000001,113.075,-5.434999999999988,104.04,115.975,-11.934999999999988,train,2024-12-29,2025-02-26
S43G01N55,2023-2024,2023-11-19,66,고양 소노,16,원주 DB,0,10,12,10,12,2.0,1.0,1.0,0.0,1.0,-1.0,0.0,0.0,0.0,0.0,0.0,0.0,0.0,0.0,0.0,0.0,4.0,-4.0,1.0,0.0,1.0,1487.2082913549661,1578.754655778759,-91.54636442379274,0.4618708805909335,0.5381291194090665,-0.07625823881813298,-91.54636442379274,0.4618708805909335,0.6666666666666666,1.0,-0.33333333333333337,3.3333333333333335,13.333333333333334,-10.0,0.5701023391812865,0.557824113631561,0.012278225549725463,0.11161431134706036,0.12021528185963543,-0.008600970512575065,0.2396825396825397,0.3430704898446834,-0.10338795016214372,0.19293372319688107,0.21054546456823128,-0.017611741371350215,115.06666666666668,117.76666666666667,-2.6999999999999886,112.63333333333334,99.96666666666665,12.666666666666686,0.6,0.8,-0.20000000000000007,-4.8,13.0,-17.8,0.5163501659554292,0.5766425201269886,-0.060292354171559426,0.09904978681533205,0.11185432674808701,-0.01280453993275496,0.2393502150023889,0.31952416264985783,-0.08017394764746893,0.17714003477161372,0.24831862073228078,-0.07117858596066706,107.66000000000001,122.74000000000001,-15.079999999999998,116.66,106.52000000000001,10.139999999999986,0.4,0.9,-0.5,-7.9,14.5,-22.4,0.5206549233987314,0.5815735554210528,-0.060918632022321395,0.09138466823752155,0.12161749237366848,-0.030232824136146932,0.22006672402184324,0.31961196828007904,-0.0995452442582358,0.21392694803685516,0.24323177654386977,-0.029304828507014602,109.85,121.81000000000002,-11.960000000000022,121.97,103.17999999999999,18.790000000000006,train,2024-12-29,2025-02-26
S43G01N56,2023-2024,2023-11-20,55,서울 SK,35,서울 삼성,1,10,11,10,11,2.0,2.0,0.0,0.0,0.0,0.0,0.0,0.0,0.0,0.0,0.0,0.0,0.0,0.0,0.0,2.0,0.0,2.0,0.0,7.0,-7.0,1530.0623111981704,1433.6993654253074,96.36294577286299,0.7168479626461319,0.28315203735386807,0.43369592529226386,96.36294577286299,0.7168479626461319,0.6666666666666666,0.0,0.6666666666666666,-4.333333333333333,-16.333333333333332,12.0,0.48728226766201455,0.38770745428973274,0.0995748133722818,0.09130601996591618,0.11101946214871418,-0.019713442182797997,0.361244019138756,0.3823220383504071,-0.021078019211651144,0.22908597497205094,0.2488326300984529,-0.019746655126401974,114.66666666666667,93.60000000000001,21.066666666666663,118.83333333333333,112.83333333333333,6.0,0.6,0.0,0.6,-6.0,-18.6,12.600000000000001,0.45404559481075635,0.40201484142629873,0.05203075338445762,0.10706596631468997,0.13096733489908371,-0.023901368584393748,0.32230196703880915,0.3082821118991332,0.014019855139675963,0.23995445524729483,0.26144097150169465,-0.021486516254399818,104.25999999999999,89.32000000000001,14.939999999999984,111.64000000000001,112.46000000000001,-0.8199999999999932,0.6,0.2,0.39999999999999997,-1.2,-11.5,10.3,0.4878040755856528,0.44615419995695343,0.04164987562869937,0.09905056343924397,0.13003113769620642,-0.030980574256962448,0.3197014464247062,0.3587430913410757,-0.03904164491636947,0.26324801299427836,0.3129072068642343,-0.04965919386995593,109.97999999999999,99.68,10.299999999999983,111.78,114.25,-2.469999999999999,train,2024-12-29,2025-02-26
S43G01N57,2023-2024,2023-11-21,06,수원 KT,16,원주 DB,0,10,13,10,13,3.0,2.0,1.0,0.0,0.0,0.0,0.0,0.0,0.0,0.0,0.0,0.0,0.0,0.0,0.0,0.0,5.0,-5.0,1.0,0.0,1.0,1515.1130474744693,1587.9920733905776,-72.87902591610828,0.4886631136002253,0.5113368863997747,-0.022673772799549408,-72.87902591610828,0.4886631136002253,0.6666666666666666,1.0,-0.33333333333333337,0.6666666666666666,15.333333333333334,-14.666666666666668,0.5194749694749695,0.6160947903232904,-0.09661982084832088,0.1329107435051956,0.15110565374170756,-0.018194910236511957,0.2906454248366013,0.3583683964469378,-0.06772297161033652,0.2729344729344729,0.2359422899650567,0.036992182969416226,106.5,124.13333333333334,-17.63333333333334,103.33333333333333,103.63333333333333,-0.29999999999999716,0.8,1.0,-0.19999999999999996,12.0,15.6,-3.5999999999999996,0.5626178175058772,0.6096568741939742,-0.047039056688096936,0.1269263401679972,0.1325226683884325,-0.005596328220435293,0.346249323867478,0.35486778116318185,-0.008618457295703874,0.28269725092486286,0.2301368025504626,0.05256044837440027,116.75999999999999,126.4,-9.640000000000015,98.26,106.4,-8.14,0.6,0.9,-0.30000000000000004,5.2,14.2,-9.0,0.5223565278005576,0.5876261870000001,-0.0652696591994425,0.12920768292787077,0.12950939159242672,-0.0003017086645559497,0.32704358085265794,0.33975689581631097,-0.012713314963653022,0.23736671682380636,0.2594222527343459,-0.02205553591053952,109.79,122.75,-12.959999999999994,100.6,104.45,-3.8500000000000085,train,2024-12-29,2025-02-26
S43G01N58,2023-2024,2023-11-21,64,대구 한국가스공사,70,안양 정관장,0,11,12,11,12,2.0,2.0,0.0,0.0,0.0,0.0,0.0,0.0,0.0,0.0,0.0,0.0,0.0,0.0,0.0,0.0,1.0,-1.0,8.0,0.0,8.0,1418.6257234030286,1533.7763928055474,-115.15066940251882,0.428324494466679,0.571675505533321,-0.14335101106664205,-115.15066940251882,0.428324494466679,0.0,0.6666666666666666,-0.6666666666666666,-5.962962962962963,-0.3333333333333333,-5.62962962962963,0.5164598364598365,0.5015994255124689,0.014860410947367564,0.14336686262427764,0.11534381559791744,0.0280230470263602,0.24734653682022104,0.2757057757057757,-0.028359238885554666,0.17229437229437228,0.19823424982412652,-0.02593987752975424,100.26666666666667,106.36666666666667,-6.1000000000000085,109.23333333333333,109.43333333333334,-0.20000000000000284,0.0,0.8,-0.8,-9.977777777777778,3.6,-13.577777777777778,0.5192931512931512,0.518297116607791,0.0009960346853602475,0.1316974067051171,0.1241901731653682,0.0075072335397488865,0.2823293334794622,0.3192696192696193,-0.03694028579015707,0.21629037629037628,0.21383219076134896,0.0024581855290273236,104.55999999999999,110.85999999999999,-6.299999999999997,118.38,108.08,10.299999999999997,0.1,0.7,-0.6,-8.688888888888888,4.0,-12.688888888888888,0.5213295620604088,0.5148746156204838,0.006454946439925058,0.10961124118586645,0.11586669002696118,-0.006255448841094732,0.3056605912356556,0.3109057413593789,-0.005245150123723286,0.24605616969125035,0.19656547110791667,0.04949069858333369,111.08999999999999,110.72999999999999,0.35999999999999943,122.26999999999998,106.41,15.859999999999985,train,2024-12-29,2025-02-26
S43G01N59,2023-2024,2023-11-23,50,창원 LG,10,울산 현대모비스,1,11,12,11,12,4.0,5.0,-1.0,0.0,0.0,0.0,0.0,0.0,0.0,0.0,0.0,0.0,0.0,0.0,0.0,2.0,1.0,1.0,0.0,0.0,0.0,1528.7181999377922,1490.8295596209286,37.88864031686353,0.6438868796025343,0.3561131203974657,0.28777375920506865,37.88864031686353,0.6438868796025343,0.6666666666666666,0.3333333333333333,0.3333333333333333,10.0,-8.037037037037036,18.037037037037038,0.543857634902411,0.41087516087516085,0.13298247402725016,0.11838604575805871,0.10768913715182458,0.010696908606234123,0.3576388888888889,0.3399884545604486,0.017650434328440268,0.16855466258451335,0.16526266526266525,0.0032919973218480947,115.09999999999998,94.33333333333333,20.76666666666665,99.23333333333335,105.26666666666667,-6.033333333333317,0.8,0.4,0.4,13.8,-3.422222222222222,17.22222222222222,0.5480466070852374,0.4341987076362076,0.11384789944902984,0.09820060896313118,0.11384102586289531,-0.01564041689976413,0.3056089743589744,0.3256486529284347,-0.020039678569460317,0.17793018317162304,0.19637982137982138,-0.018449638208198338,116.35999999999999,97.28,19.079999999999984,96.2,103.47999999999999,-7.279999999999987,0.7,0.4,0.29999999999999993,10.2,-2.911111111111111,13.11111111111111,0.5364626682601898,0.46138863616699277,0.07507403209319707,0.10798541503171286,0.10929829719549593,-0.0013128821637830718,0.3415490759240759,0.32918016396916566,0.012368911954910244,0.23527220459494957,0.22792211881840307,0.0073500857765465,115.88,103.09,12.789999999999992,101.41,107.5,-6.090000000000003,train,2024-12-29,2025-02-26
S43G01N60,2023-2024,2023-11-23,35,서울 삼성,64,대구 한국가스공사,1,12,12,12,12,3.0,2.0,1.0,0.0,0.0,0.0,0.0,0.0,0.0,0.0,0.0,0.0,0.0,0.0,0.0,0.0,0.0,0.0,8.0,9.0,-1.0,1428.0363246782301,1410.059233513695,17.977091164535068,0.6171938741309687,0.3828061258690313,0.23438774826193742,17.977091164535068,0.6171938741309687,0.0,0.0,0.0,-18.0,-6.962962962962963,-11.037037037037038,0.3984366209563994,0.5384435908379571,-0.1400069698815577,0.12494827814671115,0.11805228290838572,0.006895995238325431,0.41009981612818497,0.216250925079448,0.19384889104873698,0.29001318565400847,0.1633518281405605,0.12666135751344795,94.93333333333334,105.33333333333333,-10.399999999999991,115.33333333333333,115.46666666666665,-0.13333333333332575,0.0,0.0,0.0,-12.8,-6.5777777777777775,-6.222222222222223,0.42012447257383967,0.5525411239777436,-0.1324166514039039,0.11967636487242209,0.12448027273779891,-0.004803907865376822,0.35272655634357764,0.2827794460075942,0.06994711033598344,0.2617995780590717,0.19793783681107624,0.06386174124799548,96.38000000000001,110.28,-13.899999999999991,111.0,119.25999999999999,-8.259999999999991,0.1,0.1,0.0,-14.2,-8.288888888888888,-5.911111111111111,0.4385547681387716,0.525642942342099,-0.08708817420332737,0.1342341092920583,0.10669475085310112,0.02753935843895719,0.34889460649259085,0.29903461041612645,0.04985999607646441,0.29107955534908275,0.24218293025463064,0.04889662509445211,97.03,110.99000000000001,-13.960000000000008,115.2,121.72,-6.519999999999996,train,2024-12-29,2025-02-26
S43G01N61,2023-2024,2023-11-24,70,안양 정관장,06,수원 KT,0,13,11,13,11,3.0,3.0,0.0,0.0,0.0,0.0,0.0,0.0,0.0,0.0,0.0,0.0,0.0,0.0,0.0,2.0,0.0,2.0,0.0,2.0,-2.0,1542.342882694881,1505.3397852024648,37.003097492416146,0.6427171633159355,0.35728283668406446,0.28543432663187107,37.003097492416146,0.6427171633159355,0.6666666666666666,0.3333333333333333,0.3333333333333333,-4.666666666666667,-5.0,0.33333333333333304,0.5688037265877378,0.4817765567765567,0.08702716981118114,0.13302662137009458,0.12590784432896032,0.0071187770411342555,0.2875634832156571,0.2695774231678487,0.017986060047808394,0.18892595260056688,0.1962148962148962,-0.00728894361432933,114.63333333333333,99.03333333333335,15.59999999999998,121.76666666666667,106.83333333333333,14.933333333333337,0.8,0.6,0.20000000000000007,3.6,1.6,2.0,0.5559881183055839,0.5072606746487344,0.048727443656849556,0.13521752786668084,0.11728323414394012,0.01793429372274072,0.27556839295969726,0.31407911110152054,-0.038510718141823275,0.1905724284523507,0.23120915568676761,-0.040636727234416914,112.04,107.0,5.040000000000006,109.31999999999998,103.74000000000001,5.57999999999997,0.8,0.5,0.30000000000000004,5.6,3.1,2.4999999999999996,0.5414644773716357,0.5179734109174408,0.023491066454194964,0.12035525932728627,0.1264959599408036,-0.006140700613517319,0.29931153846082814,0.31895847446967923,-0.01964693600885109,0.19628897341206414,0.21702039647748603,-0.02073142306542189,113.53,108.50999999999999,5.02000000000001,106.47999999999999,102.98999999999998,3.490000000000009,train,2024-12-29,2025-02-26
S43G01N62,2023-2024,2023-11-24,55,서울 SK,16,원주 DB,1,11,14,11,14,4.0,3.0,1.0,0.0,0.0,0.0,0.0,0.0,0.0,0.0,0.0,0.0,0.0,0.0,0.0,3.0,6.0,-3.0,0.0,0.0,0.0,1535.7253519452477,1597.7653356625822,-62.03998371733451,0.5042597027933949,0.49574029720660506,0.008519405586789874,-62.03998371733451,0.5042597027933949,1.0,1.0,0.0,8.0,17.666666666666668,-9.666666666666668,0.5172245476042945,0.6042541385696312,-0.08702959096533669,0.09166545042975499,0.16667816666647442,-0.07501271623671943,0.36823702613176296,0.41411552288371944,-0.04587849675195649,0.1627680336541096,0.28254543826663087,-0.11977740461252126,117.56666666666668,124.3,-6.73333333333332,108.10000000000001,100.26666666666667,7.833333333333343,0.8,1.0,-0.19999999999999996,-0.8,12.8,-13.600000000000001,0.4891904499556115,0.5753291431015373,-0.08613869314592576,0.09398175242215334,0.1459351957532205,-0.05195344333106716,0.3547805995174416,0.3962470915080094,-0.04146649199056779,0.21909531438815394,0.2547586512899584,-0.035663336901804454,113.38,120.54,-7.160000000000011,114.38,102.66,11.719999999999999,0.6,0.9,-0.30000000000000004,-2.0,15.1,-17.1,0.4858893236709008,0.5743908928823531,-0.0885015692114523,0.1036941616308545,0.12895247990684625,-0.025258318275991745,0.3248296515529113,0.35933817660448825,-0.03450852505157692,0.2543569041031695,0.25530460567552243,-0.0009477015723529103,109.35,121.75,-12.400000000000006,112.22,102.04,10.179999999999993,train,2024-12-29,2025-02-26
S43G01N63,2023-2024,2023-11-25,50,창원 LG,66,고양 소노,1,12,11,12,11,2.0,6.0,-4.0,0.0,0.0,0.0,0.0,0.0,0.0,0.0,0.0,0.0,0.0,0.0,0.0,3.0,0.0,3.0,0.0,2.0,-2.0,1535.8404623457416,1477.9708737431474,57.86958860259415,0.6698030032046131,0.33019699679538694,0.3396060064092261,57.86958860259415,0.6698030032046131,1.0,0.3333333333333333,0.6666666666666667,21.666666666666668,-2.6666666666666665,24.333333333333336,0.6023191733639495,0.5303680396643783,0.07195113369957118,0.13219982684212583,0.1009220397073373,0.03127778713478853,0.39573412698412697,0.2740740740740741,0.12166005291005288,0.18376833779818855,0.15839266039494873,0.025375677403239816,125.26666666666665,111.43333333333334,13.833333333333314,95.80000000000001,116.2666666666667,-20.466666666666683,0.8,0.4,0.4,14.2,-6.8,21.0,0.5688701364970021,0.5295271301049332,0.03934300639206889,0.1045370666006284,0.10416661587242353,0.0003704507282048797,0.3445833333333333,0.2607177363699103,0.083865596963423,0.18291057532848579,0.19746802866940166,-0.014557453340915877,121.97999999999999,111.2,10.779999999999987,102.02,122.25999999999999,-20.239999999999995,0.8,0.4,0.4,12.5,-6.6,19.1,0.547380701047075,0.5243298716388971,0.02305082940817793,0.10191937874058374,0.09583565995663733,0.00608371878394641,0.3454379648129648,0.2319285858837051,0.11350937892925969,0.20967657617964902,0.2114217720534183,-0.001745195873769284,118.53999999999999,110.43999999999998,8.100000000000009,101.16,120.95,-19.790000000000006,train,2024-12-29,2025-02-26
S43G01N64,2023-2024,2023-11-25,35,서울 삼성,10,울산 현대모비스,0,13,13,13,13,2.0,2.0,0.0,0.0,0.0,0.0,0.0,0.0,0.0,0.0,0.0,0.0,0.0,0.0,0.0,1.0,0.0,1.0,0.0,1.0,-1.0,1435.6924471956108,1483.7072972129793,-48.01485001736842,0.5244241412665545,0.47557585873344554,0.04884828253310891,-48.01485001736842,0.5244241412665545,0.3333333333333333,0.3333333333333333,0.0,-5.0,-9.703703703703704,4.703703703703704,0.45961805555555557,0.4518089518089518,0.007809103746603763,0.13452404098151519,0.12095607108092098,0.01356796990059421,0.34512255816847087,0.2962384545604486,0.048884103608022256,0.3151488095238095,0.23190073190073188,0.08324807762307765,99.80000000000001,99.3,0.5000000000000142,106.09999999999998,111.89999999999999,-5.800000000000011,0.2,0.2,0.0,-7.0,-9.222222222222223,2.222222222222223,0.43106197257383966,0.4342235092235093,-0.0031615366496696162,0.12454234048625694,0.11622084499664113,0.008321495489615804,0.3811476089751566,0.32091380444358625,0.060233804531570345,0.27438886377335747,0.1971734721734722,0.07721539159988527,98.56,96.76,1.7999999999999972,106.66,110.02000000000001,-3.3600000000000136,0.2,0.3,-0.09999999999999998,-10.0,-6.111111111111112,-3.8888888888888884,0.4460174547059358,0.46288651231275624,-0.016869057606820448,0.13626739980306118,0.11448387830932119,0.021783521493739993,0.3515261854399593,0.3187022227926951,0.03282396264726417,0.2955784892510017,0.23360063435607353,0.061977854894928186,98.1,102.72,-4.6200000000000045,111.10999999999999,110.67999999999999,0.4299999999999926,train,2024-12-29,2025-02-26
S43G01N65,2023-2024,2023-11-25,60,부산 KCC,64,대구 한국가스공사,0,9,13,9,13,6.0,2.0,4.0,0.0,0.0,0.0,0.0,0.0,0.0,0.0,0.0,0.0,0.0,0.0,0.0,0.0,0.0,0.0,1.0,10.0,-9.0,1483.212453001031,1402.4031109963144,80.80934200471665,0.6983274672895371,0.3016725327104629,0.3966549345790742,80.80934200471665,0.6983274672895371,0.3333333333333333,0.0,0.3333333333333333,-1.0,-13.666666666666666,12.666666666666666,0.4775774572649573,0.501670379270225,-0.024092922005267636,0.13795904063133232,0.11815264793599113,0.019806392695341193,0.34539539539539543,0.20976732477433738,0.13562807062105806,0.26696047008547014,0.1828343243353855,0.08412614575008465,104.66666666666667,98.7,5.966666666666669,106.86666666666667,115.8,-8.933333333333323,0.2,0.0,0.2,-6.4,-8.777777777777777,2.3777777777777764,0.5030518507030604,0.5036054021653096,-0.0005535514622492244,0.11640628789813826,0.12055823877464003,-0.004151950876501775,0.25644358644358645,0.2434990861875043,0.012944500256082153,0.3106063895781638,0.1839863088869456,0.1266200806912182,108.44000000000001,101.02000000000001,7.420000000000002,116.36000000000001,112.42,3.940000000000012,0.3333333333333333,0.0,0.3333333333333333,-3.0,-10.588888888888889,7.588888888888889,0.5233079714936423,0.4955380622051126,0.02776990928852968,0.11214664698403191,0.10908997817187563,0.003056668812156285,0.28302320614148574,0.2814880265651947,0.0015351795762910125,0.26693281827670395,0.23167351244641146,0.03525930583029249,111.83333333333333,104.91,6.923333333333332,115.85555555555555,118.72999999999999,-2.8744444444444355,train,2024-12-29,2025-02-26
S43G01N66,2023-2024,2023-11-26,06,수원 KT,35,서울 삼성,1,12,14,12,14,2.0,1.0,1.0,0.0,1.0,-1.0,0.0,0.0,0.0,0.0,0.0,0.0,0.0,0.0,0.0,1.0,0.0,1.0,0.0,1.0,-1.0,1518.1941284687834,1425.2039643702797,92.99016409850378,0.7128905686990251,0.2871094313009749,0.42578113739805024,92.99016409850378,0.7128905686990251,0.3333333333333333,0.3333333333333333,0.0,-7.333333333333333,0.0,-7.333333333333333,0.5401098901098901,0.48072916666666665,0.05938072344322343,0.13756139994882113,0.1430843766173523,-0.00552297666853116,0.28490309366593297,0.37258209626630673,-0.08767900260037376,0.1382783882783883,0.2513392857142857,-0.11306089743589742,105.73333333333333,101.23333333333333,4.5,117.13333333333333,102.93333333333332,14.200000000000003,0.6,0.2,0.39999999999999997,-1.0,-9.4,8.4,0.5188278388278389,0.4290619725738397,0.08976586625399918,0.1303926254801549,0.1344280381559429,-0.004035412675787997,0.31407911110152054,0.3862758141033617,-0.07219670300184117,0.18518925518925516,0.2654364828209765,-0.08024722763172132,106.32000000000001,95.76,10.560000000000002,107.46,107.91999999999999,-0.45999999999999375,0.6,0.1,0.5,4.5,-11.8,16.3,0.524759125203155,0.43295293857690353,0.09180618662625151,0.12426920503526255,0.13699350246020506,-0.012724297424942507,0.33188950895243785,0.35131251022628407,-0.01942300127384622,0.21535372981081938,0.2713388579145962,-0.05598512810377684,110.68999999999998,95.29,15.399999999999977,103.57000000000001,111.24000000000001,-7.670000000000002,train,2024-12-29,2025-02-26
S43G01N67,2023-2024,2023-11-26,70,안양 정관장,16,원주 DB,0,14,15,14,15,2.0,2.0,0.0,0.0,0.0,0.0,0.0,0.0,0.0,0.0,0.0,0.0,0.0,0.0,0.0,0.0,0.0,0.0,1.0,1.0,0.0,1529.4885394285623,1587.8505297184502,-58.3619902898879,0.5095517016913079,0.4904482983086921,0.019103403382615847,-58.3619902898879,0.5095517016913079,0.6666666666666666,0.6666666666666666,0.0,2.0,6.0,-4.0,0.5784655623365301,0.5477244582043344,0.030741104132195773,0.11864315205835763,0.14870754806680406,-0.03006439600844643,0.3132045088566828,0.4006746626686657,-0.08747015381198292,0.2179114598469437,0.3029411764705882,-0.0850297166236445,120.56666666666666,116.56666666666666,4.0,116.96666666666668,106.76666666666667,10.200000000000017,0.6,0.8,-0.20000000000000007,-1.0,11.2,-12.2,0.5412822359526427,0.55618628595868,-0.01490405000603734,0.11742479428232726,0.13860574527160527,-0.02118095098927801,0.2755683929596973,0.3684693137302316,-0.0929009207705343,0.23076850688372322,0.2566634131947203,-0.025894906310997085,113.17999999999999,117.06000000000002,-3.880000000000024,115.46,101.12,14.33999999999999,0.7,0.8,-0.10000000000000009,2.5,13.0,-10.5,0.5396572484559731,0.5547545292459894,-0.015097280790016376,0.12423414530586582,0.11909732819786338,0.005136817108002442,0.2960595059405029,0.3535689458352575,-0.0575094398947546,0.21395965614298781,0.2668197571906739,-0.0528601010476861,112.96000000000001,119.64000000000001,-6.680000000000007,109.7,102.65,7.049999999999997,train,2024-12-29,2025-02-26
S43G01N68,2023-2024,2023-11-26,66,고양 소노,55,서울 SK,1,12,12,12,12,1.0,2.0,-1.0,1.0,0.0,1.0,0.0,0.0,0.0,0.0,0.0,0.0,0.0,0.0,0.0,0.0,4.0,-4.0,3.0,0.0,3.0,1471.3669338072398,1545.6401578893797,-74.2732240821399,0.48665792585747564,0.5133420741425243,-0.02668414828504867,-74.2732240821399,0.48665792585747564,0.0,1.0,-1.0,-16.0,9.333333333333334,-25.333333333333336,0.4238509456472843,0.5230365134162603,-0.09918556776897602,0.10587232194107783,0.11646782207395551,-0.010595500132877675,0.27777777777777773,0.4001349527665317,-0.12235717498875398,0.20803653503882338,0.1562723071583831,0.05176422788044027,94.2,115.39999999999999,-21.19999999999999,115.00000000000001,105.03333333333335,9.966666666666669,0.4,0.8,-0.4,-5.8,0.0,-5.8,0.5134772340550373,0.49100139522924324,0.02247583882579407,0.11447367333672731,0.09642711280762611,0.018046560529101197,0.2704761904761905,0.36735369893264636,-0.09687750845645587,0.21426636546773845,0.1957719313035769,0.01849443416416155,107.96,113.22,-5.260000000000005,117.08,113.3,3.780000000000001,0.4,0.6,-0.19999999999999996,-8.6,-1.9,-6.699999999999999,0.506362838671864,0.4793321097405526,0.02703072893131142,0.10083748570480278,0.10449616672419137,-0.003658681019388599,0.2266433005984198,0.34231691810639175,-0.11567361750797195,0.21175144238308863,0.2531429737549108,-0.041391531371822166,106.43999999999998,109.15,-2.710000000000022,119.66000000000001,112.0,7.660000000000011,train,2024-12-29,2025-02-26
S43G01N69,2023-2024,2023-11-27,60,부산 KCC,10,울산 현대모비스,1,10,14,10,14,2.0,2.0,0.0,0.0,0.0,0.0,0.0,0.0,0.0,0.0,0.0,0.0,0.0,0.0,0.0,0.0,1.0,-1.0,2.0,0.0,2.0,1469.2459036552402,1494.1957800383104,-24.949876383070205,0.5573828185399525,0.44261718146004747,0.11476563707990506,-24.949876383070205,0.5573828185399525,0.3333333333333333,0.6666666666666666,-0.3333333333333333,-5.333333333333333,-2.0370370370370368,-3.2962962962962963,0.4872273056244831,0.4858748858748858,0.0013524197495972667,0.14975085547493958,0.12851514194393454,0.021235713531005035,0.30518375518375523,0.29442966903073287,0.010754086153022369,0.32003463606286187,0.26906356906356904,0.050971066999292824,104.36666666666667,104.66666666666667,-0.29999999999999716,110.0,105.09999999999998,4.90000000000002,0.2,0.4,-0.2,-5.4,-6.222222222222222,0.822222222222222,0.5014389474772539,0.4542662442662443,0.04717270321100964,0.12616150500543705,0.1225736312872427,0.0035878737181943426,0.28009438009438015,0.3210764060696025,-0.04098202597522238,0.2912515508684863,0.19302817302817304,0.09822337784031326,108.44000000000001,99.14,9.300000000000011,113.68000000000002,106.31999999999998,7.360000000000042,0.3,0.4,-0.10000000000000003,-4.2,-3.6111111111111116,-0.5888888888888886,0.5225900775700845,0.46673266615891007,0.055857411411174396,0.11214833323278724,0.11546735039044868,-0.003319017157661447,0.28043517124162287,0.329654603745076,-0.04921943250345312,0.274110504190969,0.2089852497406889,0.06512525445028008,112.02000000000001,103.00999999999999,9.01000000000002,116.97999999999999,107.2,9.779999999999987,train,2024-12-29,2025-02-26
S43G01N70,2023-2024,2023-11-28,06,수원 KT,50,창원 LG,1,13,13,13,13,2.0,3.0,-1.0,0.0,0.0,0.0,0.0,0.0,0.0,0.0,0.0,0.0,0.0,0.0,0.0,2.0,4.0,-2.0,0.0,0.0,0.0,1523.936317094803,1542.4444022816492,-18.5080851868463,0.5665107294415478,0.4334892705584522,0.13302145888309558,-18.5080851868463,0.5665107294415478,0.6666666666666666,1.0,-0.33333333333333337,-0.6666666666666666,22.333333333333332,-23.0,0.5272893772893773,0.5178883861236803,0.009400991165697037,0.11649242921517806,0.1190657875700265,-0.00257335835484844,0.3346716121844515,0.4076388888888889,-0.07296727670443737,0.15366300366300367,0.23695827048768225,-0.08329526682467858,111.36666666666666,115.93333333333334,-4.566666666666677,113.96666666666665,86.5,27.466666666666654,0.6,0.8,-0.20000000000000007,-0.2,16.4,-16.599999999999998,0.5232967032967033,0.5324322280002701,-0.009135524703566822,0.12249481577437624,0.11782841887314485,0.004666396901231384,0.2987196339773376,0.3779166666666666,-0.07919703268932904,0.20516483516483514,0.2002308367663943,0.004933998398440831,108.67999999999999,116.02000000000001,-7.340000000000018,109.96,93.08,16.879999999999995,0.7,0.9,-0.20000000000000007,5.4,16.5,-11.1,0.5414957219397517,0.5458680960050583,-0.00437237406530655,0.11444304319596539,0.0995634937483209,0.014879549447644497,0.3324450645079934,0.3509935203685204,-0.018548455860527002,0.2355868300439196,0.2248446434065398,0.010742186637379775,115.06999999999998,119.32000000000001,-4.250000000000028,106.63,96.53,10.099999999999994,train,2024-12-29,2025-02-26
S43G01N71,2023-2024,2023-11-28,66,고양 소노,70,안양 정관장,1,13,15,13,15,2.0,2.0,0.0,0.0,0.0,0.0,0.0,0.0,0.0,0.0,0.0,0.0,0.0,0.0,0.0,1.0,0.0,1.0,0.0,2.0,-2.0,1481.6337752900902,1519.2975053947362,-37.66373010464599,0.5392590762545691,0.46074092374543085,0.0785181525091383,-37.66373010464599,0.5392590762545691,0.3333333333333333,0.3333333333333333,0.0,-10.666666666666666,-7.0,-3.666666666666666,0.46706559993005,0.5603549860067757,-0.09328938607672571,0.10440218760466646,0.1002718034759088,0.004130384128757658,0.2736111111111111,0.2502415458937198,0.023369565217391308,0.22300041532778106,0.2457406589090195,-0.02274024358123844,103.06666666666666,117.5,-14.433333333333337,117.2666666666667,126.46666666666668,-9.199999999999989,0.4,0.4,0.0,-6.4,-8.0,1.5999999999999996,0.48396743013346855,0.5371726469115468,-0.05320521677807821,0.10006780188211437,0.11218724086010327,-0.012119438977988908,0.25083333333333335,0.279204756596061,-0.028371423262727624,0.1795604831147973,0.21563867658317118,-0.036078193468373876,103.58,112.85999999999999,-9.279999999999987,112.76000000000002,124.0,-11.23999999999998,0.5,0.7,-0.19999999999999996,-5.9,1.0,-6.9,0.5166569563189229,0.53392598334719,-0.017269027028267048,0.10464620022571655,0.1159884244081771,-0.011342224182460545,0.23000868521380444,0.2879345059405029,-0.05792582072669847,0.19998673650073567,0.21706199296812884,-0.017075256467393163,107.33,112.65,-5.320000000000007,116.47,111.95,4.519999999999996,train,2024-12-29,2025-02-26
S43G01N72,2023-2024,2023-11-30,60,부산 KCC,06,수원 KT,0,11,14,11,14,3.0,2.0,1.0,0.0,0.0,0.0,0.0,0.0,0.0,0.0,0.0,0.0,0.0,0.0,0.0,1.0,3.0,-2.0,0.0,0.0,0.0,1478.0982472844412,1532.6061025059719,-54.50785522153069,0.5150948217107119,0.48490517828928814,0.030189643421423717,-54.50785522153069,0.5150948217107119,0.3333333333333333,1.0,-0.6666666666666667,-6.0,6.333333333333333,-12.333333333333332,0.5204501591598366,0.5856227106227107,-0.06517255146287404,0.1375281673510933,0.12637694043938033,0.01115122691171297,0.26324475736240444,0.3454057505781644,-0.08216099321575998,0.29588690879013463,0.2219169719169719,0.07396993687316272,109.2,122.33333333333333,-13.133333333333326,114.63333333333333,115.59999999999998,-0.9666666666666544,0.4,0.6,-0.19999999999999996,-2.2,-2.4,0.19999999999999973,0.5018934929317994,0.5504395604395604,-0.048546067507761026,0.13658419081816353,0.13066217320799015,0.005922017610173386,0.3057246321952204,0.3023232375809412,0.003401394614279185,0.29155458117151667,0.19945054945054946,0.0921040317209672,107.94000000000001,111.97999999999999,-4.039999999999978,109.92,116.7,-6.780000000000001,0.3,0.8,-0.5,-4.1,6.6,-10.7,0.5156369850005535,0.5480671505111804,-0.03243016551062683,0.12201699865242437,0.11653261990856549,0.005484378743858875,0.2781581313934255,0.3275801996431285,-0.04942206824970302,0.2812711517625755,0.2491106395677291,0.03216051219484639,109.62,115.95,-6.329999999999998,114.59,106.11999999999998,8.470000000000027,train,2024-12-29,2025-02-26
S43G01N73,2023-2024,2023-11-30,55,서울 SK,50,창원 LG,0,13,14,13,14,4.0,2.0,2.0,0.0,0.0,0.0,0.0,0.0,0.0,0.0,0.0,0.0,0.0,0.0,0.0,0.0,0.0,0.0,1.0,1.0,0.0,1535.3733164065293,1533.7746168704803,1.5986995360490255,0.5946863548291306,0.40531364517086943,0.18937270965826114,1.5986995360490255,0.5946863548291306,0.6666666666666666,0.6666666666666666,0.0,2.0,15.666666666666666,-13.666666666666666,0.48322730409686937,0.5219331676332505,-0.03870586353638111,0.1039680466950275,0.12821706590955181,-0.02424901921452431,0.3593454790823212,0.41856368563685636,-0.05921820655453519,0.1938189346884999,0.2496704409463316,-0.055851506257831696,108.80000000000001,117.43333333333334,-8.633333333333326,108.2,96.13333333333333,12.066666666666677,0.8,0.8,0.0,4.6,18.2,-13.6,0.49897240972199697,0.56255140459832,-0.06357899487632301,0.10113879897092519,0.1323786078732288,-0.031239808902303615,0.35962642620537355,0.40857868757259,-0.048952261367216476,0.20096516801855274,0.22272993391337872,-0.021764765894825983,112.78,120.8,-8.019999999999996,107.84,95.42,12.420000000000002,0.5,0.8,-0.30000000000000004,-3.7,15.1,-18.8,0.4742898392091516,0.5342377076141064,-0.05994786840495481,0.1058558213096524,0.10682178470427524,-0.0009659633946228346,0.33157367486314854,0.3591816736786249,-0.027607998815476376,0.25435070322350983,0.23353008941592943,0.020820613807580407,107.22,117.30999999999999,-10.08999999999999,112.56000000000002,96.03,16.530000000000015,train,2024-12-29,2025-02-26
S43G01N74,2023-2024,2023-12-01,70,안양 정관장,10,울산 현대모비스,0,16,15,16,15,3.0,4.0,-1.0,0.0,0.0,0.0,0.0,0.0,0.0,0.0,0.0,0.0,0.0,0.0,0.0,0.0,0.0,0.0,3.0,1.0,2.0,1510.0826869198274,1485.3434364091095,24.739250510717966,0.6263478612138571,0.3736521387861429,0.2526957224277142,24.739250510717966,0.6263478612138571,0.0,0.3333333333333333,-0.3333333333333333,-10.0,-4.666666666666667,-5.333333333333333,0.521355813136635,0.5151241351241351,0.006231678012499908,0.10362921225417097,0.14956635002182853,-0.04593713776765755,0.28492063492063496,0.292699864498645,-0.007779229578010027,0.21149748273035943,0.2008954008954009,0.010602081834958532,111.7,104.86666666666667,6.833333333333329,125.36666666666667,109.26666666666665,16.100000000000023,0.4,0.4,0.0,-3.0,-4.4222222222222225,1.4222222222222225,0.559892825283899,0.47857255057255055,0.0813202747113485,0.11293672771143907,0.12899598478920798,-0.01605925707776891,0.29220841959972393,0.3096129914354561,-0.017404571835732185,0.19097869887971522,0.20888402888402888,-0.017905330004313658,116.42,102.75999999999999,13.66000000000001,120.54,107.88,12.66000000000001,0.6,0.3,0.3,-0.5,-5.411111111111111,4.911111111111111,0.5320934041616695,0.46445815635498855,0.06763524780668095,0.11659903381766809,0.12521165484189278,-0.008612621024224693,0.2924911561868083,0.3255895630946696,-0.033098406907861255,0.21613439115817407,0.194377406603434,0.021756984554740066,112.14000000000001,100.8,11.340000000000018,113.23999999999998,107.99000000000001,5.249999999999972,train,2024-12-29,2025-02-26
S43G01N75,2023-2024,2023-12-01,35,서울 삼성,66,고양 소노,0,15,14,15,14,5.0,3.0,2.0,0.0,0.0,0.0,0.0,0.0,0.0,0.0,0.0,0.0,0.0,0.0,0.0,0.0,2.0,-2.0,2.0,0.0,2.0,1419.4617757442602,1490.848593764999,-71.3868180207387,0.49080966521281333,0.5091903347871867,-0.018380669574373343,-71.3868180207387,0.49080966521281333,0.3333333333333333,0.6666666666666666,-0.3333333333333333,0.6666666666666666,-6.666666666666667,7.333333333333334,0.4778688524590164,0.4736802413273001,0.004188611131716313,0.15308580364797691,0.0922289381130643,0.06085686553491261,0.39461274760730297,0.19774492234169652,0.19686782526560645,0.2944574551131928,0.19728506787330322,0.09717238723988961,102.86666666666667,101.66666666666667,1.2000000000000028,105.2,109.90000000000002,-4.700000000000017,0.2,0.4,-0.2,-6.8,-7.4,0.6000000000000005,0.4624921448087432,0.48159563526167376,-0.019103490452930583,0.14102679828316206,0.09448240400908206,0.04654439427408,0.3754201308338853,0.2364247311827957,0.13899539965108962,0.30004947306791563,0.1939621925165067,0.10608728055140892,101.14000000000001,103.72,-2.579999999999984,110.85999999999999,112.8,-1.940000000000012,0.1,0.5,-0.4,-10.1,-6.6,-3.5,0.4395327723968002,0.5114937861557528,-0.07196101375895259,0.1367558541819383,0.10294682857503741,0.0338090256069009,0.3618105945174718,0.2300086852138044,0.13180190930366736,0.2879344114739944,0.1850916316056308,0.1028427798683636,97.53999999999999,106.82000000000001,-9.280000000000015,111.4,116.83,-5.429999999999993,train,2024-12-29,2025-02-26
S43G01N76,2023-2024,2023-12-02,16,원주 DB,50,창원 LG,0,16,15,16,15,6.0,2.0,4.0,0.0,0.0,0.0,0.0,0.0,0.0,0.0,0.0,0.0,0.0,0.0,0.0,1.0,1.0,0.0,0.0,0.0,0.0,1598.0415637522763,1545.6683439670628,52.37321978521345,0.6627681524129869,0.3372318475870131,0.32553630482597384,52.37321978521345,0.6627681524129869,0.6666666666666666,0.6666666666666666,0.0,9.0,13.333333333333334,-4.333333333333334,0.5374448529411765,0.5152665009665838,0.022178351974592725,0.13313897494602112,0.11925257632461318,0.013886398621407933,0.3571964017991005,0.4518970189701897,-0.09470061717108919,0.24391339869281045,0.22300377427966492,0.020909624413145533,114.43333333333334,119.66666666666667,-5.233333333333334,100.13333333333333,99.43333333333334,0.6999999999999886,0.8,0.8,0.0,12.8,15.2,-2.3999999999999986,0.5864899831417787,0.5257752851953349,0.060714697946443796,0.1473664341435598,0.12006575469625196,0.027300679447307838,0.35933887894762295,0.43238821138211386,-0.07304933243449091,0.25411059629331184,0.21421252097805535,0.03989807531525649,120.72,119.22,1.5,102.68000000000002,97.76,4.920000000000016,0.8,0.8,0.0,13.6,14.4,-0.8000000000000007,0.5760127529302,0.5368091361855349,0.039203616744665104,0.1276557306571553,0.1079925210531694,0.019663209603985904,0.34979320212816367,0.3728180373149885,-0.023024835186824855,0.24823423087488444,0.21276818465402472,0.03546604622085972,121.63,118.33999999999999,3.2900000000000063,103.3,97.72999999999999,5.570000000000007,train,2024-12-29,2025-02-26
S43G01N77,2023-2024,2023-12-02,55,서울 SK,60,부산 KCC,0,14,12,14,12,2.0,2.0,0.0,0.0,0.0,0.0,0.0,0.0,0.0,0.0,0.0,0.0,0.0,0.0,0.0,0.0,0.0,0.0,2.0,1.0,1.0,1523.4795893099467,1467.7963508502269,55.68323845971986,0.6670135505639277,0.33298644943607225,0.3340271011278555,55.68323845971986,0.6670135505639277,0.3333333333333333,0.3333333333333333,0.0,-5.0,-7.333333333333333,2.333333333333333,0.475214848715993,0.5099533642880417,-0.03473851557204871,0.10458470732355885,0.14720543754620205,-0.042620730222643205,0.28490379173740804,0.23432109685979655,0.050582694877611495,0.2949809305873379,0.3127138318670577,-0.017732901279719826,106.60000000000001,105.23333333333335,1.36666666666666,115.23333333333335,112.46666666666665,2.766666666666694,0.6,0.4,0.19999999999999996,1.4,-4.6,6.0,0.5016174839460186,0.49508259549590194,0.006534888450116627,0.10722931611437651,0.15574107391836794,-0.04851175780399143,0.3373390361760481,0.2722743397975596,0.0650646963784885,0.2254186093140993,0.31190714527408075,-0.08648853595998146,111.82000000000001,103.02000000000001,8.799999999999997,112.1,108.05999999999999,4.040000000000006,0.5,0.3,0.2,-4.0,-4.4,0.40000000000000036,0.47856993600286,0.5041001699320604,-0.025530233929200397,0.10033542591237603,0.1260467334690897,-0.025711307556713678,0.3243693737878797,0.26778219154380145,0.05658718224407827,0.24981349814184015,0.29158793258449334,-0.04177443444265319,108.85,107.33,1.519999999999996,115.4,112.69000000000001,2.7099999999999937,train,2024-12-29,2025-02-26
S43G01N78,2023-2024,2023-12-02,64,대구 한국가스공사,06,수원 KT,0,14,15,14,15,7.0,2.0,5.0,0.0,0.0,0.0,0.0,0.0,0.0,0.0,0.0,0.0,0.0,0.0,0.0,1.0,4.0,-3.0,0.0,0.0,0.0,1416.3696603421051,1542.9079989401862,-126.53833859808105,0.41235384716862195,0.5876461528313781,-0.17529230566275616,-126.53833859808105,0.41235384716862195,0.3333333333333333,1.0,-0.6666666666666667,-3.6666666666666665,8.0,-11.666666666666666,0.5378583458929741,0.5549209562367458,-0.017062610343771656,0.08690625833815056,0.13261979019866765,-0.04571353186051709,0.21181860682561945,0.35718035108279017,-0.14536174425717072,0.17299681884570606,0.2379988432620012,-0.06500202441629513,110.46666666666665,117.03333333333335,-6.566666666666691,116.03333333333335,107.36666666666667,8.666666666666671,0.2,0.8,-0.6000000000000001,-5.377777777777778,3.4,-8.777777777777779,0.5246544014751784,0.5400954308849046,-0.015441029409726248,0.11086858721765543,0.13021805349623813,-0.019349466278582708,0.20522881591723402,0.3540000668492339,-0.1487712509319999,0.1595556670649994,0.1642278773857721,-0.004672210320772696,104.54,112.64000000000001,-8.100000000000009,112.48000000000002,109.88,2.6000000000000227,0.1,0.8,-0.7000000000000001,-8.688888888888888,7.7,-16.38888888888889,0.5116437190541075,0.5513566241953909,-0.03971290514128334,0.11269798987847887,0.12857219683211768,-0.01587420695363881,0.2752658043429725,0.35012469535835594,-0.07485889101538346,0.20294513469980088,0.22346256415531748,-0.0205174294555166,106.35,114.7,-8.350000000000009,118.12,104.06999999999998,14.050000000000026,train,2024-12-29,2025-02-26
S43G01N79,2023-2024,2023-12-03,10,울산 현대모비스,66,고양 소노,0,16,15,16,15,2.0,2.0,0.0,0.0,0.0,0.0,0.0,0.0,0.0,0.0,0.0,0.0,0.0,0.0,0.0,1.0,3.0,-2.0,0.0,0.0,0.0,1497.8703936333866,1500.6647870692552,-2.794393435868642,0.5885766074660653,0.4114233925339347,0.17715321493213065,-2.794393435868642,0.5885766074660653,0.6666666666666666,1.0,-0.33333333333333337,12.666666666666666,8.333333333333334,4.333333333333332,0.562028182028182,0.5480392156862745,0.013988966341907605,0.11360824050215701,0.08902350110799107,0.024584739394165944,0.38644986449864493,0.19959677419354838,0.18685309030509656,0.17930237930237927,0.1870286576168929,-0.0077262783145136404,123.26666666666667,115.19999999999999,8.066666666666677,103.80000000000001,102.90000000000002,0.8999999999999915,0.6,0.6,0.0,3.577777777777778,-2.8,6.377777777777778,0.5225879945879945,0.5002393599580299,0.022348634629964614,0.12063134834394866,0.10091918719328574,0.01971216115066292,0.33519438678429336,0.2464247311827957,0.08876965560149766,0.22594264594264596,0.21072332611974556,0.015219319822900396,113.96,108.04,5.9199999999999875,107.0,111.24000000000001,-4.240000000000009,0.4,0.6,-0.19999999999999996,-1.1111111111111114,-3.8,2.688888888888888,0.48000795272670277,0.5082947629567296,-0.028286810230026826,0.12287470076273752,0.09998448700430888,0.022890213758428632,0.34482033232543874,0.2428874730925923,0.10193285923284645,0.19685796935796934,0.19393168044567966,0.0029262889122896873,105.41,107.85,-2.4399999999999977,106.34,113.95,-7.609999999999999,train,2024-12-29,2025-02-26
S43G01N80,2023-2024,2023-12-03,55,서울 SK,70,안양 정관장,1,15,17,15,17,1.0,2.0,-1.0,1.0,0.0,1.0,0.0,0.0,0.0,0.0,0.0,0.0,0.0,0.0,0.0,0.0,0.0,0.0,3.0,4.0,-1.0,1510.1393182986683,1497.5557296955503,12.58358860311796,0.6098322242905831,0.39016777570941685,0.2196644485811663,12.58358860311796,0.6098322242905831,0.0,0.0,0.0,-7.666666666666667,-17.333333333333332,9.666666666666664,0.4441037376048818,0.5187917105725325,-0.07468797296765067,0.08496465162568308,0.10640357871254846,-0.021438927086865386,0.22876344086021505,0.2718487394957983,-0.04308529863558325,0.29053648614289346,0.18756585879873552,0.10297062734415793,101.33333333333333,109.36666666666667,-8.033333333333346,114.46666666666665,135.23333333333335,-20.766666666666694,0.4,0.2,0.2,-2.0,-11.2,9.2,0.4650942771949637,0.5515976069886808,-0.08650332979371705,0.09262229180348626,0.11206065215110587,-0.019438360347619615,0.28786535196552177,0.2732541712337109,0.014611180731810891,0.2326422380060824,0.2243674722684886,0.008274765737593809,105.22,114.97999999999999,-9.759999999999991,110.67999999999999,130.94,-20.260000000000005,0.5,0.5,0.0,-4.0,-3.8,-0.20000000000000018,0.45956993600285995,0.5349473617982359,-0.07537742579537593,0.09984412905908811,0.11812541265823703,-0.01828128359914892,0.3050836595021654,0.2962618952516651,0.008821764250500352,0.23629834662668864,0.2190998315149188,0.01719851511176984,104.74000000000001,112.92,-8.179999999999993,111.16,119.50999999999999,-8.349999999999994,train,2024-12-29,2025-02-26
S43G01N81,2023-2024,2023-12-03,60,부산 KCC,35,서울 삼성,1,13,16,13,16,1.0,2.0,-1.0,1.0,0.0,1.0,0.0,0.0,0.0,0.0,0.0,0.0,0.0,0.0,0.0,1.0,0.0,1.0,0.0,3.0,-3.0,1481.1366218615053,1409.6455824400039,71.49103942150145,0.6869084927429807,0.3130915072570193,0.37381698548596143,71.49103942150145,0.6869084927429807,0.6666666666666666,0.0,0.6666666666666666,-1.6666666666666667,-11.0,9.333333333333334,0.489425505050505,0.4528688524590163,0.036556652591488714,0.1532203788334514,0.14305933305006083,0.010161045783390582,0.22552988806858776,0.3436407229510678,-0.11811083488248003,0.28566919191919193,0.29048920114493887,-0.004820009225746935,100.0,98.66666666666667,1.3333333333333286,100.46666666666665,115.2,-14.733333333333348,0.4,0.2,0.2,-6.0,-3.8,-2.2,0.49380418640499285,0.4701588114754099,0.023645374929582963,0.14307306316567975,0.1437662630270649,-0.0006931998613851631,0.24620596372918352,0.35793881973555297,-0.11173285600636945,0.28529729678923227,0.29938280640124904,-0.014085509612016767,103.12,101.6,1.5200000000000102,108.67999999999999,108.08,0.5999999999999943,0.3,0.1,0.19999999999999998,-5.4,-11.2,5.799999999999999,0.4955547153866059,0.4360868264508542,0.05946788893575167,0.13000549158719873,0.13736679896307433,-0.007361307375875592,0.2454045691661791,0.33311046581734305,-0.08770589665116396,0.301345508342069,0.28041188895147184,0.02093361939059718,104.71,95.46000000000001,9.249999999999986,111.02000000000001,110.27000000000001,0.75,train,2024-12-29,2025-02-26
S43G01N82,2023-2024,2023-12-04,16,원주 DB,64,대구 한국가스공사,1,17,15,17,15,2.0,2.0,0.0,0.0,0.0,0.0,0.0,0.0,0.0,0.0,0.0,0.0,0.0,0.0,0.0,0.0,0.0,0.0,1.0,1.0,0.0,1584.7862007040164,1408.1225833987328,176.66361730528365,0.8007721981410518,0.19922780185894817,0.6015443962821037,176.66361730528365,0.8007721981410518,0.3333333333333333,0.3333333333333333,0.0,-3.3333333333333335,-8.0,4.666666666666666,0.5224828980099502,0.5472899354301975,-0.02480703742024737,0.1114370262706628,0.14199211776462586,-0.030555091493963057,0.23606465997770346,0.18135265700483091,0.05471200297287254,0.22057421227197346,0.17995523601539087,0.04061897625658259,107.60000000000001,104.56666666666666,3.0333333333333456,110.7,115.43333333333335,-4.7333333333333485,0.6,0.2,0.39999999999999997,2.8,-8.8,11.600000000000001,0.5541244137285707,0.5567734490942261,-0.0026490353656554166,0.14066824239983694,0.13365527575056313,0.007012966649273811,0.3320435935878215,0.19119372819793576,0.14084986538988573,0.26077589991220373,0.17931757182690417,0.08145832808529957,114.44000000000001,106.04,8.400000000000006,109.1,118.28000000000002,-9.180000000000021,0.7,0.1,0.6,7.9,-8.988888888888889,16.88888888888889,0.5653834669277796,0.5323699095302981,0.033013557397481574,0.12626128457396196,0.12361953448766316,0.0026417500862987997,0.3257838781188397,0.2563769154540836,0.0694069626647561,0.2545472603222422,0.20082608708075328,0.053721173241488895,118.59,106.97,11.620000000000005,107.80999999999999,119.00999999999999,-11.200000000000003,train,2024-12-29,2025-02-26
S43G01N84,2023-2024,2023-12-05,35,서울 삼성,50,창원 LG,0,17,16,17,16,2.0,3.0,-1.0,0.0,0.0,0.0,0.0,0.0,0.0,0.0,0.0,0.0,0.0,0.0,0.0,0.0,2.0,-2.0,4.0,0.0,4.0,1403.3837522948634,1558.9237070153226,-155.53995472045926,0.37257404320117476,0.6274259567988252,-0.2548519135976504,-155.53995472045926,0.37257404320117476,0.0,0.6666666666666666,-0.6666666666666666,-7.333333333333333,10.0,-17.333333333333332,0.4576307572209211,0.5508920187793427,-0.09326126155842157,0.1385942887765397,0.12263485017236558,0.01595943860417412,0.31799969731004213,0.43422025129342207,-0.11622055398337994,0.31429872495446265,0.1857902973395931,0.12850842761486955,100.5,122.60000000000002,-22.100000000000023,111.56666666666666,107.13333333333333,4.433333333333337,0.2,0.8,-0.6000000000000001,-3.0,16.4,-19.4,0.4645784543325527,0.5366528583264292,-0.07207440399387649,0.14261564453384,0.120377701521729,0.022237943012111017,0.331015742812476,0.4238654841093865,-0.09284974129691054,0.28000780640124906,0.21057221761944214,0.06943558878180692,99.1,120.52000000000001,-21.420000000000016,105.66,97.82000000000001,7.839999999999989,0.1,0.8,-0.7000000000000001,-7.9,15.1,-23.0,0.4423514634531962,0.5423497327058333,-0.0999982692526371,0.13114600470313104,0.1092891552424301,0.021856849460700933,0.34187114957802683,0.3647372292341805,-0.02286607965615367,0.27090369223016036,0.1942512003955326,0.07665249183462777,97.74000000000001,118.43999999999998,-20.699999999999974,108.33,97.01,11.319999999999993,train,2024-12-29,2025-02-26
S43G01N83,2023-2024,2023-12-05,06,수원 KT,66,고양 소노,1,16,16,16,16,3.0,2.0,1.0,0.0,0.0,0.0,0.0,0.0,0.0,0.0,0.0,0.0,0.0,0.0,0.0,5.0,4.0,1.0,0.0,0.0,0.0,1551.1550758835585,1512.4363192185765,38.71875666498204,0.644981826063719,0.355018173936281,0.289963652127438,38.71875666498204,0.644981826063719,1.0,1.0,0.0,12.333333333333334,7.666666666666667,4.666666666666667,0.5823291336449231,0.5142857142857142,0.06804341935920888,0.13155984080453326,0.10329092849156807,0.02826891231296519,0.3505665944690335,0.23894862604540024,0.11161796842363325,0.16059066585382376,0.17582417582417584,-0.015233509970352083,119.8,109.23333333333335,10.566666666666649,104.83333333333333,100.13333333333334,4.699999999999989,1.0,0.8,0.19999999999999996,10.2,-0.2,10.399999999999999,0.5836282494177232,0.4743180349062702,0.10931021451145295,0.12588601365972,0.10148913515265283,0.024396878507067163,0.3473131367580484,0.22975806451612907,0.11755507224191936,0.18379029694819168,0.19001939237233356,-0.006229095424141878,121.14000000000001,102.25999999999999,18.880000000000024,108.75999999999999,103.08,5.679999999999993,0.8,0.6,0.20000000000000007,5.9,-3.5,9.4,0.5454444620332287,0.5019225825056017,0.04352187952762698,0.12158462390183004,0.10282787551253818,0.018756748389291866,0.33069612392978454,0.24523790044301969,0.08545822348676485,0.20749972631747968,0.1937437105208676,0.013756015796612064,114.07000000000001,106.72999999999999,7.340000000000018,106.25,112.66999999999999,-6.4199999999999875,train,2024-12-29,2025-02-26
S43G01N85,2023-2024,2023-12-07,50,창원 LG,60,부산 KCC,1,17,14,17,14,2.0,4.0,-2.0,0.0,0.0,0.0,0.0,0.0,0.0,0.0,0.0,0.0,0.0,0.0,0.0,3.0,2.0,1.0,0.0,0.0,0.0,1566.3751878793462,1487.3984520066458,78.97673587270037,0.6961004413127517,0.3038995586872483,0.39220088262550346,78.97673587270037,0.6961004413127517,1.0,0.6666666666666666,0.33333333333333337,16.0,-3.0,19.0,0.5680438184663537,0.4474843544137023,0.12055946405265133,0.10307787667572789,0.13169143569461353,-0.02861355901888564,0.3816287878787879,0.252361673414305,0.1292671144644829,0.14128325508607198,0.2858887790953008,-0.14460552400922883,124.06666666666668,97.03333333333335,27.03333333333333,101.56666666666666,98.89999999999999,2.6666666666666714,0.8,0.6,0.20000000000000007,14.8,-3.4,18.2,0.5419861916597626,0.4838376312210463,0.0581485604387163,0.11490543777339005,0.13282362785613222,-0.017918190082742175,0.40011548410938663,0.2499043990065662,0.15021108510282044,0.1972388842861088,0.3029115665774151,-0.10567268229130627,120.08,103.35999999999999,16.720000000000013,98.88,105.14000000000001,-6.260000000000019,0.8,0.4,0.4,14.5,-4.9,19.4,0.5554281640783822,0.4934447409620534,0.06198342311632887,0.10972125218700923,0.12461495787713525,-0.014893705690126019,0.37234940872135996,0.25317399272507635,0.11917541599628362,0.19007472980729728,0.3067589780777894,-0.11668424827049212,121.03,105.9,15.129999999999995,100.45,110.75,-10.299999999999997,train,2024-12-29,2025-02-26
S43G01N86,2023-2024,2023-12-07,10,울산 현대모비스,55,서울 SK,0,17,16,17,16,4.0,4.0,0.0,0.0,0.0,0.0,0.0,0.0,0.0,0.0,0.0,0.0,0.0,0.0,0.0,0.0,1.0,-1.0,1.0,0.0,1.0,1486.0988614840653,1517.9426738128566,-31.843812328791273,0.5475712650250655,0.4524287349749345,0.09514253005013096,-31.843812328791273,0.5475712650250655,0.3333333333333333,0.3333333333333333,0.0,6.333333333333333,-0.6666666666666666,7.0,0.5410190835997288,0.4834721131186175,0.05754697048111135,0.11911569608188777,0.08380257324465067,0.0353131228372371,0.3568202348690153,0.17093515803193224,0.18588507683708308,0.17739998062578707,0.24864449681417475,-0.07124451618838767,117.26666666666667,104.43333333333332,12.833333333333343,105.46666666666665,106.93333333333334,-1.4666666666666828,0.4,0.4,0.0,2.4,-0.6,3.0,0.532352597900985,0.4787209490305907,0.05363164887039429,0.12942956664528063,0.09642107265986258,0.03300849398541805,0.33117547425474253,0.24124530534547511,0.08993016890926742,0.2003105622460461,0.2524910459145918,-0.05218048366854572,112.9,104.9,8.0,106.44000000000001,107.14000000000001,-0.7000000000000028,0.4,0.6,-0.19999999999999996,-0.5111111111111111,-0.7,0.18888888888888888,0.4832756527685963,0.48395569949310113,-0.0006800467245048347,0.12163529625408795,0.09520141254100797,0.026433883713079975,0.32841206359158864,0.29801295243145837,0.030399111160130277,0.19834519181293375,0.2357931801513729,-0.03744798833843915,105.09,109.13999999999999,-4.049999999999983,104.96000000000001,110.75999999999999,-5.799999999999983,train,2024-12-29,2025-02-26
S43G01N87,2023-2024,2023-12-08,66,고양 소노,64,대구 한국가스공사,0,17,16,17,16,3.0,4.0,-1.0,0.0,0.0,0.0,0.0,0.0,0.0,0.0,0.0,0.0,0.0,0.0,0.0,0.0,0.0,0.0,1.0,2.0,-1.0,1505.335955739851,1404.138027361554,101.19792837829709,0.72246304630884,0.27753695369116005,0.4449260926176799,101.19792837829709,0.72246304630884,0.6666666666666666,0.3333333333333333,0.3333333333333333,4.666666666666667,-5.666666666666667,10.333333333333334,0.510398203946591,0.5666362464131343,-0.05623804246654329,0.14450867899886347,0.14112381953609843,0.0033848594627650386,0.3280423280423281,0.2338888888888889,0.09415343915343918,0.17855370436015597,0.16865987432348986,0.009893830036666107,106.36666666666666,110.36666666666667,-4.000000000000014,101.2,120.93333333333334,-19.733333333333334,0.8,0.2,0.6000000000000001,5.0,-8.6,13.6,0.5335239902412579,0.5337112481372882,-0.00018725789603035725,0.11766421824375344,0.1192124129217325,-0.0015481946779790645,0.26658346134152583,0.23542449742870497,0.03115896391282086,0.17627249410930626,0.18180561010441615,-0.0055331159951098885,111.02000000000001,107.08,3.940000000000012,104.52000000000001,119.44000000000001,-14.920000000000002,0.6,0.1,0.5,-0.4,-9.288888888888888,8.888888888888888,0.5235006121481475,0.5265021997152197,-0.0030015875670722503,0.11606894579024037,0.1254549098134248,-0.009385964023184437,0.26852982590885816,0.2588769154540836,0.009652910454774566,0.19526942978852238,0.19904799319739622,-0.0037785634088738362,109.48999999999998,105.82000000000001,3.6699999999999733,110.8,118.91,-8.11,train,2024-12-29,2025-02-26
S43G01N88,2023-2024,2023-12-08,16,원주 DB,35,서울 삼성,1,18,18,18,18,4.0,3.0,1.0,0.0,0.0,0.0,0.0,0.0,0.0,0.0,0.0,0.0,0.0,0.0,0.0,1.0,0.0,1.0,0.0,5.0,-5.0,1588.7707567411953,1395.9322714308398,192.8384853103555,0.815211796876494,0.18478820312350597,0.6304235937529881,192.8384853103555,0.815211796876494,0.6666666666666666,0.0,0.6666666666666666,3.3333333333333335,-10.0,13.333333333333334,0.5860726415996939,0.4675396825396825,0.11853295906001138,0.1425946233143407,0.11837550995674968,0.024219113357591013,0.24796942188246537,0.2447994553257711,0.0031699665566942703,0.16758275928052047,0.22111111111111112,-0.053528351830590654,113.76666666666667,96.96666666666665,16.80000000000001,107.40000000000002,111.53333333333335,-4.133333333333326,0.6,0.0,0.6,4.0,-9.8,13.8,0.5381729967245221,0.46724512099921933,0.07092787572530279,0.13349912701518515,0.13133767966830276,0.0021614473468823947,0.30222992899154816,0.3152262691282655,-0.012996340136717355,0.21564769478399856,0.2436268540202966,-0.02797915923629804,110.84,99.44,11.400000000000006,103.38,114.12,-10.740000000000009,0.8,0.1,0.7000000000000001,9.8,-8.4,18.200000000000003,0.5739149354592481,0.44915354678652947,0.12476138867271863,0.13301089770180882,0.12794001007727984,0.00507088762452898,0.328548855077365,0.34818693905171105,-0.019638083974346077,0.22289224866723054,0.25900785889682704,-0.0361156102295965,118.62,99.0,19.620000000000005,104.89000000000001,110.39000000000001,-5.5,train,2024-12-29,2025-02-26
S43G01N89,2023-2024,2023-12-09,10,울산 현대모비스,70,안양 정관장,1,18,18,18,18,2.0,6.0,-4.0,0.0,0.0,0.0,0.0,0.0,0.0,0.0,0.0,0.0,0.0,0.0,0.0,0.0,0.0,0.0,2.0,5.0,-3.0,1475.147436183564,1489.752374181362,-14.60493799779806,0.5720199525139543,0.4279800474860457,0.14403990502790864,-14.60493799779806,0.5720199525139543,0.3333333333333333,0.0,0.3333333333333333,7.666666666666667,-16.333333333333332,24.0,0.5387968613775066,0.5360576923076924,0.0027391690698141957,0.11399648433912564,0.1577548574726881,-0.04375837313356247,0.34528076463560337,0.27380952380952384,0.07147124082607953,0.20987861310441955,0.15424679487179488,0.05563181823262467,116.36666666666666,104.8,11.566666666666663,102.93333333333334,129.63333333333335,-26.700000000000017,0.4,0.0,0.4,6.0,-15.0,21.0,0.5307652963136833,0.5175250263435195,0.01324026997016381,0.12482023274413079,0.12702418252165942,-0.0022039497775286354,0.339038377480549,0.27095238095238094,0.06808599652816805,0.19567075760624147,0.19483118194590796,0.0008395756603335192,113.0,106.96,6.040000000000006,102.5,128.72,-26.22,0.3,0.4,-0.10000000000000003,-1.6111111111111112,-5.7,4.088888888888889,0.48249440276859634,0.5367565723245517,-0.05426216955595531,0.12052053887038597,0.13112085519417013,-0.010600316323784165,0.3299760909620676,0.2732603869560391,0.05671570400602849,0.19642211488985684,0.19270180519912933,0.003720309690727508,104.88,109.5,-4.6200000000000045,106.25999999999999,119.01999999999998,-12.759999999999991,train,2024-12-29,2025-02-26
S43G01N90,2023-2024,2023-12-09,50,창원 LG,06,수원 KT,1,18,17,18,17,2.0,4.0,-2.0,0.0,0.0,0.0,0.0,0.0,0.0,0.0,0.0,0.0,0.0,0.0,0.0,4.0,6.0,-2.0,0.0,0.0,0.0,1572.4531790530912,1558.255439362284,14.197739690807111,0.6120408165085593,0.38795918349144065,0.2240816330171187,14.197739690807111,0.6120408165085593,1.0,1.0,0.0,12.666666666666666,12.333333333333334,0.33333333333333215,0.5656394468816542,0.5470910384068279,0.018548408474826306,0.10970032087966393,0.10238970956370168,0.007310611315962251,0.32248900293255134,0.3723383662408053,-0.04984936330825396,0.23141075963980604,0.16440018966334757,0.06701056997645846,120.86666666666667,118.86666666666667,2.0,103.3,103.26666666666667,0.03333333333333144,0.8,1.0,-0.19999999999999996,9.4,9.4,0.0,0.5544259216501193,0.554628249417723,-0.00020232776760376048,0.11444647468203442,0.10955915897691845,0.004887315705115969,0.38129827980831127,0.35478440112586457,0.0265138786824467,0.21088401446932964,0.215123630281525,-0.004239615812195369,122.17999999999999,119.85999999999999,2.3200000000000074,107.84,108.38,-0.539999999999992,0.8,0.8,0.0,12.9,4.2,8.7,0.5434290748251948,0.5367280441227809,0.0067010307024139015,0.11613744677758964,0.11997589222853669,-0.0038384454509470534,0.37960747323748895,0.3344317561136926,0.045175717123796366,0.20555742561786197,0.20015644273539007,0.0054009828824719,119.1,113.09,6.009999999999991,100.46000000000001,107.92,-7.459999999999994,train,2024-12-29,2025-02-26
S43G01N91,2023-2024,2023-12-10,66,고양 소노,64,대구 한국가스공사,0,18,17,18,17,2.0,2.0,0.0,0.0,0.0,0.0,0.0,0.0,0.0,0.0,0.0,0.0,0.0,0.0,0.0,0.0,1.0,-1.0,2.0,0.0,2.0,1490.8866948136742,1418.5872882877306,72.2994065259436,0.687908391796324,0.312091608203676,0.37581678359264803,72.2994065259436,0.687908391796324,0.3333333333333333,0.3333333333333333,0.0,-2.0,-8.666666666666666,6.666666666666666,0.5102850817746453,0.5643040791634258,-0.054018997388780576,0.14080465558388258,0.16203694448461997,-0.02123228890073739,0.3187830687830688,0.2546296296296296,0.06415343915343918,0.14107255805548025,0.18173666925935528,-0.04066411120387503,104.53333333333335,107.83333333333333,-3.299999999999983,111.13333333333334,117.73333333333335,-6.6000000000000085,0.6,0.4,0.19999999999999996,2.4,-6.4,8.8,0.5261710490647873,0.5401706944704596,-0.013999645405672334,0.12276066798081542,0.13725938416339598,-0.014498716182580557,0.2735279057859703,0.22825603864734298,0.045271867138627325,0.16156661175636508,0.17058657173627628,-0.009019959979911202,108.92,106.04,2.8799999999999955,107.56000000000002,113.84,-6.279999999999987,0.5,0.2,0.3,-2.0,-6.488888888888889,4.488888888888889,0.505069239599128,0.5463559092241017,-0.04128666962497374,0.11141423493146489,0.13086982845059744,-0.01945559351913255,0.2621806195596518,0.2555177423274686,0.006662877232183173,0.17056354743558116,0.18426220427367626,-0.013698656838095097,106.25,108.16,-1.9099999999999966,110.16000000000001,116.55,-6.389999999999986,train,2024-12-29,2025-02-26
S43G01N92,2023-2024,2023-12-10,16,원주 DB,70,안양 정관장,1,19,19,19,19,2.0,1.0,1.0,0.0,1.0,-1.0,0.0,0.0,0.0,0.0,0.0,0.0,0.0,0.0,0.0,2.0,0.0,2.0,0.0,6.0,-6.0,1592.4665208036654,1481.192773231641,111.27374757202438,0.7339415278968306,0.26605847210316935,0.4678830557936613,111.27374757202438,0.7339415278968306,0.6666666666666666,0.0,0.6666666666666666,5.666666666666667,-20.0,25.666666666666668,0.544695326784879,0.5129030691530692,0.03179225763180982,0.1339427176495059,0.14425720868762026,-0.010314491038114354,0.23423944476576053,0.2745098039215686,-0.040270359155808066,0.17568461113237233,0.20413024475524474,-0.028445633622872418,108.33333333333333,102.73333333333335,5.59999999999998,100.0,130.8,-30.80000000000001,0.6,0.0,0.6,5.6,-16.2,21.799999999999997,0.5507546960709273,0.5205553293738225,0.030199366697104768,0.12772516473337867,0.12830516168899667,-0.0005799969556180007,0.2514132320768476,0.26899159663865546,-0.017578364561807835,0.18999410001275674,0.18270996982469584,0.0072841301880609,111.13999999999999,105.72,5.4199999999999875,102.52000000000001,128.84,-26.319999999999993,0.8,0.3,0.5,9.2,-8.6,17.799999999999997,0.5630419195862324,0.5309187826632327,0.03212313692299973,0.13683018024329957,0.12286497798566196,0.013965202257637616,0.3238301617924285,0.2722799947991764,0.0515501669932521,0.22237637565135757,0.20673923835420954,0.015637137297148024,115.84,109.45,6.390000000000001,102.59,122.15,-19.560000000000002,train,2024-12-29,2025-02-26
S43G01N93,2023-2024,2023-12-11,10,울산 현대모비스,50,창원 LG,0,19,19,19,19,2.0,2.0,0.0,0.0,0.0,0.0,0.0,0.0,0.0,0.0,0.0,0.0,0.0,0.0,0.0,1.0,5.0,-4.0,0.0,0.0,0.0,1483.707037133285,1580.21236272292,-96.50532558963505,0.4547840577315633,0.5452159422684367,-0.09043188453687345,-96.50532558963505,0.4547840577315633,0.3333333333333333,1.0,-0.6666666666666667,2.3333333333333335,8.333333333333334,-6.0,0.5182328190743338,0.5666995710676302,-0.04846675199329642,0.13633982306392592,0.1260870108468569,0.01025281221706903,0.3183990442054958,0.28461021505376344,0.03378882915173237,0.2289411539060908,0.27858628591574125,-0.049645132009650456,106.7,116.83333333333336,-10.133333333333354,103.2,103.53333333333335,-0.3333333333333428,0.4,1.0,-0.6,6.2,12.0,-5.8,0.5420027545076633,0.5635127003870571,-0.02150994587939381,0.1253261570159435,0.11909966848411205,0.006226488531831442,0.34957601188915116,0.34349340175953075,0.006082610129620414,0.20186919684815902,0.22792172460108792,-0.026052527752928906,115.17999999999999,120.16000000000001,-4.980000000000018,105.85999999999999,102.25999999999999,3.5999999999999943,0.4,0.9,-0.5,-0.011111111111111072,15.1,-15.11111111111111,0.49813449938695376,0.5630320524926885,-0.06489755310573475,0.12394989415159312,0.12573913817867044,-0.0017892440270773219,0.3353262089793768,0.3760360446660604,-0.04070983568668357,0.197448684938166,0.22532582925723332,-0.02787714431906732,107.16,120.47999999999999,-13.319999999999993,106.09,98.84,7.25,train,2024-12-29,2025-02-26
S43G01N94,2023-2024,2023-12-12,06,수원 KT,35,서울 삼성,0,18,19,18,19,3.0,4.0,-1.0,0.0,0.0,0.0,0.0,0.0,0.0,0.0,0.0,0.0,0.0,0.0,0.0,0.0,0.0,0.0,1.0,6.0,-5.0,1550.4962556924552,1392.2365073683698,158.25974832408542,0.7833313266402008,0.21666867335979922,0.5666626532804016,158.25974832408542,0.7833313266402008,0.6666666666666666,0.0,0.6666666666666666,5.0,-13.333333333333334,18.333333333333336,0.5041626558064914,0.4624470899470899,0.04171556585940156,0.08664107529079974,0.13594145253768458,-0.04930037724688484,0.3072977158343012,0.2955575304740902,0.011740185360210986,0.20273232136245833,0.1711111111111111,0.03162121025134723,113.66666666666667,94.90000000000002,18.76666666666665,109.06666666666666,113.03333333333335,-3.9666666666666828,0.8,0.0,0.8,6.8,-11.8,18.6,0.526219397995173,0.45918956544366385,0.06702983255150918,0.11230724114161114,0.13948050857926428,-0.027173267437653137,0.3375757290391437,0.31172408026022297,0.02585164877892071,0.19366946800544493,0.25124590163934424,-0.057576433633899304,114.02000000000001,97.8,16.220000000000013,106.94000000000001,114.14000000000001,-7.200000000000003,0.7,0.1,0.6,3.3,-10.6,13.899999999999999,0.5247580506459382,0.4441257690087517,0.08063228163718644,0.11740102845799369,0.1369542733676036,-0.019553244909609913,0.31814768150824063,0.34899994718179234,-0.030852265673551704,0.19941715158514003,0.25834119223016033,-0.0589240406450203,111.35,96.78,14.569999999999993,108.45,111.03,-2.5799999999999983,train,2024-12-29,2025-02-26
S43G01N95,2023-2024,2023-12-12,16,원주 DB,55,서울 SK,1,20,17,20,17,2.0,5.0,-3.0,0.0,0.0,0.0,0.0,0.0,0.0,0.0,0.0,0.0,0.0,0.0,0.0,3.0,2.0,1.0,0.0,0.0,0.0,1597.7876902457288,1528.894099113358,68.89359113237083,0.6836838613389481,0.3163161386610519,0.3673677226778962,68.89359113237083,0.6836838613389481,1.0,0.6666666666666666,0.33333333333333337,14.333333333333334,5.0,9.333333333333334,0.5866180660298307,0.4948756218905473,0.0917424441392834,0.14626119763503553,0.0904459510230367,0.05581524661199884,0.29080053073861123,0.1505050505050505,0.14029548023356073,0.19902379755320931,0.2480597014925373,-0.049035903939327996,115.13333333333334,103.03333333333335,12.099999999999994,95.5,96.39999999999999,-0.8999999999999915,0.8,0.4,0.4,7.8,-1.2,9.0,0.5774605784238686,0.4847209490305907,0.09273962939327784,0.13920043214077585,0.09161619348382524,0.047584238656950606,0.2661191144297888,0.18756109481915934,0.07855801961062947,0.19842547256177637,0.2804910459145918,-0.08206557335281542,113.58,104.4,9.179999999999993,102.34,106.92,-4.579999999999998,0.8,0.6,0.20000000000000007,9.5,-0.6,10.1,0.5668234321912744,0.487861172129917,0.07896226006135743,0.13890308870619056,0.09402165314572568,0.04488143556046488,0.31729421408001024,0.2774573968759028,0.03983681720410742,0.22754444287824832,0.23813148860908434,-0.01058704573083602,115.32000000000001,108.81000000000002,6.509999999999991,101.72999999999999,110.10999999999999,-8.379999999999995,train,2024-12-29,2025-02-26
S43G01N96,2023-2024,2023-12-12,60,부산 KCC,64,대구 한국가스공사,1,15,18,15,18,5.0,2.0,3.0,0.0,0.0,0.0,0.0,0.0,0.0,0.0,0.0,0.0,0.0,0.0,0.0,0.0,2.0,-2.0,1.0,0.0,1.0,1481.3204608329008,1432.3454561236572,48.97500470924365,0.6583821598680201,0.34161784013197993,0.31676431973604013,48.97500470924365,0.6583821598680201,0.6666666666666666,0.6666666666666666,0.0,0.3333333333333333,0.0,0.3333333333333333,0.4926792468868206,0.561989264348611,-0.06931001746179039,0.12406747514815009,0.12720478935406193,-0.0031373142059118453,0.27593623481781376,0.3101851851851852,-0.03424895036737141,0.2674075962996019,0.13081074333342935,0.13659685296617258,104.96666666666665,115.10000000000001,-10.133333333333354,103.16666666666667,112.63333333333334,-9.466666666666669,0.6,0.6,0.0,-1.2,-0.6,-0.6,0.4983537602533044,0.5929647801412576,-0.09461101988795323,0.1403310457222942,0.13908656060140562,0.0012444851208885943,0.2547258275779948,0.25144444444444447,0.0032813831335503085,0.2803309214161248,0.1481034232257305,0.1322274981903943,103.38,115.88,-12.5,103.96,116.38,-12.420000000000002,0.4,0.3,0.10000000000000003,-3.3,-4.688888888888888,1.3888888888888884,0.49989635386527914,0.5482850911532836,-0.04838873728800447,0.13324627536386563,0.1298223996880228,0.003423875675842819,0.2674101038361874,0.24747176531597437,0.01993833852021304,0.28579123614230556,0.16604486605633803,0.11974637008596753,105.91,108.45,-2.5400000000000063,108.82000000000001,114.4,-5.579999999999998,train,2024-12-29,2025-02-26
S43G01N97,2023-2024,2023-12-14,64,대구 한국가스공사,55,서울 SK,0,19,18,19,18,2.0,2.0,0.0,0.0,0.0,0.0,0.0,0.0,0.0,0.0,0.0,0.0,0.0,0.0,0.0,0.0,0.0,0.0,1.0,1.0,0.0,1425.5130993210175,1522.5677763401368,-97.05467701911925,0.45400005553621703,0.545999944463783,-0.09199988892756594,-97.05467701911925,0.45400005553621703,0.6666666666666666,0.6666666666666666,0.0,3.3333333333333335,2.6666666666666665,0.666666666666667,0.5703839068688902,0.5466348811498066,0.02374902571908355,0.11332325501429752,0.10397840002409492,0.0093448549902026,0.2760942760942761,0.18860028860028857,0.08749398749398754,0.10326877012082795,0.1954671088999447,-0.09219833877911675,116.06666666666668,110.76666666666665,5.300000000000026,109.36666666666667,103.89999999999999,5.466666666666683,0.4,0.4,0.0,-4.4,-1.6,-2.8000000000000003,0.5532265847228379,0.503138823426726,0.05008776129611192,0.13506261092742067,0.09262850380092671,0.04243410712649395,0.273989898989899,0.1854182376763022,0.08857166131359681,0.13996878086948925,0.23363114253294928,-0.09366236166346004,110.44000000000001,106.4,4.040000000000006,115.44000000000001,108.1,7.340000000000018,0.3,0.6,-0.3,-4.888888888888888,1.5,-6.388888888888888,0.5389404930990082,0.5010556165743615,0.03788487652464667,0.12296559907253805,0.09688365138592595,0.02608194768661211,0.23960935745356648,0.27252233194083786,-0.032912974487271374,0.1497622239672443,0.217298155275751,-0.06753593130850669,107.48999999999998,109.59,-2.1000000000000227,113.96000000000001,107.97,5.990000000000009,train,2024-12-29,2025-02-26
S43G01N98,2023-2024,2023-12-15,06,수원 KT,66,고양 소노,1,19,19,19,19,3.0,5.0,-2.0,0.0,0.0,0.0,0.0,0.0,0.0,0.0,0.0,0.0,0.0,0.0,0.0,0.0,0.0,0.0,2.0,3.0,-1.0,1534.8296291596512,1477.1285269777477,57.70110218190348,0.6695884612136161,0.33041153878638385,0.3391769224272323,57.70110218190348,0.6695884612136161,0.3333333333333333,0.0,0.3333333333333333,-2.6666666666666665,-6.333333333333333,3.6666666666666665,0.4634274761824229,0.547561867488931,-0.08413439130650807,0.08681689775927236,0.14074236146594238,-0.05392546370667002,0.331107239643825,0.328042328042328,0.003064911601496967,0.21980494954619764,0.12991184376976597,0.08989310577643167,108.83333333333333,110.63333333333333,-1.7999999999999972,114.66666666666667,122.06666666666668,-7.400000000000006,0.6,0.4,0.19999999999999996,4.8,0.0,4.8,0.5103111087535505,0.5186470106032488,-0.008335901849698346,0.1021499880516552,0.1305971891643797,-0.0284472011127245,0.3387340301974448,0.3079365079365079,0.030797522260936905,0.18252308352572713,0.14959545791021123,0.032927625615515904,113.04,107.63999999999999,5.40000000000002,108.2,110.38,-2.1799999999999926,0.6,0.4,0.19999999999999996,1.2,-3.7,4.9,0.5303753345965554,0.5001213229324613,0.030254011664094138,0.11640608062982265,0.11253979658673088,0.003866284043091764,0.32052863388919295,0.27218061955965184,0.04834801432954111,0.19098681648813826,0.17177882521335897,0.01920799127477929,112.51000000000002,105.67999999999999,6.830000000000027,112.45,111.59,0.8599999999999994,train,2024-12-29,2025-02-26
S43G01N99,2023-2024,2023-12-15,60,부산 KCC,16,원주 DB,1,16,21,16,21,3.0,3.0,0.0,0.0,0.0,0.0,0.0,0.0,0.0,0.0,0.0,0.0,0.0,0.0,0.0,1.0,4.0,-3.0,0.0,0.0,0.0,1488.1528176355405,1604.11401301895,-115.9611953834094,0.42718240761216486,0.5728175923878351,-0.14563518477567028,-115.9611953834094,0.42718240761216486,0.6666666666666666,1.0,-0.33333333333333337,1.0,12.666666666666666,-11.666666666666666,0.5055785097860834,0.5758921722053453,-0.07031366241926185,0.11213763064775378,0.1217214952075696,-0.009583864559815816,0.28031397090286686,0.2662695062075867,0.014044464695280146,0.30767513656714224,0.2006850471017828,0.10699008946535943,108.63333333333333,115.7,-7.066666666666677,106.10000000000001,101.26666666666667,4.833333333333343,0.6,0.8,-0.20000000000000007,-1.8,6.2,-8.0,0.484881196780741,0.5612413882830235,-0.07636019150228252,0.12783874114367605,0.12664863917211425,0.0011901019715618022,0.25644749185346105,0.2476737916366399,0.00877370021682114,0.2923702334554368,0.189710683829382,0.10265954962605478,102.78,111.6,-8.819999999999993,103.56000000000002,104.05999999999999,-0.4999999999999716,0.5,0.8,-0.30000000000000004,-2.0,9.5,-11.5,0.49338734485627017,0.5738656857124012,-0.08047834085613098,0.13221146598091976,0.137007536657837,-0.00479607067691723,0.2810860620243407,0.30350633529213145,-0.022420273267790725,0.2919624073134767,0.22191064006134686,0.07005176725212986,105.35999999999999,116.16,-10.800000000000011,106.74000000000001,103.37,3.3700000000000045,train,2024-12-29,2025-02-26
S43G01N100,2023-2024,2023-12-16,70,안양 정관장,35,서울 삼성,1,20,20,20,20,6.0,4.0,2.0,0.0,0.0,0.0,0.0,0.0,0.0,0.0,0.0,0.0,0.0,0.0,0.0,0.0,1.0,-1.0,7.0,0.0,7.0,1475.8716037895776,1407.9031339011738,67.96846988840389,0.6825310585054969,0.3174689414945031,0.3650621170109938,67.96846988840389,0.6825310585054969,0.0,0.3333333333333333,-0.3333333333333333,-11.333333333333334,-10.666666666666666,-0.6666666666666679,0.5070283531517709,0.48592592592592593,0.021102427225844933,0.14279403555768572,0.1419831911579729,0.0008108443997128234,0.2949891067538126,0.37325760817416787,-0.07826850142035524,0.16758366896816265,0.22018518518518518,-0.052601516217022526,102.16666666666667,103.76666666666667,-1.5999999999999943,117.0,117.26666666666667,-0.2666666666666657,0.0,0.2,-0.2,-13.8,-9.8,-4.0,0.5196016272756779,0.4694126984126984,0.05018892886297954,0.137573991400172,0.1359540770398376,0.0016199143603344013,0.30010270774976655,0.31820265915259494,-0.018099951402828385,0.1774732783039745,0.23544444444444448,-0.05797116614046999,105.78,99.64,6.140000000000001,125.25999999999999,112.9,12.359999999999985,0.2,0.2,0.0,-10.9,-8.3,-2.5999999999999996,0.5283871370936124,0.4659524216107208,0.06243471548289159,0.12488061613013765,0.13849043766149985,-0.013609821531362198,0.28965373217291374,0.34681139499324015,-0.057157662820326416,0.19655597744357284,0.26774695875618004,-0.0711909813126072,109.32000000000001,100.39,8.930000000000007,124.63,111.88,12.75,train,2024-12-29,2025-02-26
S43G01N101,2023-2024,2023-12-16,64,대구 한국가스공사,50,창원 LG,1,20,20,20,20,2.0,5.0,-3.0,0.0,0.0,0.0,0.0,0.0,0.0,0.0,0.0,0.0,0.0,0.0,0.0,0.0,6.0,-6.0,2.0,0.0,2.0,1416.433098210293,1589.3080438775512,-172.8749456672581,0.3495590295256489,0.6504409704743511,-0.30088194094870224,-172.8749456672581,0.3495590295256489,0.3333333333333333,1.0,-0.6666666666666667,-2.6666666666666665,6.666666666666667,-9.333333333333334,0.5168311377988798,0.5442209385889978,-0.02738980079011799,0.11213512050563464,0.12089464212239191,-0.008759521616757276,0.2686868686868687,0.3447063688999173,-0.0760195002130486,0.09194867259383387,0.3026888500183053,-0.21074017742447143,107.10000000000001,116.06666666666668,-8.966666666666669,110.46666666666668,105.0,5.466666666666683,0.4,1.0,-0.6,-3.2,10.8,-14.0,0.5218954158916691,0.5593588542332109,-0.037463438341541755,0.11934518580800121,0.11589067725205726,0.0034545085559439526,0.28065656565656566,0.3358010940672231,-0.05514452841065742,0.11778263368334208,0.24504992972929304,-0.12726729604595097,107.55999999999999,117.92,-10.360000000000014,110.85999999999999,102.22,8.639999999999986,0.3,0.9,-0.6000000000000001,-6.0,13.0,-19.0,0.5393344324929475,0.5425670697142729,-0.003232637221325385,0.12650023077928216,0.11797821597415462,0.008522014805127542,0.2359251469272507,0.3840946527246685,-0.14816950579741778,0.14855010275512312,0.22963122535367422,-0.0810811225985511,106.8,118.57000000000001,-11.77000000000001,114.57000000000001,99.99,14.580000000000013,train,2024-12-29,2025-02-26
S43G01N102,2023-2024,2023-12-16,55,서울 SK,10,울산 현대모비스,1,19,20,19,20,2.0,5.0,-3.0,0.0,0.0,0.0,0.0,0.0,0.0,0.0,0.0,0.0,0.0,0.0,0.0,1.0,0.0,1.0,0.0,1.0,-1.0,1531.6477774508612,1474.6113559786538,57.036421472207394,0.6687414029072526,0.3312585970927474,0.3374828058145052,57.036421472207394,0.6687414029072526,0.6666666666666666,0.3333333333333333,0.3333333333333333,2.0,1.3333333333333333,0.6666666666666667,0.5416597567716971,0.5508434307436446,-0.009183673971947526,0.1284486367939309,0.1315323266806914,-0.003083689886760499,0.24593837535014007,0.2924731182795699,-0.04653474292942983,0.19049198452183524,0.26833829827415,-0.07784631375231477,108.7,110.83333333333333,-2.1333333333333258,104.10000000000001,110.83333333333333,-6.73333333333332,0.6,0.4,0.19999999999999996,3.6,6.0,-2.4,0.5185878938640133,0.5537841752726906,-0.035196281408677366,0.1107394303420858,0.11860915264059838,-0.007869722298512571,0.21786605551311436,0.33103942652329754,-0.11317337101018318,0.1897976782752902,0.2407763006732956,-0.05097862239800541,106.16,116.47999999999999,-10.319999999999993,100.46000000000001,107.38,-6.9199999999999875,0.6,0.4,0.19999999999999996,2.5,0.788888888888889,1.711111111111111,0.5101026889050159,0.5161783629226206,-0.006075674017604782,0.10898437322823118,0.12380256871490318,-0.014818195486672,0.2776025458445812,0.32032620897937686,-0.04272366313479564,0.20760814379469475,0.22483016477866222,-0.017222020983967468,108.98999999999998,109.62,-0.6300000000000239,106.28,107.63,-1.3499999999999943,train,2024-12-29,2025-02-26
S43G01N103,2023-2024,2023-12-17,16,원주 DB,06,수원 KT,0,22,20,22,20,2.0,2.0,0.0,0.0,0.0,0.0,0.0,0.0,0.0,0.0,0.0,0.0,0.0,0.0,0.0,0.0,1.0,-1.0,1.0,0.0,1.0,1592.6576611711932,1541.4378599353788,51.21980123581443,0.6612825559789717,0.3387174440210283,0.32256511195794335,51.21980123581443,0.6612825559789717,0.6666666666666666,0.3333333333333333,0.3333333333333333,2.6666666666666665,1.6666666666666667,0.9999999999999998,0.5650659613791346,0.4653322380871849,0.09973372329194968,0.09828893985393321,0.10596421809135848,-0.007675278237425268,0.21895424836601307,0.25104188016670087,-0.0320876318006878,0.24306396448070022,0.2207573304985786,0.022306633982121626,116.86666666666667,103.06666666666666,13.800000000000011,112.86666666666667,105.06666666666666,7.800000000000011,0.8,0.6,0.20000000000000007,9.2,5.6,3.5999999999999996,0.576304534092438,0.5008750185279865,0.07542951556445143,0.11983631288334089,0.09356581571253295,0.02627049717080794,0.2411469851098334,0.29110131857621097,-0.049954333466377565,0.2034879513379928,0.2047787226234715,-0.0012907712854786924,116.7,111.48000000000002,5.219999999999985,103.82000000000001,107.0,-3.1799999999999926,0.7,0.7,0.0,6.0,4.5,1.5,0.5652144739105044,0.5204852247064455,0.04472924920405885,0.13025227764158892,0.11189193460438555,0.018360343037203367,0.28659528934882744,0.3225506927127224,-0.03595540336389497,0.2321319256250982,0.1845033000046218,0.0476286256204764,115.57000000000001,112.05999999999999,3.5100000000000193,106.46,108.44000000000001,-1.9800000000000182,train,2024-12-29,2025-02-26
S43G01N104,2023-2024,2023-12-17,50,창원 LG,35,서울 삼성,1,21,21,21,21,1.0,1.0,0.0,1.0,1.0,0.0,0.0,0.0,0.0,0.0,0.0,0.0,0.0,0.0,0.0,0.0,0.0,0.0,1.0,1.0,0.0,1576.2992244680643,1401.5537550712836,174.74546939678066,0.7990047893659691,0.20099521063403092,0.5980095787319382,174.74546939678066,0.7990047893659691,0.6666666666666666,0.3333333333333333,0.3333333333333333,-1.0,-9.333333333333334,8.333333333333334,0.5171629445822994,0.4688552188552188,0.048307725727080586,0.14025054821780897,0.14025049862878775,4.95890212226513e-08,0.33627858627858637,0.39387164326188717,-0.057593056983300805,0.2522746071133168,0.2773569023569023,-0.025082295243585517,108.00000000000001,104.7,3.3000000000000114,105.8,118.53333333333335,-12.733333333333348,0.8,0.2,0.6000000000000001,2.8,-8.8,11.600000000000001,0.5341884771318933,0.47683694083694084,0.05735153629495249,0.12501589350930045,0.12965237901553892,-0.0046364855062384636,0.3225332807994098,0.34536482131475715,-0.02283154051534736,0.25077460033356386,0.23574747474747476,0.015027125586089096,113.42,103.05999999999999,10.360000000000014,107.03999999999999,116.11999999999998,-9.079999999999984,0.8,0.2,0.6000000000000001,9.6,-6.3,15.899999999999999,0.5354206677291613,0.47349787615617533,0.06192279157298597,0.12269679751551472,0.1367093210213019,-0.014012523505787175,0.3731993824543982,0.35165182052515503,0.021547561929243175,0.23067340897650296,0.26756514057436187,-0.03689173159785891,116.97,102.33,14.64,102.42999999999999,112.1,-9.670000000000002,train,2024-12-29,2025-02-26
S43G01N105,2023-2024,2023-12-17,60,부산 KCC,66,고양 소노,1,17,20,17,20,2.0,2.0,0.0,0.0,0.0,0.0,0.0,0.0,0.0,0.0,0.0,0.0,0.0,0.0,0.0,2.0,0.0,2.0,0.0,4.0,-4.0,1499.6091694832971,1470.52029620202,29.088873281277074,0.6321889794897121,0.3678110205102879,0.2643779589794242,29.088873281277074,0.6321889794897121,0.6666666666666666,0.0,0.6666666666666666,2.0,-10.666666666666666,12.666666666666666,0.5191875589200531,0.5114208877995643,0.007766671120488788,0.10872917172375503,0.1682103371623017,-0.05948116543854666,0.31790795586527293,0.2712066905615293,0.04670126530374363,0.2705006343873378,0.15719181190994916,0.11330882247738863,113.7,101.03333333333332,12.666666666666686,112.90000000000002,116.30000000000001,-3.3999999999999915,0.8,0.2,0.6000000000000001,2.2,-6.4,8.600000000000001,0.48937814800025314,0.5115529935092317,-0.022174845508978525,0.10973786836266401,0.1651763198763398,-0.05543845151367578,0.30005651440985204,0.3095494111623144,-0.009492896752462343,0.27758364808958313,0.15837038668514,0.11921326140444313,108.43999999999998,102.52000000000001,5.919999999999973,105.4,112.55999999999999,-7.159999999999982,0.6,0.4,0.19999999999999996,-1.2,-4.6,3.3999999999999995,0.49223037174807754,0.5058961767336309,-0.01366580498555331,0.13273947114051599,0.13304775353481277,-0.0003082823942967827,0.2861654271037058,0.27798707117255506,0.008178355931150738,0.294745396681832,0.18454685640244278,0.11019854027938919,105.72999999999999,105.28,0.44999999999998863,106.72999999999999,111.9,-5.170000000000016,train,2024-12-29,2025-02-26
S43G01N106,2023-2024,2023-12-18,70,안양 정관장,64,대구 한국가스공사,0,21,21,21,21,2.0,2.0,0.0,0.0,0.0,0.0,0.0,0.0,0.0,0.0,0.0,0.0,0.0,0.0,0.0,1.0,1.0,0.0,0.0,0.0,0.0,1482.2209826194678,1429.44191761978,52.77906499968776,0.6632901169858061,0.3367098830141939,0.3265802339716122,52.77906499968776,0.6632901169858061,0.3333333333333333,0.3333333333333333,0.0,-3.6666666666666665,1.0,-4.666666666666666,0.5196886095620272,0.5129646339323759,0.006723975629651324,0.10958687857478279,0.11657251086273242,-0.006985632287949628,0.3440087145969499,0.22209188660801563,0.1219168279889343,0.19795225871175237,0.13216031280547408,0.06579194590627829,113.39999999999999,102.89999999999999,10.5,114.73333333333335,104.46666666666668,10.266666666666666,0.2,0.6,-0.39999999999999997,-11.2,3.4,-14.6,0.5165247041987548,0.5607618126528027,-0.044237108454047824,0.1305987823140265,0.12435577539738599,0.006243006916640509,0.30640522875816995,0.2443662430759205,0.06203898568224944,0.18670404753474373,0.12620368631492102,0.06050036121982272,107.97999999999999,111.4,-3.420000000000016,122.33999999999999,106.5,15.83999999999999,0.3,0.4,-0.10000000000000003,-7.1,-2.6000000000000005,-4.499999999999999,0.538208764741327,0.5472365303950455,-0.009027765653718545,0.12176775501273278,0.12178409415955924,-1.6339146826457873e-05,0.29930682417894694,0.23989537025231272,0.05941145392663422,0.18884137320722946,0.15400464820966858,0.03483672499756088,112.2,109.24000000000001,2.9599999999999937,121.43999999999998,112.97,8.469999999999985,train,2024-12-29,2025-02-26
S43G01N107,2023-2024,2023-12-19,06,수원 KT,55,서울 SK,0,21,20,21,20,2.0,3.0,-1.0,0.0,0.0,0.0,0.0,0.0,0.0,0.0,0.0,0.0,0.0,0.0,0.0,2.0,2.0,0.0,0.0,0.0,0.0,1554.6635110549582,1538.272949392716,16.390561662242135,0.6150338112617992,0.38496618873820077,0.23006762252359847,16.390561662242135,0.6150338112617992,0.6666666666666666,0.6666666666666666,0.0,7.0,3.6666666666666665,3.3333333333333335,0.5016816733191002,0.5402194275535902,-0.03853775423449002,0.10757613322104187,0.13594327102347603,-0.02836713780243416,0.3048552754435107,0.36575819516995994,-0.060902919726449234,0.22628484792227485,0.09296112032430441,0.13332372759797045,109.73333333333333,109.93333333333332,-0.19999999999998863,103.56666666666668,105.43333333333334,-1.86666666666666,0.6,0.8,-0.20000000000000007,3.6,5.6,-1.9999999999999996,0.47783092179967934,0.5423903629998158,-0.06455944120013646,0.09791701659151632,0.122203365122501,-0.024286348530984686,0.31014893762383006,0.26975794740500625,0.04039099021882381,0.23308597724651556,0.16194582642343835,0.0711401508230772,107.97999999999999,109.55999999999999,-1.5799999999999983,106.17999999999999,101.5,4.679999999999993,0.8,0.6,0.20000000000000007,6.9,1.8,5.1000000000000005,0.5307295856087013,0.5037423200973896,0.026987265511311698,0.11190151512561816,0.10741282846299363,0.00448868666262453,0.3287310371909392,0.278811649685264,0.049919387505675206,0.20843813709735365,0.19729403221476038,0.011144104882593264,114.56000000000002,107.39000000000001,7.170000000000002,107.47,106.09,1.3799999999999955,train,2024-12-29,2025-02-26
S43G01N108,2023-2024,2023-12-19,10,울산 현대모비스,60,부산 KCC,0,21,18,21,18,3.0,2.0,1.0,0.0,0.0,0.0,0.0,0.0,0.0,0.0,0.0,0.0,0.0,0.0,0.0,0.0,3.0,-3.0,2.0,0.0,2.0,1467.986184036799,1506.9653898935028,-38.97920585670386,0.5373770752499614,0.46262292475003863,0.07475415049992273,-38.97920585670386,0.5373770752499614,0.3333333333333333,1.0,-0.6666666666666667,-0.3333333333333333,6.0,-6.333333333333333,0.5617723924922785,0.45258062940989774,0.10919176308238077,0.13033513986679107,0.10851664957894754,0.021818490287843537,0.25089605734767023,0.3636928395862032,-0.11279678223853296,0.27338243446582716,0.27856515051637004,-0.005182716050542879,112.16666666666667,106.06666666666666,6.1000000000000085,112.06666666666666,99.56666666666666,12.5,0.2,0.8,-0.6000000000000001,-1.8,3.4,-5.2,0.5306118225921412,0.47624683486894004,0.0543649877232012,0.1348563723629112,0.11350880816959193,0.021347564193319277,0.2577060931899641,0.337623598488564,-0.07991750529859987,0.2521187907043102,0.27606849657443167,-0.023949705870121463,106.34,107.01999999999998,-0.6799999999999784,107.46,103.42,4.039999999999992,0.4,0.6,-0.19999999999999996,0.888888888888889,-1.3,2.188888888888889,0.5265999085900679,0.4850255106369664,0.04157439795310147,0.12774386035342994,0.12829093566763583,-0.0005470753142058915,0.29645023998712877,0.29191478110887376,0.0045354588782550165,0.23903071832347805,0.28068289668183194,-0.041652178358353886,110.15,105.07000000000001,5.079999999999998,107.22999999999999,106.05,1.1799999999999926,train,2024-12-29,2025-02-26
S43G01N109,2023-2024,2023-12-21,64,대구 한국가스공사,16,원주 DB,0,22,23,22,23,3.0,4.0,-1.0,0.0,0.0,0.0,0.0,0.0,0.0,0.0,0.0,0.0,0.0,0.0,0.0,2.0,0.0,2.0,0.0,2.0,-2.0,1442.7077199594962,1579.4320100516138,-136.7242900921176,0.398222183296825,0.601777816703175,-0.20355563340634997,-136.7242900921176,0.398222183296825,0.6666666666666666,0.3333333333333333,0.3333333333333333,6.0,-1.6666666666666667,7.666666666666667,0.5622867470693558,0.5329803998818083,0.029306347187547432,0.13287718061685982,0.09576717493703009,0.037110005679829736,0.27259693711306615,0.17777777777777778,0.09481915933528837,0.17953447518664908,0.25123389912122307,-0.07169942393457399,111.96666666666665,113.66666666666669,-1.7000000000000313,105.50000000000001,115.13333333333333,-9.633333333333312,0.6,0.6,0.0,4.4,4.8,-0.39999999999999947,0.5520161854663959,0.5456052333931373,0.006410952073258591,0.11756675260676457,0.11110396311438948,0.006462789492375082,0.2847702834799609,0.22400412796697627,0.06076615551298464,0.13864746442586556,0.2486161564661979,-0.10996869204033233,112.92,113.52000000000001,-0.6000000000000085,108.1,106.97999999999999,1.1200000000000045,0.5,0.6,-0.09999999999999998,-1.0,4.4,-5.4,0.5460934399684277,0.5418891150588298,0.0042043249095979895,0.1274130683850803,0.12230154506478733,0.0051115233202929655,0.25651316106365196,0.2631170284792622,-0.006603867415610254,0.15461701808107092,0.23213192562509827,-0.07751490754402734,109.47999999999999,112.17999999999999,-2.700000000000003,110.97,105.17999999999999,5.790000000000006,train,2024-12-29,2025-02-26
S43G01N110,2023-2024,2023-12-21,66,고양 소노,55,서울 SK,0,21,21,21,21,4.0,2.0,2.0,0.0,0.0,0.0,0.0,0.0,0.0,0.0,0.0,0.0,0.0,0.0,0.0,0.0,3.0,-3.0,5.0,0.0,5.0,1463.1640757918144,1550.573625617952,-87.40954982613766,0.467794713511804,0.532205286488196,-0.06441057297639197,-87.40954982613766,0.467794713511804,0.0,1.0,-1.0,-11.333333333333334,11.333333333333334,-22.666666666666668,0.4770064370877727,0.550897444279994,-0.0738910071922213,0.1765960857809863,0.1215546656662574,0.05504142011472889,0.29015587230140866,0.3234962904080551,-0.03334041810664645,0.15484155673938776,0.18734582761223748,-0.03250427087284971,93.40000000000002,112.16666666666667,-18.76666666666665,106.7666666666667,97.96666666666665,8.80000000000004,0.0,0.8,-0.8,-9.0,5.6,-14.6,0.5038034827460223,0.5435940221235519,-0.03979053937752963,0.16674376235446636,0.11527975925389075,0.05146400310057561,0.30425225353957536,0.27695491710197595,0.027297336437599407,0.14897704030549225,0.19685194101178694,-0.04787490070629469,99.41999999999999,111.04,-11.620000000000019,111.54,102.72,8.820000000000007,0.4,0.6,-0.19999999999999996,-4.6,2.5,-7.1,0.4890607588261463,0.5111574855770714,-0.02209672675092511,0.1341164487535596,0.10585041595687668,0.028266032796682924,0.2670051590278522,0.25910011122372556,0.007905047804126653,0.16949821633891288,0.22467149346318935,-0.05517327712427647,100.84,107.97,-7.1299999999999955,107.30999999999999,104.92999999999999,2.3799999999999955,train,2024-12-29,2025-02-26
S43G01N111,2023-2024,2023-12-22,10,울산 현대모비스,06,수원 KT,1,22,22,22,22,3.0,3.0,0.0,0.0,0.0,0.0,0.0,0.0,0.0,0.0,0.0,0.0,0.0,0.0,0.0,0.0,0.0,0.0,3.0,1.0,2.0,1457.2386425317998,1542.3628348297223,-85.12419229792249,0.4710713036325938,0.5289286963674062,-0.05785739273481244,-85.12419229792249,0.4710713036325938,0.0,0.6666666666666666,-0.6666666666666666,-6.333333333333333,4.0,-10.333333333333332,0.5182941316227132,0.47723600044888337,0.04105813117382984,0.1287138378339664,0.1154284266755104,0.013285411158455995,0.21212121212121215,0.2969187675070028,-0.08479755538579065,0.3120297774609962,0.2631990423820746,0.048830735078921605,103.86666666666667,103.83333333333333,0.03333333333334565,112.39999999999999,102.63333333333333,9.766666666666666,0.2,0.4,-0.2,-1.4,-0.2,-1.2,0.5283677833214541,0.46839808597878385,0.059969697342670214,0.13108504206719068,0.10997321831874043,0.021111823748450248,0.26275659824046926,0.29348227095716334,-0.030725672716694075,0.28264707494928454,0.2418023951569633,0.04084467979232123,107.14000000000001,104.02000000000001,3.1200000000000045,110.01999999999998,107.82000000000001,2.1999999999999744,0.3,0.7,-0.39999999999999997,0.5,4.6,-4.1,0.5303601906112195,0.5115131676982535,0.018847022912966027,0.13025730435623564,0.10976618864782946,0.020491115708406185,0.29696603624760587,0.32413333604151395,-0.027167299793908084,0.24147881859766535,0.22846301271924413,0.013015805878421216,110.02000000000001,111.94000000000001,-1.9200000000000017,108.22999999999999,108.1,0.12999999999999545,train,2024-12-29,2025-02-26
S43G01N112,2023-2024,2023-12-22,70,안양 정관장,60,부산 KCC,0,22,19,22,19,4.0,3.0,1.0,0.0,0.0,0.0,0.0,0.0,0.0,0.0,0.0,0.0,0.0,0.0,0.0,0.0,4.0,-4.0,1.0,0.0,1.0,1468.9551802797516,1517.712931398502,-48.75775111875032,0.5233574619393775,0.4766425380606225,0.04671492387875498,-48.75775111875032,0.5233574619393775,0.3333333333333333,1.0,-0.6666666666666667,-2.3333333333333335,5.666666666666667,-8.0,0.5253907926835651,0.45973484244646373,0.06565595023710141,0.11847461958731409,0.11839088214128944,8.373744602464817e-05,0.33717567835214896,0.38765518447280994,-0.05047950612066099,0.20919370543707008,0.2602821616451459,-0.05108845620807581,114.60000000000001,106.23333333333333,8.366666666666674,115.46666666666668,99.60000000000001,15.866666666666674,0.2,0.8,-0.6000000000000001,-7.2,3.4,-10.6,0.5245147786404422,0.49223148960039775,0.032283289040044405,0.13554778621385605,0.11985840901168157,0.015689377202174476,0.30818775995246583,0.337623598488564,-0.029435838536098158,0.1956866778076966,0.27700626298534387,-0.08131958517764726,108.85999999999999,108.3,0.5599999999999881,116.97999999999999,103.97999999999999,13.0,0.2,0.7,-0.49999999999999994,-9.2,0.0,-9.2,0.5380561928145615,0.488034560410722,0.0500216324038395,0.12380421918248094,0.1263410184339069,-0.0025367992514259696,0.29072096559308835,0.29376399874756515,-0.003043033154476793,0.2100270750380926,0.2899589147813795,-0.07993183974328688,111.92,105.83,6.090000000000003,123.96000000000001,104.55999999999999,19.40000000000002,train,2024-12-29,2025-02-26
S43G01N113,2023-2024,2023-12-23,50,창원 LG,55,서울 SK,0,22,22,22,22,6.0,2.0,4.0,0.0,0.0,0.0,0.0,0.0,0.0,0.0,0.0,0.0,0.0,0.0,0.0,1.0,4.0,-3.0,0.0,0.0,0.0,1580.3191286807448,1559.9295198881882,20.3896087925566,0.6204696445278742,0.37953035547212577,0.24093928905574846,20.3896087925566,0.6204696445278742,0.6666666666666666,1.0,-0.33333333333333337,2.3333333333333335,10.666666666666666,-8.333333333333332,0.4923909287935421,0.5457028291204974,-0.053311900326955264,0.10066869099167548,0.09740542158150499,0.003263269410170494,0.3614723847281987,0.30136743886743883,0.06010494586075987,0.20266252054737152,0.17190830932133902,0.030754211226032502,112.66666666666667,114.43333333333334,-1.7666666666666657,106.06666666666666,99.43333333333332,6.63333333333334,0.8,0.8,0.0,3.8,7.0,-3.2,0.5181209665833701,0.5490842182019833,-0.03096325161861313,0.11765415707368061,0.11491511267716677,0.0027390443965138456,0.3313995598691773,0.30838348853054737,0.02301607133862993,0.2647492838778676,0.14410684297257126,0.12064244090529636,113.32000000000001,113.0,0.3200000000000074,104.96,102.28,2.6799999999999926,0.8,0.6,0.20000000000000007,9.3,2.9,6.4,0.5300535791215663,0.516902583616287,0.013150995505279206,0.11627979742353534,0.103265653080496,0.013014144343039338,0.3657575219892819,0.24797229167485338,0.11778523031442853,0.23099408408198824,0.21229894444358152,0.018695139638406716,116.7,108.7,8.0,101.92,104.6,-2.6799999999999926,train,2024-12-29,2025-02-26
S43G01N114,2023-2024,2023-12-23,66,고양 소노,16,원주 DB,0,22,24,22,24,2.0,2.0,0.0,0.0,0.0,0.0,0.0,0.0,0.0,0.0,0.0,0.0,0.0,0.0,0.0,0.0,1.0,-1.0,6.0,0.0,6.0,1453.8081815215783,1587.3964537175502,-133.58827219597197,0.4025561214949361,0.597443878505064,-0.1948877570101279,-133.58827219597197,0.4025561214949361,0.0,0.3333333333333333,-0.3333333333333333,-12.0,-0.3333333333333333,-11.666666666666666,0.4646252236374802,0.49555034007088805,-0.03092511643340784,0.20453800378543788,0.11284494628000304,0.09169305750543484,0.2595045313052401,0.2692328692328692,-0.009728337927629116,0.2002545684352942,0.2913007844514694,-0.09104621601617519,87.40000000000002,110.53333333333335,-23.133333333333326,101.90000000000002,107.53333333333332,-5.633333333333297,0.0,0.6,-0.6,-10.0,2.6,-12.6,0.49118322241778234,0.531754396254629,-0.04057117383684661,0.16661478403632435,0.1139899763504125,0.05262480768591185,0.2668138298942552,0.26866984631690516,-0.0018560164226499865,0.16261597635529418,0.2590803878208402,-0.09646441146554602,96.26,112.92,-16.659999999999997,110.8,108.58,2.219999999999999,0.4,0.6,-0.19999999999999996,-2.5,4.1,-6.6,0.5123536063295201,0.5412545461627782,-0.028900939833258144,0.14213950114003887,0.12085757054189558,0.02128193059814329,0.2666986456178905,0.2600415391968764,0.006657106421014081,0.1694442352323002,0.22453724391679844,-0.055093008684498235,103.64000000000001,112.03,-8.389999999999986,107.66000000000001,105.55,2.1100000000000136,train,2024-12-29,2025-02-26
S43G01N115,2023-2024,2023-12-23,64,대구 한국가스공사,35,서울 삼성,1,23,22,23,22,2.0,6.0,-4.0,0.0,0.0,0.0,0.0,0.0,0.0,0.0,0.0,0.0,0.0,0.0,0.0,0.0,0.0,0.0,1.0,2.0,-1.0,1434.7432762935598,1397.533850858603,37.209425434956756,0.6429898551514344,0.35701014484856564,0.28597971030286873,37.209425434956756,0.6429898551514344,0.6666666666666666,0.3333333333333333,0.3333333333333333,5.666666666666667,-7.333333333333333,13.0,0.5648873802670039,0.4700589225589225,0.0948284577080814,0.12052018670240912,0.1151892997043616,0.005330886998047513,0.23534203515228183,0.3963295748179469,-0.16098753966566506,0.20380705169803157,0.324023569023569,-0.12021651732553743,111.60000000000001,108.06666666666666,3.5333333333333456,106.73333333333333,120.96666666666665,-14.23333333333332,0.4,0.2,0.2,0.2,-11.8,12.0,0.5236342854427047,0.4666464646464646,0.05698782079624015,0.11533442421700953,0.1254375151359574,-0.010103090918947885,0.23575067563682364,0.3587220067649658,-0.12297133112814215,0.1615804187021034,0.2570808080808081,-0.09550038937870467,105.46,102.34,3.1199999999999903,107.32000000000001,119.78,-12.459999999999994,0.5,0.2,0.3,-0.2,-7.4,7.2,0.5582995327919813,0.46561245948950863,0.09268707330247267,0.12721049240920757,0.13402657983489874,-0.006816087425691175,0.24359756004063407,0.3448688747887209,-0.10127131474808684,0.15484192096391694,0.26854430724102857,-0.11370238627711163,110.67,100.72,9.950000000000003,111.85,112.72,-0.8700000000000045,train,2024-12-29,2025-02-26
S43G01N116,2023-2024,2023-12-24,66,고양 소노,10,울산 현대모비스,0,23,23,23,23,1.0,2.0,-1.0,1.0,0.0,1.0,0.0,0.0,0.0,0.0,0.0,0.0,0.0,0.0,0.0,0.0,1.0,-1.0,7.0,0.0,7.0,1445.7570590916796,1467.8172164591479,-22.060157367468264,0.5614826764102052,0.4385173235897948,0.12296535282041043,-22.060157367468264,0.5614826764102052,0.0,0.3333333333333333,-0.3333333333333333,-17.333333333333332,3.0,-20.333333333333332,0.43334394235619894,0.540152055119981,-0.10680811276378205,0.18149743047025535,0.15493911695803828,0.026558313512217074,0.29469514714101724,0.26891133557800223,0.025783811563015013,0.13635733787139695,0.3174942583353132,-0.18113692046391625,83.2,107.76666666666667,-24.566666666666663,108.06666666666668,102.2,5.866666666666674,0.0,0.4,-0.4,-15.6,3.2,-18.8,0.4653883098581638,0.5545972915181754,-0.08920898166001157,0.18959198480816347,0.14317473221194596,0.04641725259621751,0.2950966581770834,0.28521776908873686,0.009878889088346554,0.15554125457469004,0.3053456878118318,-0.14980443323714177,89.72,111.32000000000001,-21.60000000000001,110.72,106.94000000000001,3.779999999999987,0.3,0.4,-0.10000000000000003,-6.6,4.6,-11.2,0.49577967946147555,0.5426812939159295,-0.0469016144544539,0.15617632639448945,0.1339974824780384,0.022178843916451058,0.28431228198152686,0.3121280732846429,-0.027815791303116066,0.15855393316552754,0.2505082227090366,-0.09195428954350907,99.32,112.16,-12.840000000000003,109.14000000000001,104.72,4.420000000000016,train,2024-12-29,2025-02-26
S43G01N117,2023-2024,2023-12-24,70,안양 정관장,06,수원 KT,0,23,23,23,23,2.0,2.0,0.0,0.0,0.0,0.0,0.0,0.0,0.0,0.0,0.0,0.0,0.0,0.0,0.0,0.0,0.0,0.0,2.0,2.0,0.0,1458.4880310409642,1531.7842609023742,-73.29622986140998,0.4880630341542613,0.5119369658457387,-0.02387393169147739,-73.29622986140998,0.4880630341542613,0.3333333333333333,0.3333333333333333,0.0,-10.333333333333334,-8.666666666666666,-1.6666666666666679,0.5288544868708566,0.46556598032815905,0.06328850654269752,0.13315743261244392,0.13457365614962227,-0.0014162235371783516,0.32392031772836727,0.3258145363408521,-0.0018942186124848437,0.2331876597163068,0.24797436096021006,-0.014786701243903244,112.76666666666667,99.96666666666665,12.800000000000011,124.13333333333334,114.66666666666667,9.466666666666669,0.2,0.4,-0.2,-10.2,-2.6,-7.6,0.5152797040135765,0.47771701324098714,0.037562690772589336,0.1228155364840255,0.12232536422782644,0.000490172256199059,0.33016918410107265,0.30221141088014153,0.027957773220931126,0.2248377972106817,0.2319239463821225,-0.007086149171440792,110.55999999999999,103.25999999999999,7.299999999999997,121.96,110.35999999999999,11.600000000000009,0.1,0.6,-0.5,-12.6,2.1,-14.7,0.516402365178548,0.5019682056180802,0.014434159560467785,0.12491985950284246,0.11731630268471879,0.0076035568181236635,0.3005607825267268,0.31989356995964263,-0.019332787432915832,0.2098344895782948,0.21279670719378369,-0.0029622176154888713,108.76000000000002,108.64000000000001,0.12000000000000455,125.34,108.65,16.689999999999998,train,2024-12-29,2025-02-26
S43G01N118,2023-2024,2023-12-24,50,창원 LG,60,부산 KCC,0,23,20,23,20,1.0,2.0,-1.0,1.0,0.0,1.0,0.0,0.0,0.0,0.0,0.0,0.0,0.0,0.0,0.0,0.0,5.0,-5.0,1.0,0.0,1.0,1567.9097357901874,1528.1800806372894,39.729655152897976,0.6463131809386334,0.35368681906136656,0.29262636187726687,39.729655152897976,0.6463131809386334,0.3333333333333333,1.0,-0.6666666666666667,-1.0,13.333333333333334,-14.333333333333334,0.46897386966219723,0.5211982570806101,-0.05222438741841284,0.170935207986846,0.12201377762037352,0.04892143036647248,0.3076262308820448,0.3630776115081402,-0.05545138062609539,0.3018252625672564,0.22228758169934645,0.07953768086790994,100.53333333333335,112.96666666666665,-12.433333333333309,99.03333333333335,93.89999999999999,5.133333333333354,0.6,1.0,-0.4,2.6,10.0,-7.4,0.5013595079015367,0.5064895541165269,-0.005130046214990136,0.1526316095163665,0.10850564984599806,0.04412595967036845,0.32688343083691923,0.3523413404240479,-0.02545790958712868,0.28729863148576323,0.2505116393294299,0.036786992156333354,105.72,113.24000000000001,-7.52000000000001,99.66,99.84,-0.18000000000000682,0.7,0.8,-0.10000000000000009,6.0,4.4,1.5999999999999996,0.5278927147758281,0.5024216571849156,0.025471057590912505,0.13353904209920048,0.12441834778414615,0.009120694315054328,0.35409085532261525,0.3035335840010213,0.05055727132159393,0.24909132297754644,0.26542128037277735,-0.01632995739523091,113.95,108.30999999999999,5.640000000000015,103.75,101.9,1.8499999999999943,train,2024-12-29,2025-02-26
S43G01N119,2023-2024,2023-12-25,16,원주 DB,10,울산 현대모비스,1,25,24,25,24,2.0,1.0,1.0,0.0,1.0,-1.0,0.0,0.0,0.0,0.0,0.0,0.0,0.0,0.0,0.0,2.0,2.0,0.0,0.0,0.0,0.0,1595.447576147449,1479.046869987352,116.40070616009689,0.7396646701168544,0.26033532988314556,0.4793293402337089,116.40070616009689,0.7396646701168544,0.6666666666666666,0.6666666666666666,0.0,13.0,12.333333333333334,0.6666666666666661,0.5254924409807309,0.567101881250135,-0.04160944026940416,0.14644173401023783,0.14119497485960128,0.0052467591506365485,0.32406692406692406,0.36891133557800226,-0.04484441151107821,0.30163990769381843,0.31633512602863995,-0.014695218334821514,111.03333333333335,118.43333333333332,-7.399999999999977,91.89999999999999,100.43333333333334,-8.533333333333346,0.6,0.4,0.19999999999999996,8.4,4.2,4.2,0.5396291590629781,0.5599332598976219,-0.020304100834643735,0.11994463470846226,0.13776946344031643,-0.017824828731854175,0.2611068211068211,0.288013468013468,-0.026906646906646903,0.2650576174223582,0.3045551739778397,-0.03949755655548148,114.23999999999998,113.38,0.8599999999999852,101.66,105.8,-4.140000000000001,0.7,0.4,0.29999999999999993,8.1,5.2,2.8999999999999995,0.5585448687434234,0.5509680072026427,0.007576861540780633,0.12957253342461905,0.13154781022812997,-0.0019752768035109225,0.26361296776830495,0.3187947399513096,-0.05518177218300463,0.23174154499206728,0.25321218541299934,-0.021470640420932052,113.91,114.28,-0.37000000000000455,102.0,105.83,-3.8299999999999983,train,2024-12-29,2025-02-26
S43G01N120,2023-2024,2023-12-25,55,서울 SK,35,서울 삼성,1,23,23,23,23,2.0,2.0,0.0,0.0,0.0,0.0,0.0,0.0,0.0,0.0,0.0,0.0,0.0,0.0,0.0,5.0,0.0,5.0,0.0,3.0,-3.0,1572.3389127787457,1390.3936479616318,181.94526481711387,0.8055783502126305,0.19442164978736953,0.6111567004252609,181.94526481711387,0.8055783502126305,1.0,0.0,1.0,8.666666666666666,-17.333333333333332,26.0,0.5082542694497155,0.4385843509724106,0.06966991847730492,0.09117755037408004,0.11732337656072729,-0.02614582618664725,0.2398809523809524,0.3283161068044789,-0.08843515442352654,0.20435980843950483,0.3426111864917835,-0.1382513780522787,107.5,101.46666666666665,6.033333333333346,92.76666666666667,127.13333333333333,-34.36666666666666,1.0,0.2,0.8,9.2,-14.2,23.4,0.5193619959797611,0.4520394994723353,0.06732249650742578,0.1145228553324921,0.1353227970022242,-0.02079994166973209,0.3005263456734045,0.3683126500398196,-0.06778630436641508,0.16728144614717444,0.3083444896728479,-0.14106304352567345,107.6,102.34,5.259999999999991,94.82000000000001,122.26000000000002,-27.440000000000012,0.7,0.1,0.6,3.8,-12.0,15.8,0.5112504097032435,0.45964231023577734,0.051608099467466195,0.10357567956670939,0.13333023833526347,-0.029754558768554082,0.24297229167485335,0.3417694595840426,-0.09879716790918924,0.20045629434006185,0.27598567184657224,-0.0755293775065104,107.0,100.89,6.109999999999999,101.46000000000001,118.19000000000001,-16.730000000000004,train,2024-12-29,2025-02-26
S43G01N121,2023-2024,2023-12-25,64,대구 한국가스공사,60,부산 KCC,0,24,21,24,21,2.0,1.0,1.0,0.0,1.0,-1.0,0.0,0.0,0.0,0.0,0.0,0.0,0.0,0.0,0.0,1.0,6.0,-5.0,0.0,0.0,0.0,1441.883479190531,1541.1063442560621,-99.2228650655311,0.450908007420779,0.549091992579221,-0.09818398515844201,-99.2228650655311,0.450908007420779,0.6666666666666666,1.0,-0.33333333333333337,7.666666666666667,12.0,-4.333333333333333,0.5583893121251001,0.5787481146304677,-0.02035880250536759,0.09820452904789016,0.09957193544384702,-0.0013674063959568522,0.27427418198209275,0.30249009620826256,-0.028215914226169814,0.23759700603593106,0.29792860734037213,-0.06033160130444107,117.63333333333334,124.0,-6.36666666666666,109.06666666666666,106.26666666666667,2.799999999999997,0.6,1.0,-0.4,6.0,10.0,-4.0,0.5535650558065287,0.5201485977755704,0.033416458030958274,0.11528453981754158,0.10596939104724785,0.009315148770293727,0.2432741866086105,0.3509292736718014,-0.10765508706319088,0.2068006278639829,0.27022057903836955,-0.06341995117438665,112.34,116.24000000000001,-3.9000000000000057,106.32000000000001,103.51999999999998,2.8000000000000256,0.5,0.8,-0.30000000000000004,0.8,4.1,-3.3,0.5533958202646831,0.5025148972781557,0.050880922986527466,0.12517357537248114,0.11690406609546196,0.00826950927701918,0.2586320427992547,0.3036883827626312,-0.04505633996337649,0.1733847043667361,0.2812954062469032,-0.1079107018801671,111.39000000000001,109.50999999999999,1.8800000000000239,110.88,103.54,7.339999999999989,train,2024-12-29,2025-02-26
S43G01N122,2023-2024,2023-12-26,50,창원 LG,70,안양 정관장,1,24,24,24,24,2.0,2.0,0.0,0.0,0.0,0.0,0.0,0.0,0.0,0.0,0.0,0.0,0.0,0.0,0.0,0.0,0.0,0.0,2.0,3.0,-1.0,1554.9834721714146,1448.7267703578789,106.25670181353576,0.7282640412791467,0.2717359587208533,0.45652808255829336,106.25670181353576,0.7282640412791467,0.3333333333333333,0.0,0.3333333333333333,4.0,-22.666666666666668,26.666666666666668,0.48510290192026173,0.5101635287062142,-0.025060626785952445,0.12550944398493105,0.12542249290344376,8.695108148729092e-05,0.3001937984496124,0.30704845270328746,-0.006854654253675041,0.3044785232850332,0.21625108751657673,0.08822743576845649,107.63333333333334,108.66666666666667,-1.0333333333333314,101.63333333333333,140.4,-38.76666666666668,0.4,0.2,0.2,0.2,-12.8,13.0,0.4852304756434722,0.5148809799306419,-0.029650504287169643,0.12466935339214495,0.11929795284352059,0.0053714005486243666,0.33188343083691924,0.32592841802720124,0.005955012809717997,0.2663099427551391,0.19397655319154292,0.07233338956359617,107.9,111.54,-3.6400000000000006,105.9,128.1,-22.19999999999999,0.7,0.1,0.6,6.1,-14.5,20.6,0.5243715880152646,0.5177181546522323,0.006653433363032368,0.12188451093812849,0.1238015572662586,-0.001917046328130112,0.337688416298225,0.2974600073329284,0.040228408965296614,0.2471158336781135,0.18834326150811936,0.058772572169994125,114.03,108.63,5.400000000000006,104.08,128.47,-24.39,train,2024-12-29,2025-02-26
S43G01N123,2023-2024,2023-12-28,64,대구 한국가스공사,06,수원 KT,0,25,24,25,24,3.0,4.0,-1.0,0.0,0.0,0.0,0.0,0.0,0.0,0.0,0.0,0.0,0.0,0.0,0.0,0.0,1.0,-1.0,1.0,0.0,1.0,1432.8653190421155,1541.5455215854595,-108.68020254334397,0.43746824682698404,0.562531753173016,-0.12506350634603192,-108.68020254334397,0.43746824682698404,0.3333333333333333,0.3333333333333333,0.0,2.0,-2.0,4.0,0.5623418812950606,0.5408901603434145,0.021451720951646047,0.0889046404882569,0.1386397355651354,-0.0497350950768785,0.21619337390128468,0.37166991552956463,-0.15547654162827995,0.23078980357655474,0.23271883083053804,-0.0019290272539833064,117.10000000000001,114.23333333333333,2.8666666666666742,115.40000000000002,118.16666666666667,-2.7666666666666515,0.6,0.6,0.0,7.2,4.0,3.2,0.5793226315641044,0.5243085322962744,0.05501409926782996,0.10362846459633793,0.12901071927503413,-0.025382254678696203,0.25327418660861045,0.3344865431552738,-0.08121235654666337,0.2219521430154981,0.2408343060171198,-0.01888216300162171,118.92,111.22,7.700000000000003,111.05999999999999,108.28,2.779999999999987,0.5,0.6,-0.09999999999999998,2.0,4.4,-2.4000000000000004,0.5506090237278867,0.5173098205249124,0.033299203202974303,0.1114868252021696,0.11558035366334467,-0.004093528461175069,0.2669653761325881,0.3366102866763593,-0.0696449105437712,0.16986738834942008,0.21167869477142345,-0.04181130642200337,113.24000000000001,112.13,1.1100000000000136,110.96,108.24000000000001,2.7199999999999847,train,2024-12-29,2025-02-26
S43G01N124,2023-2024,2023-12-28,66,고양 소노,70,안양 정관장,1,24,25,24,25,4.0,2.0,2.0,0.0,0.0,0.0,0.0,0.0,0.0,0.0,0.0,0.0,0.0,0.0,0.0,0.0,0.0,0.0,8.0,4.0,4.0,1434.5274055634754,1443.2920511834618,-8.764645619986368,0.580229777702241,0.41977022229775895,0.1604595554044821,-8.764645619986368,0.580229777702241,0.0,0.0,0.0,-21.333333333333332,-25.333333333333332,4.0,0.46017920754762853,0.5152838564071871,-0.05510464885955857,0.17640931173574548,0.13484893025584396,0.041560381479901515,0.2933385579937304,0.27500386893456574,0.018334689059164633,0.18644514960304434,0.15642859221021044,0.030016557392833904,90.39999999999999,105.3,-14.900000000000006,122.83333333333333,140.93333333333337,-18.100000000000037,0.0,0.2,-0.2,-18.0,-15.6,-2.4000000000000004,0.4513738867812408,0.529468080593692,-0.0780941938124512,0.18814393251634823,0.130780723032751,0.057363209483597216,0.2834299915104168,0.2961966172609177,-0.012766625750500915,0.18289702380545927,0.18899363175292527,-0.0060966079474659984,87.28,110.74000000000001,-23.460000000000008,112.0,131.33999999999997,-19.339999999999975,0.2,0.1,0.1,-9.0,-14.7,5.699999999999999,0.48501044869224474,0.5245348539346849,-0.039524405242440164,0.15937056084036397,0.1341773572164615,0.025193203623902455,0.2956832497234624,0.29814966250534214,-0.0024664127818797565,0.16624624085783526,0.18323345502844987,-0.016987214170614606,97.46000000000001,108.25999999999999,-10.799999999999983,111.19000000000001,128.3,-17.11,train,2024-12-29,2025-02-26
S43G01N125,2023-2024,2023-12-28,10,울산 현대모비스,35,서울 삼성,1,25,24,25,24,3.0,3.0,0.0,0.0,0.0,0.0,0.0,0.0,0.0,0.0,0.0,0.0,0.0,0.0,0.0,0.0,0.0,0.0,1.0,4.0,-3.0,1473.840163389689,1386.5052149658845,87.33494842380446,0.7061815822929509,0.2938184177070491,0.41236316458590183,87.33494842380446,0.7061815822929509,0.6666666666666666,0.0,0.6666666666666666,10.0,-19.333333333333332,29.333333333333332,0.5928558961345847,0.3956550580431177,0.197200838091467,0.15320318979668648,0.132016468337536,0.021186721459150487,0.4082521117608837,0.3610084144967866,0.047243697264097106,0.2631297467363041,0.33943123886739146,-0.07630149213108733,123.63333333333333,94.89999999999999,28.733333333333334,105.73333333333333,120.96666666666668,-15.233333333333348,0.4,0.2,0.2,3.8,-12.4,16.2,0.5535752625560181,0.43676172169455746,0.11681354086146062,0.14408755993678773,0.12729738849544978,0.01679017144133796,0.3322239943292575,0.38463535172837504,-0.052411357399117564,0.27952194402657693,0.33673955140124295,-0.057217607374666024,114.82000000000001,103.05999999999999,11.76000000000002,106.96,120.88,-13.920000000000002,0.4,0.1,0.30000000000000004,4.9,-12.1,17.0,0.5536797189143544,0.4479756435691106,0.10570407534524379,0.13134835628869304,0.13338894853735703,-0.002040592248663986,0.3316317104262775,0.348179715994299,-0.016548005568021495,0.26014912234993626,0.2939927265202936,-0.033843604170357366,115.65,100.43,15.219999999999999,107.17,117.51000000000002,-10.340000000000018,train,2024-12-29,2025-02-26
S43G01N126,2023-2024,2023-12-29,16,원주 DB,50,창원 LG,1,26,25,26,25,4.0,3.0,1.0,0.0,0.0,0.0,0.0,0.0,0.0,0.0,0.0,0.0,0.0,0.0,0.0,3.0,1.0,2.0,0.0,0.0,0.0,1600.654282745112,1560.4181913458317,40.23609139928021,0.6469793076562222,0.35302069234377775,0.2939586153124445,40.23609139928021,0.6469793076562222,1.0,0.3333333333333333,0.6666666666666667,19.0,4.333333333333333,14.666666666666668,0.5911490066372965,0.5064673756826674,0.0846816309546291,0.1470958760375548,0.13091175599935775,0.016184120038197053,0.31295581295581293,0.2935185185185185,0.019437294437294417,0.28648839254230324,0.3163047549365457,-0.029816362394242457,118.53333333333335,110.06666666666666,8.466666666666683,92.83333333333333,104.43333333333332,-11.599999999999994,0.6,0.4,0.19999999999999996,8.6,2.4,6.199999999999999,0.554759334052308,0.4954688288395719,0.059290505212736155,0.12632859161238058,0.12366442539986014,0.0026641662125204413,0.25201591201591206,0.300686849640338,-0.048670937624425925,0.3000981637305102,0.27291882682881186,0.027179336901698326,115.22,109.71999999999998,5.500000000000014,101.91999999999999,104.62,-2.700000000000017,0.7,0.7,0.0,7.4,6.6,0.8000000000000007,0.5580003611676657,0.5274138415363915,0.030586519631274234,0.1264886153922474,0.11977755132595871,0.006711064066288686,0.24984485182627597,0.31824397185378056,-0.06839912002750459,0.2449044237799461,0.25898437827905246,-0.014079954499106373,113.41,113.82000000000001,-0.4100000000000108,102.98999999999998,103.42,-0.43000000000002103,train,2024-12-29,2025-02-26
S43G01N127,2023-2024,2023-12-30,66,고양 소노,35,서울 삼성,0,25,25,25,25,2.0,2.0,0.0,0.0,0.0,0.0,0.0,0.0,0.0,0.0,0.0,0.0,0.0,0.0,0.0,1.0,0.0,1.0,0.0,5.0,-5.0,1442.9228100094306,1380.6288466117435,62.293963397687094,0.6754112912591682,0.3245887087408318,0.3508225825183364,62.293963397687094,0.6754112912591682,0.3333333333333333,0.0,0.3333333333333333,-16.666666666666668,-19.0,2.333333333333332,0.4707631792138834,0.43820514911779895,0.032558030096084434,0.14826936647878342,0.13978789846530826,0.008481468013475157,0.3305258467023173,0.3168014168014168,0.013724429900900503,0.14682732570056511,0.40660792374899435,-0.25978059804842923,96.89999999999999,100.2,-3.3000000000000114,120.63333333333334,123.5,-2.86666666666666,0.2,0.0,0.2,-13.6,-16.8,3.200000000000001,0.4667885972663738,0.43801399856158846,0.028774598704785326,0.1546502016262134,0.12412033952035866,0.030529862105854746,0.302405323578728,0.3248482919413152,-0.02244296836258719,0.15639728462966376,0.3689344512190936,-0.2125371665894298,93.78,100.2,-6.420000000000002,113.4,123.52000000000001,-10.120000000000005,0.2,0.1,0.1,-10.0,-13.3,3.3000000000000007,0.4891707953878027,0.45371334848714345,0.03545744690065927,0.1599132607512766,0.13003720828009813,0.02987605247117847,0.30597736737052117,0.3215254755469551,-0.015548108176433928,0.15738383565740188,0.302189447831769,-0.1448056121743671,98.15,99.92,-1.769999999999996,112.97999999999999,118.21000000000001,-5.230000000000018,train,2024-12-29,2025-02-26
S43G01N128,2023-2024,2023-12-30,70,안양 정관장,55,서울 SK,0,26,24,26,24,2.0,5.0,-3.0,0.0,0.0,0.0,0.0,0.0,0.0,0.0,0.0,0.0,0.0,0.0,0.0,0.0,6.0,-6.0,5.0,0.0,5.0,1434.8966467375067,1576.227345774493,-141.3306990369863,0.39188517994007377,0.6081148200599262,-0.21622964011985246,-141.3306990369863,0.39188517994007377,0.0,1.0,-1.0,-17.0,9.0,-26.0,0.5251609415696104,0.4813725490196079,0.04378839255000244,0.1317147543058059,0.09466805642563327,0.03704669788017263,0.27075081204992996,0.256328320802005,0.01442249124792494,0.14062525595033334,0.15983265100912158,-0.01920739505878824,107.66666666666667,102.89999999999999,4.76666666666668,133.60000000000002,89.10000000000001,44.500000000000014,0.0,1.0,-1.0,-18.2,9.8,-28.0,0.5185631032181263,0.5074216974722984,0.011141405745827893,0.13609226192263937,0.09501141103291219,0.04108085088972718,0.28621444257286066,0.2831888843730949,0.0030255581997657433,0.19044159555383028,0.17845634090415874,0.01198525464967154,107.12,107.56000000000002,-0.44000000000001194,133.28,93.72,39.56,0.1,0.8,-0.7000000000000001,-14.7,6.7,-21.4,0.5175439037084406,0.5130047956681558,0.004539108040284789,0.13334552211833292,0.102875420687499,0.030470101430833924,0.29630983566551533,0.25052746994310465,0.04578236572241068,0.18857282154428698,0.18412700958972447,0.004445811954562506,107.55,106.86000000000001,0.6899999999999835,127.81000000000002,97.09,30.720000000000013,train,2024-12-29,2025-02-26
S43G01N129,2023-2024,2023-12-30,06,수원 KT,60,부산 KCC,1,25,22,25,22,2.0,5.0,-3.0,0.0,0.0,0.0,0.0,0.0,0.0,0.0,0.0,0.0,0.0,0.0,0.0,2.0,7.0,-5.0,0.0,0.0,0.0,1550.2948865219992,1550.1245044044776,0.17038211752151255,0.5927030228386633,0.4072969771613367,0.18540604567732655,0.17038211752151255,0.5927030228386633,0.6666666666666666,1.0,-0.33333333333333337,6.0,13.0,-7.0,0.5931289663135638,0.6214652014652016,-0.028336235151637745,0.15940699523569876,0.0951523914652758,0.06425460377042296,0.4120739559336051,0.29246503355162096,0.11960892238198412,0.20784320893999078,0.30119658119658127,-0.09335337225659049,119.73333333333335,131.20000000000002,-11.466666666666669,111.43333333333334,114.76666666666667,-3.3333333333333286,0.6,1.0,-0.4,2.4,10.0,-7.6,0.5450761229146112,0.5535980751274868,-0.00852195221287566,0.14203888460534458,0.11171234085659403,0.03032654374875056,0.3901015164173059,0.32235784510037285,0.06774367131693304,0.23405392222181062,0.29542383107088993,-0.06136990884907931,114.02000000000001,118.8,-4.779999999999987,111.64000000000001,105.1,6.5400000000000205,0.6,0.9,-0.30000000000000004,4.0,6.1,-2.0999999999999996,0.5229755707212989,0.5214881115638701,0.001487459157428761,0.11780235015893878,0.11072510460962903,0.007077245549309746,0.34060141749675843,0.3112071797551124,0.029394237741646012,0.21941632242264103,0.2865037395802365,-0.06708741715759547,112.75,113.62,-0.8700000000000045,109.32000000000001,105.25,4.070000000000007,train,2024-12-29,2025-02-26
S43G01N130,2023-2024,2023-12-31,70,안양 정관장,16,원주 DB,0,27,27,27,27,1.0,2.0,-1.0,1.0,0.0,1.0,0.0,0.0,0.0,0.0,0.0,0.0,0.0,0.0,0.0,0.0,4.0,-4.0,6.0,0.0,6.0,1427.0589431387052,1607.7146965919874,-180.65575345328216,0.3394450953537612,0.6605549046462388,-0.32110980929247757,-180.65575345328216,0.3394450953537612,0.0,1.0,-1.0,-13.666666666666666,20.0,-33.666666666666664,0.4929971988795518,0.6338104547781968,-0.14081325589864496,0.13299352025356184,0.1415413800881524,-0.008547859834590554,0.22300592128178334,0.25746031746031744,-0.0344543961785341,0.14744786803610335,0.23743425033747612,-0.08998638230137276,99.16666666666667,121.60000000000001,-22.433333333333337,118.36666666666667,96.23333333333333,22.13333333333334,0.0,0.8,-0.8,-19.6,13.0,-32.6,0.4954448236482338,0.5730010922940661,-0.07755626864583237,0.12800929324326923,0.13994144049094404,-0.011932147247674801,0.25742656378498185,0.29177348777348777,-0.03434692398850592,0.15692905075096286,0.25570255933490577,-0.0987735085839429,102.28,115.75999999999999,-13.47999999999999,129.84,98.6,31.24000000000001,0.1,0.8,-0.7000000000000001,-13.4,11.1,-24.5,0.509979801144338,0.5746528131932521,-0.06467301204891407,0.13177853972856263,0.12988887668714244,0.0018896630414201865,0.2828071618687239,0.2664602364416606,0.016346925427063286,0.17630786427932973,0.22959525533644926,-0.05328739105711952,105.57000000000001,116.22999999999999,-10.659999999999982,123.41,101.21,22.200000000000003,train,2024-12-29,2025-02-26
S43G01N131,2023-2024,2023-12-31,50,창원 LG,66,고양 소노,1,26,26,26,26,2.0,1.0,1.0,0.0,1.0,-1.0,0.0,0.0,0.0,0.0,0.0,0.0,0.0,0.0,0.0,0.0,0.0,0.0,1.0,1.0,0.0,1553.3577774989562,1429.4145841842471,123.9431933147091,0.7479378968816793,0.25206210311832067,0.49587579376335866,123.9431933147091,0.7479378968816793,0.3333333333333333,0.3333333333333333,0.0,-0.3333333333333333,-11.666666666666666,11.333333333333332,0.4939383134248529,0.4674440706316169,0.026494242793235978,0.053748479167178564,0.11191115689278892,-0.05816267772561036,0.3023620559334845,0.3225212726600074,-0.020159216726522933,0.20789176948920218,0.19886620668681454,0.009025562802387643,116.23333333333333,102.7,13.533333333333331,115.43333333333334,119.13333333333333,-3.6999999999999886,0.4,0.2,0.2,3.0,-15.8,18.8,0.4874247292070688,0.45965088998447046,0.02777383922259835,0.10073036808598826,0.15078102747524502,-0.05005065938925676,0.3065335126298582,0.3145158983922427,-0.007982385762384525,0.2606689289112945,0.1819560445431461,0.07871288436814841,110.66,95.3,15.36,105.43999999999998,118.14000000000001,-12.700000000000031,0.6,0.1,0.5,2.9,-12.4,15.3,0.510806603169481,0.4817271863652463,0.029079416804234703,0.11287313079764434,0.1587623949148557,-0.04588926411721135,0.31453339671463404,0.30938407596590906,0.005149320748724984,0.2557217646224291,0.16546654242431919,0.09025522219810994,112.04,97.36,14.680000000000007,106.24000000000001,114.84,-8.599999999999994,train,2024-12-29,2025-02-26
S43G01N132,2023-2024,2023-12-31,64,대구 한국가스공사,10,울산 현대모비스,0,26,26,26,26,3.0,3.0,0.0,0.0,0.0,0.0,0.0,0.0,0.0,0.0,0.0,0.0,0.0,0.0,0.0,0.0,1.0,-1.0,2.0,0.0,2.0,1424.1159541055758,1479.71653174383,-55.60057763825421,0.5135235569818353,0.48647644301816473,0.027047113963670544,-55.60057763825421,0.5135235569818353,0.3333333333333333,0.6666666666666666,-0.3333333333333333,3.0,9.0,-6.0,0.5805445189006834,0.587952834528177,-0.007408315627493667,0.11287353260863953,0.1188995386419089,-0.006026006033269374,0.27567049808429117,0.38283453732370143,-0.10716403923941026,0.21902323957118475,0.22143500910624195,-0.002411769535057201,120.2,126.59999999999998,-6.399999999999977,116.56666666666668,112.56666666666666,4.000000000000014,0.4,0.6,-0.19999999999999996,1.4,8.8,-7.4,0.5641822164236892,0.5703055567397145,-0.00612334031602535,0.11311503726455378,0.13631337147701666,-0.02319833421246288,0.26789784252258897,0.3643808570743555,-0.09648301455176655,0.2136981747615298,0.2741772325960806,-0.06047905783455082,115.84,119.97999999999999,-4.139999999999986,114.58,107.24000000000001,7.339999999999989,0.5,0.4,0.09999999999999998,2.4,3.5,-1.1,0.562472014538246,0.5504586896659278,0.01201332487231821,0.11873540633096988,0.13558487191996396,-0.016849465588994084,0.2561320427992547,0.31104347513215985,-0.05491143233290513,0.1699509305382254,0.26314801165019547,-0.09319708111197006,113.62,113.16,0.46000000000000796,110.54,107.35,3.190000000000012,train,2024-12-29,2025-02-26
S43G01N133,2023-2024,2024-01-01,06,수원 KT,60,부산 KCC,1,26,23,26,23,2.0,2.0,0.0,0.0,0.0,0.0,0.0,0.0,0.0,0.0,0.0,0.0,0.0,0.0,0.0,3.0,0.0,3.0,0.0,1.0,-1.0,1558.4408260652258,1541.978564861251,16.462261203974776,0.6151315289155891,0.3848684710844109,0.23026305783117818,16.462261203974776,0.6151315289155891,1.0,0.6666666666666666,0.33333333333333337,17.666666666666668,-1.6666666666666667,19.333333333333336,0.6501014317367334,0.5880323656443059,0.06206906609242746,0.13665643824781656,0.1312875511003481,0.005368887147468471,0.449354657687991,0.30321772172366396,0.14613693596432703,0.18265604995001491,0.31983671386656465,-0.13718066391654973,133.63333333333333,120.76666666666667,12.86666666666666,107.13333333333333,124.83333333333333,-17.700000000000003,0.6,0.8,-0.20000000000000007,3.8,5.4,-1.6000000000000005,0.566768868291567,0.5877605958571718,-0.020991727565604745,0.13977354724389127,0.12216819075883842,0.017605356485052848,0.3889110402268297,0.3160562697065244,0.07285477052030531,0.20574666759876656,0.27527457733954663,-0.06952790974078008,117.6,122.05999999999999,-4.459999999999994,112.5,115.0,-2.5,0.6,0.8,-0.20000000000000007,3.7,4.4,-0.7000000000000002,0.5222998950456232,0.5320037153630559,-0.009703820317432665,0.1188452819177038,0.11783849946421517,0.0010067824534886333,0.3495299889253298,0.3268399340975442,0.022690054827785633,0.21941632242264109,0.27567153695698915,-0.056255214534348064,112.79,114.53999999999999,-1.7499999999999858,109.34,109.21,0.13000000000000966,train,2024-12-29,2025-02-26
S43G01N134,2023-2024,2024-01-01,35,서울 삼성,55,서울 SK,0,26,25,26,25,2.0,2.0,0.0,0.0,0.0,0.0,0.0,0.0,0.0,0.0,0.0,0.0,0.0,0.0,0.0,1.0,7.0,-6.0,0.0,0.0,0.0,1394.137072436927,1584.0650493732944,-189.9279769363675,0.32758167445181907,0.6724183255481809,-0.34483665109636186,-189.9279769363675,0.32758167445181907,0.3333333333333333,1.0,-0.6666666666666667,-4.333333333333333,11.666666666666666,-16.0,0.4914389799635701,0.5005208333333334,-0.009081853369763304,0.13369928307660772,0.11361262451693965,0.02008665855966807,0.2939057939057939,0.21823308270676692,0.07567271119902699,0.35433084759132116,0.18801892551892552,0.16631192207239565,103.73333333333333,101.46666666666668,2.2666666666666515,108.33333333333333,86.06666666666666,22.266666666666666,0.2,1.0,-0.8,-11.2,11.8,-23.0,0.465589756137346,0.5252650616698292,-0.059675305532483236,0.13139206767091618,0.10151672477324496,0.029875342897671228,0.30833314042616367,0.21986842105263155,0.08846471937353212,0.35452885681349916,0.20114152608934394,0.15338733072415522,101.76,107.92,-6.159999999999997,116.14000000000001,90.66,25.480000000000018,0.2,0.9,-0.7,-10.0,8.7,-18.7,0.4712133484871434,0.5338277123348225,-0.0626143638476791,0.13052222334322755,0.11186004494787298,0.01866217839535457,0.3268489808704604,0.2448131842288189,0.08203579664164148,0.29513816578048696,0.18154367625639115,0.11359448952409582,102.41,108.74000000000001,-6.3300000000000125,116.13,96.08,20.049999999999997,train,2024-12-29,2025-02-26
S43G01N135,2023-2024,2024-01-02,16,원주 DB,66,고양 소노,0,28,27,28,27,2.0,2.0,0.0,0.0,0.0,0.0,0.0,0.0,0.0,0.0,0.0,0.0,0.0,0.0,0.0,5.0,0.0,5.0,0.0,2.0,-2.0,1614.5035984990625,1424.3733421218808,190.1302563771817,0.8128517732272533,0.18714822677274667,0.6257035464545067,190.1302563771817,0.8128517732272533,1.0,0.3333333333333333,0.6666666666666667,11.0,-7.333333333333333,18.333333333333332,0.6117316017316017,0.4537929330368174,0.1579386686947843,0.12039615067896998,0.10989006754520808,0.010506083133761904,0.27986928104575165,0.34196571710445184,-0.06209643605870019,0.17786435786435786,0.17784778848529773,1.6569379060138445e-05,122.00000000000001,101.89999999999999,20.100000000000023,111.73333333333335,111.2,0.5333333333333456,1.0,0.2,0.8,16.0,-15.2,31.2,0.5868798801728541,0.4448745124208431,0.142005367752011,0.13472202015362617,0.13135517077221032,0.0033668493814158484,0.3223617230676054,0.33290670298994385,-0.010544979922338438,0.22103589266823911,0.16945295583546138,0.05158293683277773,119.23999999999998,95.97999999999999,23.25999999999999,99.62,117.58,-17.959999999999994,0.8,0.1,0.7000000000000001,10.4,-12.6,23.0,0.5662425567829957,0.4680288674193127,0.09821368936368302,0.12291299163400782,0.14898497740426736,-0.026071985770259543,0.27318292551729084,0.2998602664420995,-0.026677340924808668,0.23482602456721852,0.16603446609537778,0.06879155847184074,116.38,96.11999999999999,20.260000000000005,103.3,114.18999999999998,-10.889999999999986,train,2024-12-29,2025-02-26
S43G01N136,2023-2024,2024-01-02,70,안양 정관장,50,창원 LG,1,28,27,28,27,2.0,2.0,0.0,0.0,0.0,0.0,0.0,0.0,0.0,0.0,0.0,0.0,0.0,0.0,0.0,0.0,1.0,-1.0,7.0,0.0,7.0,1420.27004123163,1558.3990195613226,-138.12897832969247,0.39628603938915147,0.6037139606108486,-0.20742792122169712,-138.12897832969247,0.39628603938915147,0.0,0.6666666666666666,-0.6666666666666666,-9.666666666666666,3.3333333333333335,-13.0,0.5009337068160596,0.49650241598895545,0.004431290827104195,0.1110360883348984,0.07157036535424523,0.03946572298065318,0.23512148512148515,0.2917764703478989,-0.05665498522641374,0.14797696856520387,0.22227738387481658,-0.0743004153096127,104.46666666666668,113.93333333333334,-9.466666666666654,115.56666666666668,107.56666666666666,8.000000000000014,0.0,0.4,-0.4,-15.2,0.8,-16.0,0.5127156125608139,0.4876973679607202,0.025018244600093664,0.11750791646622369,0.10721035800968678,0.010297558456536904,0.24291731769678843,0.29006588220873936,-0.04714856451195093,0.13786721706226351,0.2780788607516061,-0.14021164368934258,105.75999999999999,108.66,-2.9000000000000057,126.2,106.8,19.400000000000006,0.1,0.6,-0.5,-12.7,2.3,-15.0,0.5139976582871951,0.5029091672720452,0.01108849101514997,0.12016172647512462,0.1124322575416837,0.007729468933440911,0.2865432508989305,0.31073272103895827,-0.024189470140027758,0.1813525071364726,0.27141407231473685,-0.09006156517826425,108.16,110.98999999999998,-2.829999999999984,124.08,105.88,18.200000000000003,train,2024-12-29,2025-02-26
S43G01N137,2023-2024,2024-01-03,60,부산 KCC,55,서울 SK,0,24,26,24,26,2.0,2.0,0.0,0.0,0.0,0.0,0.0,0.0,0.0,0.0,0.0,0.0,0.0,0.0,0.0,0.0,8.0,-8.0,2.0,0.0,2.0,1534.281195439563,1590.616682862331,-56.33548742276798,0.5124666515929943,0.4875333484070057,0.02493330318598863,-56.33548742276798,0.5124666515929943,0.3333333333333333,1.0,-0.6666666666666667,-4.0,12.333333333333334,-16.333333333333336,0.5890249214755715,0.5151041666666668,0.0739207548089047,0.15994332898172062,0.10620585631282926,0.05373747266889135,0.3507071349118068,0.2598997493734336,0.0908073855383732,0.25226020435457125,0.19337606837606836,0.058884135978502894,116.23333333333333,107.16666666666667,9.066666666666663,122.53333333333335,92.53333333333335,30.0,0.6,1.0,-0.4,4.2,9.8,-5.6000000000000005,0.5977226451930352,0.49788602941176474,0.09983661578127045,0.13090085915150657,0.1053135697204352,0.025587289431071372,0.3287604439351995,0.2623684210526316,0.0663920228825679,0.2654074046640248,0.17089959060547294,0.09450781405855185,122.24000000000001,104.6,17.640000000000015,117.28,91.56,25.72,0.7,0.9,-0.20000000000000007,3.8,7.7,-3.9000000000000004,0.5449770673967166,0.5207400257676583,0.024237041629058265,0.12537963408159408,0.11029666448716295,0.015082969594431131,0.3331920212118818,0.26966166907730377,0.06353035213457803,0.27120683382468436,0.18387576580862994,0.08733106801605442,115.27000000000001,107.82000000000001,7.450000000000003,110.63,97.14,13.489999999999995,train,2024-12-29,2025-02-26
S43G01N138,2023-2024,2024-01-04,64,대구 한국가스공사,70,안양 정관장,1,27,29,27,29,4.0,2.0,2.0,0.0,0.0,0.0,0.0,0.0,0.0,0.0,0.0,0.0,0.0,0.0,0.0,0.0,1.0,-1.0,3.0,0.0,3.0,1413.845482965939,1432.344320443847,-18.498837477907955,0.5665238024277893,0.4334761975722107,0.13304760485557865,-18.498837477907955,0.5665238024277893,0.0,0.3333333333333333,-0.3333333333333333,-7.666666666666667,-7.0,-0.666666666666667,0.5595100103296825,0.48026598026598016,0.07924403006370234,0.11234308415201806,0.08283314955920489,0.029509934592813175,0.2659722222222222,0.26924651924651927,-0.003274297024297046,0.23878519780159121,0.19275704275704278,0.046028155044548436,116.93333333333334,106.36666666666667,10.566666666666663,126.26666666666667,113.93333333333335,12.333333333333314,0.2,0.2,0.0,-2.2,-8.8,6.6000000000000005,0.5518990137627247,0.500624574153986,0.051274439608738676,0.10296408193863651,0.11053865591609605,-0.007574573977459531,0.23929935767410412,0.26353328249879976,-0.024233924824695635,0.24235106143294818,0.17634516869810987,0.06600589273483831,115.32000000000001,105.74000000000001,9.579999999999998,118.78,117.4,1.3799999999999955,0.4,0.2,0.2,1.1,-10.8,11.9,0.5519575996145603,0.5077527770423139,0.04420482257224634,0.11026541727270053,0.11491830437980832,-0.004652887107107789,0.26203482057703253,0.2947308502630005,-0.032696029685967964,0.1904992629294069,0.1851608609448264,0.005338401984580493,114.12,108.64000000000001,5.47999999999999,113.44000000000001,122.75,-9.309999999999988,train,2024-12-29,2025-02-26
S43G01N139,2023-2024,2024-01-04,35,서울 삼성,06,수원 KT,0,27,27,27,27,3.0,3.0,0.0,0.0,0.0,0.0,0.0,0.0,0.0,0.0,0.0,0.0,0.0,0.0,0.0,0.0,4.0,-4.0,1.0,0.0,1.0,1387.5854389478905,1566.138195486914,-178.55275653902345,0.34216474158879295,0.657835258411207,-0.3156705168224141,-178.55275653902345,0.34216474158879295,0.3333333333333333,1.0,-0.6666666666666667,-0.6666666666666666,9.333333333333334,-10.0,0.5544572220862899,0.5658867823046928,-0.011429560218402912,0.1424730069592177,0.10991436711790596,0.03255863984131173,0.24297024297024297,0.3659460458240946,-0.12297580285385165,0.2862760598018733,0.18676885841064947,0.09950720139122385,108.89999999999999,118.89999999999999,-10.0,107.40000000000002,106.13333333333333,1.2666666666666941,0.2,0.8,-0.6000000000000001,-8.4,7.2,-15.600000000000001,0.4874007014109779,0.5774990014097598,-0.09009829999878194,0.14366761284836344,0.12570228354047147,0.017965329307891964,0.2926197526197526,0.3759029101455289,-0.08328315752577631,0.31409104586822556,0.19497619563426477,0.11911485023396079,103.55999999999999,120.25999999999999,-16.700000000000003,112.74000000000001,110.38000000000002,2.359999999999985,0.2,0.6,-0.39999999999999997,-10.1,3.5,-13.6,0.4770235830287213,0.5229485436942719,-0.04592496066555063,0.13455256399216042,0.11783775092960595,0.01671481306255447,0.32567087969235925,0.33469259055134615,-0.009021710858986898,0.2855859269745168,0.21838929539561405,0.06719663157890274,102.95,112.13999999999999,-9.189999999999984,116.26000000000002,109.1,7.160000000000025,train,2024-12-29,2025-02-26
S43G01N140,2023-2024,2024-01-05,55,서울 SK,66,고양 소노,1,27,28,27,28,2.0,3.0,-1.0,0.0,0.0,0.0,0.0,0.0,0.0,0.0,0.0,0.0,0.0,0.0,0.0,9.0,1.0,8.0,0.0,0.0,0.0,1600.8660158941907,1440.6303775864258,160.23563830776493,0.7852555615115299,0.21474443848847014,0.5705111230230597,160.23563830776493,0.7852555615115299,1.0,0.3333333333333333,0.6666666666666667,8.333333333333334,-6.666666666666667,15.0,0.49995265151515156,0.46586978008401275,0.034082871431138806,0.10724973322908904,0.1077094234031649,-0.00045969017407586354,0.2892857142857143,0.34468902865129275,-0.05540331436557844,0.16829004329004327,0.1750679515690635,-0.006777908279020223,105.46666666666668,103.76666666666665,1.7000000000000313,97.06666666666666,112.30000000000001,-15.233333333333348,1.0,0.4,0.6,8.4,-7.2,15.600000000000001,0.4799715909090909,0.48630409990306206,-0.006332508993971142,0.10091799802146262,0.11037739738595911,-0.009459399364496496,0.27593984962406015,0.33240165248489334,-0.05646180286083319,0.1762853812853813,0.17962365284826368,-0.0033382715628823834,102.18,106.12,-3.9399999999999977,92.3,115.94000000000001,-23.640000000000015,0.9,0.2,0.7,7.7,-11.4,19.1,0.5145279045555371,0.47584620488061297,0.03868169967492413,0.1079165553493147,0.14998469109706128,-0.04206813574774658,0.2921616690773038,0.3137491553309884,-0.021587486253684618,0.16019611212897628,0.16758245371147687,-0.007386341582500594,107.59,97.92,9.670000000000002,97.28999999999999,113.33,-16.040000000000006,train,2024-12-29,2025-02-26
S43G01N141,2023-2024,2024-01-06,50,창원 LG,64,대구 한국가스공사,0,28,28,28,28,4.0,2.0,2.0,0.0,0.0,0.0,0.0,0.0,0.0,0.0,0.0,0.0,0.0,0.0,0.0,0.0,1.0,-1.0,1.0,0.0,1.0,1546.3247403491057,1422.5150069173833,123.8097334317224,0.7477930322914135,0.2522069677085865,0.49558606458282695,123.8097334317224,0.7477930322914135,0.3333333333333333,0.3333333333333333,0.0,-4.333333333333333,-2.0,-2.333333333333333,0.48413934869631065,0.5393079901276622,-0.05516864143135153,0.08210104459694478,0.13150645752074444,-0.04940541292379966,0.25659128516271373,0.330787037037037,-0.07419575187432326,0.26938223520501997,0.21858317759957102,0.05079905760544895,108.23333333333333,116.03333333333335,-7.800000000000011,111.33333333333333,117.03333333333335,-5.700000000000017,0.4,0.4,0.0,0.4,2.6,-2.2,0.50456811626004,0.5639749974804994,-0.05940688122045945,0.07036392736591941,0.11022022708733911,-0.0398562997214197,0.27006588220873934,0.3105411877394636,-0.04047530553072426,0.25345301041147,0.23081781855642172,0.02263519185504828,114.33999999999999,121.58,-7.240000000000009,112.0,117.23999999999998,-5.239999999999981,0.5,0.4,0.09999999999999998,1.5,1.4,0.10000000000000009,0.5029638120807883,0.5438046414616021,-0.04084082938081379,0.11149776844114297,0.11277732565217433,-0.0012795572110313597,0.2984746565228293,0.2731459316881436,0.02532872483468568,0.2703758209486166,0.1961991186292626,0.07417670231935403,110.03,113.52000000000001,-3.490000000000009,105.83,112.28,-6.450000000000003,train,2024-12-29,2025-02-26
S43G01N142,2023-2024,2024-01-06,10,울산 현대모비스,06,수원 KT,1,27,28,27,28,6.0,2.0,4.0,0.0,0.0,0.0,0.0,0.0,0.0,0.0,0.0,0.0,0.0,0.0,0.0,2.0,5.0,-3.0,0.0,0.0,0.0,1489.9870028834669,1572.9814903186898,-82.99448743522294,0.47412698107835755,0.5258730189216425,-0.051746037843284964,-82.99448743522294,0.47412698107835755,0.6666666666666666,1.0,-0.33333333333333337,4.666666666666667,20.0,-15.333333333333332,0.5782791748545174,0.6003217503217503,-0.022042575467232872,0.11949481512303121,0.07891762752938218,0.04057718759364903,0.38124723573639985,0.3502333634447455,0.031013872291654365,0.2175500052212381,0.15997425997425999,0.057575745246978116,125.89999999999999,129.76666666666665,-3.86666666666666,119.8,100.8,19.0,0.8,1.0,-0.19999999999999996,10.8,19.6,-8.8,0.5959242858367044,0.625929584910766,-0.030005299074061575,0.1322380498137553,0.10864526743320055,0.02359278238055476,0.3894890821825806,0.4047528126796419,-0.015263730497061312,0.24786731063398476,0.1812538616302406,0.06661344900374416,126.6,131.9,-5.300000000000011,110.24000000000001,103.32000000000001,6.920000000000002,0.5,0.7,-0.19999999999999996,4.7,8.5,-3.8,0.5621460345790792,0.5518232990758766,0.010322735503202618,0.131661545940473,0.11548531583051351,0.016176230109959486,0.32612284021152493,0.35348211177989175,-0.027359271568366816,0.2652571927916346,0.20658890400618155,0.05866828878545308,116.87,117.58,-0.7099999999999937,110.13,106.83999999999999,3.2900000000000063,train,2024-12-29,2025-02-26
S43G01N143,2023-2024,2024-01-06,35,서울 삼성,16,원주 DB,0,28,29,28,29,2.0,4.0,-2.0,0.0,0.0,0.0,0.0,0.0,0.0,0.0,0.0,0.0,0.0,0.0,0.0,0.0,0.0,0.0,2.0,1.0,1.0,1380.7421441161146,1598.2465630345175,-217.50441891840296,0.29361604226205557,0.7063839577379445,-0.4127679154758889,-217.50441891840296,0.29361604226205557,0.3333333333333333,0.6666666666666666,-0.3333333333333333,-9.0,5.666666666666667,-14.666666666666668,0.5064822944103013,0.5946344002081707,-0.08815210579786936,0.15066251717336396,0.149117299244896,0.0015452179284679568,0.2716733646966205,0.3277620013522651,-0.056088636655644564,0.16099479975687175,0.18572989851678376,-0.024735098759912005,100.66666666666667,117.16666666666667,-16.5,113.46666666666668,113.89999999999999,-0.4333333333333087,0.2,0.8,-0.6000000000000001,-11.8,12.2,-24.0,0.4787527646243229,0.6142097701346776,-0.13545700551035467,0.14412382388794062,0.14809200339131637,-0.003968179503375746,0.29086264667660017,0.2871333912875495,0.0037292553890506674,0.2599646191781465,0.2367556321696988,0.0232089870084477,99.72,119.2,-19.480000000000004,115.31999999999998,105.74000000000001,9.57999999999997,0.2,0.7,-0.49999999999999994,-13.0,7.4,-20.4,0.465396132048329,0.5729820831946533,-0.10758595114632424,0.1397233104450824,0.13104098987086443,0.008682320574217972,0.3295876483582099,0.2779016188022273,0.051686029555982616,0.2841545544254972,0.2479180099952695,0.036236544430227696,101.03,116.05999999999999,-15.029999999999987,118.78999999999999,107.16,11.629999999999995,train,2024-12-29,2025-02-26
S43G01N144,2023-2024,2024-01-07,55,서울 SK,70,안양 정관장,1,28,30,28,30,2.0,3.0,-1.0,0.0,0.0,0.0,0.0,0.0,0.0,0.0,0.0,0.0,0.0,0.0,0.0,10.0,0.0,10.0,0.0,1.0,-1.0,1605.16090466396,1423.6747964924027,181.48610817155736,0.8051640457211847,0.19483595427881528,0.6103280914423694,181.48610817155736,0.8051640457211847,1.0,0.3333333333333333,0.6666666666666667,11.0,-4.666666666666667,15.666666666666668,0.4685494652406417,0.5053982553982553,-0.03684879015761361,0.0931821552640838,0.0972318863702711,-0.004049731106187296,0.3814516129032259,0.32432432432432434,0.057127288578901536,0.19892729819200405,0.21524381524381522,-0.01631651705181117,108.36666666666666,111.53333333333335,-3.1666666666666856,95.60000000000001,118.23333333333335,-22.63333333333334,1.0,0.2,0.8,13.2,-7.2,20.4,0.5014421791443849,0.4895134630428748,0.01192871610151014,0.10271948770724722,0.10543906691192553,-0.0027195792046783157,0.3048108173659957,0.287018837018837,0.017791980347158676,0.19788201994084348,0.19221818457112577,0.005663835369717707,108.44000000000001,106.02000000000001,2.4200000000000017,92.35999999999999,116.22,-23.860000000000014,1.0,0.2,0.8,11.2,-11.4,22.6,0.5104020875620731,0.5094907718182833,0.0009113157437897756,0.10862117151986965,0.11810989497233826,-0.009488723452468609,0.30266858151970005,0.29160772713987737,0.011060854379822682,0.18258173304400896,0.19060590816202552,-0.008024175118016563,108.02000000000001,108.38,-0.3599999999999852,93.59,123.78,-30.189999999999998,train,2024-12-29,2025-02-26
S43G01N145,2023-2024,2024-01-07,60,부산 KCC,66,고양 소노,1,25,29,25,29,4.0,2.0,2.0,0.0,0.0,0.0,0.0,0.0,0.0,0.0,0.0,0.0,0.0,0.0,0.0,0.0,0.0,0.0,3.0,1.0,2.0,1524.031862407703,1436.3354888166564,87.69637359104672,0.7066130845538984,0.2933869154461016,0.41322616910779675,87.69637359104672,0.7066130845538984,0.0,0.3333333333333333,-0.3333333333333333,-7.0,-9.0,2.0,0.5361975405231906,0.47747136469069074,0.05872617583249984,0.16392554184483618,0.13154665042745547,0.032378891417380706,0.33880237300704485,0.3187830687830688,0.020019304223976075,0.2296907599101268,0.18652805343663567,0.04316270647349113,106.10000000000001,102.0,4.1000000000000085,114.73333333333333,113.63333333333334,1.0999999999999943,0.4,0.4,0.0,-2.2,-8.4,6.2,0.5625976451930352,0.47002618427030785,0.09257146092272739,0.13685939939127162,0.12386343069027102,0.012995968701000601,0.3077927019997156,0.3297826048658457,-0.021989902866130118,0.2998657379973581,0.18200578684330088,0.11785995115405723,114.67999999999999,102.26,12.419999999999987,117.6,112.62,4.97999999999999,0.7,0.2,0.49999999999999994,3.9,-13.2,17.099999999999998,0.534543599654781,0.46070003552577427,0.07384356412900678,0.12268252461863485,0.15600368160330963,-0.03332115698467478,0.3300670212118818,0.30660629818813123,0.023460723023750574,0.27518868866339397,0.1824514053243801,0.09273728333901388,113.96000000000001,94.77000000000001,19.189999999999998,108.72,112.30999999999999,-3.589999999999989,train,2024-12-29,2025-02-26
S43G01N146,2023-2024,2024-01-07,50,창원 LG,10,울산 현대모비스,1,29,28,29,28,1.0,1.0,0.0,1.0,1.0,0.0,0.0,0.0,0.0,0.0,0.0,0.0,0.0,0.0,0.0,0.0,3.0,-3.0,2.0,0.0,2.0,1531.3688797032773,1500.5044632618997,30.86441644137767,0.6345623658477644,0.3654376341522356,0.26912473169552875,30.86441644137767,0.6345623658477644,0.3333333333333333,1.0,-0.6666666666666667,-0.3333333333333333,8.333333333333334,-8.666666666666668,0.509045584045584,0.5646024546560581,-0.055556870610474096,0.09693230549242726,0.10768237025804113,-0.010750064765613868,0.27274774774774774,0.35756302521008404,-0.0848152774623363,0.30712250712250716,0.26592446663917774,0.04119804048332942,109.10000000000001,123.5,-14.399999999999991,108.76666666666665,112.0,-3.2333333333333485,0.4,0.8,-0.4,0.4,7.0,-6.6,0.5017903384822622,0.5682455022776642,-0.06645516379540206,0.083584084990486,0.11573351191678945,-0.032149426926303445,0.29006588220873936,0.38541500810850654,-0.09534912589976718,0.2622553192137788,0.24858006900889568,0.013675250204883138,111.54,124.26000000000002,-12.720000000000013,109.72,112.84,-3.1200000000000045,0.4,0.6,-0.19999999999999996,0.3,5.1,-4.8,0.49351040706286725,0.5614213968979198,-0.06791098983505256,0.10412671919131547,0.1294541220643677,-0.02532740287305224,0.3109746565228293,0.3353163885986217,-0.024341732075792377,0.2642826309844589,0.2769628784103637,-0.01268024742590479,109.71999999999998,117.78999999999999,-8.070000000000007,107.80999999999999,109.88999999999999,-2.0799999999999983,train,2024-12-29,2025-02-26
S43G01N147,2023-2024,2024-01-08,16,원주 DB,06,수원 KT,1,30,29,30,29,2.0,2.0,0.0,0.0,0.0,0.0,0.0,0.0,0.0,0.0,0.0,0.0,0.0,0.0,0.0,1.0,0.0,1.0,0.0,1.0,-1.0,1604.1188838797586,1562.464029940257,41.65485393950166,0.6488423921166997,0.3511576078833003,0.2976847842333994,41.65485393950166,0.6488423921166997,0.6666666666666666,0.6666666666666666,0.0,5.0,14.666666666666666,-9.666666666666666,0.5634836065573771,0.5597812097812098,0.0037023967761672383,0.12116677300604982,0.08497947945058555,0.03618729355546427,0.34075345434371807,0.32047145868284077,0.020281995660877294,0.24049180327868855,0.16387816387816387,0.07661363940052468,118.53333333333335,120.2,-1.6666666666666572,114.66666666666667,101.2,13.466666666666669,0.8,0.8,0.0,8.2,13.8,-5.600000000000001,0.5957957916400539,0.5781034979542442,0.017692293685809712,0.1247764638884312,0.10757739357516136,0.017199070313269837,0.30178540593956416,0.3581919661187954,-0.056406560179231235,0.21901369668582787,0.16444226742734205,0.05457142925848582,120.25999999999999,121.17999999999999,-0.9200000000000017,112.25999999999999,102.32000000000001,9.939999999999984,0.7,0.7,0.0,8.3,8.9,-0.5999999999999996,0.567712475351516,0.5512060151252592,0.01650646022625679,0.12236054929844672,0.11829405642509774,0.004066492873348981,0.28144611352319265,0.34633925463703463,-0.06489314111384198,0.24203565705409305,0.20263828672223094,0.03939737033186211,117.25,116.2,1.0499999999999972,106.96,105.3,1.6599999999999966,train,2024-12-29,2025-02-26
S43G01N148,2023-2024,2024-01-08,64,대구 한국가스공사,35,서울 삼성,1,29,29,29,29,2.0,2.0,0.0,0.0,0.0,0.0,0.0,0.0,0.0,0.0,0.0,0.0,0.0,0.0,0.0,2.0,0.0,2.0,0.0,3.0,-3.0,1437.4708675632116,1374.8698232708734,62.6010442923382,0.6757987053955875,0.3242012946044125,0.351597410791175,62.6010442923382,0.6757987053955875,0.6666666666666666,0.0,0.6666666666666666,2.6666666666666665,-20.0,22.666666666666668,0.5486793469566462,0.4586562074537796,0.09002313950286661,0.11367174732698565,0.13114977119366622,-0.01747802386668057,0.29745370370370366,0.27419861722187305,0.02325508648183061,0.278667474972004,0.1465763679471356,0.1320911070248684,119.96666666666665,97.13333333333333,22.83333333333333,113.60000000000002,125.33333333333333,-11.733333333333306,0.4,0.2,0.2,-1.6,-11.6,10.0,0.5583562373226169,0.5033904457837431,0.05496579153887371,0.1223953682320111,0.13087204938459432,-0.008476681152583224,0.28180555555555553,0.25624726206121556,0.025558293494339968,0.23834045612317353,0.23881593426134567,-0.0004754781381721418,117.24000000000001,103.1,14.140000000000015,117.3,118.75999999999999,-1.4599999999999937,0.5,0.2,0.3,2.2,-12.0,14.2,0.5559606465645728,0.47007608373915033,0.08588456282542245,0.11883995402477632,0.12908471894002202,-0.010244764915245702,0.26253987108208304,0.3204413068947952,-0.057901435812712176,0.22257054199357826,0.2877777428312943,-0.06520720083771606,114.79,103.08,11.710000000000008,111.80999999999999,119.82000000000001,-8.01000000000002,train,2024-12-29,2025-02-26
S43G01N149,2023-2024,2024-01-09,50,창원 LG,55,서울 SK,0,30,29,30,29,2.0,2.0,0.0,0.0,0.0,0.0,0.0,0.0,0.0,0.0,0.0,0.0,0.0,0.0,0.0,1.0,11.0,-10.0,0.0,0.0,0.0,1538.677632386322,1609.0576237495363,-70.37999136321423,0.4922581888236975,0.5077418111763026,-0.015483622352605086,-70.37999136321423,0.4922581888236975,0.3333333333333333,1.0,-0.6666666666666667,1.0,13.666666666666666,-12.666666666666666,0.5388197899391929,0.5047124005640249,0.034107389375167996,0.1082485155608655,0.10190273868481371,0.006345776876051784,0.2472222222222222,0.3499701314217443,-0.10274790919952212,0.27451630735212823,0.19612879072931746,0.07838751662281077,110.8,112.93333333333334,-2.13333333333334,108.23333333333333,94.53333333333335,13.699999999999989,0.4,1.0,-0.6,-1.2,12.6,-13.799999999999999,0.5071088165146355,0.5118899403384148,-0.004781123823779376,0.09361241374659143,0.10965437907594347,-0.016041965329352037,0.2622881044309616,0.3185535074244752,-0.05626540299351357,0.25300579220095565,0.1926772744375905,0.06032851776336515,109.1,110.62,-1.5200000000000102,109.08,94.82000000000001,14.259999999999991,0.4,1.0,-0.6,0.6,11.2,-10.6,0.5012888226771036,0.5096558189053566,-0.008366996228252987,0.10863841957322577,0.10233289505442782,0.006305524518797956,0.2814874770356498,0.300871195898785,-0.019383718863135224,0.26296230951488375,0.18556680767087463,0.07739550184400912,109.41,109.08999999999999,0.3200000000000074,106.85,94.27000000000001,12.579999999999984,train,2024-12-29,2025-02-26
S43G01N150,2023-2024,2024-01-09,60,부산 KCC,10,울산 현대모비스,1,26,29,26,29,2.0,2.0,0.0,0.0,0.0,0.0,0.0,0.0,0.0,0.0,0.0,0.0,0.0,0.0,0.0,1.0,0.0,1.0,0.0,1.0,-1.0,1529.8996007166252,1493.195710578855,36.70389013777026,0.6423215538504726,0.3576784461495274,0.28464310770094525,36.70389013777026,0.6423215538504726,0.3333333333333333,0.6666666666666666,-0.3333333333333333,1.0,-1.0,2.0,0.5136515403652501,0.5041446476229084,0.009506892742341622,0.14636923989486372,0.11221594758026308,0.03415329231460064,0.30654430849091585,0.3706349206349206,-0.06409061214400474,0.31750565369516986,0.2707871838306621,0.04671846986450778,105.63333333333334,113.43333333333334,-7.799999999999997,103.10000000000001,114.33333333333333,-11.23333333333332,0.4,0.6,-0.19999999999999996,-1.2,0.8,-2.0,0.5487026512980413,0.5325312165633787,0.01617143473466265,0.15024657342944842,0.11892595510941377,0.031320618320034646,0.3184887970761163,0.3654150081085065,-0.0469262110323902,0.2870208051524253,0.24684846727729398,0.0401723378751313,111.04,116.97999999999999,-5.9399999999999835,113.1,115.58,-2.480000000000004,0.7,0.5,0.19999999999999996,4.4,2.5,1.9000000000000004,0.5344256245368059,0.5462322382305003,-0.011806613693694401,0.12810798223834813,0.12834770927486508,-0.00023972703651695126,0.33470903537395885,0.3267142380609873,0.007994797312971536,0.2786206920953974,0.2757018206275669,0.0029188714678305416,113.64000000000001,115.18000000000002,-1.5400000000000063,108.30999999999999,110.68999999999998,-2.3799999999999955,train,2024-12-29,2025-02-26
S43G01N151,2023-2024,2024-01-11,60,부산 KCC,55,서울 SK,1,27,30,27,30,2.0,2.0,0.0,0.0,0.0,0.0,0.0,0.0,0.0,0.0,0.0,0.0,0.0,0.0,0.0,2.0,12.0,-10.0,0.0,0.0,0.0,1537.0531696396158,1618.9027875260103,-81.84961788639453,0.47577044338591457,0.5242295566140854,-0.04845911322817087,-81.84961788639453,0.47577044338591457,0.6666666666666666,1.0,-0.33333333333333337,3.6666666666666665,15.0,-11.333333333333334,0.5207175925925926,0.4984353442869686,0.02228224830562403,0.1297572699840661,0.11205727283315592,0.01769999715091017,0.28427419354838707,0.36984192629353924,-0.08556773274515217,0.27848875661375666,0.1861720807726075,0.09231667584114917,109.36666666666666,110.69999999999999,-1.3333333333333286,103.3,90.13333333333333,13.166666666666671,0.4,1.0,-0.6,-1.4,10.4,-11.8,0.5372740798694698,0.478720297481272,0.05855378238819786,0.1516637862627807,0.09998478701119237,0.05167899925158834,0.32384593993325916,0.36690515577612354,-0.04305921584286437,0.25178270991433005,0.1751772744375905,0.07660543547673954,109.13999999999999,107.72,1.4199999999999875,110.4,94.74,15.66000000000001,0.7,1.0,-0.30000000000000004,4.3,11.1,-6.8,0.5454360774984783,0.5019926795755506,0.04344339792292773,0.13168806355968737,0.10075075589221867,0.030937307667468703,0.323101892516816,0.29338678841437754,0.02971510410243844,0.27360327049260996,0.1881594002634672,0.08544387022914277,113.97,107.82000000000001,6.1499999999999915,107.75,92.7,15.049999999999997,train,2024-12-29,2025-02-26
S43G01N152,2023-2024,2024-01-17,60,부산 KCC,16,원주 DB,0,28,31,28,31,6.0,9.0,-3.0,0.0,0.0,0.0,0.0,0.0,0.0,0.0,0.0,0.0,0.0,0.0,0.0,3.0,2.0,1.0,0.0,0.0,0.0,1547.5377607718976,1611.1420360374248,-63.60427526552712,0.5020085985497598,0.49799140145024023,0.004017197099519532,-63.60427526552712,0.5020085985497598,1.0,0.6666666666666666,0.33333333333333337,9.666666666666666,5.333333333333333,4.333333333333333,0.5598242310106717,0.5826502732240436,-0.022826042213371922,0.12746741466247602,0.11867365964371483,0.008793755018761187,0.29289488320355955,0.29718046959426264,-0.004285586390703089,0.31424087525782446,0.24734365513054038,0.06689722012728408,118.86666666666666,118.73333333333335,0.13333333333331154,104.63333333333333,111.46666666666665,-6.833333333333329,0.6,0.8,-0.20000000000000007,4.6,7.8,-3.2,0.5456727644128546,0.5817806401249024,-0.036107875712047766,0.1345673175285484,0.11766869031732222,0.016898627211226175,0.30159899888765296,0.3128965170506753,-0.011297518163022324,0.29650823483211397,0.19754905022118135,0.09895918461093262,113.54,119.36000000000001,-5.820000000000007,105.47999999999999,110.8,-5.320000000000007,0.7,0.7,0.0,5.0,8.2,-3.1999999999999993,0.5667166801350132,0.5682699870886052,-0.0015533069535920152,0.12836775414369342,0.1219986409648514,0.00636911317884202,0.30882763429708865,0.2824562145332936,0.026371419763795034,0.2858914060858303,0.24882360697584577,0.037067799109984534,117.8,117.28999999999999,0.5100000000000051,110.23999999999998,106.35999999999999,3.8799999999999955,train,2024-12-29,2025-02-26
S43G01N153,2023-2024,2024-01-17,66,고양 소노,70,안양 정관장,1,30,31,30,31,10.0,10.0,0.0,0.0,0.0,0.0,0.0,0.0,0.0,0.0,0.0,0.0,0.0,0.0,0.0,0.0,0.0,0.0,2.0,2.0,0.0,1430.4677505077343,1419.7780774068265,10.68967310090784,0.607235091828972,0.39276490817102805,0.2144701836579439,10.68967310090784,0.607235091828972,0.3333333333333333,0.3333333333333333,0.0,-9.666666666666666,-6.333333333333333,-3.333333333333333,0.486446785845068,0.461040786383252,0.025405999461815987,0.13300984894311432,0.07713350079691776,0.05587634814619656,0.25271700271700276,0.32016632016632013,-0.06744931744931737,0.18431871899863508,0.21804877284329338,-0.0337300538446583,100.46666666666665,105.36666666666667,-4.90000000000002,111.76666666666667,117.5,-5.733333333333334,0.2,0.2,0.0,-11.0,-8.8,-2.1999999999999993,0.4542846763995538,0.4742435194489989,-0.01995884304944512,0.12219946025080888,0.08475916436089082,0.03744029588991807,0.2862213965987551,0.27256662256662256,0.013654774032132555,0.19194779181430338,0.1843213271980395,0.007626464616263873,98.12,104.38,-6.259999999999991,112.25999999999999,116.54,-4.280000000000015,0.2,0.1,0.1,-12.3,-13.5,1.1999999999999993,0.4605366368329638,0.4964033113335626,-0.03586667450059877,0.13842483093851116,0.11042571314176511,0.027999117796746048,0.29431336008874154,0.2793905325697416,0.014922827518999926,0.17417253822198359,0.1873814613759349,-0.013208923153951307,95.95,105.75,-9.799999999999997,112.83,124.91,-12.079999999999998,train,2024-12-29,2025-02-26
S43G01N154,2023-2024,2024-01-18,64,대구 한국가스공사,06,수원 KT,1,30,30,30,30,10.0,10.0,0.0,0.0,0.0,0.0,0.0,0.0,0.0,0.0,0.0,0.0,0.0,0.0,0.0,3.0,0.0,3.0,0.0,2.0,-2.0,1443.9548934553,1555.4408777825909,-111.48598432729091,0.4334976542144645,0.5665023457855355,-0.13300469157107098,-111.48598432729091,0.4334976542144645,1.0,0.3333333333333333,0.6666666666666667,7.0,11.0,-4.0,0.5462249614791989,0.5642857142857143,-0.018060752806515423,0.1381804991111477,0.11729367761550807,0.020886821495639613,0.2841634738186462,0.3932027265360598,-0.1090392527174136,0.27144324601951714,0.1294956801285915,0.14194756589092564,114.19999999999999,119.16666666666667,-4.966666666666683,100.7666666666667,104.7,-3.9333333333333087,0.6,0.6,0.0,0.8,10.2,-9.399999999999999,0.5422288618732075,0.5601930501930502,-0.0179641883198427,0.13252959711237094,0.10043429296835708,0.03209530414401386,0.28008141762452105,0.3645801725070018,-0.08449875488248076,0.26674312689872565,0.14796767834742516,0.11877544855130048,113.58,119.91999999999999,-6.339999999999989,110.0,106.34,3.6599999999999966,0.6,0.6,0.0,4.0,6.3,-2.3,0.560775746718656,0.5526345865538307,0.008141160164825356,0.11807903085435445,0.12123658878685084,-0.003157557932496391,0.2666778021165658,0.3773408444621538,-0.11066304234558805,0.24434763495711193,0.19101080028461792,0.053336834672494005,116.25,116.97,-0.7199999999999989,110.53,108.99000000000001,1.539999999999992,train,2024-12-29,2025-02-26
S43G01N155,2023-2024,2024-01-18,55,서울 SK,10,울산 현대모비스,0,31,30,31,30,7.0,9.0,-2.0,0.0,0.0,0.0,0.0,0.0,0.0,0.0,0.0,0.0,0.0,0.0,0.0,0.0,0.0,0.0,1.0,2.0,-1.0,1608.4181963937285,1486.0421416558643,122.37605473786425,0.7462333627114816,0.25376663728851845,0.4924667254229631,122.37605473786425,0.7462333627114816,0.6666666666666666,0.3333333333333333,0.3333333333333333,1.3333333333333333,-5.0,6.333333333333333,0.4806334867018293,0.4649746071370786,0.015658879564750705,0.09267809861065872,0.1074507422432331,-0.014772643632574384,0.35704110704110703,0.35785907859078586,-0.0008179715496788309,0.15005236973029587,0.2815834051531992,-0.13153103542290331,106.53333333333335,106.39999999999999,0.13333333333335418,105.36666666666667,113.36666666666667,-8.0,0.8,0.6,0.20000000000000007,6.6,1.8,4.8,0.4807597711654825,0.5191955124382008,-0.038435741272718316,0.09460283308594487,0.10478658128168328,-0.010183748195738404,0.3630956319665997,0.35925326228052196,0.0038423696860777623,0.17188780075338,0.25893950568412183,-0.08705170493074182,108.05999999999999,116.25999999999999,-8.200000000000003,100.06,114.82000000000001,-14.760000000000005,0.9,0.5,0.4,8.2,2.8,5.3999999999999995,0.4893229002886236,0.5363853874971094,-0.047062487208485826,0.09995820140319003,0.1244370706092355,-0.024478869206045473,0.3127320265096156,0.3457386283048897,-0.03300660179527409,0.17139369567942647,0.26923072485534943,-0.09783702917592296,106.33,115.54,-9.210000000000008,95.80999999999999,110.89000000000001,-15.080000000000027,train,2024-12-29,2025-02-26
S43G01N156,2023-2024,2024-01-19,60,부산 KCC,50,창원 LG,0,29,31,29,31,2.0,10.0,-8.0,0.0,0.0,0.0,0.0,0.0,0.0,0.0,0.0,0.0,0.0,0.0,0.0,0.0,0.0,0.0,1.0,1.0,0.0,1537.4975888009023,1528.832468609848,8.665120191054257,0.6044520960739271,0.39554790392607286,0.20890419214785427,8.665120191054257,0.6044520960739271,0.6666666666666666,0.3333333333333333,0.3333333333333333,5.666666666666667,0.0,5.666666666666667,0.5601223158157987,0.48155483267423566,0.07856748314156309,0.11868660960408113,0.10377293737238276,0.014913672231698372,0.30138384754990927,0.28624661246612465,0.015137235083784617,0.261181779945208,0.22408895692477782,0.03709282302043021,119.53333333333332,102.76666666666667,16.76666666666665,110.59999999999998,102.26666666666667,8.333333333333314,0.6,0.4,0.19999999999999996,4.6,0.6,3.9999999999999996,0.5313610879021777,0.4971380278096696,0.03422306009250814,0.12549254180286473,0.10037860228904194,0.02511393951382279,0.2888948246589778,0.26039661612832343,0.02849820853065438,0.29237375050680736,0.2631713228728154,0.029202427633991945,113.02000000000001,106.25999999999999,6.760000000000019,105.94000000000001,104.1,1.8400000000000176,0.6,0.4,0.19999999999999996,4.4,1.8,2.6000000000000005,0.5645418665476065,0.49228137850836917,0.07226048803923735,0.12819670047718565,0.10055448518751511,0.027642215289670535,0.3088276342970887,0.2834650643790908,0.0253625699179979,0.2788905775854161,0.261920125892055,0.01697045169336109,117.63,108.46,9.170000000000002,111.60999999999999,104.77000000000001,6.839999999999975,train,2024-12-29,2025-02-26
S43G01N157,2023-2024,2024-01-19,70,안양 정관장,35,서울 삼성,1,32,30,32,30,2.0,11.0,-9.0,0.0,0.0,0.0,0.0,0.0,0.0,0.0,0.0,0.0,0.0,0.0,0.0,0.0,0.0,0.0,3.0,4.0,-1.0,1411.922779243406,1368.3857973787851,43.536981864620884,0.651306967498299,0.34869303250170103,0.30261393499659794,43.536981864620884,0.651306967498299,0.0,0.0,0.0,-10.0,-20.666666666666668,10.666666666666668,0.5164890918315576,0.430645575681136,0.08584351615042157,0.09660006330691086,0.10001354708333225,-0.0034134837764213943,0.2628089628089628,0.24551203590371276,0.01729692690525006,0.19381024860476917,0.14371396762000413,0.05009628098476504,107.63333333333333,94.46666666666665,13.166666666666671,121.30000000000003,126.2666666666667,-4.966666666666669,0.2,0.2,0.0,-6.6,-9.4,2.8000000000000007,0.5147197099251895,0.4828649573489801,0.031854752576209344,0.08870258174810547,0.11980300201917779,-0.03110042027107232,0.2874151074151074,0.2498461240811302,0.03756898333397721,0.20416259703930936,0.1563546721908314,0.047807924848477956,110.82000000000001,100.12,10.700000000000003,119.16,114.4,4.759999999999991,0.1,0.1,0.0,-13.1,-13.1,0.0,0.5050822667867116,0.4604394779552843,0.04464278883142736,0.10835593749568735,0.12196167076976823,-0.013605733274080878,0.2724208356000447,0.2873472080112227,-0.014926372411178002,0.18054582389513613,0.26264456170496253,-0.0820987378098264,106.55,100.16,6.390000000000001,124.49999999999997,118.96000000000001,5.539999999999964,train,2024-12-29,2025-02-26
S43G01N158,2023-2024,2024-01-20,10,울산 현대모비스,64,대구 한국가스공사,1,31,31,31,31,2.0,2.0,0.0,0.0,0.0,0.0,0.0,0.0,0.0,0.0,0.0,0.0,0.0,0.0,0.0,1.0,4.0,-3.0,0.0,0.0,0.0,1500.966808910094,1455.2849403710106,45.681868539083325,0.65410577449786,0.34589422550214,0.30821154899572,45.681868539083325,0.65410577449786,0.3333333333333333,1.0,-0.6666666666666667,-4.333333333333333,7.0,-11.333333333333332,0.4876603363445469,0.5236107597605194,-0.03595042341597249,0.11198825495928359,0.130372030212754,-0.018383775253470416,0.3376836399942947,0.23125342090859333,0.10643021908570136,0.26023597076228655,0.3553419343958175,-0.09510596363353097,108.2,107.7,0.5,116.66666666666667,95.7666666666667,20.899999999999977,0.6,0.8,-0.20000000000000007,-1.0,5.0,-6.0,0.5080700033674862,0.5298147419964011,-0.021744738628914906,0.11158674170721423,0.12071932564980781,-0.009132583942593572,0.3583244697108625,0.28389094143404486,0.07443352827681765,0.27186064600252247,0.3126090354512014,-0.04074838944867892,113.21999999999998,114.08,-0.8600000000000136,115.3,104.75999999999999,10.540000000000006,0.6,0.6,0.0,3.9,3.2,0.6999999999999997,0.5391877800536002,0.5469984792100451,-0.007810699156444834,0.12395005659211544,0.1169171814571808,0.007032875134934641,0.361352663392609,0.2758943919783169,0.08545827141429213,0.27301893929930154,0.2631536051063656,0.009865334192935948,116.6,114.96,1.6400000000000006,111.27000000000001,109.67,1.6000000000000085,train,2024-12-29,2025-02-26
S43G01N159,2023-2024,2024-01-20,55,서울 SK,16,원주 DB,1,32,32,32,32,2.0,3.0,-1.0,0.0,0.0,0.0,0.0,0.0,0.0,0.0,0.0,0.0,0.0,0.0,0.0,0.0,3.0,-3.0,2.0,0.0,2.0,1593.4935291394988,1621.18220800842,-27.688678868921215,0.5534898371194532,0.4465101628805468,0.10697967423890642,-27.688678868921215,0.5534898371194532,0.3333333333333333,1.0,-0.6666666666666667,-3.6666666666666665,8.333333333333334,-12.0,0.47026280489957295,0.5479957805907173,-0.07773297569114435,0.0920005338497321,0.08620448430364931,0.005796049546082788,0.33137973137973137,0.3255151394686278,0.005864591911103556,0.20772176921176178,0.1772737927801219,0.030447976431639878,104.46666666666665,119.66666666666669,-15.200000000000031,110.16666666666667,106.7,3.4666666666666686,0.6,0.8,-0.20000000000000007,5.4,5.2,0.20000000000000018,0.4940760323690677,0.56272096562219,-0.06864493325312226,0.10050485944832929,0.1148898659206145,-0.014385006472285203,0.3438099176808854,0.32796628449253573,0.015843633188349693,0.21633630999062162,0.20065935763528625,0.015676952355335366,110.02000000000001,118.04,-8.019999999999996,102.67999999999999,112.01999999999998,-9.33999999999999,0.8,0.8,0.0,6.9,9.1,-2.1999999999999993,0.48702381163907926,0.5678610289581281,-0.0808372173190488,0.10071142873489596,0.12741565320577924,-0.02670422447088329,0.3098748836524728,0.30986988613301175,4.997519461036326e-06,0.19631084563800144,0.228180958485096,-0.03187011284709457,106.1,116.9,-10.800000000000011,97.49,105.30999999999999,-7.819999999999993,train,2024-12-29,2025-02-26
S43G01N160,2023-2024,2024-01-20,66,고양 소노,06,수원 KT,0,31,31,31,31,3.0,2.0,1.0,0.0,0.0,0.0,0.0,0.0,0.0,0.0,0.0,0.0,0.0,0.0,0.0,1.0,0.0,1.0,0.0,3.0,-3.0,1438.3230486711548,1544.1108308668802,-105.78778219572541,0.4415698443821815,0.5584301556178185,-0.116860311235637,-105.78778219572541,0.4415698443821815,0.3333333333333333,0.0,0.3333333333333333,-9.333333333333334,-6.666666666666667,-2.666666666666667,0.4759560319332614,0.471830985915493,0.004125046017768419,0.13274810232757986,0.12293977251591882,0.009808329811661035,0.28386178386178385,0.3305709891075745,-0.04670920524579064,0.21241260235567636,0.16175590816346744,0.05065669419220892,100.76666666666667,99.56666666666666,1.2000000000000028,114.83333333333333,110.86666666666667,3.9666666666666544,0.4,0.4,0.0,-5.8,5.0,-10.8,0.4914112766840488,0.5189673174180217,-0.027556040733972886,0.12287956464683367,0.10041526799406193,0.022464296652771734,0.30920595920595917,0.333482611531392,-0.024276652325432857,0.18775149024958077,0.16871377655831213,0.019037713691268637,104.96,111.46000000000001,-6.500000000000014,113.35999999999999,105.55999999999999,7.799999999999997,0.3,0.5,-0.2,-10.8,4.4,-15.200000000000001,0.47553108333425964,0.5428680928547943,-0.06733700952053467,0.13683029606103933,0.1200944076189766,0.016735888442062724,0.31186092879910093,0.36119682587911084,-0.049335897080009905,0.18485376739636344,0.18723022207853934,-0.002376454682175899,100.13,114.53,-14.400000000000006,115.75,109.03,6.719999999999999,train,2024-12-29,2025-02-26
S43G01N161,2023-2024,2024-01-21,16,원주 DB,50,창원 LG,1,33,32,33,32,1.0,2.0,-1.0,1.0,0.0,1.0,0.0,0.0,0.0,0.0,0.0,0.0,0.0,0.0,0.0,0.0,1.0,-1.0,1.0,0.0,1.0,1612.2520047508092,1540.9215105313267,71.33049421948249,0.6867097010669463,0.3132902989330537,0.3734194021338926,71.33049421948249,0.6867097010669463,0.6666666666666666,0.6666666666666666,0.0,1.0,3.3333333333333335,-2.3333333333333335,0.5241431235858863,0.533132819111377,-0.00898969552549067,0.11028436244117741,0.0908706143331413,0.019413748108036116,0.29357631805612217,0.2723577235772358,0.021218594478886355,0.1422496381907499,0.1878343925011993,-0.045584754310449394,109.06666666666668,114.56666666666666,-5.499999999999986,107.63333333333333,109.13333333333333,-1.5,0.6,0.4,0.19999999999999996,2.2,0.4,1.8000000000000003,0.5432427047526247,0.523768580355715,0.019474124396909653,0.11870939094575568,0.09516423437782365,0.023545156567932032,0.31000962814578653,0.2784146341463415,0.03159499399944504,0.19764486488166305,0.24158952438960846,-0.043944659507945405,112.5,111.91999999999999,0.5800000000000125,109.8,110.66,-0.8599999999999994,0.8,0.4,0.4,9.1,0.6,8.5,0.5650612924627395,0.5057329741582176,0.0593283183045219,0.12671570554969092,0.10118729619375522,0.0255284093559357,0.31618567560669597,0.2842402581775404,0.031945417429155576,0.2093403787749511,0.25983419257060725,-0.05049381379565615,115.86999999999998,110.28999999999999,5.579999999999984,104.71,108.72999999999999,-4.019999999999996,train,2024-12-29,2025-02-26
S43G01N162,2023-2024,2024-01-21,35,서울 삼성,60,부산 KCC,0,31,30,31,30,2.0,2.0,0.0,0.0,0.0,0.0,0.0,0.0,0.0,0.0,0.0,0.0,0.0,0.0,0.0,0.0,0.0,0.0,5.0,2.0,3.0,1361.411936728751,1525.4085468794237,-163.99661015067272,0.361266753685971,0.638733246314029,-0.27746649262805795,-163.99661015067272,0.361266753685971,0.0,0.3333333333333333,-0.3333333333333333,-9.666666666666666,2.0,-11.666666666666666,0.4496084239783496,0.5676619983554813,-0.11805357437713165,0.07902566193859302,0.10095240694724757,-0.021926745008654547,0.24730094466936572,0.2772171808832426,-0.029916236213876873,0.14784193459626832,0.36435638311981117,-0.21651444852354285,99.59999999999998,123.39999999999999,-23.80000000000001,117.93333333333335,119.83333333333333,-1.8999999999999773,0.0,0.6,-0.6,-15.0,4.0,-19.0,0.4536544310331906,0.5561527545688443,-0.10249832353565369,0.1113196512051318,0.11387990532422756,-0.002560254119095759,0.26289973713474324,0.2868948246589778,-0.02399508752423457,0.1360712713811148,0.33258208384014065,-0.19651081245902585,97.24,119.51999999999998,-22.279999999999987,121.08,113.46,7.6200000000000045,0.1,0.5,-0.4,-13.1,0.9,-14.0,0.4596220935852683,0.5593751998809398,-0.09975310629567147,0.121355859438024,0.1253696523577496,-0.004013792919725603,0.2856164387804535,0.2973437633293467,-0.011727324548893192,0.245300064097307,0.31622391091874935,-0.07092384682144234,99.5,117.1,-17.599999999999994,118.60999999999999,115.53,3.079999999999984,train,2024-12-29,2025-02-26
S43G01N163,2023-2024,2024-01-21,70,안양 정관장,10,울산 현대모비스,1,33,32,33,32,2.0,1.0,1.0,0.0,1.0,-1.0,0.0,0.0,0.0,0.0,0.0,0.0,0.0,0.0,0.0,1.0,2.0,-1.0,0.0,0.0,0.0,1418.8966398934401,1507.8846934201367,-88.9880535266966,0.4655331658941814,0.5344668341058185,-0.0689336682116371,-88.9880535266966,0.4655331658941814,0.3333333333333333,0.6666666666666666,-0.3333333333333333,-3.3333333333333335,0.3333333333333333,-3.666666666666667,0.5370833124257781,0.5349463836305942,0.002136928795183901,0.07580736277979715,0.11633820545862239,-0.040530842678825243,0.24293614881850178,0.39323919554985026,-0.15030304673134848,0.2224630772575978,0.3002626107889266,-0.07779953353132876,113.89999999999999,117.33333333333333,-3.433333333333337,113.7666666666667,118.63333333333334,-4.866666666666646,0.4,0.6,-0.19999999999999996,-3.4,-1.8,-1.5999999999999999,0.5112032264087059,0.5065315418290247,0.004671684579681146,0.08430183157886477,0.11703198931076846,-0.032730157731903686,0.291707635237047,0.3726101839965768,-0.08090254875952979,0.23690984978656213,0.29647603061790706,-0.059566180831344934,111.67999999999999,111.84,-0.1600000000000108,115.13999999999999,114.88,0.2599999999999909,0.2,0.7,-0.49999999999999994,-9.3,4.5,-13.8,0.5119594194847599,0.5512279138328646,-0.039268494348104754,0.10090487402254425,0.12463501956226189,-0.02373014553971764,0.26731247646691775,0.3810496330895787,-0.11373715662266093,0.1873885334244128,0.27217167062594594,-0.08478313720153313,108.72,119.22,-10.5,120.67,112.55999999999999,8.110000000000014,train,2024-12-29,2025-02-26
S43G01N164,2023-2024,2024-01-22,55,서울 SK,64,대구 한국가스공사,0,33,32,33,32,2.0,2.0,0.0,0.0,0.0,0.0,0.0,0.0,0.0,0.0,0.0,0.0,0.0,0.0,0.0,1.0,0.0,1.0,0.0,1.0,-1.0,1602.4237323971097,1448.3670558609679,154.05667653614182,0.7791967580699304,0.22080324193006962,0.5583935161398608,154.05667653614182,0.7791967580699304,0.3333333333333333,0.6666666666666666,-0.3333333333333333,-3.3333333333333335,4.666666666666667,-8.0,0.4843384351516738,0.5078612047725154,-0.0235227696208416,0.08790782072970384,0.1105367928149321,-0.022628972085228266,0.30502645502645503,0.31458675424192667,-0.009560299215471635,0.24301588685882058,0.32453936493524943,-0.08152347807642885,108.26666666666667,110.96666666666665,-2.6999999999999886,111.86666666666666,103.06666666666668,8.799999999999983,0.6,0.8,-0.20000000000000007,1.8,5.8,-4.0,0.48819367942789127,0.5273669539883168,-0.03917327456042552,0.09682018629056441,0.12131159342975953,-0.02449140713919512,0.32105006105006106,0.3109742747673782,0.010075786282682853,0.20163042763768044,0.2897929564033685,-0.08816252876568806,107.66,113.66,-6.0,104.5,103.38,1.1200000000000045,0.8,0.5,0.30000000000000004,7.5,1.8,5.7,0.4948179292861381,0.5396329838755206,-0.04481505458938251,0.0997698369989058,0.11213783768419802,-0.012368000685292216,0.3129304392080284,0.27513681622074115,0.03779362298728722,0.19975622378926197,0.26607200891815835,-0.06631578512889638,108.05,114.49000000000001,-6.440000000000012,98.43,111.08,-12.649999999999991,train,2024-12-29,2025-02-26
S43G01N165,2023-2024,2024-01-23,16,원주 DB,10,울산 현대모비스,0,34,33,34,33,2.0,2.0,0.0,0.0,0.0,0.0,0.0,0.0,0.0,0.0,0.0,0.0,0.0,0.0,0.0,1.0,0.0,1.0,0.0,1.0,-1.0,1618.5178107294703,1497.1953567380203,121.32245399144995,0.7450831221345698,0.25491687786543016,0.4901662442691397,121.32245399144995,0.7450831221345698,0.6666666666666666,0.6666666666666666,0.0,5.0,-6.0,11.0,0.5394209013636642,0.545911295911296,-0.006490394547631784,0.10162503790955617,0.13702922412485274,-0.035404186215296576,0.32616891064871484,0.36393308853529166,-0.03776417788657682,0.19873111967223137,0.2708766458766459,-0.07214552620441453,115.56666666666668,114.03333333333332,1.5333333333333599,108.8,122.66666666666667,-13.866666666666674,0.8,0.4,0.4,7.4,-6.8,14.2,0.5486525408181986,0.5079808171913436,0.040671723626855005,0.08917333351611831,0.12239469360177022,-0.03322136008565191,0.3119406626285451,0.36307530027564655,-0.051134637647101466,0.20534978291444994,0.2619108132266027,-0.05656103031215276,118.4,110.58,7.820000000000007,107.73999999999998,121.22,-13.480000000000018,0.8,0.6,0.20000000000000007,9.8,0.1,9.700000000000001,0.581431155476438,0.5381131597345039,0.04331799574193407,0.11863266845371731,0.11906410275927984,-0.00043143430556252804,0.2995370269580473,0.37424515419207655,-0.07470812723402925,0.22105270754207437,0.2552454411177492,-0.034192733575674844,118.8,117.42,1.3799999999999955,106.73999999999998,117.03,-10.29000000000002,train,2024-12-29,2025-02-26
S43G01N166,2023-2024,2024-01-23,66,고양 소노,35,서울 삼성,1,32,32,32,32,3.0,2.0,1.0,0.0,0.0,0.0,0.0,0.0,0.0,0.0,0.0,0.0,0.0,0.0,0.0,0.0,0.0,0.0,1.0,6.0,-5.0,1429.491651783511,1354.1866016550316,75.30505012847948,0.6916108094303204,0.3083891905696796,0.38322161886064077,75.30505012847948,0.6916108094303204,0.3333333333333333,0.0,0.3333333333333333,-7.0,-10.333333333333334,3.333333333333334,0.4915474297827238,0.4476402722517438,0.04390715753098001,0.1223388647330655,0.096791801849662,0.0255470628834035,0.2715601965601966,0.26541688669835123,0.0061433098618453585,0.18353395412218942,0.0925547633670681,0.09097919075512133,103.63333333333333,95.63333333333333,8.0,114.56666666666668,113.60000000000002,0.9666666666666544,0.4,0.0,0.4,-8.2,-17.4,9.2,0.4926788823178517,0.4393002758830156,0.05337860643483605,0.1313327090029855,0.10346332631886088,0.027869382684124616,0.28753929253929256,0.2697152482980805,0.017824044241212034,0.1854174862254359,0.12258315640046251,0.0628343298249734,103.3,95.14000000000001,8.159999999999982,114.64000000000001,122.47999999999999,-7.839999999999975,0.3,0.1,0.19999999999999998,-11.7,-12.9,1.200000000000001,0.46877669736934735,0.4633504886469967,0.005426208722350667,0.1313439398875979,0.12356546958361214,0.007778470303985763,0.3102229977646182,0.2811675004589166,0.029055497305701616,0.17743522103044865,0.218337101134344,-0.040901880103895366,99.64,99.35,0.29000000000000625,116.10999999999999,117.60999999999999,-1.5,train,2024-12-29,2025-02-26
S43G01N167,2023-2024,2024-01-25,06,수원 KT,55,서울 SK,1,32,34,32,34,5.0,3.0,2.0,0.0,0.0,0.0,0.0,0.0,0.0,0.0,0.0,0.0,0.0,0.0,0.0,1.0,0.0,1.0,0.0,1.0,-1.0,1552.9422277545239,1586.839797235711,-33.89756948118725,0.544640811263355,0.45535918873664505,0.0892816225267099,-33.89756948118725,0.544640811263355,0.3333333333333333,0.3333333333333333,0.0,0.0,-2.6666666666666665,2.6666666666666665,0.526557354074697,0.5163559790113229,0.01020137506337404,0.1534764416860526,0.10486178503331867,0.04861465665273393,0.3617696754786746,0.26137566137566143,0.10039401410301318,0.15213733436578916,0.25822056522139364,-0.10608323085560448,104.83333333333333,110.36666666666667,-5.533333333333346,105.43333333333334,111.69999999999999,-6.2666666666666515,0.4,0.4,0.0,8.2,-3.2,11.399999999999999,0.5545058410162468,0.4877459182338614,0.0667599227823854,0.13371463831604935,0.09637826089504783,0.037336377421001515,0.3556861439115434,0.30993894993894994,0.04574719397259347,0.14366335300042588,0.20914286544862573,-0.06547951244819986,112.74000000000001,106.52000000000001,6.219999999999999,101.9,110.35999999999999,-8.45999999999998,0.6,0.7,-0.09999999999999998,7.7,4.7,3.0,0.5660024212130034,0.4998179292861381,0.06618449192686526,0.12970846092826044,0.10301631998549565,0.026692140942764786,0.3657945270285361,0.3142462286817126,0.05154829834682351,0.1693197743173453,0.20091006994310812,-0.03159029562576282,116.5,108.57000000000001,7.929999999999993,106.14000000000001,102.59,3.5500000000000114,train,2024-12-29,2025-02-26
S43G01N168,2023-2024,2024-01-25,64,대구 한국가스공사,60,부산 KCC,1,33,31,33,31,3.0,4.0,-1.0,0.0,0.0,0.0,0.0,0.0,0.0,0.0,0.0,0.0,0.0,0.0,0.0,1.0,1.0,0.0,0.0,0.0,0.0,1463.9509910223665,1532.6338819531431,-68.6828909307767,0.49470009240796015,0.5052999075920399,-0.010599815184079764,-68.6828909307767,0.49470009240796015,0.6666666666666666,0.3333333333333333,0.3333333333333333,7.0,2.3333333333333335,4.666666666666666,0.531644693017458,0.5476525821596244,-0.016007889142166443,0.09803645811949631,0.08890797803811586,0.009128480081380452,0.3416538658474142,0.2519298245614035,0.08972404128601069,0.31369555228717216,0.3326551904016693,-0.018959638114497135,118.13333333333333,117.46666666666665,0.6666666666666714,109.00000000000004,115.16666666666667,-6.166666666666629,0.8,0.6,0.20000000000000007,6.2,5.4,0.7999999999999998,0.537630883607085,0.5660733894894792,-0.028442505882394165,0.1124475974716221,0.10009056041449967,0.012357037057122433,0.28660151491074737,0.26883030852994555,0.01777120638080182,0.32381055171128637,0.3055979568560137,0.018212594855272657,114.84,120.64000000000001,-5.800000000000011,105.18000000000002,112.71999999999998,-7.539999999999964,0.6,0.5,0.09999999999999998,4.4,2.1,2.3000000000000003,0.5508029405437922,0.5573880203937602,-0.006585079849968034,0.1113339122794806,0.12516856692197403,-0.013834654642493435,0.2985713513251055,0.2936595528030309,0.004911798522074573,0.27731418513385403,0.2963093810042195,-0.018995195870365467,118.21,115.83999999999999,2.3700000000000045,111.21,112.91,-1.7000000000000028,train,2024-12-29,2025-02-26
S43G01N169,2023-2024,2024-01-26,50,창원 LG,35,서울 삼성,1,33,33,33,33,5.0,3.0,2.0,0.0,0.0,0.0,0.0,0.0,0.0,0.0,0.0,0.0,0.0,0.0,0.0,0.0,0.0,0.0,1.0,7.0,-6.0,1534.6557045526656,1348.018817843638,186.63688670902752,0.8097733843089113,0.19022661569108867,0.6195467686178227,186.63688670902752,0.8097733843089113,0.3333333333333333,0.0,0.3333333333333333,-7.0,-11.0,4.0,0.48363764790856756,0.45823796870100436,0.025399679207563197,0.07164963354269506,0.09661497694592547,-0.02496534340323041,0.3308372557409785,0.3243837482967918,0.006453507444186712,0.1869564293756506,0.17004402936584137,0.01691240000980923,113.0,101.90000000000002,11.09999999999998,123.0,116.73333333333335,6.2666666666666515,0.4,0.0,0.4,-2.8,-10.6,7.8,0.5068077960419897,0.4539183619234019,0.052889434118587764,0.08734156711404162,0.08737447788271473,-3.291076867310838e-05,0.3068356867779204,0.28147235424123296,0.025363332536687433,0.203550308703334,0.16178420995621318,0.04176609874712081,111.96,100.86,11.099999999999994,116.08,116.35999999999999,-0.2799999999999869,0.4,0.1,0.30000000000000004,-1.2,-11.2,10.0,0.5056879561510148,0.46633556327386244,0.039352392877152365,0.07885274723998051,0.11574915088532767,-0.03689640364534716,0.28845078449332984,0.2861675004589166,0.0022832840344132466,0.228501659557402,0.21087441456717984,0.01762724499022217,113.15,100.28999999999999,12.860000000000014,114.04,115.84,-1.7999999999999972,train,2024-12-29,2025-02-26
S43G01N170,2023-2024,2024-01-26,10,울산 현대모비스,66,고양 소노,1,34,33,34,33,3.0,3.0,0.0,0.0,0.0,0.0,0.0,0.0,0.0,0.0,0.0,0.0,0.0,0.0,0.0,1.0,1.0,0.0,0.0,0.0,0.0,1512.0970191807116,1435.6594355949046,76.43758358580703,0.6929995590269411,0.3070004409730589,0.3859991180538822,76.43758358580703,0.6929995590269411,0.6666666666666666,0.6666666666666666,0.0,-4.333333333333333,-1.3333333333333333,-3.0,0.5395299145299145,0.5126126126126126,0.026917301917301906,0.12872832839409418,0.10897268761690383,0.019755640777190345,0.4069767441860465,0.3240761271249076,0.08290061706113894,0.21993284493284493,0.19227799227799225,0.02765485265485268,116.43333333333334,110.56666666666666,5.866666666666674,123.36666666666667,117.10000000000001,6.266666666666666,0.6,0.4,0.19999999999999996,-3.0,-7.8,4.8,0.5293011635116899,0.48233037591671374,0.04697078759497614,0.12149417019551287,0.12295741877905224,-0.00146324858353937,0.38012956384153807,0.27385365568292397,0.1062759081586141,0.24134804266383214,0.20227381623966062,0.03907422642417152,115.02000000000001,102.2,12.820000000000007,120.72,115.14000000000001,5.579999999999984,0.6,0.4,0.19999999999999996,-1.1,-7.5,6.4,0.5309161900375342,0.48431723790988795,0.046598952127646254,0.1202100626524633,0.11666740808250568,0.003542654569957615,0.3727722859750223,0.3031276540839086,0.0696446318911137,0.24409825497056303,0.19094873454396216,0.05314952042660087,116.0,104.16,11.840000000000003,118.15,115.54,2.6099999999999994,train,2024-12-29,2025-02-26
S43G01N171,2023-2024,2024-01-27,06,수원 KT,70,안양 정관장,1,33,34,33,34,2.0,6.0,-4.0,0.0,0.0,0.0,0.0,0.0,0.0,0.0,0.0,0.0,0.0,0.0,0.0,2.0,2.0,0.0,0.0,0.0,0.0,1562.0494115292568,1429.5859765755565,132.46343495370024,0.7570715671175998,0.24292843288240018,0.5141431342351996,132.46343495370024,0.7570715671175998,0.6666666666666666,0.6666666666666666,0.0,3.6666666666666665,8.666666666666666,-5.0,0.518620846138189,0.5998534798534798,-0.08123263371529077,0.14351951849828537,0.09554458400955569,0.04797493448872968,0.2829408466498458,0.24682115270350566,0.03611969394634015,0.1945993261948696,0.27013431013431016,-0.07553498393944055,101.09999999999998,125.33333333333333,-24.23333333333335,95.5,108.43333333333335,-12.933333333333351,0.4,0.4,0.0,0.4,0.6,-0.19999999999999996,0.5111725076829134,0.5459960192014985,-0.03482351151858509,0.139195427549699,0.09238602503110131,0.04680940251859768,0.32420466243006196,0.25911140264081445,0.06509325978924752,0.16874271807979097,0.23074768762439996,-0.06200496954460899,102.72,115.75999999999999,-13.039999999999992,103.16,113.24000000000001,-10.080000000000013,0.7,0.3,0.39999999999999997,10.0,-4.1,14.1,0.5685510462968397,0.5233102966777423,0.04524074961909741,0.12392034749144978,0.10146234047359867,0.02245800701785111,0.36447873755485194,0.2613223425698071,0.10315639498504486,0.17499828985501578,0.20354642816125496,-0.028548138306239174,117.30999999999999,110.75,6.559999999999988,103.24000000000001,115.32000000000001,-12.079999999999998,train,2024-12-29,2025-02-26
S43G01N172,2023-2024,2024-01-27,64,대구 한국가스공사,16,원주 DB,1,34,35,34,35,2.0,4.0,-2.0,0.0,0.0,0.0,0.0,0.0,0.0,0.0,0.0,0.0,0.0,0.0,0.0,2.0,0.0,2.0,0.0,1.0,-1.0,1474.0569891742073,1603.616148286779,-129.5591591125717,0.40814663672196516,0.5918533632780348,-0.18370672655606968,-129.5591591125717,0.40814663672196516,0.6666666666666666,0.3333333333333333,0.3333333333333333,3.925925925925926,1.3333333333333333,2.5925925925925926,0.5743186471902559,0.5473775017253278,0.026941145464928096,0.09471392940691754,0.09995527576075208,-0.005241346353834539,0.32974910394265233,0.27546704599336175,0.054282057949290585,0.26415452502909637,0.2602139406487232,0.003940584380373147,124.60000000000001,115.66666666666667,8.933333333333337,120.46666666666668,113.2,7.26666666666668,0.8,0.6,0.20000000000000007,5.7555555555555555,3.0,2.7555555555555555,0.5451983221365669,0.5530573027229604,-0.00785898058639345,0.10934463489776694,0.10216296757343586,0.007181667324331079,0.30326818157741403,0.288794439482322,0.014473742095092057,0.3039012654854568,0.21249264005730706,0.09140862542814976,116.85999999999999,116.32000000000001,0.5399999999999778,108.88,111.13999999999999,-2.259999999999991,0.6,0.7,-0.09999999999999998,2.077777777777778,5.6,-3.5222222222222217,0.5517772797295919,0.5744265471815071,-0.0226492674519152,0.11587000156488902,0.11346971573093353,0.00240028583395549,0.2925368685664848,0.29528992271094306,-0.0027530541444582557,0.2711208608043152,0.2157531683715675,0.055367692432747695,117.05,118.29,-1.240000000000009,113.08999999999999,111.7,1.3899999999999864,train,2024-12-29,2025-02-26
S43G01N173,2023-2024,2024-01-27,55,서울 SK,60,부산 KCC,0,35,32,35,32,2.0,2.0,0.0,0.0,0.0,0.0,0.0,0.0,0.0,0.0,0.0,0.0,0.0,0.0,0.0,0.0,0.0,0.0,2.0,1.0,1.0,1577.7326134609782,1522.5278838013023,55.20472965967588,0.6664014730727503,0.3335985269272497,0.33280294614550066,55.20472965967588,0.6664014730727503,0.3333333333333333,0.3333333333333333,0.0,-2.6666666666666665,2.7407407407407405,-5.4074074074074066,0.4923645729478234,0.5521097046413502,-0.059745131693526854,0.12255390960318903,0.0759667600498693,0.04658714955331973,0.2708994708994709,0.27674796747967484,-0.005848496580203921,0.24819430597097591,0.33253633380215664,-0.08434202783118072,103.43333333333334,122.46666666666665,-19.033333333333317,106.13333333333333,118.16666666666667,-12.033333333333346,0.2,0.4,-0.2,-5.2,4.044444444444444,-9.244444444444444,0.4904335695655805,0.5501963551314322,-0.059762785565851684,0.10680284151034916,0.09321823584234665,0.013584605668002514,0.28444444444444444,0.28437908901775044,6.535542669400263e-05,0.2535496451096426,0.3248022968198473,-0.07125265171020467,105.66,120.88,-15.219999999999999,112.28,114.85999999999999,-2.579999999999984,0.6,0.4,0.19999999999999996,2.6,1.3222222222222222,1.277777777777778,0.48457693352342635,0.5437352175004511,-0.05915828397702472,0.10339381426077077,0.12244101105256369,-0.019047196791792925,0.325674800110284,0.3041125144755048,0.021562285634779188,0.2143634597736166,0.28829250336708867,-0.07392904359347208,106.69000000000001,115.01000000000002,-8.320000000000007,103.50999999999999,112.63,-9.120000000000005,train,2024-12-29,2025-02-26
S43G01N174,2023-2024,2024-01-28,06,수원 KT,50,창원 LG,0,34,34,34,34,1.0,2.0,-1.0,1.0,0.0,1.0,0.0,0.0,0.0,0.0,0.0,0.0,0.0,0.0,0.0,3.0,1.0,2.0,0.0,0.0,0.0,1566.9079801869048,1538.4602368664873,28.44774332041743,0.6313303913941913,0.36866960860580866,0.2626607827883827,28.44774332041743,0.6313303913941913,1.0,0.6666666666666666,0.33333333333333337,12.666666666666666,4.0,8.666666666666666,0.5489828426788363,0.5743924330295499,-0.02540959035071355,0.1274322567850425,0.07984809153153738,0.04758416525350512,0.35012099213551123,0.2772295321637427,0.07289145997176855,0.21597318337302626,0.18558409279204638,0.030389090580979883,113.60000000000001,124.19999999999999,-10.59999999999998,96.5,121.60000000000001,-25.10000000000001,0.6,0.6,0.0,3.8,3.2,0.5999999999999996,0.5124882971565976,0.5363461372000491,-0.023857840043451484,0.12588693439473608,0.09012807391250802,0.035758860482228066,0.35127233160299426,0.2630856867779204,0.08818664482507388,0.19997078825522957,0.19024827427453897,0.0097225139806906,107.5,115.32000000000001,-7.820000000000007,102.74000000000001,111.8,-9.059999999999988,0.7,0.5,0.19999999999999996,8.8,1.8,7.000000000000001,0.5452958975554208,0.5190682378411556,0.026227659714265217,0.11673216398494872,0.086856079451497,0.029876084533451724,0.3547321488608948,0.2765757844933299,0.0781563643675649,0.18220652784128583,0.2262517967441589,-0.04404526890287308,114.34,113.42999999999999,0.9100000000000108,102.53,110.75999999999999,-8.22999999999999,train,2024-12-29,2025-02-26
S43G01N175,2023-2024,2024-01-28,10,울산 현대모비스,35,서울 삼성,1,35,34,35,34,2.0,2.0,0.0,0.0,0.0,0.0,0.0,0.0,0.0,0.0,0.0,0.0,0.0,0.0,0.0,2.0,0.0,2.0,0.0,8.0,-8.0,1518.2370280001728,1344.2142855298164,174.02274247035643,0.7983358219256038,0.20166417807439618,0.5966716438512076,174.02274247035643,0.7983358219256038,0.6666666666666666,0.0,0.6666666666666666,-2.6666666666666665,-16.666666666666668,14.000000000000002,0.5231481481481481,0.4550703273754683,0.06807782077267982,0.13192027986230356,0.12333927585503723,0.00858100400726633,0.41678066575467393,0.286634460547504,0.1301462052071699,0.20383597883597884,0.24349153702387535,-0.03965555818789651,114.8,98.89999999999999,15.900000000000006,119.3,116.36666666666667,2.933333333333323,0.8,0.0,0.8,-0.4,-13.0,12.6,0.5414356664356663,0.4515029029862038,0.0899327634494625,0.1317137118822107,0.10663335400195442,0.025080357880256282,0.40796313629490966,0.27036124313012183,0.13760189316478783,0.24982757482757484,0.19422037282715865,0.05560720200041619,116.88,98.3,18.58,118.44000000000001,115.7,2.740000000000009,0.7,0.1,0.6,0.7,-12.3,13.0,0.5303155894369336,0.47744667438497357,0.05286891505196001,0.11825014658194699,0.11875270169327437,-0.0005025551113273796,0.38360819928771583,0.2633042525956687,0.12030394669204714,0.25438354025584836,0.2165181535442522,0.03786538671159617,116.57000000000001,100.7,15.870000000000005,116.63,117.22999999999999,-0.5999999999999943,train,2024-12-29,2025-02-26
S43G01N176,2023-2024,2024-01-28,66,고양 소노,64,대구 한국가스공사,1,34,35,34,35,2.0,1.0,1.0,0.0,1.0,-1.0,0.0,0.0,0.0,0.0,0.0,0.0,0.0,0.0,0.0,0.0,3.0,-3.0,1.0,0.0,1.0,1429.5194267754434,1485.894056439768,-56.37462966432463,0.5124103562401842,0.48758964375981584,0.024820712480368323,-56.37462966432463,0.5124103562401842,0.3333333333333333,1.0,-0.6666666666666667,-6.333333333333333,13.25925925925926,-19.59259259259259,0.5263406263406263,0.6346335112262405,-0.10829288488561417,0.11792277860490576,0.10605082210569787,0.011871956499207886,0.20827526132404175,0.2575268817204301,-0.049251620396388335,0.19878449878449878,0.21181349047583523,-0.01302899169133645,106.3,128.76666666666665,-22.466666666666654,117.50000000000001,110.50000000000001,7.0,0.4,0.8,-0.4,-4.2,9.555555555555555,-13.755555555555556,0.5207328336740101,0.5804120838365417,-0.059679250162531616,0.11470524155330386,0.10203378722648963,0.012671454326814227,0.24290127473054302,0.2949923195084485,-0.05209104477790549,0.19510535745829866,0.2540151030771593,-0.05890974561886064,107.54,122.4,-14.86,115.67999999999999,109.22,6.459999999999994,0.4,0.7,-0.29999999999999993,-6.3,5.177777777777778,-11.477777777777778,0.495379508972159,0.5613204728548746,-0.06594096388271564,0.11928433612178743,0.11728169216943032,0.0020026439523571082,0.28634193979819433,0.2875368685664848,-0.0011949287682904708,0.18855557215079977,0.2603791149879425,-0.0718235428371427,104.9,117.99000000000001,-13.090000000000003,114.15,109.61000000000001,4.539999999999992,train,2024-12-29,2025-02-26
S43G01N177,2023-2024,2024-01-29,60,부산 KCC,70,안양 정관장,1,33,35,33,35,2.0,2.0,0.0,0.0,0.0,0.0,0.0,0.0,0.0,0.0,0.0,0.0,0.0,0.0,0.0,1.0,0.0,1.0,0.0,1.0,-1.0,1535.8559132627574,1424.7274079179085,111.12850534484892,0.7337782332002648,0.2662217667997352,0.4675564664005296,111.12850534484892,0.7337782332002648,0.6666666666666666,0.6666666666666666,0.0,6.407407407407407,5.666666666666667,0.7407407407407405,0.5362006137322594,0.5525951825951826,-0.01639456886292323,0.08696340278999691,0.08975482218688675,-0.0027914193968898438,0.2674550381867455,0.24799074334678048,0.019464294839965007,0.26788986915569196,0.28672882672882677,-0.018838957573134807,119.0,120.73333333333333,-1.7333333333333343,107.96666666666665,109.40000000000002,-1.4333333333333655,0.4,0.4,0.0,2.0444444444444443,-0.4,2.444444444444444,0.5419785842017969,0.5430378662433457,-0.0010592820415488147,0.08957749820074005,0.08421634323807488,0.005361154962665177,0.2716309176488894,0.2416149588285811,0.030015958820308303,0.3047714801788612,0.24705360393031625,0.057717876248544936,119.6,116.33999999999999,3.260000000000005,115.46,113.85999999999999,1.6000000000000085,0.5,0.3,0.2,3.322222222222222,-3.8,7.122222222222222,0.5438256743073258,0.5162756646431103,0.027550009664215502,0.11207240786464423,0.09482770507500018,0.017244702789644045,0.2866149582682712,0.26431689792370905,0.022298060344562165,0.3006398575054876,0.219635894250721,0.08100396325476661,116.57000000000001,111.17999999999999,5.390000000000015,110.46999999999998,115.03999999999999,-4.570000000000007,train,2024-12-29,2025-02-26
S43G01N178,2023-2024,2024-01-30,66,고양 소노,50,창원 LG,0,35,35,35,35,2.0,2.0,0.0,0.0,0.0,0.0,0.0,0.0,0.0,0.0,0.0,0.0,0.0,0.0,0.0,1.0,2.0,-1.0,0.0,0.0,0.0,1439.2712196506398,1551.0868446943712,-111.81562504373142,0.4330317141242289,0.5669682858757711,-0.13393657175154217,-111.81562504373142,0.4330317141242289,0.6666666666666666,0.6666666666666666,0.0,0.3333333333333333,3.0,-2.6666666666666665,0.5479824173854024,0.5245705130036473,0.02341190438175511,0.09843234370728782,0.09397487681974,0.00445746688754782,0.19041811846689893,0.2587110136452242,-0.06829289517832526,0.1963680098008456,0.27292422554257256,-0.07655621574172697,110.83333333333333,112.96666666666665,-2.1333333333333258,116.03333333333335,108.90000000000002,7.133333333333326,0.6,0.6,0.0,-2.2,1.6,-3.8000000000000003,0.5296002612420523,0.5152190141943878,0.014381247047664525,0.1105862058614896,0.08660005113314834,0.023986154728341258,0.2501599619892303,0.28530790900014263,-0.03514794701091234,0.1926470607067622,0.24063427530387504,-0.04798721459711283,109.52000000000001,113.22,-3.6999999999999886,117.2,111.06000000000002,6.139999999999986,0.4,0.5,-0.09999999999999998,-6.6,0.2,-6.8,0.49194246882080306,0.5111639153545117,-0.019221446533708608,0.11639283305614923,0.09010623243986988,0.02628660061627934,0.26819067929399265,0.2737980067155521,-0.005607327421559449,0.19229742626053278,0.24682003375241535,-0.05452260749188256,103.82000000000001,111.16,-7.339999999999989,114.72999999999999,110.07000000000001,4.659999999999982,train,2024-12-29,2025-02-26
S43G01N179,2023-2024,2024-01-30,35,서울 삼성,16,원주 DB,0,35,36,35,36,2.0,3.0,-1.0,0.0,0.0,0.0,0.0,0.0,0.0,0.0,0.0,0.0,0.0,0.0,0.0,0.0,0.0,0.0,9.0,2.0,7.0,1340.1810019683285,1591.7790810212182,-251.59807905288972,0.2546156405409807,0.7453843594590193,-0.4907687189180386,-251.59807905288972,0.2546156405409807,0.0,0.3333333333333333,-0.3333333333333333,-24.0,-4.333333333333333,-19.666666666666668,0.4640685461580984,0.5514652014652014,-0.087396655307103,0.14317415722213664,0.10991044526570114,0.0332637119564355,0.3164983164983165,0.27941441441441445,0.037083902083902054,0.3107478480612809,0.31446886446886446,-0.003721016407583544,101.5,116.90000000000002,-15.40000000000002,128.66666666666669,122.56666666666666,6.100000000000023,0.0,0.4,-0.4,-19.4,-3.6,-15.799999999999999,0.459354058169193,0.5245316616973195,-0.06517760352812646,0.12935969240214354,0.11345146231894747,0.01590823008319607,0.3123070166548428,0.2993499950378775,0.01295702161696527,0.22280348466522856,0.23791999048465753,-0.015116505819428971,99.36,111.4,-12.040000000000006,123.92,116.46,7.460000000000008,0.1,0.6,-0.5,-14.4,2.1,-16.5,0.47110950775908655,0.5531561509111109,-0.08204664315202437,0.12458134721066068,0.11556007631813484,0.009021270892525843,0.28107657036798644,0.3061232560442764,-0.02504668567628998,0.18957907842802998,0.21773452035291943,-0.028155441924889446,99.74,115.38,-15.64,119.16,113.63,5.530000000000001,train,2024-12-29,2025-02-26
S43G01N180,2023-2024,2024-02-01,06,수원 KT,64,대구 한국가스공사,1,35,36,35,36,4.0,4.0,0.0,0.0,0.0,0.0,0.0,0.0,0.0,0.0,0.0,0.0,0.0,0.0,0.0,0.0,0.0,0.0,1.0,1.0,0.0,1554.281372359021,1476.1422635645717,78.13910879444916,0.6950794586110122,0.30492054138898783,0.39015891722202434,78.13910879444916,0.6950794586110122,0.6666666666666666,0.6666666666666666,0.0,5.333333333333333,8.592592592592593,-3.2592592592592604,0.4866807169438749,0.6202325895672544,-0.13355187262337948,0.10187245625781538,0.12154263440367345,-0.019670178145858072,0.31191950464396284,0.23045977011494254,0.0814597345290203,0.2215513531303005,0.2049010480795219,0.016650305050778608,106.03333333333335,123.66666666666667,-17.633333333333326,101.13333333333333,108.2666666666667,-7.133333333333368,0.6,0.6,0.0,4.8,7.155555555555556,-2.355555555555556,0.5079428426111431,0.5956039814911259,-0.08766113887998284,0.12446190550143373,0.10714995998617376,0.01731194551525997,0.30691621077628517,0.2861253244345569,0.020790886341728265,0.19889675680145127,0.233546019921509,-0.03464926312005773,104.85999999999999,124.42,-19.560000000000016,99.75999999999999,112.67999999999999,-12.920000000000002,0.6,0.7,-0.09999999999999998,7.5,6.0777777777777775,1.4222222222222225,0.5340679464020966,0.5627093617437635,-0.028641415341666865,0.1124480992348954,0.11393464281799077,-0.0014865435830953705,0.3357481916416435,0.28500813293430094,0.05074005870734255,0.17343221757443822,0.2730775276863552,-0.09964531011191696,112.39000000000001,119.25,-6.859999999999985,103.05,108.72,-5.670000000000002,train,2024-12-29,2025-02-26
S43G01N181,2023-2024,2024-02-01,66,고양 소노,50,창원 LG,0,36,36,36,36,2.0,2.0,0.0,0.0,0.0,0.0,0.0,0.0,0.0,0.0,0.0,0.0,0.0,0.0,0.0,0.0,3.0,-3.0,1.0,0.0,1.0,1430.6105853681552,1559.7474789768557,-129.13689360870057,0.40873394808929137,0.5912660519107087,-0.18253210382141732,-129.13689360870057,0.40873394808929137,0.3333333333333333,1.0,-0.6666666666666667,-3.6666666666666665,11.0,-14.666666666666666,0.5367211561241412,0.574514260994647,-0.0377931048705058,0.12602189268780892,0.12269287757483617,0.003329015112972747,0.20779967159277504,0.25961845466155814,-0.0518187830687831,0.23049535748751535,0.23049413875375865,1.2187337566915701e-06,105.83333333333333,114.66666666666667,-8.833333333333343,117.2,95.96666666666668,21.23333333333332,0.4,0.8,-0.4,-4.4,3.8,-8.2,0.5187894504312415,0.5625834530342364,-0.04379400260299493,0.11892169299518969,0.09869353123551365,0.02022816175967604,0.2282163883215187,0.2908587920951805,-0.06264240377366181,0.21312346931876408,0.20739341780072246,0.005730051518041623,105.23999999999998,119.1,-13.860000000000014,116.55999999999999,112.3,4.259999999999991,0.4,0.6,-0.19999999999999996,-5.1,2.2,-7.3,0.5051003635576452,0.529860740421953,-0.024760376864307765,0.12090062882101167,0.0995360667622778,0.02136456205873387,0.26871117376373893,0.27562770411175197,-0.006916530348013039,0.20043747978417242,0.23528237033676894,-0.034844890552596514,105.1,112.67999999999999,-7.579999999999998,114.96,108.2,6.759999999999991,train,2024-12-29,2025-02-26
S43G01N182,2023-2024,2024-02-02,10,울산 현대모비스,16,원주 DB,0,36,37,36,37,5.0,3.0,2.0,0.0,0.0,0.0,0.0,0.0,0.0,0.0,0.0,0.0,0.0,0.0,0.0,3.0,1.0,2.0,0.0,0.0,0.0,1522.2703115616607,1596.8713938320377,-74.60108227037699,0.4861864479696241,0.5138135520303759,-0.027627104060751806,-74.60108227037699,0.4861864479696241,1.0,0.3333333333333333,0.6666666666666667,18.0,0.6666666666666666,17.333333333333332,0.5913299663299664,0.5696470196470197,0.02168294668294668,0.11307466876751682,0.1301957753570657,-0.01712110658954888,0.4410054719562244,0.26608108108108114,0.17492439087514328,0.297017797017797,0.29881229881229876,-0.001794501794501746,130.20000000000002,115.8,14.40000000000002,108.03333333333335,115.76666666666667,-7.73333333333332,0.8,0.4,0.4,6.6,2.8,3.8,0.5701825951825952,0.56164328425198,0.008539310930615218,0.12304654188671019,0.11556810814816813,0.0074784337385420535,0.42506839945280434,0.27628022759601706,0.14878817185678728,0.283979908979909,0.2782728865337561,0.0057070224461528984,123.78,116.08,7.700000000000003,116.04,113.17999999999999,2.8600000000000136,0.7,0.6,0.09999999999999998,2.8,4.0,-1.2000000000000002,0.5391262992750407,0.5621821249370849,-0.023055825662044116,0.11731664179696219,0.11522898703439133,0.002087654762570862,0.39169643458183345,0.3021232560442764,0.08957317853755703,0.27792027749121573,0.2394661220845212,0.03845415540669453,118.5,117.06000000000002,1.4399999999999835,115.67,112.6,3.0700000000000074,train,2024-12-29,2025-02-26
S43G01N183,2023-2024,2024-02-02,60,부산 KCC,70,안양 정관장,1,34,36,34,36,4.0,4.0,0.0,0.0,0.0,0.0,0.0,0.0,0.0,0.0,0.0,0.0,0.0,0.0,0.0,2.0,0.0,2.0,0.0,2.0,-2.0,1541.180348598752,1419.402972581914,121.77737601683816,0.7455801915992858,0.2544198084007142,0.4911603831985716,121.77737601683816,0.7455801915992858,0.6666666666666666,0.3333333333333333,0.3333333333333333,4.0740740740740735,-0.3333333333333333,4.4074074074074066,0.5833445886931358,0.5624242424242424,0.020920346268893386,0.08811282061077287,0.09078222607023172,-0.0026694054594588457,0.2541217048534122,0.2318275213012055,0.022294183552206664,0.2410249760936158,0.2277544677544678,0.013270508339148002,126.76666666666665,120.76666666666665,6.0,118.03333333333335,120.90000000000002,-2.8666666666666742,0.6,0.4,0.19999999999999996,4.444444444444445,0.2,4.2444444444444445,0.5800067532158815,0.5720333000333,0.00797345318258147,0.08174628701851472,0.09249106674285315,-0.010744779724338432,0.2404730229120473,0.23870435591797817,0.0017686669940691346,0.2935038745450584,0.24273326673326673,0.05077060781179166,124.97999999999999,120.92,4.059999999999988,117.17999999999999,117.17999999999999,0.0,0.6,0.3,0.3,4.522222222222222,-4.3,8.822222222222223,0.5556839205590295,0.5231384097411496,0.03254551081787993,0.10361941441068974,0.08862511555187197,0.01499429885881777,0.26468392378551253,0.2556354892423004,0.009048434543212136,0.2929388125259328,0.21352729696565312,0.07941151556027967,119.0,112.65,6.349999999999994,111.55999999999999,116.85999999999999,-5.299999999999997,train,2024-12-29,2025-02-26
S43G01N184,2023-2024,2024-02-03,55,서울 SK,06,수원 KT,0,36,36,36,36,7.0,2.0,5.0,0.0,0.0,0.0,0.0,0.0,0.0,0.0,0.0,0.0,0.0,0.0,0.0,0.0,1.0,-1.0,3.0,0.0,3.0,1564.404583999523,1560.3797831868008,4.024800812722333,0.5980480850277614,0.4019519149722386,0.19609617005552282,4.024800812722333,0.5980480850277614,0.0,0.6666666666666666,-0.6666666666666666,-7.0,8.0,-15.0,0.49361995314868407,0.5308491089383538,-0.03722915578966973,0.11473092412988711,0.09143271394121111,0.023298210188676005,0.2853266888150609,0.3320344471726985,-0.046707758357637574,0.23241238344586834,0.23351362596213857,-0.0011012425162702233,104.2,116.76666666666667,-12.566666666666663,116.19999999999999,107.16666666666667,9.033333333333317,0.2,0.8,-0.6000000000000001,-3.2,9.2,-12.399999999999999,0.49598555929600413,0.5465833814966299,-0.05059782220062575,0.11005188160210144,0.12029119240487436,-0.010239310802772919,0.2780214101144334,0.32508273726913633,-0.04706132715470296,0.2510464358670239,0.21179734875899361,0.039249087108030295,106.25999999999999,113.04,-6.780000000000015,111.0,100.94000000000001,10.059999999999988,0.5,0.6,-0.09999999999999998,1.7,7.1,-5.3999999999999995,0.4883726652307433,0.5327753494573257,-0.044402684226582445,0.10232735734402316,0.11035323019946815,-0.008025872855444982,0.3205585210405165,0.3292826744002642,-0.008724153359747688,0.21146711831020193,0.1902555626586529,0.02121155565154903,107.16,112.25,-5.090000000000003,105.53,103.25,2.280000000000001,train,2024-12-29,2025-02-26
S43G01N185,2023-2024,2024-02-03,64,대구 한국가스공사,66,고양 소노,1,37,37,37,37,2.0,2.0,0.0,0.0,0.0,0.0,0.0,0.0,0.0,0.0,0.0,0.0,0.0,0.0,0.0,0.0,0.0,0.0,2.0,2.0,0.0,1470.043852736792,1422.4359064063694,47.607946330422465,0.6566100087909575,0.34338999120904246,0.3132200175819151,47.607946330422465,0.6566100087909575,0.3333333333333333,0.3333333333333333,0.0,4.333333333333333,-2.0,6.333333333333333,0.5972762239224049,0.486710284195461,0.1105659397269439,0.13477102426404688,0.12075097756441333,0.014020046699633554,0.2582375478927203,0.29611639363042735,-0.037878845737707056,0.23293197876165386,0.22491443409837275,0.008017544663281112,119.16666666666667,103.5,15.666666666666671,110.43333333333335,114.23333333333335,-3.799999999999997,0.6,0.4,0.19999999999999996,5.555555555555555,-1.2,6.7555555555555555,0.5988473336265006,0.5178305463216524,0.08101678730484818,0.1238851737672358,0.11375250925211253,0.010132664515123277,0.26945865776789024,0.25763499297268144,0.0118236647952088,0.24893683378129947,0.21993364544400867,0.02900318833729079,121.78,107.46,14.320000000000007,113.3,115.48000000000002,-2.180000000000021,0.7,0.4,0.29999999999999993,5.677777777777777,-4.7,10.377777777777776,0.5631071438074086,0.505254714319752,0.057852429487656565,0.12259838359849766,0.12254260912754902,5.5774470948635746e-05,0.2902164662676342,0.272587142755987,0.0176293235116472,0.26936489509233397,0.20267556583472227,0.0666893292576117,117.72,105.38,12.340000000000003,108.34,115.06000000000002,-6.720000000000013,train,2024-12-29,2025-02-26
S43G01N186,2023-2024,2024-02-03,35,서울 삼성,50,창원 LG,1,36,37,36,37,4.0,2.0,2.0,0.0,0.0,0.0,0.0,0.0,0.0,0.0,0.0,0.0,0.0,0.0,0.0,0.0,4.0,-4.0,10.0,0.0,10.0,1335.088689157509,1567.9221579386415,-232.83346878113252,0.2756531243314484,0.7243468756685516,-0.4486937513371032,-232.83346878113252,0.2756531243314484,0.0,1.0,-1.0,-33.0,3.3333333333333335,-36.333333333333336,0.44276879491431725,0.5679250179339436,-0.1251562230196263,0.15095381985389597,0.14861246803362269,0.0023413518202732853,0.30723905723905726,0.304757343550447,0.0024817136886102764,0.24712844507620627,0.24194294857173082,0.005185496504475445,94.16666666666667,111.76666666666667,-17.599999999999994,135.50000000000003,99.96666666666668,35.533333333333346,0.0,0.8,-0.8,-24.6,3.2,-27.8,0.44981458448498246,0.557221456493589,-0.10740687200860655,0.13053137263189651,0.12477318613279684,0.005758186499099677,0.3174352217830479,0.2825254587618472,0.03490976302120069,0.22135611624417595,0.22271340791685787,-0.0013572916726819206,97.6,113.64000000000001,-16.04000000000002,126.9,106.3,20.60000000000001,0.0,0.6,-0.6,-19.8,1.8,-21.6,0.4517345077590866,0.5404950184246521,-0.0887605106655655,0.12092551191851415,0.10996871025531023,0.010956801663203924,0.2901674794588956,0.28047004645409435,0.009697433004801248,0.17871369381264537,0.23215146615323318,-0.0534377723405878,97.41999999999999,112.78,-15.360000000000014,123.99000000000001,108.47999999999999,15.51000000000002,train,2024-12-29,2025-02-26
S43G01N187,2023-2024,2024-02-04,70,안양 정관장,16,원주 DB,0,37,38,37,38,2.0,2.0,0.0,0.0,0.0,0.0,0.0,0.0,0.0,0.0,0.0,0.0,0.0,0.0,0.0,0.0,2.0,-2.0,3.0,0.0,3.0,1414.3145764138997,1606.5951227914302,-192.28054637753053,0.324605641174311,0.675394358825689,-0.350788717651378,-192.28054637753053,0.324605641174311,0.0,0.6666666666666666,-0.6666666666666666,-10.333333333333334,6.333333333333333,-16.666666666666668,0.5154401154401154,0.5767898767898768,-0.061349761349761445,0.08742801075949465,0.1301957753570657,-0.04276776459757105,0.21242294926505453,0.28601010101010105,-0.07358715174504651,0.1772782772782773,0.2988122988122988,-0.12153402153402151,110.0,116.3,-6.299999999999997,123.76666666666667,110.0,13.766666666666666,0.4,0.6,-0.19999999999999996,0.4,6.2,-5.8,0.5453666333666334,0.5846453546453546,-0.03927872127872123,0.08688279350265159,0.11410981532296885,-0.027227021820317263,0.22887979451446944,0.28425470925470925,-0.05537491474023981,0.22082850482850486,0.30643023643023637,-0.08560173160173151,117.17999999999999,120.66,-3.480000000000004,114.72,112.55999999999999,2.160000000000011,0.3,0.6,-0.3,-3.1,4.2,-7.300000000000001,0.5300431716459114,0.5639440296989897,-0.0339008580530783,0.08779268762537852,0.11640960313436226,-0.028616915508983737,0.2581474509647884,0.29713216870024783,-0.03898471773545942,0.2124955509339071,0.25203755065594974,-0.03954199972204264,114.0,116.58000000000001,-2.5800000000000125,116.94000000000001,111.17999999999999,5.760000000000019,train,2024-12-29,2025-02-26
S43G01N188,2023-2024,2024-02-04,10,울산 현대모비스,55,서울 SK,1,37,37,37,37,2.0,1.0,1.0,0.0,1.0,-1.0,0.0,0.0,0.0,0.0,0.0,0.0,0.0,0.0,0.0,0.0,0.0,0.0,1.0,4.0,-3.0,1512.5465826022682,1552.443622298968,-39.89703969669972,0.5360633310511831,0.4639366689488169,0.07212666210236618,-39.89703969669972,0.5360633310511831,0.6666666666666666,0.0,0.6666666666666666,12.333333333333334,-3.3333333333333335,15.666666666666668,0.5589225589225589,0.46714936491339,0.09177319400916895,0.11633324781453049,0.11388538457043494,0.002447863244095544,0.45702614379084966,0.2902286495993746,0.16679749419147505,0.31921062476618034,0.24842545534129315,0.07078516942488719,124.43333333333334,100.09999999999998,24.333333333333357,108.53333333333335,108.7,-0.1666666666666572,0.6,0.2,0.39999999999999997,4.2,-3.0,7.2,0.5436868686868687,0.4858778542421517,0.05780901444471698,0.12149119560905772,0.10950917132746955,0.011982024281588163,0.4184017327861377,0.2852483008707359,0.1331534319154018,0.2527168510501844,0.23356507712634453,0.01915177392383985,119.28,103.9,15.379999999999995,114.66,109.47999999999999,5.180000000000007,0.6,0.4,0.19999999999999996,1.2,1.2,0.0,0.5251092052579467,0.4899769433056097,0.035132261952336985,0.11926159245991308,0.10500701538789943,0.01425457707201365,0.39550595839135727,0.3145291092758106,0.08097684911554665,0.2745964408340457,0.22495069355848307,0.049645747275562646,115.55999999999999,106.96,8.599999999999994,114.77000000000001,106.08,8.690000000000012,train,2024-12-29,2025-02-26
S43G01N189,2023-2024,2024-02-04,35,서울 삼성,60,부산 KCC,1,37,35,37,35,1.0,2.0,-1.0,1.0,0.0,1.0,0.0,0.0,0.0,0.0,0.0,0.0,0.0,0.0,0.0,1.0,3.0,-2.0,0.0,0.0,0.0,1349.57562667088,1546.2687447667663,-196.69311809588635,0.31906184611592503,0.680938153884075,-0.36187630776814994,-196.69311809588635,0.31906184611592503,0.3333333333333333,1.0,-0.6666666666666667,-23.666666666666668,6.666666666666667,-30.333333333333336,0.47691231343283574,0.5789200692369707,-0.10200775580413496,0.1364168178807509,0.08031873835600865,0.05609807952474226,0.3778409090909091,0.21663299663299665,0.16120791245791247,0.26606032338308455,0.2214516052544222,0.04460871812866235,103.46666666666668,122.73333333333333,-19.26666666666665,134.13333333333335,110.93333333333334,23.200000000000017,0.2,0.8,-0.6000000000000001,-21.0,6.844444444444444,-27.844444444444445,0.46906612769485906,0.5569511976603259,-0.0878850699654668,0.1304083636206078,0.08083803468760331,0.049570328933004476,0.3378156565656566,0.24802857846760284,0.08978707809805375,0.29832370883676856,0.23905943010061392,0.05926427873615464,103.0,120.47999999999999,-17.47999999999999,128.02,109.52000000000001,18.5,0.1,0.7,-0.6,-19.2,5.4222222222222225,-24.62222222222222,0.4541832017889373,0.5565519761145851,-0.10236877432564778,0.11693584496973433,0.09735897000591542,0.019576874963818908,0.30376545243186853,0.26746170156329035,0.03630375086857818,0.21045343261861552,0.2858207569703773,-0.07536732435176177,99.07000000000001,120.0,-20.929999999999993,125.25,111.49000000000001,13.759999999999991,train,2024-12-29,2025-02-26
S43G01N190,2023-2024,2024-02-05,66,고양 소노,06,수원 KT,0,38,37,38,37,2.0,2.0,0.0,0.0,0.0,0.0,0.0,0.0,0.0,0.0,0.0,0.0,0.0,0.0,0.0,0.0,2.0,-2.0,3.0,0.0,3.0,1415.5681065821886,1572.3407448873559,-156.77263830516722,0.37091679310251874,0.6290832068974812,-0.25816641379496247,-156.77263830516722,0.37091679310251874,0.0,0.6666666666666666,-0.6666666666666666,-8.0,3.3333333333333335,-11.333333333333334,0.46560612755928704,0.5578958925640848,-0.09228976500479774,0.14160925849392897,0.13932211624229943,0.0022871422516295425,0.33156612908016275,0.2694613477574938,0.062104781322668945,0.2347041949714269,0.23643760257032567,-0.001733407598898784,100.03333333333335,110.2,-10.166666666666657,115.40000000000002,105.09999999999998,10.30000000000004,0.2,0.8,-0.6000000000000001,-6.2,5.8,-12.0,0.5013963702100569,0.5312914202502304,-0.029895050040173454,0.13016814838770469,0.11739433912848421,0.012773809259220475,0.25465396316238337,0.29588733497028574,-0.041233371807902375,0.21810278232282293,0.2505509491779515,-0.03244816685512858,103.2,110.72,-7.519999999999996,116.17999999999999,102.54,13.639999999999986,0.3,0.6,-0.3,-7.0,7.0,-14.0,0.49186337306338535,0.5428986306332385,-0.051035257569853165,0.12656278358337847,0.12555448872226677,0.0010082948611117026,0.2642538094226537,0.3257867394409146,-0.06153293001826088,0.21018829928124177,0.1971071510891887,0.013081148192053083,102.7,111.72999999999999,-9.029999999999987,115.66,102.22,13.439999999999998,train,2024-12-29,2025-02-26
S43G01N191,2023-2024,2024-02-06,50,창원 LG,16,원주 DB,0,38,39,38,39,3.0,2.0,1.0,0.0,0.0,0.0,0.0,0.0,0.0,0.0,0.0,0.0,0.0,0.0,0.0,0.0,3.0,-3.0,1.0,0.0,1.0,1553.4352204252705,1613.0872356149164,-59.65201518964591,0.5076957610213776,0.4923042389786224,0.015391522042755179,-59.65201518964591,0.5076957610213776,0.6666666666666666,1.0,-0.33333333333333337,1.6666666666666667,19.666666666666668,-18.0,0.5778408346734611,0.6405363155363156,-0.06269548086285448,0.13765467582583044,0.11595288474451178,0.021701791081318658,0.3169266557197592,0.2880934343434343,0.02883322137632488,0.1780769942249605,0.22865560365560367,-0.05057860943064316,115.43333333333334,128.16666666666666,-12.73333333333332,107.96666666666665,98.76666666666667,9.199999999999989,0.8,0.6,0.20000000000000007,6.8,5.2,1.5999999999999996,0.5717409262533238,0.5852009102009103,-0.013459983947586407,0.1262030765030296,0.12204817041992085,0.004154906083108742,0.27696154898741104,0.27650470925470927,0.0004568397327017748,0.235306614213461,0.2558746808746809,-0.020568066661219908,114.67999999999999,118.96000000000001,-4.280000000000015,102.04,110.44000000000001,-8.400000000000006,0.6,0.7,-0.09999999999999998,2.0,6.3,-4.3,0.5392743611476567,0.5669267255095544,-0.027652364361897663,0.1067723218085356,0.10561075196801957,0.001161569840516033,0.29189861788266575,0.29422268594162715,-0.0023240680589614038,0.2194284614583975,0.23061223189456542,-0.011183770436167917,113.32000000000001,118.67999999999999,-5.359999999999985,109.05999999999999,109.09,-0.030000000000015348,train,2024-12-29,2025-02-26
S43G01N192,2023-2024,2024-02-06,64,대구 한국가스공사,35,서울 삼성,1,38,38,38,38,3.0,2.0,1.0,0.0,0.0,0.0,0.0,0.0,0.0,0.0,0.0,0.0,0.0,0.0,0.0,1.0,2.0,-1.0,0.0,0.0,0.0,1476.9116525609727,1363.1943897485614,113.71726281241126,0.7366791620727119,0.2633208379272881,0.4733583241454238,113.71726281241126,0.7366791620727119,0.3333333333333333,0.6666666666666666,-0.3333333333333333,1.6666666666666667,-8.6,10.266666666666666,0.5527109148744244,0.4903990963855421,0.06231181848888229,0.14569195721829598,0.11287280588135307,0.03281915133694291,0.3026819923371647,0.3603489159891599,-0.05766692365199522,0.3443241703461046,0.2627635542168675,0.0815606161292371,113.16666666666667,106.33333333333333,6.833333333333343,110.10000000000002,118.90000000000002,-8.799999999999997,0.6,0.4,0.19999999999999996,6.355555555555556,-17.96,24.315555555555555,0.5930518169507215,0.4786507347799157,0.1144010821708058,0.13062708668576944,0.1391143897634001,-0.008487303077630654,0.2716091954022989,0.33388611727026357,-0.062276921867964685,0.27239227391251875,0.2784351995758442,-0.006042925663325482,119.42,102.02000000000001,17.39999999999999,109.88,125.22,-15.340000000000003,0.7,0.2,0.49999999999999994,6.277777777777778,-14.280000000000001,20.55777777777778,0.5653413502789032,0.46628454835165883,0.09905680192724436,0.12153734207869578,0.1132444338230574,0.008292908255638373,0.2791053551565231,0.3076792357557483,-0.028573880599225165,0.2981014128119025,0.2201097047660287,0.0779917080458738,117.13,101.44,15.689999999999998,107.53,120.79,-13.260000000000005,train,2024-12-29,2025-02-26
S43G01N193,2023-2024,2024-02-08,60,부산 KCC,50,창원 LG,1,36,39,36,39,4.0,2.0,2.0,0.0,0.0,0.0,0.0,0.0,0.0,0.0,0.0,0.0,0.0,0.0,0.0,0.0,0.0,0.0,1.0,2.0,-1.0,1532.6499816890848,1543.281305204843,-10.63132351575814,0.577610345816747,0.422389654183253,0.15522069163349395,-10.63132351575814,0.577610345816747,0.6666666666666666,0.3333333333333333,0.3333333333333333,2.6,-1.0,3.6,0.5299114646728106,0.5719356698576671,-0.0420242051848565,0.08558813762479332,0.14568870100815667,-0.06010056338336335,0.27413105413105415,0.2972222222222222,-0.02309116809116807,0.2498840781313395,0.21544699246222476,0.03443708566911474,116.0,112.83333333333333,3.1666666666666714,110.73333333333333,112.10000000000002,-1.3666666666666885,0.6,0.6,0.0,2.2044444444444444,0.8,1.4044444444444444,0.5313339137097085,0.5611093951311068,-0.029775481421398298,0.08758559395274654,0.13819789692148526,-0.050612302968738726,0.2849516553906798,0.3028544061302682,-0.017902750739588413,0.2551088128166633,0.2253111576028295,0.029797655213833818,118.72,112.28,6.439999999999998,112.8,106.6,6.200000000000003,0.6,0.6,0.0,3.802222222222222,2.0,1.802222222222222,0.5487036515995938,0.5487277661655778,-2.4114565984056924e-05,0.09383807718362311,0.11416298541699663,-0.020324908233373518,0.2768909819603127,0.2829700464540943,-0.006079064493781594,0.2803533848363385,0.20777971593868422,0.07257366889765426,119.67999999999999,113.8,5.8799999999999955,112.75999999999999,109.2,3.559999999999988,train,2024-12-29,2025-02-26
S43G01N194,2023-2024,2024-02-08,64,대구 한국가스공사,10,울산 현대모비스,0,39,38,39,38,2.0,4.0,-2.0,0.0,0.0,0.0,0.0,0.0,0.0,0.0,0.0,0.0,0.0,0.0,0.0,2.0,1.0,1.0,0.0,0.0,0.0,1482.1780693195185,1521.8253159812446,-39.64724666172606,0.5364209234079492,0.4635790765920508,0.07284184681589845,-39.64724666172606,0.5364209234079492,0.6666666666666666,0.6666666666666666,0.0,4.0,13.222222222222221,-9.222222222222221,0.5373047524094384,0.5496632996632997,-0.012358547253861318,0.11632721576523919,0.10483039702998569,0.011496818735253503,0.3300653594771242,0.3890826873385013,-0.059017327861377145,0.35692921236291125,0.2661392607192065,0.09078995164370474,114.89999999999999,120.83333333333333,-5.933333333333337,112.60000000000002,104.56666666666668,8.033333333333346,0.6,0.8,-0.20000000000000007,7.2,11.133333333333333,-3.9333333333333327,0.5733956446226354,0.5436868686868687,0.029708775935766707,0.12011793180116674,0.11239441562529048,0.007723516175876258,0.28631507775524,0.4230528955768354,-0.1367378178215954,0.2892108323217979,0.2469851437331112,0.042225688588686694,118.6,120.96,-2.3599999999999994,107.96,107.58,0.37999999999999545,0.7,0.6,0.09999999999999998,6.477777777777777,2.1666666666666665,4.31111111111111,0.5592969833796012,0.5258338429391062,0.03346314044049503,0.11473128334946685,0.11739455461353035,-0.002663271264063502,0.294791629666327,0.39306409792624103,-0.09827246825991404,0.29655604890362736,0.25444797847985695,0.042108070423770405,117.72999999999999,115.77000000000001,1.9599999999999795,108.42,114.4,-5.980000000000004,train,2024-12-29,2025-02-26
S43G01N195,2023-2024,2024-02-09,06,수원 KT,16,원주 DB,1,38,40,38,40,4.0,3.0,1.0,0.0,0.0,0.0,0.0,0.0,0.0,0.0,0.0,0.0,0.0,0.0,0.0,3.0,4.0,-1.0,0.0,0.0,0.0,1579.7590807494062,1623.241150835344,-43.48207008593772,0.5309272572501706,0.46907274274982935,0.061854514500341296,-43.48207008593772,0.5309272572501706,1.0,1.0,0.0,5.333333333333333,9.333333333333334,-4.000000000000001,0.6004178866989821,0.5935185185185184,0.006899368180463661,0.13743556927378525,0.12095053890684375,0.016485030366941503,0.26168582375478927,0.3093434343434343,-0.04765761058864504,0.3304421643168229,0.23346560846560846,0.09697655585121442,118.33333333333333,120.46666666666668,-2.133333333333354,106.43333333333332,104.66666666666667,1.7666666666666515,0.8,0.8,0.0,5.8,7.6,-1.7999999999999998,0.557021066947619,0.5893278943278943,-0.03230682738027535,0.12081153596673366,0.12816526603582315,-0.007353730069089487,0.29416319703925126,0.2966060606060606,-0.002442863566809339,0.28040245967462324,0.26222388722388723,0.018178572450736008,115.2,118.96000000000001,-3.760000000000005,106.31999999999998,108.06000000000002,-1.7400000000000375,0.6,0.7,-0.09999999999999998,3.1,5.3,-2.1999999999999997,0.5340967873152662,0.5711925985254274,-0.037095811210161145,0.13000348175821635,0.1151641168046295,0.014839364953586856,0.3091839297346566,0.29270025004419126,0.016483679690465325,0.22457258887720713,0.23735826364059714,-0.012785674763390015,108.96,117.63999999999999,-8.679999999999993,104.74000000000001,109.6,-4.859999999999985,train,2024-12-29,2025-02-26
S43G01N196,2023-2024,2024-02-09,66,고양 소노,35,서울 삼성,0,39,39,39,39,4.0,3.0,1.0,0.0,0.0,0.0,0.0,0.0,0.0,0.0,0.0,0.0,0.0,0.0,0.0,0.0,0.0,0.0,4.0,1.0,3.0,1408.1497707201383,1357.9279729900156,50.22179773012272,0.6599945621370537,0.34000543786294635,0.3199891242741073,50.22179773012272,0.6599945621370537,0.0,0.6666666666666666,-0.6666666666666666,-7.666666666666667,1.0666666666666667,-8.733333333333334,0.47989184184500133,0.5357733901708528,-0.05588154832585146,0.14169380574194546,0.11608379545097924,0.025610010290966212,0.30829026701119727,0.3182033221194281,-0.009913055108230817,0.21872356543147528,0.32992457116602003,-0.11120100573454475,102.83333333333333,113.60000000000001,-10.76666666666668,116.26666666666667,112.73333333333335,3.5333333333333172,0.2,0.4,-0.2,-5.2,-13.959999999999999,8.759999999999998,0.4909201797338666,0.49823642216221325,-0.007316242428346664,0.1331843092774135,0.1261780843894617,0.007006224887951801,0.28822539173381195,0.3363765387262023,-0.04815114699239037,0.22508690930694994,0.27321593672946276,-0.04812902742251282,103.16,106.42,-3.260000000000005,115.82000000000001,124.71999999999998,-8.899999999999977,0.3,0.2,0.09999999999999998,-4.7,-13.48,8.780000000000001,0.5058265067039384,0.47486966257420854,0.03095684412972982,0.12394477541535869,0.11640571919570805,0.007539056219650633,0.2655633332321775,0.3033688909281621,-0.03780555769598459,0.21009613338262428,0.2337181547783107,-0.02362202139568642,105.35,102.35999999999999,2.990000000000009,115.75,120.21,-4.459999999999994,train,2024-12-29,2025-02-26
S43G01N197,2023-2024,2024-02-10,55,서울 SK,70,안양 정관장,1,38,38,38,38,6.0,6.0,0.0,0.0,0.0,0.0,0.0,0.0,0.0,0.0,0.0,0.0,0.0,0.0,0.0,0.0,0.0,0.0,5.0,4.0,1.0,1543.1648889199917,1407.8224635904135,135.3424253295782,0.7601065410201333,0.2398934589798667,0.5202130820402666,135.3424253295782,0.7601065410201333,0.0,0.0,0.0,-5.888888888888888,-10.0,4.111111111111112,0.4670045003617458,0.5165223665223665,-0.049517866160620705,0.09142110748621772,0.09049574319290472,0.0009253642933129969,0.30596363924740777,0.232574679943101,0.07338895930430678,0.22227740376951277,0.1505827505827506,0.07169465318676216,102.5,108.3,-5.799999999999997,113.16666666666667,125.7666666666667,-12.600000000000023,0.0,0.2,-0.2,-6.7333333333333325,-4.4,-2.333333333333332,0.4800332086916237,0.5307012987012987,-0.05066809000967498,0.1089108135642575,0.0930293714859394,0.015881442078318098,0.2850067549770161,0.23539807750334069,0.04960867747367542,0.24110655525605798,0.20392540792540795,0.03718114733065003,102.2,112.97999999999999,-10.779999999999987,113.05999999999999,121.05999999999999,-8.0,0.3,0.3,0.0,-2.4666666666666663,-3.9,1.4333333333333336,0.4841134440597575,0.5209522625550023,-0.036838818495244785,0.10286549992741094,0.08866560153240208,0.014199898395008861,0.30302840801353853,0.2635528563701938,0.03947555164334471,0.2213684914468692,0.220417628855985,0.0009508625908841994,104.92999999999999,112.33,-7.400000000000006,108.78,118.1,-9.319999999999993,train,2024-12-29,2025-02-26
S43G01N198,2023-2024,2024-02-10,64,대구 한국가스공사,50,창원 LG,0,40,40,40,40,2.0,2.0,0.0,0.0,0.0,0.0,0.0,0.0,0.0,0.0,0.0,0.0,0.0,0.0,0.0,0.0,0.0,0.0,1.0,3.0,-2.0,1471.4496508513596,1534.8335121211778,-63.383861269818226,0.5023257938178788,0.4976742061821212,0.00465158763575757,-63.383861269818226,0.5023257938178788,0.6666666666666666,0.0,0.6666666666666666,3.6666666666666665,-9.0,12.666666666666666,0.5225988700564973,0.49636528850522493,0.026233581551272367,0.08647993331933616,0.11239691224739233,-0.025916978928056167,0.2652505446623094,0.3014492753623188,-0.036198730700009396,0.3177135260884014,0.21808268968650613,0.0996308364018953,114.0,106.89999999999999,7.1000000000000085,110.53333333333336,118.83333333333333,-8.299999999999969,0.4,0.4,0.0,-0.2,-4.0,3.8,0.5316265489246546,0.5402983217945356,-0.008671772869881078,0.11214264049541878,0.13582640738938825,-0.023683766893969477,0.2740928555330178,0.30816841579210397,-0.034075560259086146,0.3124768551488392,0.189808486403218,0.1226683687456212,112.92,110.0,2.9200000000000017,113.32000000000001,112.25999999999999,1.0600000000000165,0.6,0.5,0.09999999999999998,4.677777777777778,-1.2,5.877777777777778,0.5560193163805981,0.5277586679944617,0.0282606483861364,0.1070882138609542,0.11121322926126828,-0.004125015400314083,0.2845425875207332,0.2967381623961233,-0.01219557487539008,0.28324597911299926,0.21522138085354653,0.06802459825945273,117.66,111.60999999999999,6.050000000000011,111.27000000000001,111.66,-0.38999999999998636,train,2024-12-29,2025-02-26
S43G01N199,2023-2024,2024-02-10,10,울산 현대모비스,60,부산 KCC,1,39,37,39,37,2.0,2.0,0.0,0.0,0.0,0.0,0.0,0.0,0.0,0.0,0.0,0.0,0.0,0.0,0.0,2.0,1.0,1.0,0.0,0.0,0.0,1532.5537344494035,1541.09777477275,-8.544040323346508,0.5805390485391059,0.4194609514608941,0.16107809707821175,-8.544040323346508,0.5805390485391059,0.6666666666666666,0.6666666666666666,0.0,4.555555555555555,6.6000000000000005,-2.044444444444445,0.5279295689131756,0.494519626464071,0.03340994244910456,0.12368089459544468,0.08705903183966728,0.036621862755777404,0.36130490956072353,0.29606653800202193,0.0652383715587016,0.2129847649417599,0.2764640709085154,-0.06347930596675547,112.43333333333334,112.23333333333333,0.20000000000000284,106.76666666666665,101.5,5.2666666666666515,0.8,0.8,0.0,11.933333333333334,6.76,5.173333333333334,0.5632223878125517,0.5454527063095138,0.017769681503037926,0.12001808160752048,0.08840165009239351,0.03161643151512697,0.3976652986776106,0.25206416522545555,0.14560113345215503,0.27981106098525793,0.2598605168088736,0.01995054417638431,121.38,118.84,2.539999999999992,106.08,107.17999999999999,-1.0999999999999943,0.7,0.6,0.09999999999999998,4.466666666666667,5.402222222222223,-0.9355555555555561,0.5462617756621209,0.547824530720473,-0.0015627550583521277,0.12075612590151667,0.09080994296737008,0.029946182934146595,0.3888974312595743,0.268221627121603,0.1206758041379713,0.26057955182454506,0.29233140681436043,-0.031751854989815365,118.2,119.85999999999999,-1.6599999999999824,113.4,111.02000000000001,2.3799999999999955,train,2024-12-29,2025-02-26
S43G01N200,2023-2024,2024-02-11,35,서울 삼성,55,서울 SK,0,40,39,40,39,2.0,1.0,1.0,0.0,1.0,-1.0,0.0,0.0,0.0,0.0,0.0,0.0,0.0,0.0,0.0,1.0,1.0,0.0,0.0,0.0,0.0,1371.1278642327568,1547.9627580995889,-176.8348938668321,0.34439405626941266,0.6556059437305873,-0.3112118874611747,-176.8348938668321,0.34439405626941266,0.6666666666666666,0.3333333333333333,0.3333333333333333,3.733333333333333,-0.22222222222222202,3.955555555555555,0.5722317235041862,0.46119729943259363,0.11103442407159253,0.11016445968175292,0.09012976887870265,0.020034690803050273,0.3050088776749837,0.33382871362411004,-0.02881983594912635,0.30388290449935335,0.274193780076133,0.02968912442322036,119.93333333333332,106.33333333333333,13.599999999999994,113.00000000000001,106.76666666666665,6.233333333333363,0.6,0.2,0.39999999999999997,-4.36,-1.7333333333333332,-2.626666666666667,0.5339640341025118,0.4628903515487665,0.0710736825537453,0.11060254509637757,0.10121267190933181,0.00938987318704576,0.33092199327165683,0.3214932414635026,0.009428751808154223,0.294204742699612,0.26063036477986745,0.03357437791974455,114.05999999999999,103.84,10.219999999999985,118.62,108.04,10.579999999999998,0.3,0.3,0.0,-11.879999999999999,-2.4666666666666663,-9.413333333333332,0.4966590461358524,0.47531813489131397,0.021340911244538407,0.11998111874926054,0.09879546640218984,0.021185652347070705,0.3216145049632498,0.3157160957012263,0.005898409262023507,0.2585041136824203,0.23488661511424658,0.023617498568173745,106.71000000000001,105.17999999999999,1.5300000000000153,121.26999999999998,109.2,12.069999999999979,train,2024-12-29,2025-02-26
S43G01N201,2023-2024,2024-02-11,70,안양 정관장,06,수원 KT,0,39,39,39,39,1.0,2.0,-1.0,1.0,0.0,1.0,0.0,0.0,0.0,0.0,0.0,0.0,0.0,0.0,0.0,0.0,4.0,-4.0,5.0,0.0,5.0,1403.0245944108162,1589.1405356044027,-186.11594119358642,0.3324334487131299,0.66756655128687,-0.3351331025737401,-186.11594119358642,0.3324334487131299,0.0,1.0,-1.0,-11.0,2.6666666666666665,-13.666666666666666,0.5150603782182729,0.5641860026410112,-0.04912562442273827,0.12688973588924682,0.15183418832920995,-0.024944452439963127,0.22223100293275733,0.27789566755084,-0.05566466461808267,0.1589048378522063,0.31594941069363447,-0.15704457284142817,102.06666666666666,111.06666666666666,-9.0,121.06666666666668,103.43333333333334,17.63333333333334,0.0,0.8,-0.8,-11.6,3.2,-14.8,0.5211574390521758,0.5557052774739347,-0.0345478384217589,0.11129815787066781,0.13493235133137482,-0.023634193460707012,0.2239502660555292,0.2817475425183336,-0.057797276462804414,0.1759955833640044,0.27178308515135857,-0.09578750178735418,106.96,111.52000000000001,-4.5600000000000165,124.76000000000002,105.1,19.660000000000025,0.2,0.7,-0.49999999999999994,-5.5,3.5,-9.0,0.5335767291268373,0.5340967873152662,-0.000520058188428929,0.10184209145088456,0.13040964286305545,-0.02856755141217089,0.24153083434817182,0.31650993706066394,-0.07497910271249211,0.2033716354942022,0.23587693670329407,-0.03250530120909187,111.35999999999999,109.50999999999999,1.8499999999999943,119.0,103.92,15.079999999999998,train,2024-12-29,2025-02-26
S43G01N202,2023-2024,2024-02-11,16,원주 DB,66,고양 소노,1,41,40,41,40,2.0,2.0,0.0,0.0,0.0,0.0,0.0,0.0,0.0,0.0,0.0,0.0,0.0,0.0,0.0,0.0,0.0,0.0,1.0,5.0,-4.0,1613.8596959803474,1394.9498794773972,218.9098165029502,0.8367600679688733,0.16323993203112674,0.6735201359377465,218.9098165029502,0.8367600679688733,0.6666666666666666,0.0,0.6666666666666666,5.333333333333333,-10.0,15.333333333333332,0.5629575269986229,0.5006076624198066,0.062349864578816305,0.11795929340062818,0.13203001848943974,-0.014070725088811561,0.30235042735042733,0.2921023965141612,0.010248030836266131,0.1884558237297963,0.26787747357007313,-0.07942164984027683,115.36666666666667,107.7,7.666666666666671,105.93333333333334,124.83333333333336,-18.90000000000002,0.8,0.0,0.8,12.0,-7.4,19.4,0.5915407499654075,0.4894056933422949,0.10213505662311262,0.11893912420392508,0.13391111412140366,-0.014971989917478584,0.29801631701631703,0.31864555980103887,-0.020629242784721835,0.2308224119867955,0.2628393237055452,-0.03201691171874968,119.74000000000001,105.58,14.16000000000001,102.58,120.75999999999999,-18.179999999999993,0.6,0.3,0.3,4.2,-4.8,9.0,0.5580362058313635,0.5095029772921735,0.048533228539189954,0.11619529326143627,0.12224865999144663,-0.006053366730010362,0.29868315602709733,0.2844027608951346,0.01428039513196272,0.23437120123572655,0.2277431922061537,0.006628009029572862,115.57000000000001,107.55,8.02000000000001,109.52000000000001,118.98000000000002,-9.460000000000008,train,2024-12-29,2025-02-26
S43G01N203,2023-2024,2024-02-12,50,창원 LG,10,울산 현대모비스,0,41,40,41,40,2.0,2.0,0.0,0.0,0.0,0.0,0.0,0.0,0.0,0.0,0.0,0.0,0.0,0.0,0.0,1.0,3.0,-2.0,0.0,0.0,0.0,1544.8800279975353,1540.9429534786213,3.9370745189139598,0.5979266854488531,0.4020733145511469,0.19585337089770616,3.9370745189139598,0.5979266854488531,0.3333333333333333,1.0,-0.6666666666666667,-6.0,13.222222222222221,-19.22222222222222,0.5309897016507649,0.5689706099542166,-0.03798090830345169,0.1472608869163093,0.10644484088226207,0.040816046034047246,0.273610447523491,0.3538975021533161,-0.0802870546298251,0.2104927053359584,0.22822222462366404,-0.017729519287705636,107.23333333333333,121.43333333333334,-14.200000000000003,114.30000000000001,104.16666666666667,10.13333333333334,0.4,0.8,-0.4,-3.4,13.73333333333333,-17.13333333333333,0.5456261906469946,0.5711803457705098,-0.02555415512351522,0.14094388210791345,0.10620593222103288,0.03473794988688057,0.2853567447045708,0.380671834625323,-0.09531508992075222,0.2233057541627809,0.2673485985227955,-0.04404284436001463,110.22,123.25999999999999,-13.039999999999992,113.04,105.58,7.460000000000008,0.6,0.8,-0.20000000000000007,0.2,6.666666666666666,-6.466666666666666,0.5541048218406155,0.5563080061030881,-0.0022031842624725684,0.11981870667171354,0.11895982205162178,0.0008588846200917599,0.2881077683998756,0.3943174854601163,-0.10620971706024068,0.21534958598175166,0.2585880866751852,-0.04323850069343352,114.66,120.06999999999998,-5.409999999999982,112.67,112.01000000000002,0.6599999999999824,train,2024-12-29,2025-02-26
S43G01N204,2023-2024,2024-02-12,60,부산 KCC,64,대구 한국가스공사,1,38,41,38,41,2.0,2.0,0.0,0.0,0.0,0.0,0.0,0.0,0.0,0.0,0.0,0.0,0.0,0.0,0.0,0.0,0.0,0.0,1.0,2.0,-1.0,1532.708555743532,1461.403134975002,71.30542076852998,0.686678648204335,0.313321351795665,0.37335729640867,71.30542076852998,0.686678648204335,0.3333333333333333,0.3333333333333333,0.0,-1.0666666666666664,-4.333333333333333,3.2666666666666666,0.4871726055300935,0.5075757575757576,-0.020403152045664064,0.08747226249344774,0.08052061970803093,0.006951642785416809,0.28477475841755934,0.23985371926548396,0.044921039152075376,0.2937748599584349,0.2774806892453951,0.01629417071303979,111.23333333333335,110.19999999999999,1.0333333333333599,111.26666666666665,118.10000000000002,-6.833333333333371,0.6,0.4,0.19999999999999996,2.3600000000000003,-1.4,3.7600000000000002,0.5275343927390264,0.5254577177558234,0.002076674983202964,0.08114335050967382,0.10601387786838393,-0.024870527358710107,0.25842041060609117,0.2772455648926237,-0.01882515428653253,0.25459042458225967,0.31594005861204266,-0.061349634029782996,115.82000000000001,111.34,4.480000000000004,111.5,115.78,-4.280000000000001,0.5,0.5,0.0,2.2022222222222223,2.8777777777777778,-0.6755555555555555,0.5347564884704117,0.5605308496234747,-0.025774361153062975,0.08536042435520694,0.10658191892727883,-0.021221494572071897,0.2650256641274903,0.28168544466359036,-0.016659780536100066,0.27968095238056045,0.27474303926677585,0.004937913113784609,117.71,117.88,-0.1700000000000017,113.47999999999999,114.22999999999999,-0.75,train,2024-12-29,2025-02-26
S43G01N205,2023-2024,2024-02-13,16,원주 DB,55,서울 SK,1,42,40,42,40,2.0,2.0,0.0,0.0,0.0,0.0,0.0,0.0,0.0,0.0,0.0,0.0,0.0,0.0,0.0,1.0,2.0,-1.0,0.0,0.0,0.0,1617.12449462097,1554.8506392249772,62.27385539599277,0.6753859145587319,0.32461408544126813,0.35077182911746374,62.27385539599277,0.6753859145587319,0.6666666666666666,0.6666666666666666,0.0,5.333333333333333,3.777777777777778,1.555555555555555,0.5257302312096833,0.4733486388415966,0.052381592368086705,0.13213653878624654,0.06762949276092108,0.06450704602532546,0.35274457149457145,0.35035532426836774,0.0023892472262037057,0.2245415670073204,0.22821200708524647,-0.0036704400779260793,109.63333333333334,112.8,-3.166666666666657,103.3,105.36666666666667,-2.066666666666677,0.8,0.4,0.4,8.0,0.8666666666666668,7.133333333333333,0.5588508371385084,0.4744682937784156,0.08438254336009277,0.12321262847742935,0.07655452122210878,0.046658107255320574,0.32850280350280353,0.332921812892074,-0.0044190093892704785,0.2113122417916938,0.22157569779490688,-0.010263456003213073,115.25999999999999,109.52000000000001,5.739999999999981,102.96000000000001,109.01999999999998,-6.059999999999974,0.6,0.3,0.3,5.4,-2.1666666666666665,7.566666666666666,0.5602470606952441,0.4824509316719981,0.07779612902324601,0.11939036831279874,0.09167868136622898,0.027711686946569766,0.30239151554941024,0.30868312866825925,-0.006291613118849015,0.24479256416272496,0.23756267145227478,0.0072298927104501864,115.67,107.59,8.079999999999998,108.07000000000001,110.65,-2.5799999999999983,train,2024-12-29,2025-02-26
S43G01N206,2023-2024,2024-02-13,35,서울 삼성,70,안양 정관장,1,41,40,41,40,2.0,2.0,0.0,0.0,0.0,0.0,0.0,0.0,0.0,0.0,0.0,0.0,0.0,0.0,0.0,0.0,0.0,0.0,1.0,6.0,-5.0,1364.2399831073685,1396.3759254365536,-32.13594232918513,0.5471546285118001,0.4528453714881999,0.09430925702360016,-32.13594232918513,0.5471546285118001,0.3333333333333333,0.0,0.3333333333333333,-2.0000000000000004,-13.333333333333334,11.333333333333334,0.5552786653700101,0.5151274472994265,0.04015121807058364,0.1252282101394912,0.13361394272163415,-0.008385732582142952,0.3161877394636015,0.23100293275731873,0.08518480670628278,0.30954489673057334,0.16299605180257518,0.14654884492799816,117.76666666666665,101.86666666666667,15.899999999999977,118.63333333333334,124.90000000000003,-6.266666666666694,0.6,0.0,0.6,0.6399999999999999,-11.0,11.64,0.5461566570533314,0.5228859921891797,0.023270664864151636,0.12367902393475724,0.11319826582350001,0.010480758111257232,0.33925532660499014,0.21868710816079234,0.1205682184441978,0.3158850705684645,0.1465888398727539,0.1692962306957106,116.17999999999999,105.85999999999999,10.320000000000007,115.1,124.02000000000001,-8.920000000000016,0.3,0.2,0.09999999999999998,-11.98,-5.7,-6.28,0.497985620769157,0.5329619292162627,-0.03497630844710575,0.12710519828332686,0.09870730453078744,0.028397893752539427,0.32834527419401904,0.23015103349468674,0.0981942406993323,0.2686205934063202,0.1968212219015351,0.07179937150478513,106.89000000000001,111.1,-4.2099999999999795,121.0,118.94000000000001,2.059999999999988,train,2024-12-29,2025-02-26
S43G01N207,2023-2024,2024-02-14,06,수원 KT,10,울산 현대모비스,1,40,41,40,41,3.0,2.0,1.0,0.0,0.0,0.0,0.0,0.0,0.0,0.0,0.0,0.0,0.0,0.0,0.0,5.0,4.0,1.0,0.0,0.0,0.0,1595.7892045786652,1552.9014871875984,42.88771739106687,0.6504576863382351,0.3495423136617649,0.30091537267647017,42.88771739106687,0.6504576863382351,1.0,1.0,0.0,6.333333333333333,10.666666666666666,-4.333333333333333,0.5665554319614386,0.5994870418790992,-0.03293160991766053,0.12993428731580026,0.1094817878266149,0.020452499489185358,0.3112290008841733,0.38330140485312897,-0.07207240396895565,0.3946951255555018,0.26864361475305826,0.12605151080244353,116.40000000000002,126.83333333333333,-10.433333333333309,103.66666666666667,110.8,-7.133333333333326,1.0,0.8,0.19999999999999996,6.4,6.7333333333333325,-0.33333333333333215,0.5792162492607686,0.5485811140163485,0.030635135244420186,0.13423143776327512,0.11023868706074932,0.023992750702525795,0.29547303271441205,0.3884304553149781,-0.09295742260056605,0.3544372126330722,0.229960634374268,0.1244765782588042,116.94000000000001,118.93999999999998,-1.9999999999999716,104.05999999999999,109.24000000000001,-5.180000000000021,0.8,0.8,0.0,5.6,6.666666666666666,-1.0666666666666664,0.5435795459359558,0.5593818545994719,-0.015802308663516063,0.12934667163235442,0.11664261447372974,0.012704057158624674,0.3011946217453486,0.4067494273838913,-0.10555480563854269,0.2766669847172617,0.25697027167708847,0.01969671304017323,110.9,121.35999999999999,-10.45999999999998,101.91,112.64000000000001,-10.730000000000018,train,2024-12-29,2025-02-26
S43G01N208,2023-2024,2024-02-14,66,고양 소노,60,부산 KCC,1,41,39,41,39,3.0,2.0,1.0,0.0,0.0,0.0,0.0,0.0,0.0,0.0,0.0,0.0,0.0,0.0,0.0,0.0,1.0,-1.0,6.0,0.0,6.0,1391.6850808367747,1538.9749827794453,-147.28990194267067,0.38374117264793917,0.6162588273520608,-0.23251765470412167,-147.28990194267067,0.38374117264793917,0.0,0.6666666666666666,-0.6666666666666666,-9.333333333333334,4.333333333333333,-13.666666666666668,0.4984718544952227,0.5313638052768488,-0.0328919507816261,0.11933457843851168,0.10473419191525168,0.014600386523259998,0.2676916221033868,0.2979837716265726,-0.030292149523185763,0.25815586508576027,0.24109996283909332,0.01705590224666695,107.03333333333332,115.2,-8.166666666666686,124.10000000000001,109.69999999999999,14.40000000000002,0.0,0.6,-0.6,-9.6,2.3600000000000003,-11.96,0.4784467892327059,0.5001454436599364,-0.021698654427230513,0.12615575983812635,0.09755841673543382,0.028597343102692532,0.2905891334687505,0.31126889545457603,-0.02067976198582555,0.2346990868817699,0.2551538048639498,-0.020454717982179876,103.92,111.78,-7.859999999999999,120.32000000000001,107.8,12.52000000000001,0.2,0.6,-0.39999999999999997,-7.0,3.4022222222222225,-10.402222222222223,0.49861811983197357,0.5400760984379088,-0.04145797860593525,0.12253872641665801,0.08965235187697426,0.03288637453968375,0.2594027608951346,0.2758709591833116,-0.016468198288177027,0.223911278100267,0.2743288397045041,-0.050417561604237104,104.58,118.38,-13.799999999999997,118.43999999999998,112.49000000000001,5.949999999999974,train,2024-12-29,2025-02-26
S43G01N209,2023-2024,2024-02-15,70,안양 정관장,64,대구 한국가스공사,0,41,42,41,42,2.0,3.0,-1.0,0.0,0.0,0.0,0.0,0.0,0.0,0.0,0.0,0.0,0.0,0.0,0.0,0.0,0.0,0.0,7.0,3.0,4.0,1387.3190180067897,1455.1367079390889,-67.81768993229912,0.49594510712667295,0.504054892873327,-0.008109785746654108,-67.81768993229912,0.49594510712667295,0.0,0.0,0.0,-12.666666666666666,-9.333333333333334,-3.333333333333332,0.47033890251088173,0.48717605923488283,-0.0168371567240011,0.1343999172375663,0.0775980167385996,0.056801900498966704,0.19694448406472367,0.2104419545596016,-0.013497470494877928,0.19629608510260846,0.2670734494263906,-0.07077736432378215,94.86666666666667,105.26666666666665,-10.399999999999977,113.03333333333335,118.53333333333336,-5.500000000000014,0.0,0.4,-0.4,-11.8,-1.0,-10.8,0.4754500947532823,0.5073355458101221,-0.031885451056839764,0.11919998618634017,0.08581412728589838,0.033385858900441795,0.21446825516145154,0.2576377217553688,-0.043169466593917266,0.18505037833429233,0.30969571472063995,-0.12464533638634762,97.44000000000001,110.25999999999999,-12.819999999999979,116.34,112.82000000000001,3.519999999999996,0.2,0.5,-0.3,-5.8,2.2777777777777777,-8.077777777777778,0.5237416973932911,0.5530914397183113,-0.02934974232502019,0.10584552646459666,0.1048496505265671,0.000995875938029564,0.22658630553971487,0.2635481897616295,-0.036961884221914654,0.21389182253377953,0.2793162742509697,-0.06542445171719019,109.17999999999999,116.01999999999998,-6.839999999999989,116.76000000000002,113.06000000000002,3.700000000000003,train,2024-12-29,2025-02-26
S43G01N210,2023-2024,2024-02-15,55,서울 SK,50,창원 LG,0,41,42,41,42,2.0,3.0,-1.0,0.0,0.0,0.0,0.0,0.0,0.0,0.0,0.0,0.0,0.0,0.0,0.0,0.0,0.0,0.0,1.0,1.0,0.0,1548.3583575161517,1532.9214942885583,15.436863227593449,0.6137331577726044,0.3862668422273956,0.2274663155452088,15.436863227593449,0.6137331577726044,0.6666666666666666,0.3333333333333333,0.3333333333333333,2.6666666666666665,-5.666666666666667,8.333333333333334,0.47700179572055995,0.5203116849243611,-0.04330988920380113,0.058285826326992585,0.12278983721109026,-0.06450401088409767,0.2939510939510939,0.2692814431944867,0.02466965075660721,0.24916596352307388,0.2446922274387063,0.004473736084367574,112.23333333333333,110.26666666666665,1.9666666666666828,108.23333333333333,118.53333333333335,-10.300000000000011,0.4,0.2,0.2,-0.9333333333333332,-4.6,3.6666666666666665,0.4700623142347492,0.5325413953253572,-0.06247908109060796,0.07504375488252078,0.12270431842796578,-0.047660563545445,0.29018139805863596,0.281568865916692,0.008612532141943963,0.2511587033023813,0.22696072492301478,0.024197978379366547,107.01999999999998,111.38,-4.360000000000014,108.28,117.74000000000001,-9.460000000000008,0.3,0.5,-0.2,-2.0666666666666664,-0.7,-1.3666666666666665,0.4830239367653767,0.5448814259094731,-0.06185748914409639,0.0925478182423111,0.12373875228038131,-0.031190934038070203,0.28410140408653467,0.28204716233926963,0.00205424174726504,0.25110256958470256,0.2248370664199363,0.026265503164766252,106.63999999999999,112.50999999999999,-5.8700000000000045,109.63999999999999,112.02000000000001,-2.380000000000024,train,2024-12-29,2025-02-26
S43G01N211,2023-2024,2024-02-28,10,울산 현대모비스,70,안양 정관장,1,42,42,42,42,14.0,13.0,1.0,0.0,0.0,0.0,0.0,0.0,0.0,0.0,0.0,0.0,0.0,0.0,0.0,0.0,0.0,0.0,1.0,8.0,-7.0,1545.910640914363,1377.4001158642563,168.5105250501067,0.7931789013597493,0.20682109864025067,0.5863578027194987,168.5105250501067,0.7931789013597493,0.6666666666666666,0.0,0.6666666666666666,5.333333333333333,-12.333333333333334,17.666666666666668,0.5872855297898709,0.4220105344208453,0.16527499536902562,0.09424997690799301,0.11682195279969852,-0.02257197589170551,0.41107918263090676,0.1674741535191243,0.24360502911178245,0.22964368960896064,0.30674516377413,-0.07710147416516938,129.36666666666665,91.33333333333333,38.03333333333332,118.8,109.2666666666667,9.533333333333303,0.8,0.0,0.8,7.7333333333333325,-12.8,20.53333333333333,0.580240170332939,0.46509969044061383,0.11514047989232512,0.106768119063598,0.12893452309479012,-0.02216640403119212,0.37009712198164485,0.1969809886079711,0.17311613337367374,0.2260708998909262,0.25367571526151605,-0.02760481537058984,124.33999999999999,95.76,28.579999999999984,112.24000000000001,116.06000000000002,-3.8200000000000074,0.7,0.2,0.49999999999999994,5.966666666666667,-6.2,12.166666666666668,0.5619635195099038,0.5052331619036237,0.05673035760628009,0.11412965733632788,0.10790865829872084,0.006220999037607033,0.39424942738389135,0.21293039156122026,0.1813190358226711,0.23939387547055527,0.23725211004501046,0.0021417654255448115,121.80999999999999,106.47,15.33999999999999,113.45,115.39000000000001,-1.940000000000012,train,2024-12-29,2025-02-26
S43G01N212,2023-2024,2024-02-28,55,서울 SK,66,고양 소노,1,42,42,42,42,13.0,14.0,-1.0,0.0,0.0,0.0,0.0,0.0,0.0,0.0,0.0,0.0,0.0,0.0,0.0,0.0,1.0,-1.0,2.0,0.0,2.0,1536.0836943606996,1404.0102573838158,132.07343697688384,0.756658439841774,0.24334156015822594,0.5133168796835481,132.07343697688384,0.756658439841774,0.3333333333333333,0.3333333333333333,0.0,-4.333333333333333,-2.3333333333333335,-1.9999999999999996,0.46070142942019365,0.5214995730453293,-0.06079814362513569,0.0717620071773396,0.09751533906684241,-0.02575333188950281,0.24629817787712524,0.2564847255516627,-0.010186547674537444,0.23158354594065633,0.2470684450431164,-0.015484899102460065,103.73333333333333,113.39999999999999,-9.666666666666657,113.5,119.73333333333335,-6.2333333333333485,0.4,0.2,0.2,-2.333333333333333,-5.4,3.0666666666666673,0.45902159025284883,0.5117937530437875,-0.05277216279093866,0.0759386454734746,0.11924292617887096,-0.04330428070539635,0.29513495843015297,0.26444639088655314,0.030688567543599832,0.2505252191394854,0.23837931587379607,0.012145903265689317,106.02000000000001,109.1,-3.079999999999984,110.91999999999999,119.12,-8.200000000000017,0.3,0.3,0.0,-2.6666666666666665,-3.3,0.6333333333333333,0.47244972224750026,0.5148121496827199,-0.042362427435219674,0.0927239084004721,0.11649771771549175,-0.023773809315019656,0.2901916296504444,0.2610406919296173,0.029150937720827108,0.24204514813291494,0.22915648065890237,0.012888667474012572,104.96,108.28,-3.3200000000000074,110.2,117.3,-7.099999999999994,train,2024-12-29,2025-02-26
S43G01N213,2023-2024,2024-02-29,60,부산 KCC,16,원주 DB,0,40,43,40,43,14.0,14.0,0.0,0.0,0.0,0.0,0.0,0.0,0.0,0.0,0.0,0.0,0.0,0.0,0.0,0.0,2.0,-2.0,1.0,0.0,1.0,1526.6498062324042,1623.6167763297954,-96.96697009739114,0.4541252105198592,0.5458747894801408,-0.09174957896028157,-96.96697009739114,0.4541252105198592,0.3333333333333333,0.6666666666666666,-0.3333333333333333,-8.666666666666666,8.666666666666666,-17.333333333333332,0.4979102796358232,0.5310212365006886,-0.03311095686486537,0.10872233469549668,0.12344600742765373,-0.01472367273215705,0.29890543061274766,0.33692667026000356,-0.0380212396472559,0.24775060386473435,0.17692251938827278,0.07082808447646158,109.53333333333335,111.33333333333333,-1.799999999999983,121.2,99.13333333333333,22.066666666666677,0.4,0.8,-0.4,-2.44,9.0,-11.44,0.4968468325488253,0.5618667101543815,-0.06501987760555622,0.10544380789608629,0.12411540527817595,-0.018671597382089664,0.3014276256133062,0.32715600215600216,-0.02572837654269594,0.27563991597506093,0.18909001956947163,0.0865498964055893,110.92,115.97999999999999,-5.059999999999988,113.34,101.53999999999999,11.800000000000011,0.6,0.7,-0.09999999999999998,2.2022222222222223,7.6,-5.397777777777778,0.5268990151045756,0.573256032399868,-0.0463570172952924,0.09314092129184481,0.11911261030057241,-0.025971689008727594,0.2747281020404545,0.3057053557053557,-0.030977253664901172,0.2573496730378374,0.24776012799985397,0.009589545037983427,115.7,118.31999999999998,-2.619999999999976,111.42999999999999,107.05,4.3799999999999955,train,2024-12-29,2025-02-26
S43G01N214,2023-2024,2024-02-29,35,서울 삼성,06,수원 KT,0,42,41,42,41,14.0,14.0,0.0,0.0,0.0,0.0,0.0,0.0,0.0,0.0,0.0,0.0,0.0,0.0,0.0,1.0,6.0,-5.0,0.0,0.0,0.0,1373.2968905371324,1602.7800508519006,-229.48316031476816,0.2795205291878784,0.7204794708121216,-0.4409589416242432,-229.48316031476816,0.2795205291878784,0.6666666666666666,1.0,-0.33333333333333337,4.333333333333333,6.666666666666667,-2.333333333333334,0.5330898554556672,0.5593869731800766,-0.026297117724409347,0.1483229693820077,0.10804154414368372,0.04028142523832398,0.3482323232323232,0.3545787545787546,-0.006346431346431369,0.30407742816851757,0.3372096003280411,-0.03313217215952352,112.13333333333333,120.06666666666668,-7.933333333333351,105.83333333333336,110.56666666666666,-4.733333333333306,0.6,1.0,-0.4,2.84,5.0,-2.16,0.5319429473759121,0.5741437854926528,-0.04220083811674069,0.13332177529021577,0.13077683408821722,0.0025449412019985518,0.3186113872110508,0.30768978148288495,0.010921605728165862,0.2960261996007225,0.34262004429416476,-0.04659384469344224,111.62,117.18000000000002,-5.5600000000000165,107.74000000000001,108.35999999999999,-0.6199999999999761,0.4,0.9,-0.5,-9.08,7.1,-16.18,0.5005045375353856,0.5603635834946413,-0.05985904595925573,0.1318650694554118,0.1255340132465458,0.006331056208865982,0.3282135218883537,0.3163862593760106,0.011827262512343062,0.2971749542187455,0.2772086965265792,0.01996625769216631,107.30999999999999,115.10999999999999,-7.799999999999997,117.88,104.65,13.22999999999999,train,2024-12-29,2025-02-26
S43G01N215,2023-2024,2024-03-01,55,서울 SK,64,대구 한국가스공사,0,43,43,43,43,2.0,14.0,-12.0,0.0,0.0,0.0,0.0,0.0,0.0,0.0,0.0,0.0,0.0,0.0,0.0,1.0,1.0,0.0,0.0,0.0,0.0,1540.9505255638642,1465.0556100816223,75.89491548224191,0.6923345561670126,0.30766544383298744,0.3846691123340251,75.89491548224191,0.6923345561670126,0.3333333333333333,0.3333333333333333,0.0,3.0,-1.6666666666666667,4.666666666666667,0.5012833045091111,0.5118492618492619,-0.010565957340150867,0.11488836309385535,0.10687073847824824,0.008017624615607108,0.29538242696137434,0.25789565826330535,0.037486768698068995,0.2852896207734917,0.29289044289044286,-0.007600822116951178,106.13333333333333,106.19999999999999,-0.06666666666666288,107.96666666666665,108.50000000000004,-0.5333333333333883,0.6,0.4,0.19999999999999996,6.2,-2.2,8.4,0.4950355762668348,0.5071095571095571,-0.012073980842722265,0.09063487458669135,0.08884990925139012,0.0017849653353012307,0.32657308552045394,0.24722105508870212,0.07935203043175182,0.25938302799729424,0.2816166186754422,-0.022233590678147952,111.7,108.74000000000001,2.9599999999999937,105.9,112.35999999999999,-6.4599999999999795,0.3,0.5,-0.2,-0.26666666666666644,2.077777777777778,-2.3444444444444446,0.48753439247922925,0.5500806870301392,-0.06254629455090999,0.09977284407547442,0.10973849796857978,-0.009965653893105358,0.30578992024873497,0.25941512524550053,0.04637479500323444,0.2502447916266761,0.27700444629398047,-0.026759654667304344,106.95,114.08000000000001,-7.13000000000001,109.47999999999999,111.12,-1.6400000000000148,train,2024-12-29,2025-02-26
S43G01N216,2023-2024,2024-03-01,10,울산 현대모비스,66,고양 소노,0,43,43,43,43,2.0,2.0,0.0,0.0,0.0,0.0,0.0,0.0,0.0,0.0,0.0,0.0,0.0,0.0,0.0,1.0,0.0,1.0,0.0,1.0,-1.0,1550.047062887168,1399.1434261806512,150.90363670651686,0.7760581857152191,0.22394181428478088,0.5521163714304382,150.90363670651686,0.7760581857152191,0.6666666666666666,0.3333333333333333,0.3333333333333333,5.333333333333333,-9.666666666666666,15.0,0.5882672807716219,0.5034235926531725,0.08484368811844945,0.10416752945021544,0.11238166797542821,-0.008214138525212772,0.40578817733990147,0.17428261393778635,0.23150556340211512,0.19557115553642657,0.191921386219587,0.0036497693168395795,128.29999999999998,102.60000000000001,25.699999999999974,119.23333333333335,115.93333333333335,3.299999999999997,0.8,0.2,0.6000000000000001,9.0,-8.4,17.4,0.594342734435503,0.5120961723986263,0.08224656203687675,0.10580821167317071,0.11637455981030324,-0.01056634813713253,0.39069512862616307,0.224275450715613,0.16641967791055007,0.22500773541312755,0.23716963845444128,-0.012161903041313732,127.73999999999998,107.12,20.619999999999976,114.38000000000002,121.08,-6.699999999999974,0.8,0.2,0.6000000000000001,10.066666666666666,-7.3,17.366666666666667,0.5690148015611858,0.5067462713043416,0.0622685302568442,0.10910131364923059,0.12327135409900396,-0.014170040449773366,0.40687401210149926,0.2394647069389982,0.16740930516250105,0.2359964395731194,0.2276362103886321,0.008360229184487283,124.35,105.16,19.189999999999998,110.97999999999999,118.63,-7.650000000000006,train,2024-12-29,2025-02-26
S43G01N217,2023-2024,2024-03-01,50,창원 LG,70,안양 정관장,1,43,43,43,43,14.0,2.0,12.0,0.0,0.0,0.0,0.0,0.0,0.0,0.0,0.0,0.0,0.0,0.0,0.0,1.0,0.0,1.0,0.0,9.0,-9.0,1545.1961574440104,1373.2636938914513,171.93246355255906,0.7963916669814329,0.20360833301856707,0.5927833339628659,171.93246355255906,0.7963916669814329,0.6666666666666666,0.0,0.6666666666666666,4.333333333333333,-13.666666666666666,18.0,0.5787037037037037,0.43636720585038874,0.14233649785331498,0.1278373305058982,0.11368658718112333,0.014150743324774881,0.286111737724641,0.16937078699470517,0.11674095072993582,0.1914351851851852,0.31776782145937194,-0.12633263627418673,118.53333333333335,94.06666666666666,24.466666666666683,109.10000000000001,111.03333333333336,-1.9333333333333513,0.4,0.0,0.4,-2.4,-13.2,10.799999999999999,0.5408160432126812,0.4747928957859931,0.06602314742668808,0.1299360001974289,0.1271127722164312,0.0028232279809977112,0.289679464995033,0.18076477239175487,0.10891469260327813,0.19782340097935283,0.24689988239872668,-0.049076481419373846,111.85999999999999,97.32000000000001,14.539999999999978,112.93999999999998,115.17999999999999,-2.240000000000009,0.6,0.1,0.5,2.2,-8.8,11.0,0.5562784847330025,0.5027470972436459,0.0535313874893566,0.12806953835022922,0.1100710718511853,0.017998466499043922,0.283320506991222,0.20808142494754778,0.07523908204367424,0.2165650075964069,0.22541264516206733,-0.008847637565660427,113.27000000000001,105.15,8.120000000000005,107.49000000000001,118.12,-10.629999999999995,train,2024-12-29,2025-02-26
S43G01N218,2023-2024,2024-03-02,60,부산 KCC,06,수원 KT,1,41,42,41,42,2.0,2.0,0.0,0.0,0.0,0.0,0.0,0.0,0.0,0.0,0.0,0.0,0.0,0.0,0.0,0.0,7.0,-7.0,2.0,0.0,2.0,1517.567302022007,1608.3704614356582,-90.8031594136512,0.46293439061910063,0.5370656093808994,-0.07413121876179879,-90.8031594136512,0.46293439061910063,0.3333333333333333,1.0,-0.6666666666666667,-7.666666666666667,12.333333333333334,-20.0,0.4964610042735044,0.6066842704773739,-0.11022326620386952,0.12220406891707321,0.09563878511426262,0.02656528380281059,0.3259379509379509,0.353968253968254,-0.028030303030303072,0.2100694444444445,0.34066958204889236,-0.13060013760444786,108.10000000000001,128.20000000000002,-20.10000000000001,120.23333333333333,114.7,5.533333333333331,0.4,1.0,-0.6,-3.8,8.6,-12.399999999999999,0.5074641164994426,0.5849783042219083,-0.07751418772246577,0.10311290928504176,0.10872235265455274,-0.005609443369510983,0.2895045486902293,0.3324516862447897,-0.04294713755456042,0.23070164437012264,0.3343222728384986,-0.10362062846837594,111.08,122.32000000000001,-11.240000000000009,117.2,110.85999999999999,6.340000000000018,0.5,0.9,-0.4,-0.7977777777777778,7.2,-7.997777777777778,0.5193990151045755,0.5581348622360693,-0.038735847131493806,0.09534925161889415,0.11305834589151849,-0.017709094272624334,0.2872281020404545,0.3141695106075377,-0.026941408567083214,0.24290522859339297,0.292436611008225,-0.049531382414832015,114.9,116.52000000000001,-1.6200000000000045,115.0,106.7,8.299999999999997,train,2024-12-29,2025-02-26
S43G01N219,2023-2024,2024-03-02,16,원주 DB,64,대구 한국가스공사,1,44,44,44,44,2.0,1.0,1.0,0.0,1.0,-1.0,0.0,0.0,0.0,0.0,0.0,0.0,0.0,0.0,0.0,3.0,2.0,1.0,0.0,0.0,0.0,1632.6992805401926,1478.9023012049624,153.79697933523016,0.7789394480063572,0.22106055199364283,0.5578788960127143,153.79697933523016,0.7789394480063572,1.0,0.6666666666666666,0.33333333333333337,14.333333333333334,5.0,9.333333333333334,0.562375878814235,0.5230907085745796,0.03928517023965539,0.1263697393771471,0.12737117481781068,-0.001001435440663584,0.40031698365031704,0.3003865007541478,0.09993048289616924,0.16669420888598965,0.27252550317066443,-0.10583129428467478,120.53333333333335,106.8,13.733333333333348,97.76666666666667,98.33333333333337,-0.5666666666667055,0.8,0.4,0.4,8.8,-0.8,9.600000000000001,0.5446444879321591,0.5169292914549082,0.02771519647725096,0.12518923698350626,0.11264025329992684,0.012548983683579415,0.3653504466004466,0.2594382496588379,0.1059121969416087,0.19364557512502717,0.2652978330966946,-0.07165225797166741,115.16000000000001,106.47999999999999,8.680000000000021,101.97999999999999,107.22,-5.240000000000009,0.7,0.5,0.19999999999999996,7.0,3.2,3.8,0.5649226990665348,0.5451624680387717,0.019760231027763142,0.12361870370171354,0.11637909255054679,0.007239611151166753,0.3209275779275779,0.272876663707039,0.04805091422053892,0.22476012799985404,0.27725433270924627,-0.05249420470939223,117.06000000000002,112.54,4.52000000000001,106.21,107.59,-1.3800000000000097,train,2024-12-29,2025-02-26
S43G01N220,2023-2024,2024-03-02,35,서울 삼성,10,울산 현대모비스,1,43,44,43,44,2.0,1.0,1.0,0.0,1.0,-1.0,0.0,0.0,0.0,0.0,0.0,0.0,0.0,0.0,0.0,0.0,0.0,0.0,1.0,1.0,0.0,1367.7064799533748,1534.5258991728638,-166.81941921948896,0.3575256715462309,0.6424743284537691,-0.2849486569075382,-166.81941921948896,0.3575256715462309,0.3333333333333333,0.3333333333333333,0.0,-5.666666666666667,1.0,-6.666666666666667,0.48962721177750623,0.53862516578663,-0.04899795400912377,0.16219282012292766,0.14002882542439687,0.02216399469853078,0.32702020202020204,0.40299227799227805,-0.075972075972076,0.3906435201225406,0.23205233771144393,0.15859118241109668,103.63333333333333,118.03333333333335,-14.40000000000002,110.53333333333335,115.33333333333333,-4.799999999999983,0.4,0.6,-0.19999999999999996,-2.6,4.6,-7.199999999999999,0.5335009033376902,0.5549984721404211,-0.021497568802730904,0.1401945536413223,0.12004744555812066,0.020147108083201637,0.31092476489028215,0.4134428763739109,-0.10251811148362877,0.3709327222430158,0.24140117803607838,0.12953154420693744,112.43999999999998,122.29999999999998,-9.86,113.6,114.38000000000002,-0.7800000000000296,0.4,0.7,-0.29999999999999993,-10.28,8.266666666666666,-18.546666666666667,0.506075819058803,0.5591104299764864,-0.05303461091768347,0.1396544717023612,0.12003276358282058,0.019621708119540615,0.32240544108027286,0.4055540875257607,-0.08314864644548786,0.32468396090943,0.2606061195106682,0.06407784139876183,107.22999999999999,121.83999999999999,-14.61,119.41,110.22999999999999,9.180000000000007,train,2024-12-29,2025-02-26
S43G01N221,2023-2024,2024-03-03,06,수원 KT,50,창원 LG,0,43,44,43,44,1.0,2.0,-1.0,1.0,0.0,1.0,0.0,0.0,0.0,0.0,0.0,0.0,0.0,0.0,0.0,0.0,2.0,-2.0,1.0,0.0,1.0,1597.6291492480402,1549.2683241043817,48.36082514365853,0.6575865274679483,0.3424134725320517,0.31517305493589665,48.36082514365853,0.6575865274679483,0.6666666666666666,0.6666666666666666,0.0,5.666666666666667,13.0,-7.333333333333333,0.5729653704337249,0.6020087884494664,-0.029043418015741507,0.08504885279957712,0.11506379971661634,-0.030014946917039223,0.3710622710622711,0.3471196952843227,0.023942575777948394,0.2553356667280718,0.24915646578782172,0.006179200940250068,124.89999999999999,126.66666666666667,-1.76666666666668,123.06666666666666,104.36666666666667,18.69999999999999,0.8,0.6,0.20000000000000007,6.6,5.0,1.5999999999999996,0.5627447395016143,0.5636700618020741,-0.0009253223004598299,0.10279940787875023,0.12256894133298926,-0.019769533454239027,0.3610989010989011,0.31529522854183106,0.04580367255707002,0.30937331407982155,0.24353143815813905,0.0658418759216825,120.88,118.52000000000001,2.359999999999985,114.04,108.4,5.640000000000001,0.8,0.6,0.20000000000000007,6.2,2.9,3.3000000000000003,0.5598829032246166,0.5623897284665904,-0.0025068252419737647,0.11180547192274196,0.13038341912723722,-0.018577947204495265,0.32763104906907625,0.3090748173360497,0.018556231733026562,0.2948878868772224,0.23442129788048427,0.060466588996738124,118.04,115.4,2.6400000000000006,110.17999999999999,107.5,2.6799999999999926,train,2024-12-29,2025-02-26
S43G01N222,2023-2024,2024-03-03,70,안양 정관장,66,고양 소노,1,44,44,44,44,2.0,2.0,0.0,0.0,0.0,0.0,0.0,0.0,0.0,0.0,0.0,0.0,0.0,0.0,0.0,0.0,1.0,-1.0,10.0,0.0,10.0,1369.19152723108,1414.6645898949555,-45.47306266387545,0.5280719702405843,0.4719280297594157,0.05614394048116855,-45.47306266387545,0.5280719702405843,0.0,0.6666666666666666,-0.6666666666666666,-20.333333333333332,-1.3333333333333333,-19.0,0.4722646417478246,0.5321050995024875,-0.0598404577546629,0.11250552681750914,0.1352842284033495,-0.02277870158584036,0.1631536659999658,0.2013388909940634,-0.0381852249940976,0.2511011547927053,0.23087686567164178,0.0202242891210635,97.76666666666667,107.0,-9.233333333333334,126.40000000000002,109.6666666666667,16.73333333333332,0.0,0.4,-0.4,-17.4,-5.8,-11.599999999999998,0.44977265287101337,0.5097747438271977,-0.060002090956184306,0.11056946074329757,0.12231001343496875,-0.01174055269167118,0.1790218530017767,0.22641830785847014,-0.04739645485669344,0.24036816849859172,0.24199106702586987,-0.0016228985272781493,94.85999999999999,106.42,-11.560000000000016,119.54,116.35999999999999,3.180000000000021,0.0,0.3,-0.3,-14.5,-5.5,-9.0,0.4854650459615947,0.500347461780532,-0.014882415818937345,0.11093380930698268,0.12774716135619113,-0.016813352049208447,0.20148605952865295,0.25732184979614103,-0.055835790267488083,0.20818187593129805,0.23353898816640992,-0.02535711223511186,100.91,104.78999999999999,-3.8799999999999955,122.15,116.08999999999999,6.0600000000000165,train,2024-12-29,2025-02-26
S43G01N223,2023-2024,2024-03-03,55,서울 SK,60,부산 KCC,1,44,42,44,42,2.0,1.0,1.0,0.0,1.0,-1.0,0.0,0.0,0.0,0.0,0.0,0.0,0.0,0.0,0.0,0.0,1.0,-1.0,1.0,0.0,1.0,1527.103834440524,1528.308614209625,-1.2047797691009237,0.5907906419048365,0.40920935809516346,0.1815812838096731,-1.2047797691009237,0.5907906419048365,0.3333333333333333,0.3333333333333333,0.0,3.3333333333333335,-8.333333333333334,11.666666666666668,0.480477589381699,0.4913644547325104,-0.010886865350811403,0.12749452020638186,0.09735040296328429,0.030144117243097568,0.3356086997457867,0.3252645502645503,0.010344149481236409,0.22880118359570412,0.22982253086419757,-0.0010213472684934555,103.09999999999998,111.90000000000002,-8.80000000000004,104.03333333333335,123.06666666666666,-19.033333333333317,0.4,0.4,0.0,1.2,-6.6,7.8,0.48163048820421245,0.49825234062100004,-0.016621852416787597,0.09746260567912832,0.10373323940960404,-0.006270633730475719,0.2912493897316419,0.3287877028120931,-0.03753831308045119,0.223923145414124,0.22716888083735914,-0.003245735423235141,105.08,111.58000000000001,-6.500000000000014,106.64000000000001,120.73999999999998,-14.099999999999966,0.3,0.6,-0.3,-0.26666666666666644,0.07999999999999999,-0.34666666666666646,0.4722604198764895,0.5218525234652569,-0.04959210358876742,0.09933763879423006,0.09606744475099878,0.0032701940432312837,0.3063713155975722,0.2904259340187743,0.01594538157879788,0.24227675509699576,0.24351469882311635,-0.0012379437261205994,104.46,115.21,-10.75,107.34,113.96,-6.61999999999999,train,2024-12-29,2025-02-26
S43G01N224,2023-2024,2024-03-04,35,서울 삼성,64,대구 한국가스공사,0,44,45,44,45,2.0,2.0,0.0,0.0,0.0,0.0,0.0,0.0,0.0,0.0,0.0,0.0,0.0,0.0,0.0,1.0,0.0,1.0,0.0,1.0,-1.0,1380.5559665224503,1474.4810901650897,-93.92512364263939,0.45846930768047855,0.5415306923195214,-0.08306138463904289,-93.92512364263939,0.45846930768047855,0.6666666666666666,0.6666666666666666,0.0,2.6666666666666665,7.666666666666667,-5.0,0.512293262728018,0.5437275985663083,-0.03143433583829025,0.1407709057827643,0.15326893406838682,-0.01249802828562252,0.34368686868686865,0.3509873862696444,-0.007300517582775723,0.4448265417495705,0.23960573476702507,0.2052208069825454,110.10000000000001,110.0,0.10000000000000853,102.90000000000002,97.63333333333337,5.2666666666666515,0.6,0.4,0.19999999999999996,1.6,1.4,0.20000000000000018,0.5320685805876305,0.5200127829160086,0.012055797671621904,0.13849129013382827,0.1258875277353288,0.012603762398499474,0.35454545454545455,0.3090798267197698,0.04546562782568475,0.38482625291859474,0.2628310399278141,0.12199521299078064,114.08,107.85999999999999,6.220000000000013,109.2,105.08,4.1200000000000045,0.5,0.4,0.09999999999999998,-6.18,0.6,-6.779999999999999,0.5151525013749219,0.5258196659203316,-0.010667164545409724,0.132334687261645,0.11901508411537379,0.013319603146271203,0.34546099663582847,0.2915863411263938,0.053874655509434655,0.32902109482402875,0.2876539475383267,0.041367147285702066,110.25,110.38999999999999,-0.13999999999998636,116.96,109.2,7.759999999999991,train,2024-12-29,2025-02-26
S43G01N225,2023-2024,2024-03-05,66,고양 소노,60,부산 KCC,0,45,43,45,43,2.0,2.0,0.0,0.0,0.0,0.0,0.0,0.0,0.0,0.0,0.0,0.0,0.0,0.0,0.0,0.0,0.0,0.0,1.0,1.0,0.0,1405.226029299767,1520.1244270477216,-114.8983977479545,0.42868011905312464,0.5713198809468754,-0.14263976189375072,-114.8983977479545,0.42868011905312464,0.3333333333333333,0.3333333333333333,0.0,-9.0,-9.333333333333334,0.3333333333333339,0.5094975490196078,0.46486322924231427,0.044634319777293485,0.14184604696113576,0.11289934112362902,0.028946705837506734,0.2117882117882118,0.30598464317976515,-0.09419643139155334,0.23958333333333334,0.2190994916485113,0.020483841684822035,102.40000000000002,104.5,-2.09999999999998,116.36666666666667,118.10000000000001,-1.7333333333333343,0.4,0.4,0.0,-4.8,-7.4,2.6000000000000005,0.5171276850036681,0.4834612067761578,0.033666478227510344,0.12513254326188858,0.12070005507419505,0.004432488187693526,0.2162578800509835,0.31415355647062965,-0.09789567641964614,0.22140283173175218,0.23083469498910678,-0.009431863257354595,105.92,106.88,-0.9599999999999937,114.04,117.44000000000001,-3.4000000000000057,0.2,0.5,-0.3,-6.1,-2.52,-3.5799999999999996,0.5032666891729816,0.505497799757592,-0.0022311105846104518,0.12952182869164613,0.10092170279193444,0.028600125899711698,0.26745171992601113,0.2862869835383604,-0.018835263612349273,0.24212107771864871,0.24271255978568318,-0.0005914820670344656,105.75,111.35,-5.599999999999994,117.4,114.47,2.930000000000007,train,2024-12-29,2025-02-26
S43G01N226,2023-2024,2024-03-05,55,서울 SK,10,울산 현대모비스,1,45,45,45,45,2.0,3.0,-1.0,0.0,0.0,0.0,0.0,0.0,0.0,0.0,0.0,0.0,0.0,0.0,0.0,1.0,0.0,1.0,0.0,2.0,-2.0,1535.2880216024273,1521.6764126037883,13.611608998638985,0.6112393592278494,0.38876064077215056,0.2224787184556989,13.611608998638985,0.6112393592278494,0.6666666666666666,0.3333333333333333,0.3333333333333333,13.333333333333334,-2.6666666666666665,16.0,0.5364604953646049,0.4832518298807839,0.05320866548382103,0.1256244107998345,0.1580866241058201,-0.032462213305985615,0.3077449226560034,0.3992043992043992,-0.09145947654839581,0.19254762234214287,0.2759779920943624,-0.08343036975221954,109.46666666666668,106.66666666666667,2.8000000000000114,92.3,112.3,-20.0,0.4,0.4,0.0,3.4,-1.8,5.2,0.49688870416665376,0.5288089022888793,-0.031920198122225574,0.11073559629682268,0.13775318899773284,-0.027017592700910156,0.2695687174627343,0.3972812602122947,-0.1277125427495604,0.22912658829362317,0.2547243603733452,-0.025597772079722053,104.02000000000001,115.47999999999999,-11.45999999999998,103.08,117.12,-14.040000000000006,0.4,0.6,-0.19999999999999996,2.1333333333333337,5.966666666666666,-3.833333333333332,0.48567849897253473,0.5499946240296946,-0.06431612505715983,0.09364505875946573,0.12197956060938284,-0.028334501849917107,0.30124526517740413,0.3889765474188088,-0.0877312822414047,0.22535114304426504,0.26103647944807035,-0.03568533640380531,106.77000000000001,119.37,-12.599999999999994,106.05,111.35,-5.299999999999997,train,2024-12-29,2025-02-26
S43G01N227,2023-2024,2024-03-07,50,창원 LG,64,대구 한국가스공사,1,45,46,45,46,4.0,3.0,1.0,0.0,0.0,0.0,0.0,0.0,0.0,0.0,0.0,0.0,0.0,0.0,0.0,3.0,1.0,2.0,0.0,0.0,0.0,1562.4200546537406,1483.6504763186992,78.76957833504139,0.6958481165139075,0.30415188348609246,0.3916962330278151,78.76957833504139,0.6958481165139075,1.0,0.6666666666666666,0.33333333333333337,19.0,6.0,13.0,0.5646783241823824,0.5145609318996416,0.050117392282740814,0.1224692313047024,0.1302003747254929,-0.0077311434207904955,0.36732171548634285,0.3683484973807554,-0.0010267818944125762,0.2410057093976287,0.21460573476702507,0.026399974630603618,120.39999999999999,110.76666666666665,9.63333333333334,89.0,100.36666666666669,-11.366666666666688,0.8,0.6,0.20000000000000007,12.2,4.0,8.2,0.5735292167316517,0.5113006617038875,0.06222855502776414,0.12874770986235182,0.1186577622618673,0.010089947600484511,0.32109232999110643,0.324317921957865,-0.0032255919667585897,0.24071453674968835,0.24389164598842017,-0.0031771092387318234,119.48000000000002,109.08,10.40000000000002,99.84,101.72,-1.8799999999999955,0.6,0.5,0.09999999999999998,4.1,1.3,2.8,0.5569137692630937,0.5183791897298555,0.038534579533238134,0.13228705862587004,0.11233582006512562,0.01995123856074442,0.31463037289160517,0.30078174342524433,0.01384862946636084,0.21526151157645318,0.2799158523002314,-0.06465434072377824,114.74000000000001,110.21,4.530000000000015,106.05,108.75,-2.700000000000003,train,2024-12-29,2025-02-26
S43G01N228,2023-2024,2024-03-07,35,서울 삼성,16,원주 DB,0,45,45,45,45,3.0,5.0,-2.0,0.0,0.0,0.0,0.0,0.0,0.0,0.0,0.0,0.0,0.0,0.0,0.0,0.0,4.0,-4.0,1.0,0.0,1.0,1371.3865803688407,1637.1204915800654,-265.7339112112247,0.2394827728846626,0.7605172271153374,-0.5210344542306748,-265.7339112112247,0.2394827728846626,0.3333333333333333,1.0,-0.6666666666666667,-3.6666666666666665,9.666666666666666,-13.333333333333332,0.5176255384198918,0.5625661375661375,-0.04494059914624571,0.14055437049888111,0.13505040661275666,0.005503963886124452,0.356962481962482,0.38748597081930414,-0.030523488856822156,0.46298272013843,0.1704232804232804,0.29255943971514964,111.73333333333333,119.76666666666667,-8.033333333333331,113.36666666666667,104.46666666666665,8.90000000000002,0.4,0.8,-0.4,-1.6,8.2,-9.799999999999999,0.4991792363253354,0.5402794085670799,-0.041100172241744504,0.15155572178049267,0.1316725491009771,0.019883172679515587,0.3497835497835498,0.37538832538832534,-0.02560477560477553,0.3914860889841685,0.17348684496629702,0.21799924401787146,106.7,114.84,-8.14,107.96,102.83999999999999,5.1200000000000045,0.5,0.8,-0.30000000000000004,-2.98,7.9,-10.88,0.5165716352139236,0.5648036514474871,-0.048232016233563546,0.13107913343843514,0.1299189075684001,0.001160225870035031,0.34035277152760335,0.335997192997193,0.004355578530410353,0.3428454158418902,0.2178553660950921,0.12499004974679812,110.38,116.9,-6.52000000000001,113.29,105.45,7.840000000000003,train,2024-12-29,2025-02-26
S43G01N229,2023-2024,2024-03-07,06,수원 KT,60,부산 KCC,0,44,44,44,44,4.0,2.0,2.0,0.0,0.0,0.0,0.0,0.0,0.0,0.0,0.0,0.0,0.0,0.0,0.0,0.0,1.0,-1.0,2.0,0.0,2.0,1584.4774186986813,1528.6980294287841,55.77938926989714,0.6671364725892848,0.33286352741071523,0.33427294517856954,55.77938926989714,0.6671364725892848,0.3333333333333333,0.6666666666666666,-0.3333333333333333,-0.6666666666666666,6.0,-6.666666666666667,0.5236822163118611,0.5559743403534254,-0.03229212404156434,0.12471586374596144,0.12012419230896515,0.004591671436996292,0.31391941391941397,0.3087624209575429,0.005156992961871054,0.2321760306652099,0.20576615831517797,0.02640987235003192,108.26666666666667,118.13333333333333,-9.86666666666666,112.63333333333333,110.26666666666667,2.36666666666666,0.6,0.4,0.19999999999999996,3.0,-2.8,5.8,0.5498415136951627,0.5222304375453886,0.027611076149774094,0.11450583933826812,0.11234690952126984,0.0021589298169982785,0.3293040293040293,0.29597173828881146,0.03333229101521784,0.29235601627711005,0.20950136165577343,0.08285465462133662,115.5,112.84,2.6599999999999966,113.88,117.54,-3.660000000000011,0.7,0.5,0.19999999999999996,3.1,-0.22000000000000028,3.3200000000000003,0.5527733955845487,0.5111879406026624,0.04158545498188637,0.12471909533482146,0.10495266312835183,0.019766432206469634,0.3055257859111814,0.3036203168716938,0.0019054690394876284,0.2820695507142343,0.2323275832598616,0.049741967454372676,113.50999999999999,112.30999999999999,1.2000000000000028,109.48999999999998,112.67,-3.180000000000021,train,2024-12-29,2025-02-26
S43G01N230,2023-2024,2024-03-09,06,수원 KT,10,울산 현대모비스,1,45,46,45,46,2.0,4.0,-2.0,0.0,0.0,0.0,0.0,0.0,0.0,0.0,0.0,0.0,0.0,0.0,0.0,0.0,0.0,0.0,3.0,3.0,0.0,1571.1346892468955,1513.9011997883454,57.23348945855014,0.6689926574797523,0.33100734252024766,0.3379853149595047,57.23348945855014,0.6689926574797523,0.0,0.0,0.0,-8.0,-18.0,10.0,0.47841743933976705,0.45250117956491626,0.02591625977485079,0.12243739591792717,0.16517938859944106,-0.04274199268151389,0.33979933110367894,0.3332703332703333,0.006528997833345651,0.2197611767869414,0.28210954170417285,-0.06234836491723145,104.5,98.0,6.5,115.23333333333335,120.8,-5.566666666666649,0.4,0.2,0.2,0.0,-8.2,8.2,0.5320955086489052,0.5061512170469933,0.025944291601911917,0.10422421781582888,0.1392267721368664,-0.03500255432103752,0.3495938843764931,0.3606764856764857,-0.011082601299992612,0.22936190357736236,0.23308729158379632,-0.0037253880064339606,115.17999999999999,110.44000000000001,4.739999999999981,117.8,120.38,-2.5799999999999983,0.7,0.5,0.19999999999999996,3.2,-0.7333333333333336,3.9333333333333336,0.5556558789548369,0.5273661655316708,0.028289713423166107,0.11922782778955202,0.12473272959880785,-0.0055049018092558355,0.32253345854545257,0.37455347049573195,-0.05202001195027939,0.2918995581052173,0.23152396297903213,0.06037559512618515,116.06000000000002,114.69000000000001,1.3700000000000045,110.92999999999999,114.81000000000002,-3.880000000000024,train,2024-12-29,2025-02-26
S43G01N231,2023-2024,2024-03-09,16,원주 DB,60,부산 KCC,1,46,45,46,45,2.0,2.0,0.0,0.0,0.0,0.0,0.0,0.0,0.0,0.0,0.0,0.0,0.0,0.0,0.0,5.0,2.0,3.0,0.0,0.0,0.0,1641.9101470377586,1542.04075888057,99.86938815718872,0.7209270002222361,0.2790729997777639,0.4418540004444722,99.86938815718872,0.7209270002222361,1.0,0.6666666666666666,0.33333333333333337,9.666666666666666,4.333333333333333,5.333333333333333,0.5989526411657559,0.545686274509804,0.05326636665595186,0.1451724495302186,0.11100039811726185,0.03417205141295675,0.3784641284641284,0.28430074998424404,0.09416337847988437,0.21604735883424406,0.24653938768489855,-0.030492028850654496,124.43333333333335,116.3,8.133333333333354,111.36666666666667,113.03333333333335,-1.6666666666666714,1.0,0.6,0.4,11.6,1.2,10.4,0.5834637786546613,0.5269179375453885,0.05654584110927274,0.1404432989559302,0.10510007746266317,0.03534322149326702,0.3728242228242228,0.3200248944349909,0.0527993283892319,0.20564494063214028,0.22644215112945765,-0.020797210497317364,121.41999999999999,115.64000000000001,5.779999999999973,104.8,115.84,-11.040000000000006,0.9,0.5,0.4,11.8,-0.6199999999999999,12.42,0.5875022643100344,0.5118823850471068,0.07561987926292757,0.12969121157992763,0.10527194267937474,0.02441926890055289,0.3354202699202699,0.3107262600241485,0.024694009896121416,0.21823367630946794,0.25104103355225926,-0.032807357242791324,120.58000000000001,113.28,7.300000000000011,103.69000000000001,114.58999999999999,-10.899999999999977,train,2024-12-29,2025-02-26
S43G01N232,2023-2024,2024-03-09,35,서울 삼성,66,고양 소노,1,46,46,46,46,2.0,4.0,-2.0,0.0,0.0,0.0,0.0,0.0,0.0,0.0,0.0,0.0,0.0,0.0,0.0,0.0,0.0,0.0,2.0,2.0,0.0,1366.5969249111474,1396.6524269187046,-30.055502007557152,0.5501202832965635,0.4498797167034365,0.10024056659312697,-30.055502007557152,0.5501202832965635,0.3333333333333333,0.3333333333333333,0.0,-1.6666666666666667,-9.0,7.333333333333333,0.5067217437418883,0.5251225490196078,-0.01840080527771948,0.13979321914148365,0.11544484954862595,0.024348369592857702,0.45415057915057916,0.22781385281385283,0.22633672633672633,0.3394588656273294,0.2536599099099099,0.08579895571741952,113.30000000000001,108.7,4.6000000000000085,113.7666666666667,122.23333333333335,-8.466666666666654,0.4,0.4,0.0,-2.4,-8.2,5.799999999999999,0.5043667503608171,0.5280865891132572,-0.023719838752440103,0.14893355904251776,0.1140407224763718,0.03489283656614596,0.3937024687024687,0.2003487891418926,0.1933536795605761,0.3888811035810694,0.23447206534893103,0.1544090382321384,109.75999999999999,108.12,1.6399999999999864,110.67999999999999,119.96000000000001,-9.280000000000015,0.5,0.2,0.3,-0.8800000000000001,-8.9,8.02,0.5252617037070743,0.5032666891729816,0.021995014534092694,0.13630629148863752,0.12009824115724907,0.016208050331388446,0.36647889765372943,0.2454689613053215,0.12100993634840793,0.35238308707476695,0.2345855761153505,0.11779751095941646,112.97,106.02000000000001,6.949999999999989,112.89000000000001,120.14000000000001,-7.25,train,2024-12-29,2025-02-26
S43G01N233,2023-2024,2024-03-11,50,창원 LG,06,수원 KT,1,46,46,46,46,4.0,2.0,2.0,0.0,0.0,0.0,0.0,0.0,0.0,0.0,0.0,0.0,0.0,0.0,0.0,4.0,1.0,3.0,0.0,0.0,0.0,1568.5030923234624,1577.7548360973005,-9.251743773838143,0.5795466824806866,0.42045331751931336,0.15909336496137327,-9.251743773838143,0.5795466824806866,1.0,0.3333333333333333,0.6666666666666667,23.666666666666668,-4.333333333333333,28.0,0.5552605159632044,0.5000076634616367,0.05525285250156764,0.11862485769924891,0.13030748967981004,-0.011682631980561131,0.38417728072900487,0.31069330199764983,0.07348397873135504,0.2371529696716013,0.1961982418316014,0.0409547278399999,120.43333333333334,105.46666666666665,14.966666666666683,86.56666666666666,111.7,-25.13333333333334,0.8,0.4,0.4,15.4,0.0,15.4,0.5553785318001448,0.5271171536705503,0.028261378129594505,0.11275438266719266,0.11615897520042603,-0.003404592533233372,0.35601956491834136,0.33476762955023825,0.021251935368103103,0.21381955958073856,0.22476649898195772,-0.010946939401219158,119.78000000000002,112.12,7.660000000000011,96.3,114.72,-18.42,0.6,0.7,-0.09999999999999998,6.0,2.5,3.5,0.5505023612235698,0.5506304695816014,-0.00012810835803167553,0.12684913238755305,0.12346790464432164,0.0033812277432314075,0.32068815481145607,0.3212287055165616,-0.0005405507051055025,0.21856265687175974,0.28369327163806124,-0.0651306147663015,115.0,114.65,0.3499999999999943,104.67,111.54,-6.8700000000000045,train,2024-12-29,2025-02-26
S43G01N234,2023-2024,2024-03-13,70,안양 정관장,66,고양 소노,0,45,47,45,47,10.0,4.0,6.0,0.0,0.0,0.0,0.0,0.0,0.0,0.0,0.0,0.0,0.0,0.0,0.0,1.0,0.0,1.0,0.0,3.0,-3.0,1378.6300878262684,1387.6548325846359,-9.024744758367433,0.5798650587406369,0.4201349412593631,0.15973011748127375,-9.024744758367433,0.5798650587406369,0.3333333333333333,0.0,0.3333333333333333,-15.0,-14.333333333333334,-0.6666666666666661,0.5171082705924873,0.5221685689201053,-0.005060298327618007,0.08736811037574488,0.07936574661872546,0.008002363757019418,0.23565750624574155,0.20464782964782965,0.0310096765979119,0.15322918098379684,0.2544372730939895,-0.10120809211019266,108.93333333333334,112.26666666666667,-3.3333333333333286,128.4,130.50000000000003,-2.1000000000000227,0.2,0.2,0.0,-13.8,-13.0,-0.8000000000000007,0.4662881844164504,0.5101761413520631,-0.043887956935612704,0.10118702368725656,0.11142025796609856,-0.010233234278841999,0.1997737327010248,0.19531617031617032,0.00445756238485448,0.24781559277024906,0.2464123638563937,0.0014032289138553589,100.0,105.74000000000001,-5.740000000000009,118.16,122.82000000000001,-4.660000000000011,0.1,0.2,-0.1,-12.4,-9.2,-3.200000000000001,0.4945870883028151,0.5109849471979253,-0.016397858895110196,0.10719264475537829,0.11533159207248475,-0.00813894731710646,0.20923042043090861,0.2298812806013617,-0.02065086017045309,0.19720221632150148,0.2423958398650949,-0.04519362354359341,102.92999999999999,107.42,-4.490000000000009,121.09,120.96999999999998,0.12000000000001876,train,2024-12-29,2025-02-26
S43G01N235,2023-2024,2024-03-13,55,서울 SK,64,대구 한국가스공사,1,46,47,46,47,8.0,6.0,2.0,0.0,0.0,0.0,0.0,0.0,0.0,0.0,0.0,0.0,0.0,0.0,0.0,2.0,0.0,2.0,0.0,1.0,-1.0,1543.0632344178703,1477.5674386489775,65.49579576889278,0.6794388504319071,0.3205611495680929,0.3588777008638142,65.49579576889278,0.6794388504319071,0.6666666666666666,0.3333333333333333,0.3333333333333333,12.333333333333334,-6.0,18.333333333333336,0.5362662451703548,0.46988165863304915,0.06638458653730567,0.09263835037895353,0.11533962276714256,-0.02270127238818903,0.2610416259527067,0.301546877947557,-0.04050525199485033,0.12650255629707682,0.21442034359164505,-0.08791778729456823,112.06666666666668,104.26666666666665,7.800000000000026,97.66666666666667,111.03333333333336,-13.366666666666688,0.6,0.6,0.0,12.0,1.2,10.8,0.5305942459367117,0.506552651093808,0.02404159484290369,0.11124638901786792,0.13528521691705261,-0.024038827899184698,0.30682740472142156,0.31410120369161115,-0.007273798970189593,0.185784983661696,0.23370596959584722,-0.04792098593415123,111.6,105.88,5.719999999999999,99.55999999999999,102.72,-3.160000000000011,0.5,0.5,0.0,5.533333333333333,0.1,5.433333333333334,0.5003282800857305,0.506944098451965,-0.006615818366234483,0.09314507195019435,0.11054967210147551,-0.01740460015128116,0.29850440139002876,0.28586946272349,0.012634938666538753,0.21847184348203866,0.2717008421582436,-0.053228998676204925,109.30999999999999,108.07000000000001,1.2399999999999807,103.92,107.77000000000001,-3.8500000000000085,train,2024-12-29,2025-02-26
S43G01N236,2023-2024,2024-03-14,16,원주 DB,06,수원 KT,1,47,47,47,47,5.0,3.0,2.0,0.0,0.0,0.0,0.0,0.0,0.0,0.0,0.0,0.0,0.0,0.0,0.0,6.0,0.0,6.0,0.0,1.0,-1.0,1647.4916070333138,1569.3457697469144,78.14583728639946,0.6950876676305516,0.30491233236944837,0.39017533526110326,78.14583728639946,0.6950876676305516,1.0,0.3333333333333333,0.6666666666666667,8.666666666666666,-3.0,11.666666666666666,0.6505399427530575,0.5119892302819132,0.13855071247114426,0.1485339029064931,0.1138060580840388,0.03472784482245429,0.30105672105672104,0.36523875654310434,-0.0641820354863833,0.2712854540723393,0.21862527716186253,0.05266017691047675,127.56666666666668,111.5,16.066666666666677,117.06666666666666,117.66666666666667,-0.6000000000000085,1.0,0.2,0.8,10.8,-6.2,17.0,0.6195303148581838,0.4930244895778862,0.12650582528029758,0.1350276554556542,0.12540620312013384,0.009621452335520364,0.33433773633773634,0.33606633084893955,-0.0017285945112032186,0.22169190736403852,0.2191294333448921,0.0025624740191464157,125.91999999999999,105.47999999999999,20.439999999999998,110.24000000000001,115.66,-5.4199999999999875,0.9,0.6,0.30000000000000004,9.4,1.2,8.200000000000001,0.589190575998346,0.5390013968998972,0.05018917909844878,0.12912014196654178,0.11706427788734328,0.012055864079198508,0.3314202699202699,0.3342590085468646,-0.0028387386265946724,0.21650207457786616,0.27672585309169534,-0.06022377851382918,120.58999999999999,113.9,6.6899999999999835,106.6,113.25999999999999,-6.659999999999997,train,2024-12-29,2025-02-26
S43G01N237,2023-2024,2024-03-14,70,안양 정관장,35,서울 삼성,0,46,47,46,47,1.0,5.0,-4.0,1.0,0.0,1.0,0.0,0.0,0.0,0.0,0.0,0.0,0.0,0.0,0.0,0.0,1.0,-1.0,1.0,0.0,1.0,1367.0327866514558,1375.5945192452161,-8.561732593760325,0.5805142477326943,0.41948575226730567,0.16102849546538867,-8.561732593760325,0.5805142477326943,0.3333333333333333,0.3333333333333333,0.0,-14.0,-4.666666666666667,-9.333333333333332,0.5096686570659172,0.5123975898633935,-0.0027289327974762134,0.08577984234232862,0.14264643687295703,-0.05686659453062841,0.24050851109674642,0.4235950235950236,-0.18308651249827718,0.13081372204659877,0.3077862428258438,-0.17697252077924505,107.0,113.06666666666666,-6.066666666666663,126.56666666666668,120.63333333333334,5.933333333333337,0.2,0.4,-0.2,-14.0,-3.8,-10.2,0.49839074851901444,0.5196532212322664,-0.02126247271325199,0.09794072727928857,0.13508537062839787,-0.0371446433491093,0.2069031886109685,0.39976307476307477,-0.19285988615210625,0.20761046456512083,0.3870515417129905,-0.17944107714786967,104.6,114.64000000000001,-10.04000000000002,123.3,118.08,5.219999999999999,0.1,0.5,-0.4,-12.9,-0.4800000000000001,-12.42,0.48692042163614835,0.5257980843040893,-0.038877662667940904,0.10857035673281437,0.13420357295930682,-0.02563321622649245,0.21068572188621007,0.3591872309870628,-0.14850150910085272,0.1963304214497066,0.3415388706568565,-0.1452084492071499,101.02000000000001,113.13,-12.109999999999985,119.82000000000001,112.91,6.910000000000011,train,2024-12-29,2025-02-26
S43G01N238,2023-2024,2024-03-15,64,대구 한국가스공사,60,부산 KCC,1,48,46,48,46,2.0,6.0,-4.0,0.0,0.0,0.0,0.0,0.0,0.0,0.0,0.0,0.0,0.0,0.0,0.0,0.0,0.0,0.0,2.0,1.0,1.0,1471.1562156576156,1536.4592988850147,-65.30308322739916,0.49956382828479867,0.5004361717152013,-0.0008723434304026001,-65.30308322739916,0.49956382828479867,0.3333333333333333,0.6666666666666666,-0.3333333333333333,-10.666666666666666,7.666666666666667,-18.333333333333332,0.46190248129903305,0.5911111111111111,-0.1292086298120781,0.138998820985101,0.08508064719082135,0.05391817379427964,0.28963173700015804,0.34860230209067417,-0.058970565090516125,0.2081052727604452,0.20274853801169593,0.005356734748749259,97.56666666666665,128.4,-30.833333333333357,110.33333333333337,120.7,-10.366666666666632,0.4,0.6,-0.19999999999999996,-4.0,1.8,-5.8,0.4900447145858714,0.5402512708787218,-0.050206556292850424,0.14516437723944048,0.09842600203844395,0.046738375200996524,0.32812147396188146,0.3277521671622636,0.0003693067996178856,0.2119599378498155,0.22644215112945765,-0.014482213279642137,102.67999999999999,119.06000000000002,-16.380000000000024,106.18000000000002,117.71999999999998,-11.539999999999964,0.4,0.5,-0.09999999999999998,-3.1,-1.0,-2.1,0.4985771358477143,0.5238576936890823,-0.025280557841368012,0.11700714324541531,0.10076945566174285,0.016237687583672458,0.2876712645252918,0.30862835792624643,-0.02095709340095464,0.24678827826262886,0.22857189774979014,0.01821638051283872,105.71,115.07000000000001,-9.360000000000014,109.27000000000001,117.46,-8.189999999999984,train,2024-12-29,2025-02-26
S43G01N239,2023-2024,2024-03-15,66,고양 소노,50,창원 LG,0,48,47,48,47,2.0,4.0,-2.0,0.0,0.0,0.0,0.0,0.0,0.0,0.0,0.0,0.0,0.0,0.0,0.0,1.0,5.0,-4.0,0.0,0.0,0.0,1399.2521337594485,1576.9121586738486,-177.66002491440008,0.34332240009527554,0.6566775999047245,-0.313355199809449,-177.66002491440008,0.34332240009527554,0.3333333333333333,1.0,-0.6666666666666667,-8.0,16.333333333333332,-24.333333333333332,0.5285894471305445,0.5021935264555368,0.026395920675007623,0.07129245134234928,0.1080879778772878,-0.03679552653493852,0.19707207207207209,0.37268302785544166,-0.17561095578336958,0.24622131065267497,0.17387613351340922,0.07234517713926575,114.5,112.06666666666666,2.433333333333337,122.73333333333336,89.03333333333335,33.70000000000002,0.4,1.0,-0.6,-3.8,18.2,-22.0,0.5322271976900914,0.5527991667207798,-0.020571969030688364,0.10047901328204123,0.11374782573270777,-0.013268812450666537,0.22993155493155495,0.377336179338404,-0.14740462440684907,0.253982786391605,0.20104178180296078,0.0529410045886442,113.06000000000002,119.6,-6.539999999999978,118.12,90.7,27.42,0.3,0.6,-0.3,-6.1,6.8,-12.899999999999999,0.5221616850443588,0.5426702810230685,-0.020508595978709687,0.10842678654617222,0.11822607208033678,-0.009799285534164565,0.22710350282358394,0.329452522627548,-0.10234901980396405,0.24557621242302313,0.21400125336298775,0.03157495906003538,110.09,115.49000000000001,-5.400000000000006,119.6,104.22,15.379999999999995,train,2024-12-29,2025-02-26
S43G01N240,2023-2024,2024-03-16,06,수원 KT,35,서울 삼성,1,48,48,48,48,2.0,2.0,0.0,0.0,0.0,0.0,0.0,0.0,0.0,0.0,0.0,0.0,0.0,0.0,0.0,0.0,2.0,-2.0,2.0,0.0,2.0,1563.2475230995253,1387.20480419987,176.04271889965526,0.8002013746561901,0.19979862534380988,0.6004027493123802,176.04271889965526,0.8002013746561901,0.3333333333333333,0.6666666666666666,-0.3333333333333333,-3.5185185185185186,0.0,-3.5185185185185186,0.5192159692159692,0.5051795815443331,0.014036387671636175,0.1265926446227712,0.14653223686676953,-0.019939592243998328,0.312509801871504,0.4507234507234507,-0.1382136488519467,0.1898989898989899,0.26668029714441494,-0.07678130724542503,107.33333333333333,112.46666666666665,-5.133333333333326,115.56666666666666,113.06666666666668,2.499999999999986,0.2,0.6,-0.39999999999999997,-5.511111111111111,1.8,-7.311111111111111,0.49984586791825186,0.5085106581854315,-0.008664790267179645,0.1291504929097453,0.14215937182679783,-0.013008878917052519,0.31446240286203286,0.424005499005499,-0.10954309614346613,0.19009989747991324,0.31710815519729313,-0.1270082577173799,104.64000000000001,112.0,-7.359999999999985,113.3,109.47999999999999,3.8200000000000074,0.5,0.5,0.0,0.5444444444444445,-0.4,0.9444444444444445,0.531295303709933,0.5210057807615609,0.010289522948372154,0.1159749503942478,0.14117696273406005,-0.025202012339812258,0.337780651980467,0.3674651319478906,-0.029684479967423627,0.24973660577986742,0.3440204387201545,-0.09428383294028705,112.75999999999999,112.22,0.539999999999992,113.67,111.54,2.1299999999999955,train,2024-12-29,2025-02-26
S43G01N241,2023-2024,2024-03-16,10,울산 현대모비스,16,원주 DB,1,47,48,47,48,7.0,2.0,5.0,0.0,0.0,0.0,0.0,0.0,0.0,0.0,0.0,0.0,0.0,0.0,0.0,0.0,7.0,-7.0,4.0,0.0,4.0,1507.2810529379403,1653.5898536807028,-146.30880074276251,0.38507763013557583,0.6149223698644242,-0.22984473972884834,-146.30880074276251,0.38507763013557583,0.0,1.0,-1.0,-16.0,9.518518518518519,-25.51851851851852,0.49368568615443725,0.6387086670328929,-0.1450229808784556,0.14841737404793265,0.1333017981617623,0.015115575886170352,0.32944832944832947,0.2808547008547008,0.048593628593628646,0.2740735404184127,0.3184047956361253,-0.044331255217712584,104.46666666666665,128.13333333333335,-23.6666666666667,123.7,115.3,8.400000000000006,0.2,1.0,-0.8,-8.2,8.711111111111112,-16.91111111111111,0.4988385659591609,0.6048918668864024,-0.10605330092724152,0.15254788384208445,0.13758602354144225,0.014961860300642199,0.3644643644643645,0.34174514374514375,0.022719220719220723,0.26805908852174964,0.25837621071500855,0.009682877806741097,107.35999999999999,124.91999999999999,-17.560000000000002,117.32000000000001,112.54,4.780000000000001,0.5,0.9,-0.4,-0.23333333333333356,8.855555555555556,-9.08888888888889,0.5395393681460499,0.5833792885203919,-0.043839920374342034,0.12965800145284123,0.13085071440980908,-0.0011927129569678507,0.36728074322300464,0.33445057295057296,0.03283017027243168,0.24706499420633787,0.22373311514224006,0.02333187906409781,115.85,120.45,-4.6000000000000085,114.78,107.04,7.739999999999995,train,2024-12-29,2025-02-26
S43G01N242,2023-2024,2024-03-16,70,안양 정관장,55,서울 SK,1,47,47,47,47,2.0,3.0,-1.0,0.0,0.0,0.0,0.0,0.0,0.0,0.0,0.0,0.0,0.0,0.0,0.0,0.0,3.0,-3.0,2.0,0.0,2.0,1355.4225016968019,1549.4744574092322,-194.0519557124303,0.32237408246227306,0.6776259175377269,-0.3552518350754539,-194.0519557124303,0.32237408246227306,0.3333333333333333,1.0,-0.6666666666666667,-5.666666666666667,21.666666666666668,-27.333333333333336,0.4885235920852358,0.5635683760683762,-0.07504478398314035,0.08793139960035275,0.10122491984144331,-0.013293520241090567,0.27057387057387056,0.3257703081232493,-0.05519643754937875,0.1634094368340944,0.1688034188034188,-0.005393981969324391,106.2,119.66666666666667,-13.466666666666669,112.23333333333335,93.0,19.23333333333335,0.2,0.8,-0.6000000000000001,-13.4,16.8,-30.200000000000003,0.48968048746964776,0.543350656193122,-0.05367016872347419,0.0932351288236901,0.11514035327759056,-0.02190522445390046,0.24088168323462442,0.3389326678793163,-0.09805098464469189,0.15436673233457032,0.18625506913178147,-0.03188833679721115,103.78,114.64000000000001,-10.860000000000014,121.32000000000001,94.34,26.980000000000004,0.1,0.6,-0.5,-13.1,7.233333333333334,-20.333333333333336,0.47739008895513074,0.5011861232229854,-0.02379603426785465,0.11108482595924012,0.09553949937553259,0.015545326583707525,0.21893133592129774,0.3170338131547346,-0.09810247723343687,0.20402122379804322,0.21839014413563343,-0.014368920337590213,99.77,110.33,-10.560000000000002,118.69000000000001,102.63,16.060000000000016,train,2024-12-29,2025-02-26
S43G01N243,2023-2024,2024-03-17,64,대구 한국가스공사,66,고양 소노,0,49,49,49,49,2.0,2.0,0.0,0.0,0.0,0.0,0.0,0.0,0.0,0.0,0.0,0.0,0.0,0.0,0.0,1.0,0.0,1.0,0.0,1.0,-1.0,1481.1649390919197,1392.385685757543,88.77925333437679,0.7079037032616595,0.2920962967383405,0.41580740652331905,88.77925333437679,0.7079037032616595,0.3333333333333333,0.3333333333333333,0.0,-8.0,-7.666666666666667,-0.33333333333333304,0.509323116219668,0.4978202163613137,0.011502899858354287,0.13595332906744056,0.1040534739009496,0.031899855166490965,0.2968001957815201,0.20803698435277385,0.08876321142874627,0.2100893997445721,0.23118319561455994,-0.02109379586998783,106.46666666666665,107.33333333333333,-0.8666666666666742,114.53333333333336,115.80000000000003,-1.2666666666666657,0.4,0.2,0.2,-3.8,-12.0,8.2,0.5030401062909405,0.507515659228553,-0.004475552937612481,0.12380705481164522,0.09530226977493189,0.02850478503671333,0.32216613897428836,0.2043676451571188,0.11779849381716956,0.2064299839327648,0.23465586331468188,-0.02822587938191709,108.88,108.32000000000001,0.5599999999999881,111.44000000000001,123.64000000000001,-12.200000000000003,0.4,0.3,0.10000000000000003,-2.3,-8.9,6.6000000000000005,0.5099846988729244,0.5086452015278752,0.0013394973450492342,0.11822365405578603,0.10880614160495032,0.009417512450835705,0.2908021943165631,0.2153929765077945,0.07540921780876864,0.2358639085147297,0.23832346517027586,-0.0024595566555461745,107.67999999999999,107.37,0.30999999999998806,109.33,120.0,-10.670000000000002,train,2024-12-29,2025-02-26
S43G01N244,2023-2024,2024-03-17,60,부산 KCC,06,수원 KT,1,47,49,47,49,2.0,1.0,1.0,0.0,1.0,-1.0,0.0,0.0,0.0,0.0,0.0,0.0,0.0,0.0,0.0,0.0,1.0,-1.0,2.0,0.0,2.0,1526.4505754507106,1567.2434956064014,-40.79292015569081,0.5347805268376977,0.4652194731623023,0.06956105367539545,-40.79292015569081,0.5347805268376977,0.3333333333333333,0.3333333333333333,0.0,-7.666666666666667,-3.185185185185185,-4.481481481481482,0.5369731800766284,0.49973544973544975,0.037237730341178665,0.09762927497870755,0.11438973937471252,-0.016760464396004968,0.3174911909795631,0.31597480533650746,0.0015163856430556177,0.2980742085097802,0.23174603174603173,0.0663281767637485,118.23333333333333,106.7,11.533333333333331,132.03333333333333,113.73333333333333,18.299999999999997,0.4,0.4,0.0,-2.4,-1.511111111111111,-0.8888888888888888,0.5495956727518593,0.5127490937247035,0.036846579027155824,0.11251423273052379,0.10996330057767667,0.0025509321528471157,0.29130772271781913,0.33600086440049437,-0.04469314168267524,0.25045236824312306,0.22450849963045086,0.0259438686126722,116.64000000000001,111.17999999999999,5.460000000000022,122.92,115.38,7.540000000000006,0.4,0.5,-0.09999999999999998,-4.5,0.7444444444444445,-5.2444444444444445,0.5239240066864297,0.531295303709933,-0.007371297023503365,0.10812373607006391,0.1122345699579724,-0.004110833887908491,0.31004771276495613,0.33265244685226186,-0.022604734087305733,0.2388106245402411,0.25843225795378044,-0.01962163341353934,114.10999999999999,113.34,0.7699999999999818,121.83,114.63,7.200000000000003,train,2024-12-29,2025-02-26
S43G01N245,2023-2024,2024-03-17,50,창원 LG,16,원주 DB,1,48,49,48,49,2.0,1.0,1.0,0.0,1.0,-1.0,0.0,0.0,0.0,0.0,0.0,0.0,0.0,0.0,0.0,6.0,0.0,6.0,0.0,1.0,-1.0,1583.7786066757542,1641.2914062834143,-57.5127996076601,0.5107732798624662,0.48922672013753377,0.021546559724932468,-57.5127996076601,0.5107732798624662,1.0,0.6666666666666666,0.33333333333333337,21.666666666666668,2.8518518518518516,18.814814814814817,0.5643459280445581,0.6013300999412111,-0.03698417189665304,0.13012945808373697,0.12609029756211645,0.004039160521620511,0.4013568629808897,0.282020202020202,0.11933666096068768,0.18637161924833157,0.2608759553203997,-0.07450433607206813,120.10000000000001,121.60000000000001,-1.5,89.76666666666667,117.0,-27.233333333333334,1.0,0.8,0.19999999999999996,22.6,4.711111111111111,17.88888888888889,0.5649145513361644,0.6068363113308468,-0.041921759994682395,0.13012298640905506,0.14027563386691183,-0.010152647457856767,0.39023940514485567,0.30184615384615376,0.0883932512987019,0.23767639718757616,0.2621539884927863,-0.024477591305210156,120.42,122.05999999999999,-1.6399999999999864,88.24,116.34,-28.10000000000001,0.7,0.8,-0.10000000000000009,10.1,6.7555555555555555,3.344444444444444,0.5528652972744228,0.575740399631503,-0.022875102357080235,0.13002949330324198,0.13273243542520902,-0.0027029421219670335,0.3399594350699443,0.3335983002233002,0.006361134846644079,0.21774989908346448,0.22789978180890672,-0.010149882725442233,116.14000000000001,118.61000000000001,-2.469999999999999,100.59,109.16,-8.569999999999993,train,2024-12-29,2025-02-26
S43G01N246,2023-2024,2024-03-18,35,서울 삼성,10,울산 현대모비스,1,49,48,49,48,2.0,2.0,0.0,0.0,0.0,0.0,0.0,0.0,0.0,0.0,0.0,0.0,0.0,0.0,0.0,0.0,1.0,-1.0,1.0,0.0,1.0,1383.208831692994,1519.5795003352289,-136.37066864223493,0.39871010008064767,0.6012898999193523,-0.20257979983870467,-136.37066864223493,0.39871010008064767,0.6666666666666666,0.3333333333333333,0.3333333333333333,3.0,-9.0,12.0,0.5295215100965759,0.5418394737448446,-0.01231796364826876,0.15239989835941278,0.12279607423068288,0.029603824128729903,0.3636363636363636,0.30924630924630925,0.05439005439005434,0.27238805970149255,0.23835472300945446,0.03403333669203809,109.96666666666665,113.06666666666666,-3.1000000000000085,106.4666666666667,121.06666666666666,-14.599999999999966,0.4,0.2,0.2,-2.2,-10.4,8.2,0.5147036987819519,0.500952218072813,0.013751480709138897,0.15591095458850684,0.1489303158660133,0.0069806387224935484,0.4056721656721657,0.3393561393561394,0.06631602631602629,0.28541801435222275,0.28039450085716194,0.005023513495060805,109.67999999999999,106.34,3.339999999999989,112.82000000000001,118.22,-5.3999999999999915,0.5,0.5,0.0,-0.3000000000000001,-0.7000000000000002,0.4000000000000001,0.5233861396847912,0.547647476254158,-0.024261336569366798,0.14720112236116759,0.127369263769592,0.019831858591575574,0.38010881010881015,0.3650256339911512,0.01508317611765897,0.3351221336354087,0.25270111813514473,0.08242101550026398,111.88,117.04,-5.160000000000011,111.00999999999999,116.3,-5.290000000000006,train,2024-12-29,2025-02-26
S43G01N247,2023-2024,2024-03-19,50,창원 LG,70,안양 정관장,1,49,48,49,48,2.0,3.0,-1.0,0.0,0.0,0.0,0.0,0.0,0.0,0.0,0.0,0.0,0.0,0.0,0.0,7.0,1.0,6.0,0.0,0.0,0.0,1593.563141078505,1368.9750200475564,224.5881210309485,0.841175864347434,0.15882413565256603,0.6823517286948679,224.5881210309485,0.841175864347434,1.0,0.3333333333333333,0.6666666666666667,15.333333333333334,-5.333333333333333,20.666666666666668,0.5617023327549643,0.4855930393693631,0.07610929338560118,0.14033432840338492,0.11598540169251563,0.024348926710869287,0.3890287453896142,0.2074786324786325,0.1815501129109817,0.2291497975708502,0.15379995002158162,0.07534984754926857,118.10000000000001,99.3,18.80000000000001,97.86666666666667,106.7666666666667,-8.90000000000002,1.0,0.4,0.6,16.8,-8.8,25.6,0.5311946583834436,0.4958236845278351,0.0353709738556085,0.1279166998792538,0.10256631239409193,0.02535038748516187,0.38116499498151624,0.22263843999138117,0.15852655499013507,0.20181555865055562,0.14943486990757487,0.05238068874298074,114.64000000000001,103.14000000000001,11.5,92.39999999999999,115.6,-23.200000000000003,0.8,0.2,0.6000000000000001,10.9,-11.0,21.9,0.5474323600927589,0.48530829015691407,0.062124069935844795,0.12524282060612152,0.11483954230526154,0.010403278300859978,0.3482301117616737,0.20170160619156802,0.14652850557010566,0.2226734984043474,0.19816737615315078,0.02450612225119661,116.58000000000001,100.22999999999999,16.350000000000023,100.4,115.38999999999999,-14.98999999999998,train,2024-12-29,2025-02-26
S43G01N248,2023-2024,2024-03-19,55,서울 SK,66,고양 소노,0,48,50,48,50,3.0,2.0,1.0,0.0,0.0,0.0,0.0,0.0,0.0,0.0,0.0,0.0,0.0,0.0,0.0,0.0,1.0,-1.0,1.0,0.0,1.0,1535.9219390584776,1406.543759822776,129.3781792357015,0.7537903267250514,0.24620967327494858,0.5075806534501028,129.3781792357015,0.7537903267250514,0.6666666666666666,0.6666666666666666,0.0,12.666666666666666,-5.333333333333333,18.0,0.5249680874680875,0.5094832128542588,0.015484874613828747,0.09930127707144698,0.11093487201011643,-0.011633594938669445,0.3480519480519481,0.2513495276653171,0.09670242038663102,0.16549654049654047,0.21315856467091746,-0.04766202417437698,114.56666666666668,110.2,4.366666666666674,100.2,117.30000000000003,-17.100000000000023,0.6,0.4,0.19999999999999996,9.2,-10.8,20.0,0.5110995739420396,0.5101675396528538,0.000932034289185868,0.10138334468337766,0.09287355299548695,0.008509791687890705,0.30117043011707856,0.2190529598424335,0.08211747027464505,0.15725074012745247,0.2305575026589442,-0.07330676253149174,109.08,110.42,-1.3400000000000034,98.41999999999999,123.38000000000002,-24.960000000000036,0.6,0.4,0.19999999999999996,7.7,-7.8,15.5,0.5030675751044372,0.513647612328261,-0.010580037223823724,0.0960091096350345,0.10900304812868777,-0.012993938493653268,0.31387175781876625,0.2176554199467085,0.09621633787205774,0.2083168840623734,0.22598016719534822,-0.017663283132974827,110.39000000000001,108.17,2.220000000000013,102.16,118.71000000000001,-16.55000000000001,train,2024-12-29,2025-02-26
S43G01N249,2023-2024,2024-03-20,60,부산 KCC,35,서울 삼성,1,48,50,48,50,3.0,2.0,1.0,0.0,0.0,0.0,0.0,0.0,0.0,0.0,0.0,0.0,0.0,0.0,0.0,1.0,1.0,0.0,0.0,0.0,0.0,1535.7549649139567,1395.234629691381,140.52033522257557,0.7654993758916291,0.23450062410837091,0.5309987517832582,140.52033522257557,0.7654993758916291,0.3333333333333333,0.6666666666666666,-0.3333333333333333,-2.3333333333333335,1.8888888888888886,-4.222222222222222,0.5687192118226602,0.5065530192176372,0.062166192605022985,0.10252436314187947,0.14503446765148695,-0.042510104509607474,0.3037762237762238,0.37432012432012424,-0.07054390054390042,0.2661193212917351,0.2419845218352681,0.024134799456466988,121.90000000000002,105.03333333333335,16.866666666666674,130.36666666666667,103.33333333333336,27.033333333333317,0.6,0.6,0.0,5.4,-0.4666666666666667,5.866666666666667,0.5892315270935959,0.5130097097109136,0.0762218173826823,0.09887509067361344,0.13777342891996133,-0.03889833824634789,0.31869984279286606,0.4101776601776602,-0.09147781738479416,0.25465404891539195,0.25445262273109337,0.00020142618429858095,126.08000000000001,110.62,15.460000000000008,123.2,112.05999999999999,11.140000000000015,0.5,0.5,0.0,-1.0,-1.0333333333333334,0.03333333333333344,0.5363463669348769,0.5060944730181245,0.030251893916752426,0.10978757287390425,0.14466457535022703,-0.03487700247632278,0.31642669963174785,0.37998060498060504,-0.06355390534885719,0.24274437195224935,0.3229693558576309,-0.08022498390538157,116.47999999999999,108.66000000000001,7.819999999999979,120.32000000000001,110.00999999999999,10.310000000000016,train,2024-12-29,2025-02-26
S43G01N250,2023-2024,2024-03-21,70,안양 정관장,64,대구 한국가스공사,1,49,50,49,50,2.0,4.0,-2.0,0.0,0.0,0.0,0.0,0.0,0.0,0.0,0.0,0.0,0.0,0.0,0.0,0.0,0.0,0.0,1.0,1.0,0.0,1365.798537334505,1467.0068650266865,-101.20832769218146,0.4480798593755069,0.5519201406244931,-0.10384028124898625,-101.20832769218146,0.4480798593755069,0.3333333333333333,0.3333333333333333,0.0,-8.666666666666666,-0.6666666666666666,-7.999999999999999,0.48629479375532797,0.5857804232804233,-0.09948562952509538,0.1383838094125931,0.14142717742314992,-0.003043368010556824,0.1722222222222222,0.34650779812070137,-0.17428557589847918,0.20011573949526582,0.20701058201058198,-0.006894842515316163,97.7,118.93333333333332,-21.23333333333332,108.00000000000001,116.63333333333337,-8.633333333333354,0.4,0.4,0.0,-7.0,-3.8,-3.2,0.5068088397235165,0.531784345922277,-0.024975506198760433,0.11346769683633892,0.12818016292991047,-0.014712466093571547,0.21234432234432235,0.31141345080224536,-0.09906912845792301,0.17701921538665716,0.2141488779419814,-0.03712966255532424,104.56000000000002,111.24000000000001,-6.679999999999993,112.25999999999999,114.12,-1.8600000000000136,0.2,0.4,-0.2,-12.2,-1.2,-11.0,0.4782907462972649,0.5258985644191428,-0.04760781812187792,0.11201857878981825,0.1270338453326196,-0.015015266542801359,0.19568308767304948,0.31024663876100755,-0.11456355108795807,0.20869369194262447,0.23848995893489774,-0.02979626699227328,99.71000000000001,109.55,-9.83999999999999,115.9,109.6,6.300000000000011,train,2024-12-29,2025-02-26
S43G01N251,2023-2024,2024-03-21,55,서울 SK,16,원주 DB,0,49,50,49,50,2.0,4.0,-2.0,0.0,0.0,0.0,0.0,0.0,0.0,0.0,0.0,0.0,0.0,0.0,0.0,0.0,0.0,0.0,2.0,2.0,0.0,1520.8461325239766,1631.5068718806635,-110.66073935668692,0.4346646343254642,0.5653353656745358,-0.1306707313490716,-110.66073935668692,0.4346646343254642,0.3333333333333333,0.3333333333333333,0.0,-1.3333333333333333,-2.1481481481481484,0.8148148148148151,0.43994448751911447,0.5565060833780641,-0.1165615958589496,0.11599754298910647,0.13258489687327082,-0.016587353884164352,0.30473887814313344,0.2626262626262626,0.042112615516870844,0.2151840006317618,0.20428520307747358,0.010898797554288214,97.26666666666667,113.23333333333335,-15.966666666666683,100.7,114.66666666666667,-13.966666666666669,0.6,0.6,0.0,9.2,3.7111111111111112,5.488888888888888,0.506274384819161,0.6158942823453396,-0.10961989752617862,0.10434820268750267,0.1335483496119627,-0.029200146924460046,0.28830551175982966,0.2594219114219114,0.028883600337918258,0.1776146738833306,0.2420090609565544,-0.06439438707322379,108.1,122.0,-13.900000000000006,97.56,116.35999999999999,-18.799999999999983,0.5,0.7,-0.19999999999999996,5.200000000000001,5.955555555555556,-0.7555555555555546,0.4939524365116867,0.5780868454562097,-0.08413440894452301,0.1009054041833155,0.1326104493564699,-0.031705045173154395,0.2897774507457358,0.3174051184051184,-0.027627667659382626,0.2007689096487273,0.20774795296142573,-0.006979043312698441,106.59,118.42,-11.829999999999998,102.1,109.6,-7.5,train,2024-12-29,2025-02-26
S43G01N252,2023-2024,2024-03-22,60,부산 KCC,50,창원 LG,0,49,50,49,50,2.0,3.0,-1.0,0.0,0.0,0.0,0.0,0.0,0.0,0.0,0.0,0.0,0.0,0.0,0.0,2.0,8.0,-6.0,0.0,0.0,0.0,1540.4449773961242,1596.7396237915564,-56.29464639543221,0.5125253898449128,0.4874746101550872,0.02505077968982561,-56.29464639543221,0.5125253898449128,0.6666666666666666,1.0,-0.33333333333333337,5.666666666666667,19.666666666666668,-14.0,0.5872884660083527,0.5584555795082111,0.028832886500141597,0.10970067427224861,0.1429853098002564,-0.03328463552800778,0.30756410256410255,0.4331345994393336,-0.12557049687523103,0.30386665766920845,0.2490632174842701,0.05480344018493835,124.2,120.89999999999999,3.3000000000000114,120.73333333333335,97.76666666666667,22.966666666666683,0.6,1.0,-0.4,1.6,18.6,-17.0,0.5590397462716783,0.5490655199162771,0.009974226355401239,0.09217189121641403,0.12605747283004018,-0.03388558161362615,0.32703317612619937,0.4168239097101985,-0.08979073358399914,0.2853024507418759,0.2058762866549456,0.07942616408693029,122.7,119.9,2.799999999999997,124.0,95.96000000000001,28.039999999999992,0.5,0.9,-0.4,-0.6,15.4,-16.0,0.5406350919085334,0.5612973683239643,-0.020662276415430836,0.10225940036884193,0.127402591346196,-0.02514319097735407,0.3115024572075054,0.36895811985065247,-0.057455662643147054,0.24740190619882468,0.22329541170231698,0.024106494496507702,117.77000000000001,119.69000000000001,-1.9200000000000017,120.77000000000001,97.9,22.870000000000005,train,2024-12-29,2025-02-26
S43G01N253,2023-2024,2024-03-22,66,고양 소노,10,울산 현대모비스,1,51,49,51,49,3.0,4.0,-1.0,0.0,0.0,0.0,0.0,0.0,0.0,0.0,0.0,0.0,0.0,0.0,0.0,2.0,0.0,2.0,0.0,1.0,-1.0,1421.619566357277,1507.5537023368418,-85.93413597956464,0.46990976157700065,0.5300902384229993,-0.06018047684599864,-85.93413597956464,0.46990976157700065,0.6666666666666666,0.3333333333333333,0.3333333333333333,-5.666666666666667,-0.22222222222222218,-5.444444444444445,0.48835645229087854,0.5424191838897721,-0.05406273159889352,0.1397777581751177,0.12066779903712736,0.019109959137990337,0.30134952766531714,0.3463583200425306,-0.04500879237721345,0.19118129039725618,0.30077018194665256,-0.10958889154939638,103.86666666666667,115.16666666666667,-11.299999999999997,110.43333333333335,111.53333333333335,-1.0999999999999943,0.6,0.2,0.39999999999999997,-1.8,-8.933333333333334,7.133333333333334,0.5101675396528538,0.5084276279088786,0.0017399117439751421,0.11507875845793628,0.1276101563045047,-0.012531397846568426,0.27405295984243355,0.3266961109066372,-0.05264315106420364,0.21649561468401277,0.2743179981249215,-0.05782238344090876,110.16,108.72,1.4399999999999977,111.03999999999999,118.1,-7.060000000000002,0.5,0.4,0.09999999999999998,-5.0,-2.166666666666667,-2.833333333333333,0.5191270643830554,0.5317130500246499,-0.01258598564159441,0.11455974046715404,0.12382880093131268,-0.009269060464158638,0.23720087449216307,0.370069493640274,-0.13286861914811096,0.22548384001647187,0.25785958808049997,-0.0323757480640281,109.13999999999999,115.50999999999999,-6.3700000000000045,115.5,116.24000000000001,-0.7400000000000091,train,2024-12-29,2025-02-26
S43G01N254,2023-2024,2024-03-23,06,수원 KT,64,대구 한국가스공사,1,50,51,50,51,6.0,2.0,4.0,0.0,0.0,0.0,0.0,0.0,0.0,0.0,0.0,0.0,0.0,0.0,0.0,0.0,0.0,0.0,1.0,2.0,-1.0,1557.9391061431554,1455.9684622141965,101.9706439289589,0.7233540541999082,0.27664594580009183,0.44670810839981634,101.9706439289589,0.7233540541999082,0.3333333333333333,0.3333333333333333,0.0,-5.518518518518519,-0.6666666666666666,-4.851851851851852,0.5327635327635327,0.6083128078817734,-0.07554927511824072,0.1101330473250075,0.09888779127099735,0.011245256054010153,0.2841935784333294,0.2960573476702509,-0.011863769236921506,0.23675213675213677,0.22352216748768472,0.013229969264452052,112.33333333333333,125.03333333333335,-12.700000000000017,118.43333333333332,124.00000000000004,-5.56666666666672,0.4,0.2,0.2,-4.711111111111111,-8.0,3.2888888888888888,0.5256321456321456,0.5462958401751505,-0.020663694543004985,0.11802359396438204,0.12637682716674312,-0.008353233202361074,0.3027028792467298,0.2847467841355787,0.017956095111151094,0.22932400932400934,0.21730979748221127,0.012014211841798073,110.17999999999999,111.24000000000001,-1.0600000000000165,117.58,120.35999999999999,-2.779999999999987,0.4,0.4,0.0,-2.3555555555555556,-2.0,-0.3555555555555556,0.5288638271405255,0.528798250939519,6.557620100644534e-05,0.11112390589010546,0.12251729471430521,-0.011393388824199754,0.32614838181161143,0.3045323530467218,0.021616028764889605,0.22934295645068584,0.23060072173531573,-0.001257765284629897,112.67999999999999,110.16000000000001,2.519999999999982,117.69000000000001,111.04,6.650000000000006,train,2024-12-29,2025-02-26
S43G01N255,2023-2024,2024-03-23,16,원주 DB,70,안양 정관장,0,51,50,51,50,2.0,2.0,0.0,0.0,0.0,0.0,0.0,0.0,0.0,0.0,0.0,0.0,0.0,0.0,0.0,1.0,1.0,0.0,0.0,0.0,0.0,1640.2001645671728,1376.836940146995,263.36322442017786,0.8687795484804169,0.13122045151958306,0.7375590969608339,263.36322442017786,0.8687795484804169,0.3333333333333333,0.6666666666666666,-0.3333333333333333,-3.0,-1.0,-2.0,0.5521010523689641,0.5774692828637943,-0.02536823049483017,0.13025628415231952,0.13008316256425836,0.00017312158806115363,0.2533670033670034,0.15,0.10336700336700341,0.1647558458642353,0.158944993181919,0.00581085268231632,110.86666666666667,112.2,-1.3333333333333286,115.23333333333333,112.06666666666668,3.166666666666657,0.6,0.4,0.19999999999999996,1.1111111111111112,-5.0,6.111111111111111,0.5767809136083273,0.5258970948324319,0.05088381877589543,0.12863632431470276,0.11886416013679821,0.009772164177904552,0.2666868686868687,0.18948717948717947,0.07719968919968923,0.2276013029330033,0.15779621965344365,0.06980508327955964,116.78,105.74000000000001,11.039999999999992,114.86000000000001,111.52000000000001,3.3400000000000034,0.8,0.3,0.5,6.355555555555556,-9.4,15.755555555555556,0.5801223461314943,0.4960926396244411,0.08402970650705316,0.1345398116353165,0.11002559191202736,0.02451421972328914,0.31975554575554577,0.19463045609410212,0.12512508966144364,0.21662312178257176,0.20280590621184635,0.013817215570725405,119.1,102.87,16.22999999999999,109.83,114.83999999999999,-5.009999999999991,train,2024-12-29,2025-02-26
S43G01N256,2023-2024,2024-03-23,55,서울 SK,35,서울 삼성,1,50,51,50,51,2.0,3.0,-1.0,0.0,0.0,0.0,0.0,0.0,0.0,0.0,0.0,0.0,0.0,0.0,0.0,0.0,0.0,0.0,3.0,1.0,2.0,1512.1528398374674,1390.5446172092136,121.60822262825377,0.7453954411462499,0.2546045588537501,0.4907908822924998,121.60822262825377,0.7453954411462499,0.0,0.3333333333333333,-0.3333333333333333,-6.666666666666667,-5.111111111111112,-1.5555555555555554,0.4541353087751531,0.5329351928564853,-0.07879988408133215,0.10093733887501594,0.13045933283148983,-0.029521993956473896,0.2130722114764668,0.3385970398165519,-0.12552482834008513,0.19968480578474082,0.2372196139801774,-0.037534808195436586,97.10000000000001,108.0,-10.899999999999991,105.26666666666665,116.16666666666669,-10.900000000000034,0.4,0.6,-0.19999999999999996,4.8,-0.2666666666666668,5.066666666666666,0.4939555442394508,0.5242387276541897,-0.030283183414738846,0.10032811012269942,0.13655904004080155,-0.03623092991810213,0.2821290411715944,0.3546733754050827,-0.07254433423348833,0.19053737919734026,0.25576460420900193,-0.06522722501166167,107.22,108.82000000000001,-1.6000000000000085,102.12,110.92,-8.799999999999997,0.4,0.5,-0.09999999999999998,4.1,-1.3333333333333335,5.433333333333334,0.4954221242030523,0.5143027390075035,-0.018880614804451135,0.10553185320976104,0.14274629954165965,-0.03721444633189862,0.27584887931716434,0.3741879220537757,-0.09833904273661137,0.20983198374548176,0.3223228538950357,-0.11249087014955392,105.62,109.29,-3.6700000000000017,102.6,110.8,-8.200000000000003,train,2024-12-29,2025-02-26
S43G01N257,2023-2024,2024-03-24,10,울산 현대모비스,50,창원 LG,0,50,51,50,51,2.0,2.0,0.0,0.0,0.0,0.0,0.0,0.0,0.0,0.0,0.0,0.0,0.0,0.0,0.0,0.0,9.0,-9.0,2.0,0.0,2.0,1496.9518975683818,1606.9901315884547,-110.03823402007288,0.43554540016644117,0.5644545998335588,-0.12890919966711767,-110.03823402007288,0.43554540016644117,0.3333333333333333,1.0,-0.6666666666666667,-3.3333333333333326,12.333333333333334,-15.666666666666666,0.5268538668538668,0.5579704790231106,-0.031116612169243774,0.09745206050087311,0.11711895294151199,-0.019666892440638878,0.3027644869750133,0.4044607643138855,-0.10169627733887221,0.22641316641316642,0.21531408373513636,0.011099082678030059,112.8,122.5,-9.700000000000003,114.40000000000002,108.56666666666668,5.833333333333343,0.2,1.0,-0.8,-8.6,15.8,-24.4,0.5249997881430106,0.5665405291721081,-0.04154074102909744,0.11616714567911623,0.1292194435544129,-0.013052297875296659,0.30660041712673286,0.40240949529578407,-0.09580907816905121,0.23832019311303201,0.22457306562569718,0.013747127487334837,111.04,121.66,-10.61999999999999,118.58000000000001,101.44,17.140000000000015,0.3,0.9,-0.6000000000000001,-5.2,15.6,-20.8,0.526904345215945,0.5609595304861263,-0.034055185270181365,0.12696016733842452,0.12098691311080279,0.005973254227621738,0.35194083866951387,0.3792145301070627,-0.02727369143754882,0.24652227674318863,0.21919631260321787,0.027325964139970765,113.26000000000002,120.72,-7.4599999999999795,117.85,98.87,18.97999999999999,train,2024-12-29,2025-02-26
S43G01N258,2023-2024,2024-03-24,16,원주 DB,66,고양 소노,1,52,52,52,52,1.0,2.0,-1.0,1.0,0.0,1.0,0.0,0.0,0.0,0.0,0.0,0.0,0.0,0.0,0.0,0.0,3.0,-3.0,1.0,0.0,1.0,1622.8245735975645,1432.221371125737,190.60320247182744,0.8132655769556572,0.18673442304434285,0.6265311539113143,190.60320247182744,0.8132655769556572,0.3333333333333333,1.0,-0.6666666666666667,-10.333333333333334,9.11111111111111,-19.444444444444443,0.4972263247001189,0.540770704705131,-0.043544380005012095,0.14632504423886047,0.10963587542620042,0.03668916881266006,0.2760942760942761,0.3297990297990298,-0.053704753704753694,0.20669484368558608,0.21189391110987688,-0.005199067424290799,102.5,117.53333333333335,-15.033333333333346,114.53333333333335,105.33333333333336,9.199999999999989,0.4,0.8,-0.4,-6.688888888888888,2.0666666666666664,-8.755555555555555,0.5148481404990838,0.5186769406995683,-0.0038288002004844834,0.13895031866633223,0.11346434705941685,0.025485971606915375,0.28686868686868683,0.27945836524783896,0.007410321620847871,0.22339962226073434,0.2091298461242143,0.01426977613652003,107.02000000000001,111.47999999999999,-4.4599999999999795,114.82000000000001,108.54,6.280000000000001,0.7,0.5,0.19999999999999996,2.055555555555556,-5.466666666666667,7.522222222222222,0.5671892276786337,0.5144265410258158,0.052762686652817914,0.13698898706099322,0.1124423025127577,0.02454668454823551,0.31060321160321164,0.23738726778200459,0.07321594382120705,0.22254576481238644,0.227771104990304,-0.0052253401779175646,116.47,108.61000000000001,7.859999999999985,112.53,115.67999999999999,-3.1499999999999915,train,2024-12-29,2025-02-26
S43G01N259,2023-2024,2024-03-24,35,서울 삼성,60,부산 KCC,1,52,50,52,50,1.0,2.0,-1.0,1.0,0.0,1.0,0.0,0.0,0.0,0.0,0.0,0.0,0.0,0.0,0.0,0.0,0.0,0.0,2.0,1.0,1.0,1385.4525260321386,1530.1944695992258,-144.74194356708722,0.38721559785888066,0.6127844021411193,-0.22556880428223863,-144.74194356708722,0.38721559785888066,0.3333333333333333,0.6666666666666666,-0.3333333333333333,-6.4444444444444455,7.333333333333333,-13.777777777777779,0.5041196125703168,0.5715274071438455,-0.06740779457352875,0.12054997563149224,0.09392105501860826,0.02662892061288398,0.362621063840576,0.30837218337218336,0.05424888046839266,0.17640880316936658,0.31379351242364945,-0.13738470925428287,105.56666666666666,124.66666666666667,-19.10000000000001,116.60000000000002,117.40000000000002,-0.7999999999999972,0.4,0.4,0.0,-3.266666666666667,-0.6,-2.666666666666667,0.5097369124061057,0.5651003523322843,-0.05536343992617854,0.142653077843628,0.10226662687133163,0.04038645097229636,0.36908778981949714,0.30575058275058276,0.06333720706891438,0.20659155055833636,0.29080484308637355,-0.08421329252803719,105.17999999999999,121.66000000000001,-16.480000000000018,110.4,125.54,-15.14,0.4,0.5,-0.09999999999999998,-3.5333333333333337,0.3,-3.8333333333333335,0.5146950668191861,0.5460091449388365,-0.03131407811965037,0.13886922423601292,0.10368335216699738,0.035185872069015536,0.38442543229128595,0.31288773859278685,0.0715376936984991,0.29682154613566347,0.2586234971079156,0.03819804902774787,109.91,118.65,-8.740000000000009,114.23999999999998,120.68999999999998,-6.450000000000003,train,2024-12-29,2025-02-26
S43G01N260,2023-2024,2024-03-25,55,서울 SK,06,수원 KT,0,51,51,51,51,2.0,2.0,0.0,0.0,0.0,0.0,0.0,0.0,0.0,0.0,0.0,0.0,0.0,0.0,0.0,1.0,1.0,0.0,0.0,0.0,0.0,1517.2449310145423,1563.4720250591572,-46.22709404461489,0.5269901222429765,0.4730098777570235,0.053980244485952955,-46.22709404461489,0.5269901222429765,0.3333333333333333,0.6666666666666666,-0.3333333333333333,-1.6666666666666667,-3.0000000000000004,1.3333333333333337,0.47924353388337826,0.5058275058275058,-0.026583971944127538,0.10699916913055048,0.0965085187718625,0.010490650358687972,0.23644883485309018,0.30310610798415677,-0.06665727313106659,0.2092086153085504,0.36907536907536903,-0.15986675376681864,102.33333333333333,114.36666666666666,-12.033333333333331,104.16666666666667,116.89999999999999,-12.73333333333332,0.4,0.4,0.0,0.8,-4.711111111111111,5.511111111111111,0.4768859471698537,0.5033377733377733,-0.02645182616791958,0.10999983593433582,0.10887111036497683,0.0011287255693589876,0.2864147554573086,0.30991008645393703,-0.023495330996628427,0.2068743755343366,0.29382617382617376,-0.08695179829183716,103.24000000000001,109.97999999999999,-6.739999999999981,102.32000000000001,116.41999999999999,-14.09999999999998,0.5,0.4,0.09999999999999998,6.4,-2.3555555555555556,8.755555555555556,0.5037400965532827,0.5152274635041618,-0.011487366950879152,0.11062311247610188,0.11251504278270141,-0.0018919303065995374,0.2966210800893651,0.3223388580020876,-0.025717777912722506,0.19632967959801628,0.2592963364040658,-0.06296665680604951,107.42,111.05,-3.6299999999999955,100.94000000000001,115.56999999999998,-14.629999999999967,train,2024-12-29,2025-02-26
S43G01N261,2023-2024,2024-03-26,60,부산 KCC,70,안양 정관장,1,51,51,51,51,2.0,3.0,-1.0,0.0,0.0,0.0,0.0,0.0,0.0,0.0,0.0,0.0,0.0,0.0,0.0,0.0,2.0,-2.0,2.0,0.0,2.0,1517.9387815564035,1394.2125311166033,123.7262504398002,0.7477023872799096,0.25229761272009044,0.4954047745598191,123.7262504398002,0.7477023872799096,0.3333333333333333,0.6666666666666666,-0.3333333333333333,-1.6666666666666667,6.333333333333333,-8.0,0.5602941959106342,0.5841388336605352,-0.023844637749900977,0.0966414986467916,0.12008660400245179,-0.02344510535566019,0.28914141414141414,0.20709876543209874,0.08204264870931541,0.3262477248778619,0.20581210688874718,0.12043561798911473,121.00000000000001,117.03333333333335,3.9666666666666686,123.56666666666668,108.56666666666668,15.0,0.4,0.6,-0.19999999999999996,-0.2,3.4,-3.6,0.57074137797331,0.5405057904846057,0.030235587488704363,0.10581160154719557,0.12315036939016584,-0.017338767842970268,0.28302331002331005,0.2025925925925926,0.08043071743071745,0.32875356103509146,0.1944339008128639,0.13431966022222755,121.64000000000001,109.16,12.480000000000018,124.92,104.8,20.120000000000005,0.5,0.4,0.09999999999999998,0.8,-5.3,6.1,0.5554963244260158,0.5194482695018101,0.03604805492420571,0.10211880179281976,0.11054554833472718,-0.00842674654190742,0.30538773859278684,0.20474789060178056,0.10063984799100628,0.27759785608227455,0.2010221826889924,0.07657567339328214,120.35,106.88,13.469999999999999,121.31999999999998,114.05,7.269999999999982,train,2024-12-29,2025-02-26
S43G01N262,2023-2024,2024-03-26,64,대구 한국가스공사,10,울산 현대모비스,1,52,51,52,51,3.0,2.0,1.0,0.0,0.0,0.0,0.0,0.0,0.0,0.0,0.0,0.0,0.0,0.0,0.0,0.0,0.0,0.0,3.0,3.0,0.0,1450.4355432981947,1488.240989565053,-37.805446266858326,0.5390563811697617,0.46094361883023827,0.07811276233952347,-37.805446266858326,0.5390563811697617,0.0,0.0,0.0,-6.666666666666667,-5.666666666666667,-1.0,0.5855133850823506,0.5305960705960705,0.05491731448628012,0.13025673939610863,0.12736778223725767,0.0028889571588509577,0.2853046594982079,0.2850877192982456,0.00021694019996226777,0.19754814151365874,0.1998712398712399,-0.002323098357581155,115.43333333333332,109.03333333333335,6.399999999999977,124.13333333333337,113.76666666666667,10.366666666666703,0.2,0.2,0.0,-4.2,-2.9999999999999996,-1.2000000000000006,0.5724191421605214,0.5478091526915057,0.024609989469015714,0.13275732478902486,0.12624335204870327,0.006513972740321589,0.3124208079046789,0.3104465709728868,0.001974236931792106,0.19630666268597302,0.23105151975740212,-0.0347448570714291,115.58,112.96,2.6200000000000045,119.3,114.0,5.299999999999997,0.4,0.2,0.2,-1.5,-5.6,4.1,0.5394858966271647,0.5269801848692495,0.012505711757915261,0.13402127085303875,0.13273506209278482,0.0012862087602539263,0.313261005798145,0.3355615283246863,-0.0223005225265413,0.21500631614091015,0.23206940567059925,-0.0170630895296891,110.72999999999999,111.7,-0.9700000000000131,111.01000000000002,117.19000000000001,-6.179999999999993,train,2024-12-29,2025-02-26
S43G01N263,2023-2024,2024-03-28,06,수원 KT,70,안양 정관장,0,52,52,52,52,3.0,2.0,1.0,0.0,0.0,0.0,0.0,0.0,0.0,0.0,0.0,0.0,0.0,0.0,0.0,2.0,0.0,2.0,0.0,1.0,-1.0,1574.0118275040168,1389.1665788622015,184.84524864181526,0.8081796107327313,0.19182038926726874,0.6163592214654625,184.84524864181526,0.8081796107327313,0.6666666666666666,0.6666666666666666,0.0,1.666666666666666,13.333333333333334,-11.666666666666668,0.5492065012612958,0.590223866061357,-0.04101736480006124,0.1140817871595081,0.09336991088708509,0.02071187627242302,0.2789733779690738,0.18982234266787112,0.08915103530120266,0.3218911986035274,0.1960128339315795,0.12587836467194788,115.8,118.73333333333333,-2.933333333333337,112.76666666666665,101.00000000000001,11.766666666666637,0.6,0.6,0.0,1.2888888888888885,4.4,-3.1111111111111116,0.535079456312333,0.5678290041091892,-0.03274954779685624,0.11012873802295826,0.11673080360837833,-0.006602065585420064,0.28424163725607604,0.16389340560072269,0.12034823165535335,0.28646805249544977,0.19658125364514825,0.08988679885030151,113.75999999999999,112.08,1.6799999999999926,112.44000000000001,105.52000000000001,6.920000000000002,0.4,0.4,0.0,-2.4555555555555557,-4.5,2.0444444444444443,0.5140519729451096,0.5287547457894185,-0.014702772844308876,0.11776747057154605,0.10498296621603423,0.012784504355511817,0.31015398405250777,0.20238754441767356,0.1077664396348342,0.2527987429201709,0.17547399298985927,0.07732474993031163,109.62,107.92999999999999,1.690000000000012,114.05,113.42,0.6299999999999955,train,2024-12-29,2025-02-26
S43G01N264,2023-2024,2024-03-28,55,서울 SK,50,창원 LG,1,52,52,52,52,3.0,4.0,-1.0,0.0,0.0,0.0,0.0,0.0,0.0,0.0,0.0,0.0,0.0,0.0,0.0,0.0,10.0,-10.0,1.0,0.0,1.0,1506.7051285696828,1615.7010395917835,-108.9959110221007,0.43702106303998406,0.562978936960016,-0.12595787392003194,-108.9959110221007,0.43702106303998406,0.3333333333333333,1.0,-0.6666666666666667,-3.6666666666666665,11.333333333333334,-15.0,0.5078334609603222,0.578184056444926,-0.07035059548460376,0.10800395819101254,0.11715763634416598,-0.009153678153153447,0.2427944862155388,0.3826638477801268,-0.13986936156458799,0.1935335658980685,0.2224333311289833,-0.02889976523091481,107.26666666666667,121.86666666666667,-14.600000000000009,109.03333333333335,108.23333333333335,0.7999999999999972,0.2,1.0,-0.8,-6.0,13.8,-19.8,0.47283343575432857,0.576788976377077,-0.10395554062274848,0.10841562569724421,0.13335849495938074,-0.024942869262136527,0.23852001861520336,0.38715348693632745,-0.1486334683211241,0.19245276214012047,0.23094987721990012,-0.038497115079779654,100.66,120.52000000000001,-19.860000000000014,107.17999999999999,103.92,3.259999999999991,0.5,1.0,-0.5,5.4,16.0,-10.6,0.5080920459737253,0.5647940715489284,-0.0567020255752031,0.11177798948741738,0.12355316034604424,-0.011775170858626866,0.2887263432472598,0.3822448331373657,-0.09351848989010586,0.18935391563595097,0.21599582951143043,-0.026641913875479456,107.65,120.05999999999999,-12.409999999999982,100.75999999999999,97.30999999999999,3.450000000000003,train,2024-12-29,2025-02-26
S43G01N265,2023-2024,2024-03-29,60,부산 KCC,10,울산 현대모비스,1,52,52,52,52,3.0,3.0,0.0,0.0,0.0,0.0,0.0,0.0,0.0,0.0,0.0,0.0,0.0,0.0,0.0,1.0,0.0,1.0,0.0,4.0,-4.0,1522.9847338108052,1479.0221171884482,43.96261662235702,0.6518632054095578,0.3481367945904422,0.30372641081911556,43.96261662235702,0.6518632054095578,0.3333333333333333,0.0,0.3333333333333333,-5.0,-6.111111111111111,1.1111111111111107,0.5285041259724804,0.5395775520775521,-0.011073426105071671,0.1126925106268527,0.1221789880351234,-0.009486477408270702,0.26983247105198327,0.23968008255933948,0.03015238849264379,0.32422472042725214,0.10746383246383247,0.2167608879634197,112.86666666666667,107.66666666666667,5.200000000000003,121.96666666666668,115.13333333333333,6.833333333333357,0.6,0.2,0.39999999999999997,3.2,-2.9999999999999996,6.199999999999999,0.5539583138091896,0.5359627474627474,0.01799556634644217,0.10120983260530111,0.11186712469681917,-0.010657292091518056,0.2984379441696515,0.27283516277324327,0.02560278139640826,0.3009927578923591,0.17435217335217337,0.1266405845401857,119.48000000000002,110.64000000000001,8.840000000000003,117.96,112.96,5.0,0.5,0.2,0.3,0.4,-5.6,6.0,0.5517769932805244,0.5174006567109541,0.03437633656957029,0.10686203266791247,0.1322075042694518,-0.025345471601539327,0.2948728334437353,0.31864976361880387,-0.023776930175068545,0.275722563067741,0.2212056309369615,0.054516932130779516,118.05999999999999,109.0,9.059999999999988,120.43999999999998,115.14000000000001,5.299999999999969,train,2024-12-29,2025-02-26
S43G01N266,2023-2024,2024-03-31,10,울산 현대모비스,70,안양 정관장,1,53,53,53,53,2.0,3.0,-1.0,0.0,0.0,0.0,0.0,0.0,0.0,0.0,0.0,0.0,0.0,0.0,0.0,0.0,1.0,-1.0,5.0,0.0,5.0,1472.0593812966395,1405.3301710768562,66.72921021978323,0.6809832910567717,0.3190167089432283,0.3619665821135434,66.72921021978323,0.6809832910567717,0.0,0.6666666666666666,-0.6666666666666666,-4.0,9.0,-13.0,0.5701210826210826,0.5355790573181877,0.03454202530289496,0.1440895660599412,0.10939180661232904,0.03469775944761215,0.2487349778621126,0.24080273482473388,0.007932243037378717,0.15676638176638177,0.24488090575047097,-0.0881145239840892,110.7,110.5,0.20000000000000284,116.63333333333333,99.16666666666669,17.46666666666664,0.0,0.6,-0.6,-5.6,3.6,-9.2,0.5419687534687535,0.5558887056017265,-0.013919952132973035,0.12894324077667121,0.11490800308868628,0.014035237687984939,0.2702936182962149,0.20948164089484034,0.06081197740137456,0.18936718836718838,0.21244479309077727,-0.023077604723588885,109.62,112.46,-2.839999999999989,115.92,106.96,8.960000000000008,0.1,0.5,-0.4,-8.0,-2.6,-5.4,0.5214604857707832,0.5258561950647808,-0.004395709293997574,0.13893677832134227,0.1087371577413891,0.030199620579953165,0.30482487882617715,0.21606004044311078,0.08876483838306637,0.2348808446121752,0.18093983149917608,0.05394101311299912,107.97999999999999,107.8,0.1799999999999926,117.07000000000001,111.28,5.790000000000006,train,2024-12-29,2025-02-26
S43G01N267,2023-2024,2024-03-31,60,부산 KCC,55,서울 SK,1,53,53,53,53,2.0,3.0,-1.0,0.0,0.0,0.0,0.0,0.0,0.0,0.0,0.0,0.0,0.0,0.0,0.0,2.0,1.0,1.0,0.0,0.0,0.0,1529.947469702614,1517.9647073088831,11.982762393730809,0.6090089758680483,0.39099102413195175,0.2180179517360965,11.982762393730809,0.6090089758680483,0.6666666666666666,0.6666666666666666,0.0,0.3333333333333333,3.3333333333333335,-3.0,0.5681866656550202,0.4980618316234755,0.07012483403154468,0.11071253139143494,0.12249041335543381,-0.01177788196399887,0.2642932074482035,0.27017543859649124,-0.005882231148287731,0.24413814034067202,0.22207989879222753,0.02205824154844449,117.23333333333335,106.26666666666667,10.966666666666683,118.30000000000001,100.56666666666666,17.73333333333335,0.6,0.4,0.19999999999999996,1.0,-0.8,1.8,0.5647808246317003,0.4778117907326836,0.08696903389901672,0.10717952782106491,0.11424159189309151,-0.0070620640720266,0.28206077295377063,0.2354031354983203,0.046657637455450346,0.2776161345157357,0.2244873941747525,0.053128740340983194,118.85999999999999,102.24,16.61999999999999,118.3,102.34,15.959999999999994,0.6,0.5,0.09999999999999998,3.2,4.2,-1.0,0.5770061758626481,0.4944556823373616,0.08255049352528654,0.10302730924733916,0.10781246828823458,-0.004785159040895423,0.3003803078733183,0.26828678280769946,0.032093525065618855,0.2661350917155638,0.19086906715110247,0.07526602456446135,122.47,105.66000000000001,16.809999999999988,120.75,100.38,20.370000000000005,train,2024-12-29,2025-02-26
S43G01N268,2023-2024,2024-03-31,16,원주 DB,64,대구 한국가스공사,1,53,53,53,53,7.0,5.0,2.0,0.0,0.0,0.0,0.0,0.0,0.0,0.0,0.0,0.0,0.0,0.0,0.0,1.0,1.0,0.0,0.0,0.0,0.0,1626.5592620584514,1459.6544156747996,166.90484638365183,0.791658508911821,0.208341491088179,0.583317017823642,166.90484638365183,0.791658508911821,0.6666666666666666,0.3333333333333333,0.3333333333333333,-8.407407407407407,-5.0,-3.4074074074074066,0.46427256348548807,0.5349181469871125,-0.07064558350162442,0.12357071707918126,0.10466124704316597,0.018909470036015286,0.2935023998853786,0.23133640552995394,0.062165994355424636,0.2037617864047027,0.24516718913270638,-0.04140540272800369,99.2666666666667,110.36666666666666,-11.099999999999966,110.5,116.7666666666667,-6.266666666666694,0.4,0.4,0.0,-7.044444444444444,-0.4,-6.644444444444444,0.5112326202168966,0.5755937453351245,-0.06436112511822789,0.1277097009624141,0.10757761856474943,0.020132082397664675,0.26701053084031806,0.2764362519201229,-0.009425721079804827,0.17322325541770084,0.2363860277653381,-0.06316277234763726,104.67999999999999,118.92,-14.240000000000009,113.47999999999999,117.97999999999999,-4.5,0.7,0.4,0.29999999999999993,0.8333333333333336,-2.2,3.0333333333333337,0.5580622435516496,0.532819229960498,0.025243013591151553,0.13264786225192815,0.12637099790209494,0.006276864349833211,0.3043778372927309,0.30227886294100215,0.002098974351728733,0.21579973306635472,0.22417298280757678,-0.008373249741222055,114.8,110.8,4.0,113.01000000000002,112.08,0.930000000000021,train,2024-12-29,2025-02-26
S43G01N269,2023-2024,2024-03-31,66,고양 소노,06,수원 KT,1,53,53,53,53,7.0,3.0,4.0,0.0,0.0,0.0,0.0,0.0,0.0,0.0,0.0,0.0,0.0,0.0,0.0,0.0,0.0,0.0,1.0,1.0,0.0,1428.4866826648502,1557.848235289362,-129.3615526245119,0.4084214467470272,0.5915785532529728,-0.18315710650594563,-129.3615526245119,0.4084214467470272,0.6666666666666666,0.6666666666666666,0.0,8.185185185185185,7.0,1.1851851851851851,0.5237817737817738,0.4986188944236889,0.025162879358084922,0.11407643742899498,0.11031769425378228,0.0037587431752127004,0.30450450450450456,0.3562091503267974,-0.05170464582229284,0.18239972587798672,0.3198612840736128,-0.13746155819562608,109.40000000000002,112.63333333333333,-3.233333333333306,97.73333333333335,104.86666666666667,-7.133333333333326,0.6,0.6,0.0,-1.088888888888889,1.5999999999999996,-2.6888888888888887,0.5072829356435914,0.5132739007567775,-0.005990965113186086,0.11854394464747438,0.1082586237429887,0.010285320904485681,0.28351241930189297,0.32892248831990584,-0.045410069018012866,0.19226455179413127,0.3073013858287831,-0.11503683403465181,107.35999999999999,113.35999999999999,-6.0,108.38,111.16,-2.780000000000001,0.5,0.4,0.09999999999999998,-2.4444444444444446,-1.9555555555555557,-0.48888888888888893,0.5197550666668415,0.5065598843375146,0.013195182329326816,0.1095114789647578,0.11870455832636702,-0.009193079361609222,0.256721987116724,0.3216924455909693,-0.06497045847424532,0.2231236690928681,0.24870064165434816,-0.02557697256148006,110.21,109.0,1.2099999999999937,113.25,112.22999999999999,1.0200000000000102,train,2024-12-29,2025-02-26
S43G01N270,2023-2024,2024-03-31,50,창원 LG,35,서울 삼성,1,53,53,53,53,3.0,7.0,-4.0,0.0,0.0,0.0,0.0,0.0,0.0,0.0,0.0,0.0,0.0,0.0,0.0,0.0,1.0,-1.0,1.0,0.0,1.0,1604.441460852583,1397.708214074961,206.73324677762207,0.8269583921024963,0.17304160789750367,0.6539167842049927,206.73324677762207,0.8269583921024963,0.6666666666666666,0.3333333333333333,0.3333333333333333,-3.3333333333333335,-4.333333333333334,1.0000000000000004,0.5252552144535839,0.5412066996574038,-0.015951485203819837,0.11849453473988791,0.10848110338024917,0.010013431359638739,0.28354978354978355,0.3762428587123709,-0.09269307516258735,0.26606157788223006,0.16990229666286008,0.09615928121936998,107.16666666666667,114.96666666666665,-7.799999999999983,111.03333333333335,120.80000000000001,-9.766666666666666,0.8,0.4,0.4,3.6,-3.066666666666667,6.666666666666667,0.5256110917616924,0.5346259805787561,-0.009014888817063693,0.11907651882373074,0.11494274882804914,0.004133769995681602,0.3461396620515348,0.3654893049710123,-0.019349642919477494,0.2536902618352847,0.19638582244216046,0.05730443939312424,112.14000000000001,112.12,0.020000000000010232,108.72,116.7,-7.980000000000004,0.9,0.5,0.4,13.1,-0.6333333333333335,13.733333333333333,0.5452628215489284,0.5215683193820938,0.023694502166834552,0.12459975261639292,0.12855106032742347,-0.003951307711030555,0.3681895335981952,0.39474740198825564,-0.02655786839006047,0.2456833295114304,0.2567469888197268,-0.011063659308296392,116.28000000000002,112.06000000000002,4.219999999999999,98.48,113.08999999999999,-14.609999999999985,train,2024-12-29,2025-02-26
S45G01N1,2024-2025,2024-10-19,60,부산 KCC,06,수원 KT,1,54,54,0,0,14.0,14.0,0.0,0.0,0.0,0.0,1.0,1.0,0.0,1.0,1.0,0.0,1.0,1.0,0.0,3.0,0.0,3.0,0.0,2.0,-2.0,1524.5487386204145,1529.9108317457967,-5.362093125382216,0.584992731629634,0.41500726837036594,0.1699854632592681,-5.362093125382216,0.584992731629634,1.0,0.3333333333333333,0.6666666666666667,11.0,4.481481481481482,6.518518518518518,0.5823960673644218,0.5187832242895113,0.06361284307491055,0.11572923935457842,0.14776660682129067,-0.03203736746671225,0.2890679822229783,0.3654684095860567,-0.0764004273630784,0.21977916598169767,0.29234733864921963,-0.07256817266752197,121.3,109.76666666666667,11.533333333333331,107.33333333333333,103.13333333333333,4.200000000000003,0.6,0.4,0.19999999999999996,3.0,-0.11111111111111142,3.1111111111111116,0.5678059387869514,0.5147664380702104,0.05303950071674102,0.10942874059659347,0.1288972308329237,-0.019468490236330238,0.2719256378186355,0.33960624900366654,-0.06768061118503105,0.278301066022585,0.33018695796808656,-0.05188589194550158,119.9,111.82000000000001,8.079999999999998,116.88,110.05999999999999,6.820000000000007,0.6,0.4,0.19999999999999996,2.3,-0.8111111111111112,3.111111111111111,0.5634228425293148,0.5137577658974569,0.04966507663185793,0.10080031590650376,0.1194302657053002,-0.01862994979879644,0.29947940697241743,0.33780355670208045,-0.038324149729663026,0.2818017583822305,0.2773477287992687,0.0044540295829617604,121.30000000000003,111.5,9.800000000000026,120.43999999999998,112.72,7.719999999999985,train,2024-12-29,2025-02-26
S45G01N2,2024-2025,2024-10-19,16,원주 DB,35,서울 삼성,1,54,54,0,0,14.0,14.0,0.0,0.0,0.0,0.0,1.0,1.0,0.0,1.0,1.0,0.0,1.0,1.0,0.0,2.0,0.0,2.0,0.0,1.0,-1.0,1584.9719597221397,1431.260798246057,153.71116147608268,0.7788543717908989,0.2211456282091011,0.5577087435817978,153.71116147608268,0.7788543717908989,0.6666666666666666,0.3333333333333333,0.3333333333333333,-5.7407407407407405,-11.666666666666666,5.925925925925926,0.4711861913715258,0.502047502047502,-0.03086131067597625,0.12689981913535484,0.12101008832097893,0.00588973081437591,0.3054716862449089,0.3538851351351351,-0.048413448890226196,0.17874410037987798,0.17089817089817094,0.007845929481707037,99.43333333333335,105.43333333333334,-5.999999999999986,106.73333333333333,119.73333333333335,-13.000000000000014,0.6,0.4,0.19999999999999996,-4.044444444444444,-9.066666666666666,5.022222222222222,0.4986945684665162,0.5077543228247453,-0.009059754358229088,0.12912203725864582,0.11772515401774124,0.011396883240904584,0.2807577592216928,0.3488226383043457,-0.06806487908265285,0.1783221899686902,0.19487067092700897,-0.016548480958318762,103.47999999999999,106.1,-2.6200000000000045,108.7,118.88000000000002,-10.180000000000021,0.7,0.4,0.29999999999999993,0.3333333333333336,-5.633333333333334,5.966666666666668,0.5527654398986815,0.5112290108033486,0.04153642909533295,0.1346988355627788,0.13681805430312405,-0.0021192187403452356,0.2913019565339233,0.3772474019882556,-0.0859454454543323,0.22023808923073823,0.2401443426396158,-0.019906253408877556,112.77000000000001,107.88999999999999,4.880000000000024,112.52000000000001,115.85,-3.329999999999984,train,2024-12-29,2025-02-26
S45G01N3,2024-2025,2024-10-19,50,창원 LG,64,대구 한국가스공사,1,54,54,0,0,14.0,14.0,0.0,0.0,0.0,0.0,1.0,1.0,0.0,1.0,1.0,0.0,1.0,1.0,0.0,1.0,0.0,1.0,0.0,1.0,-1.0,1570.1364904568466,1471.0669308044735,99.06955965237307,0.7199997372815135,0.28000026271848655,0.4399994745630269,99.06955965237307,0.7199997372815135,0.6666666666666666,0.3333333333333333,0.3333333333333333,5.333333333333333,-3.0,8.333333333333332,0.5069368961352657,0.4891053391053392,0.017831557029926504,0.11067172552038851,0.10719122099868757,0.0034805045217009417,0.29743867243867245,0.25686832042357094,0.04057035201510151,0.2875030193236715,0.279978354978355,0.007524664345316512,105.8,105.99999999999999,-0.19999999999998863,99.2,108.4666666666667,-9.266666666666694,0.8,0.2,0.6000000000000001,9.8,-5.0,14.8,0.533681267200289,0.5341651739065533,-0.0004839067062643032,0.11142188182461507,0.10911956232549133,0.0023023194991237395,0.34745545152521895,0.26078765892080924,0.08666779260440971,0.25958499867739,0.259243170622481,0.00034182805490901025,114.28,110.96,3.3200000000000074,102.24000000000001,116.72,-14.47999999999999,0.9,0.3,0.6000000000000001,13.3,-4.4,17.700000000000003,0.5324379627918663,0.5186026400987469,0.013835322693119378,0.11966929085193445,0.11646330856856828,0.003205982283366174,0.3643102232533676,0.2914768989475488,0.07283332430581879,0.23070027866397283,0.23283657727762286,-0.0021362986136500284,114.46,109.92,4.539999999999992,97.32,114.08,-16.760000000000005,train,2024-12-29,2025-02-26
S45G01N4,2024-2025,2024-10-20,06,수원 KT,35,서울 삼성,1,55,55,1,1,1.0,1.0,0.0,1.0,1.0,0.0,0.0,0.0,0.0,0.0,0.0,0.0,0.0,0.0,0.0,0.0,0.0,0.0,3.0,2.0,1.0,1521.6106863783893,1426.837885681875,94.77280069651442,0.7149863082514422,0.28501369174855784,0.4299726165028843,94.77280069651442,0.7149863082514422,0.0,0.3333333333333333,-0.3333333333333333,-3.5185185185185186,-10.333333333333334,6.814814814814815,0.44365819710968973,0.5064568409638832,-0.06279864385419348,0.1414801284513729,0.13184628120521227,0.00963384724616062,0.4288810086682427,0.35763888888888884,0.07124211977935385,0.24826166785122009,0.23288269062916955,0.015378977222050533,101.26666666666665,105.89999999999999,-4.63333333333334,103.89999999999999,117.56666666666668,-13.666666666666686,0.4,0.2,0.2,2.4888888888888885,-10.6,13.088888888888889,0.48161625492002713,0.5096792054538534,-0.028062950533826236,0.12893698669877748,0.1347401659758632,-0.005803179277085707,0.37105409539702405,0.3590790485607559,0.011975046836268155,0.2933737711548997,0.20113045183467718,0.09224331932022253,107.11999999999998,105.7,1.4199999999999733,103.72,118.94000000000001,-15.220000000000013,0.4,0.4,0.0,-1.1111111111111112,-5.533333333333333,4.4222222222222225,0.5036242002760865,0.5113444575823836,-0.007720257306297107,0.12348029033157974,0.13625679744791225,-0.012776507116332506,0.3368784873218769,0.38462835436920806,-0.04774986704733114,0.2613488902394545,0.2277915372828853,0.033557352956569225,108.65,108.16000000000001,0.4899999999999949,110.65,115.5,-4.849999999999994,train,2024-12-29,2025-02-26
S45G01N5,2024-2025,2024-10-20,55,서울 SK,70,안양 정관장,1,54,54,0,0,14.0,14.0,0.0,0.0,0.0,0.0,1.0,1.0,0.0,1.0,1.0,0.0,1.0,1.0,0.0,0.0,0.0,0.0,1.0,1.0,0.0,1506.5941764370586,1434.3173939836945,72.27678245336415,0.6878804309824246,0.3121195690175754,0.37576086196484915,72.27678245336415,0.6878804309824246,0.3333333333333333,0.3333333333333333,0.0,-7.333333333333333,-1.0,-6.333333333333333,0.47220204326368714,0.5411727516990674,-0.06897070843538028,0.11404073892656282,0.13122512846468207,-0.017184389538119252,0.229060456018094,0.21611137680004253,0.012949079218051468,0.23901111572344447,0.24182979972453658,-0.0028186840010921144,101.80000000000001,107.86666666666667,-6.066666666666663,110.59999999999998,106.50000000000001,4.099999999999966,0.4,0.6,-0.19999999999999996,-2.8,8.0,-10.8,0.4962404806165973,0.5734325652508494,-0.07719208463425209,0.10882575349680963,0.11885516082141923,-0.010029407324609593,0.241007702182285,0.22892608533928477,0.012081616843000242,0.2211706445893462,0.21946233695042636,0.0017083076389198537,105.96,115.26000000000002,-9.300000000000026,108.25999999999999,103.9,4.359999999999985,0.5,0.5,0.0,3.2,0.5,2.7,0.5012574327178791,0.5401207024871829,-0.038863269769303765,0.10658697809215616,0.11616142882887907,-0.009574450736722917,0.2646566069710573,0.22063520384180357,0.04402140312925373,0.19939265923633842,0.19824077616854177,0.0011518830677966496,107.03,109.91000000000001,-2.8800000000000097,102.91,108.08,-5.170000000000002,train,2024-12-29,2025-02-26
S45G01N6,2024-2025,2024-10-20,10,울산 현대모비스,66,고양 소노,0,54,54,0,0,14.0,14.0,0.0,0.0,0.0,0.0,1.0,1.0,0.0,1.0,1.0,0.0,1.0,1.0,0.0,1.0,1.0,0.0,0.0,0.0,0.0,1485.9858150590776,1461.2068649244413,24.77895013463626,0.6264013438271325,0.37359865617286747,0.25280268765426506,24.77895013463626,0.6264013438271325,0.3333333333333333,0.6666666666666666,-0.3333333333333333,-3.0,5.037037037037037,-8.037037037037038,0.554057734204793,0.517608934275601,0.03644879992919203,0.12714471664908283,0.10491195482258897,0.022232761826493863,0.25111593024306494,0.2753378378378379,-0.02422190759477294,0.18436819172113292,0.22390983502094616,-0.039541643299813245,110.46666666666665,109.83333333333333,0.6333333333333258,116.90000000000002,105.40000000000002,11.5,0.2,0.8,-0.6000000000000001,-4.666666666666666,5.822222222222221,-10.488888888888887,0.5547922828805182,0.522040770401426,0.03275151247909214,0.13012950261587655,0.11559384701091986,0.01453565560495669,0.2533011370932074,0.31443347193347193,-0.061132334840264535,0.16121032562209034,0.21213159832784445,-0.05092127270575411,110.14000000000001,111.66,-1.5199999999999818,117.22,104.8,12.420000000000002,0.2,0.5,-0.3,-6.8,-3.0888888888888886,-3.7111111111111112,0.5316099553946984,0.5147782148149895,0.01683174057970882,0.1288698294601906,0.10544805839292588,0.023421771067264716,0.2899986239999223,0.2594005585452954,0.0305980654546269,0.21776416187350592,0.22339373082126315,-0.005629568947757235,109.42999999999999,109.98999999999998,-0.5599999999999881,117.66,114.22,3.4399999999999977,train,2024-12-29,2025-02-26
S45G01N7,2024-2025,2024-10-21,50,창원 LG,60,부산 KCC,1,55,55,1,1,2.0,2.0,0.0,0.0,0.0,0.0,0.0,0.0,0.0,0.0,0.0,0.0,0.0,0.0,0.0,2.0,4.0,-2.0,0.0,0.0,0.0,1575.7364957112163,1532.8488839878219,42.88761172339446,0.6504575480399851,0.3495424519600149,0.30091509607997025,42.88761172339446,0.6504575480399851,0.6666666666666666,1.0,-0.33333333333333337,6.0,11.666666666666666,-5.666666666666666,0.4393040458937198,0.5800012675012676,-0.14069722160754777,0.11161182216628202,0.0977335954956749,0.013878226670607119,0.3021196283391405,0.23600850425977762,0.0661111240793629,0.34064311594202895,0.16213291213291217,0.17851020380911678,97.8,120.2,-22.400000000000006,92.33333333333333,103.53333333333335,-11.200000000000017,0.8,0.8,0.0,5.6,5.8,-0.20000000000000018,0.5052980562083823,0.5590426300236426,-0.05374457381526032,0.11453440237899608,0.10349735689154112,0.01103704548745496,0.3085445042762116,0.25501973670220807,0.05352476757400354,0.28589781629455546,0.20999639771791673,0.07590141857663874,106.66,116.8,-10.14,100.66,109.64000000000001,-8.980000000000018,0.9,0.6,0.30000000000000004,12.1,2.6,9.5,0.5271817880623296,0.5620714911779635,-0.034889703115633885,0.12029593760451815,0.10288199188143636,0.01741394572308179,0.362684206993205,0.28038515972639544,0.08229904726680959,0.2458870514747505,0.2504006204021451,-0.004513568927394601,113.28,119.22999999999999,-5.949999999999989,98.30999999999999,117.59,-19.280000000000015,train,2024-12-29,2025-02-26
S45G01N8,2024-2025,2024-10-22,55,서울 SK,16,원주 DB,1,55,55,1,1,2.0,3.0,-1.0,0.0,0.0,0.0,0.0,0.0,0.0,0.0,0.0,0.0,0.0,0.0,0.0,1.0,3.0,-2.0,0.0,0.0,0.0,1512.8365678174102,1589.3948722863217,-76.5583044689115,0.4833723963767135,0.5166276036232865,-0.03325520724657305,-76.5583044689115,0.4833723963767135,0.6666666666666666,1.0,-0.33333333333333337,7.0,5.2592592592592595,1.7407407407407405,0.4988876863876865,0.5110146227440748,-0.01212693635638834,0.10153734481345754,0.12105485685709365,-0.01951751204363611,0.2816920349654624,0.27785682798488937,0.003835206980573047,0.2703222703222703,0.22592547292889756,0.04439679739337274,108.56666666666668,106.0,2.566666666666677,100.86666666666667,101.26666666666667,-0.3999999999999915,0.6,0.8,-0.20000000000000007,2.2,-2.2444444444444445,4.444444444444445,0.49968486232184867,0.48755326411869016,0.012131598203158511,0.10877562926030918,0.13203229465662594,-0.023256665396316767,0.2796919127086007,0.29600702608386287,-0.016315113375262147,0.2348352408626381,0.23638378417158873,-0.0015485433089506284,107.54,102.67999999999999,4.860000000000014,104.54,106.78000000000002,-2.240000000000009,0.5,0.7,-0.19999999999999996,3.5,0.7333333333333336,2.7666666666666666,0.4968202032806497,0.5517237732320149,-0.05490356995136525,0.10455186969150429,0.13279032213429431,-0.028238452442790024,0.2809104769400975,0.27771446875288713,0.0031960081872103863,0.21268631002998922,0.23919642256407156,-0.026510112534082336,107.38,112.34,-4.960000000000008,103.33,111.57000000000001,-8.240000000000009,train,2024-12-29,2025-02-26
S45G01N9,2024-2025,2024-10-23,60,부산 KCC,66,고양 소노,0,56,55,2,1,2.0,3.0,-1.0,0.0,0.0,0.0,0.0,0.0,0.0,0.0,0.0,0.0,0.0,0.0,0.0,0.0,2.0,-2.0,1.0,0.0,1.0,1525.8580349486215,1473.734891800984,52.12314314763739,0.6624463267073205,0.3375536732926795,0.324892653414641,52.12314314763739,0.6624463267073205,0.6666666666666666,0.6666666666666666,0.0,7.666666666666667,6.592592592592593,1.0740740740740744,0.5519568481525003,0.5332446143849653,0.018712233767535058,0.09878355676771149,0.10628717190315183,-0.007503615135440345,0.21282302038880987,0.32520913770913773,-0.11238611732032786,0.13967228097662884,0.1811324369803902,-0.04146015600376135,114.23333333333333,113.03333333333335,1.1999999999999886,101.93333333333334,102.83333333333336,-0.9000000000000199,0.8,0.8,0.0,6.6,9.222222222222221,-2.622222222222222,0.55977841597682,0.5329337816179922,0.02684463435882778,0.10846476269361685,0.11067572699523812,-0.0022109643016212654,0.23626973670220805,0.32377413127413124,-0.08750439457192319,0.16567086817499585,0.18991416950989795,-0.0242433013349021,114.8,113.17999999999999,1.6200000000000045,105.31999999999998,99.86,5.4599999999999795,0.6,0.6,0.0,3.2,-0.788888888888889,3.988888888888889,0.5652598969750648,0.521550660635423,0.043709236339641855,0.1071381821204062,0.10177463999536254,0.005363542125043655,0.25964652336275906,0.2714135455582824,-0.011767022195523336,0.24721221460504367,0.21023583608442106,0.036976378520622605,118.22,111.8,6.420000000000002,115.12,111.62,3.5,train,2024-12-29,2025-02-26
S45G01N10,2024-2025,2024-10-24,16,원주 DB,64,대구 한국가스공사,0,56,55,2,1,2.0,5.0,-3.0,0.0,0.0,0.0,0.0,0.0,0.0,0.0,0.0,0.0,0.0,0.0,0.0,0.0,0.0,0.0,1.0,2.0,-1.0,1579.062320213856,1465.4669255501037,113.59539466375236,0.7365430547089822,0.2634569452910178,0.47308610941796436,113.59539466375236,0.7365430547089822,0.6666666666666666,0.3333333333333333,0.3333333333333333,3.0,-2.6666666666666665,5.666666666666666,0.4812276024507254,0.4468384074941452,0.03438919495658016,0.16123317209859336,0.10508073450274417,0.05615243759584919,0.3387315324766151,0.2271192164809186,0.11161231599569649,0.22818587075891564,0.32195550351288055,-0.09376963275396491,100.80000000000001,99.66666666666664,1.1333333333333684,98.53333333333335,99.60000000000002,-1.066666666666677,0.6,0.2,0.39999999999999997,-3.444444444444444,-5.4,1.9555555555555562,0.4687085502659534,0.4890539326887547,-0.02034538242280126,0.14629583373017843,0.11094945903678144,0.03534637469339699,0.3182292483060851,0.24078765892080925,0.07744158938527587,0.21128127035450905,0.26527361558735213,-0.053992345232843075,98.64,104.02000000000001,-5.38000000000001,103.46000000000001,109.08000000000001,-5.6200000000000045,0.6,0.3,0.3,-1.1666666666666665,-4.6,3.433333333333333,0.5227447319371403,0.5104191393055159,0.012325592631624471,0.13746607902244057,0.11956481098334595,0.017901268039094614,0.2924580584964769,0.2761005548615273,0.01635750363494959,0.21944128664375614,0.2397112467646668,-0.020269960120910646,107.71,107.63,0.0799999999999983,109.16000000000001,111.6,-2.4399999999999835,train,2024-12-29,2025-02-26
S45G01N11,2024-2025,2024-10-24,50,창원 LG,70,안양 정관장,1,56,55,2,1,3.0,4.0,-1.0,0.0,0.0,0.0,0.0,0.0,0.0,0.0,0.0,0.0,0.0,0.0,0.0,3.0,0.0,3.0,0.0,2.0,-2.0,1582.7273447504167,1428.075002603343,154.6523421470738,0.7797861372795074,0.2202138627204926,0.5595722745590148,154.6523421470738,0.7797861372795074,1.0,0.3333333333333333,0.6666666666666667,14.333333333333334,-8.0,22.333333333333336,0.5258634364409834,0.511330409356725,0.01453302708425841,0.13747039710751252,0.16769431600671605,-0.030223918899203533,0.319579945799458,0.30535749653396715,0.014222449265490822,0.24526065325546184,0.22531328320802005,0.019947370047441793,108.10000000000001,102.83333333333333,5.26666666666668,93.53333333333335,111.40000000000002,-17.866666666666674,0.8,0.4,0.4,4.8,0.2,4.6,0.5063468662124162,0.5281456800049478,-0.02179881379253157,0.13128738532333106,0.13929749567385294,-0.008010110350521876,0.2952111709428783,0.2571079035211029,0.03810326742177539,0.27165820354748,0.23640222766080887,0.03525597588667112,103.5,106.46,-2.9599999999999937,99.7,105.12,-5.420000000000002,0.9,0.4,0.5,10.3,-2.4,12.700000000000001,0.5364436976922622,0.5270213874186898,0.009422310273572432,0.130253414438872,0.12908082790532557,0.0011725865335464325,0.34881033311933113,0.22329754150414122,0.1255127916151899,0.2481156345865886,0.19709922365712626,0.05101641092946235,112.58,106.1,6.480000000000004,100.57000000000001,108.32000000000001,-7.75,train,2024-12-29,2025-02-26
S45G01N12,2024-2025,2024-10-25,60,부산 KCC,10,울산 현대모비스,0,57,55,3,1,2.0,5.0,-3.0,0.0,0.0,0.0,0.0,0.0,0.0,0.0,0.0,0.0,0.0,0.0,0.0,0.0,0.0,0.0,2.0,1.0,1.0,1512.609108414475,1473.4577881825348,39.15132023194019,0.6455517891347883,0.3544482108652117,0.29110357826957656,39.15132023194019,0.6455517891347883,0.3333333333333333,0.3333333333333333,0.0,-3.3333333333333335,-7.666666666666667,4.333333333333334,0.5258553155854506,0.5419389978213508,-0.016083682235900176,0.11136739589261142,0.14203131594604843,-0.030663920053437002,0.15847835314091682,0.27772657450076804,-0.11924822135985122,0.10806308557432999,0.2788671023965142,-0.1708040168221842,104.36666666666667,109.39999999999999,-5.033333333333317,106.53333333333335,124.7,-18.166666666666657,0.6,0.2,0.39999999999999997,4.0,-5.6,9.6,0.5662166525547334,0.5450138260432378,0.02120282651149563,0.1086336717560487,0.13861467796392435,-0.029981006207875652,0.2051131670719956,0.2578124152886961,-0.052699248216700495,0.14860408511083173,0.20582453494218197,-0.057220449831350245,114.8,108.6,6.200000000000003,107.61999999999998,119.14000000000001,-11.520000000000039,0.6,0.2,0.39999999999999997,3.6,-7.1,10.7,0.5600874831819616,0.5350068070931242,0.02508067608883735,0.10492175218067493,0.1273909118215203,-0.022469159640845365,0.25177555562082354,0.2822064162077145,-0.030430860586890984,0.2247984215015954,0.222072364027607,0.002726057473988408,117.14000000000001,109.82000000000001,7.320000000000007,112.79,118.85999999999999,-6.069999999999979,train,2024-12-29,2025-02-26
S45G01N13,2024-2025,2024-10-25,06,수원 KT,55,서울 SK,1,56,56,2,2,5.0,3.0,2.0,0.0,0.0,0.0,0.0,0.0,0.0,0.0,0.0,0.0,0.0,0.0,0.0,1.0,2.0,-1.0,0.0,0.0,0.0,1527.3109602133604,1523.169119889876,4.14184032348453,0.5982100308306636,0.4017899691693364,0.1964200616613272,4.14184032348453,0.5982100308306636,0.3333333333333333,0.6666666666666666,-0.3333333333333333,0.14814814814814822,2.0,-1.8518518518518519,0.47074153044302297,0.48141293891293896,-0.010671408469915988,0.16670838019136877,0.10153734481345754,0.06517103537791123,0.31597778286179107,0.2812490670806341,0.034728715781156994,0.22550525759480985,0.23597883597883595,-0.0104735783840261,95.60000000000001,104.03333333333335,-8.433333333333337,93.76666666666667,102.60000000000001,-8.833333333333343,0.4,0.6,-0.19999999999999996,3.4888888888888885,1.4,2.0888888888888886,0.49222231552608775,0.4791134337504201,0.013108881775667658,0.1503785405946924,0.11096449730283572,0.03941404329185669,0.3366454932464864,0.2622832748348466,0.07436221841163981,0.22115931894044755,0.24054952657692383,-0.01939020763647628,102.1,103.25999999999999,-1.1599999999999966,97.28,101.4,-4.1200000000000045,0.4,0.5,-0.09999999999999998,-0.6111111111111113,1.1,-1.7111111111111112,0.4977800444319306,0.47799969046013696,0.01978035397179362,0.12962482547983462,0.11048216661858579,0.01914265886124883,0.3232777898502117,0.27434901514607757,0.04892877470413415,0.25749274638331066,0.2237119510556302,0.03378079532768047,106.04,103.25,2.7900000000000063,106.85,101.85999999999999,4.990000000000009,train,2024-12-29,2025-02-26
S45G01N14,2024-2025,2024-10-26,64,대구 한국가스공사,35,서울 삼성,1,56,56,2,2,2.0,6.0,-4.0,0.0,0.0,0.0,0.0,0.0,0.0,0.0,0.0,0.0,0.0,0.0,0.0,1.0,0.0,1.0,0.0,3.0,-3.0,1480.1977866442833,1421.1376118469038,59.06017479737943,0.6713170173485407,0.32868298265145934,0.3426340346970813,59.06017479737943,0.6713170173485407,0.3333333333333333,0.0,0.3333333333333333,6.0,-16.333333333333332,22.333333333333332,0.4723013704571082,0.42469699893006857,0.04760437152703961,0.11502503262175257,0.16845282776371487,-0.0534277951419623,0.26006644942815155,0.330749354005168,-0.07068290457701643,0.25251105906843613,0.24294069383785769,0.009570365230578443,103.19999999999999,86.96666666666665,16.233333333333334,91.63333333333337,107.13333333333337,-15.5,0.4,0.2,0.2,3.6,-9.8,13.4,0.49398688288032544,0.46968306422290607,0.024303818657419374,0.11725996337520254,0.13773884578738416,-0.020478882412181612,0.2548417129748633,0.36078069348418185,-0.10593898050931855,0.2537793627137889,0.19981847035676864,0.053960892357020285,105.82000000000001,99.5,6.320000000000007,98.56,111.28,-12.719999999999999,0.3,0.4,-0.10000000000000003,-2.2,-5.033333333333333,2.833333333333333,0.5201413615277379,0.49696089593854786,0.02318046558919007,0.12181839527097285,0.13714894291409285,-0.015330547643120002,0.269794248555221,0.3577270344446323,-0.08793278588941128,0.2355445800980001,0.2277915372828853,0.0077530428151148245,108.53,104.16,4.3700000000000045,109.46,111.1,-1.6400000000000006,train,2024-12-29,2025-02-26
S45G01N15,2024-2025,2024-10-26,66,고양 소노,50,창원 LG,1,56,57,2,3,3.0,2.0,1.0,0.0,0.0,0.0,0.0,0.0,0.0,0.0,0.0,0.0,0.0,0.0,0.0,3.0,4.0,-1.0,0.0,0.0,0.0,1486.9838183351305,1587.1316220048266,-100.14780366969603,0.44959009323412236,0.5504099067658776,-0.10081981353175529,-100.14780366969603,0.44959009323412236,1.0,1.0,0.0,10.518518518518519,5.0,5.518518518518519,0.5196923371340579,0.5158961161795456,0.003796220954512375,0.09760351509145554,0.15142040708491142,-0.05381689199345588,0.40683621933621933,0.3297150809345932,0.07712113840162615,0.1934846205654505,0.22898614345154025,-0.035501522886089765,117.56666666666668,105.89999999999999,11.666666666666686,103.03333333333335,101.23333333333335,1.7999999999999972,0.8,0.8,0.0,8.622222222222222,6.0,2.622222222222222,0.526084466549499,0.49630850304106067,0.029775963508438363,0.09323939879727705,0.13197954426906233,-0.03874014547178528,0.3468044343044343,0.3156861914178987,0.031118242886535585,0.19364654989504784,0.26351668607092416,-0.06987013617587631,115.58,104.7,10.879999999999995,103.94000000000001,98.03999999999999,5.90000000000002,0.7,0.9,-0.20000000000000007,3.4111111111111114,9.9,-6.488888888888889,0.5181260031011764,0.5365487397090688,-0.018422736607892398,0.10415907862760665,0.13266901961422153,-0.028509940986614885,0.3104286970734339,0.35141983917711306,-0.04099114210367916,0.2050710822895303,0.24723328164541208,-0.04216219935588178,112.87,112.61000000000001,0.2599999999999909,107.49000000000001,100.97999999999999,6.510000000000019,train,2024-12-29,2025-02-26
S45G01N16,2024-2025,2024-10-26,70,안양 정관장,16,원주 DB,1,56,57,2,3,2.0,2.0,0.0,0.0,0.0,0.0,0.0,0.0,0.0,0.0,0.0,0.0,0.0,0.0,0.0,0.0,0.0,0.0,3.0,2.0,1.0,1423.670725348933,1564.3314591196765,-140.6607337707435,0.39280464026639034,0.6071953597336097,-0.21439071946721938,-140.6607337707435,0.39280464026639034,0.0,0.3333333333333333,-0.3333333333333333,-11.0,-10.0,-1.0,0.5217470760233917,0.4373095405532115,0.08443753547018018,0.16552765556343577,0.16469259040318474,0.0008350651602510306,0.24147387857065275,0.32339524275008147,-0.08192136417942872,0.19599780701754388,0.23357653539615564,-0.03757872837861176,101.2,91.56666666666668,9.633333333333326,115.23333333333335,105.89999999999999,9.333333333333357,0.2,0.6,-0.39999999999999997,-6.8,-3.844444444444444,-2.9555555555555557,0.5184536510194405,0.4627444979783718,0.055709153041068715,0.14217263402527666,0.14014256495724037,0.0020300690680362943,0.23010670877797273,0.30913833921517603,-0.07903163043720329,0.20655621316805525,0.19445120499503193,0.012105008173023318,102.96,96.91999999999999,6.040000000000006,110.96,103.52000000000001,7.4399999999999835,0.4,0.5,-0.09999999999999998,-1.7,-5.266666666666667,3.5666666666666664,0.5294797207520231,0.4887963192387277,0.040683401513295414,0.13266150170772123,0.1395464418117863,-0.006884940104065068,0.21634965068528267,0.29800351304193146,-0.08165386235664879,0.2004950569904596,0.20892541362788314,-0.00843035663742353,106.05999999999999,101.97,4.089999999999989,107.88,109.17,-1.2900000000000063,train,2024-12-29,2025-02-26
S45G01N17,2024-2025,2024-10-27,35,서울 삼성,55,서울 SK,0,57,57,3,3,1.0,2.0,-1.0,1.0,0.0,1.0,0.0,0.0,0.0,0.0,0.0,0.0,0.0,0.0,0.0,0.0,0.0,0.0,4.0,1.0,3.0,1414.5639521938747,1515.133320506489,-100.56936831261442,0.44898965337557345,0.5510103466244265,-0.10202069324885304,-100.56936831261442,0.44898965337557345,0.0,0.6666666666666666,-0.6666666666666666,-6.666666666666667,9.0,-15.666666666666668,0.44489901913208874,0.45835497835497846,-0.013455959222889724,0.17506482680196958,0.08582100904011507,0.08924381776185451,0.3585271317829457,0.26868439597937765,0.08984273580356805,0.1873851382823021,0.24415584415584413,-0.05677070587354202,91.83333333333333,101.03333333333335,-9.200000000000017,100.03333333333335,91.66666666666667,8.366666666666674,0.2,0.6,-0.39999999999999997,-9.2,4.8,-14.0,0.4722219667618085,0.46655339105339105,0.005668575708417445,0.15043406472002763,0.09551598400627115,0.05491808071375648,0.3463662790697674,0.25654164804058827,0.08982463102917915,0.2014564719947703,0.25154401154401157,-0.05008753954924128,97.86,102.22,-4.359999999999999,108.94000000000001,97.83999999999999,11.100000000000023,0.3,0.4,-0.10000000000000003,-6.233333333333333,-0.6,-5.633333333333334,0.4909794395839572,0.46969341340385984,0.02128602618009734,0.1465435712818278,0.10196580485175769,0.04457776643007011,0.3577270344446323,0.24753083332789583,0.11019620111673645,0.2040240112765533,0.221998386842066,-0.01797437556551268,101.52000000000001,101.44000000000001,0.0799999999999983,109.67,102.50999999999999,7.160000000000011,train,2024-12-29,2025-02-26
S45G01N18,2024-2025,2024-10-27,06,수원 KT,10,울산 현대모비스,0,57,56,3,2,2.0,2.0,0.0,0.0,0.0,0.0,0.0,0.0,0.0,0.0,0.0,0.0,0.0,0.0,0.0,2.0,1.0,1.0,0.0,0.0,0.0,1535.3467595967472,1486.3688239652306,48.97793563151663,0.6583859545679124,0.3416140454320876,0.31677190913582476,48.97793563151663,0.6583859545679124,0.6666666666666666,0.6666666666666666,0.0,2.0,1.3333333333333333,0.6666666666666667,0.45455533811698196,0.5532111395282749,-0.09865580141129299,0.14988397009578933,0.13708921820092038,0.01279475189486895,0.3146550315390398,0.2920634920634921,0.022591539475547706,0.14017846689079566,0.23458368854788295,-0.09440522165708728,93.66666666666667,111.63333333333333,-17.966666666666654,89.73333333333333,115.2,-25.46666666666667,0.4,0.4,0.0,0.08888888888888857,-1.4,1.4888888888888885,0.457975740183622,0.5555377948280761,-0.09756205464445405,0.1503785405946924,0.13477610235486887,0.015602438239823546,0.3610152411456461,0.27447908195536275,0.08653615919028335,0.22115931894044755,0.2101946575731742,0.010964661367273337,98.53999999999999,111.17999999999999,-12.64,96.24000000000001,116.78,-20.539999999999992,0.5,0.3,0.2,0.6888888888888888,-2.2,2.888888888888889,0.4965275982479775,0.5516734737597908,-0.055145875511813325,0.13025363930882533,0.13050972720178605,-0.0002560878929607213,0.32262843920086104,0.2924628264641248,0.030165612736736236,0.2538136857179486,0.22062308866528818,0.03319059705266042,106.15,112.07000000000001,-5.920000000000002,104.33999999999999,115.38999999999999,-11.049999999999997,train,2024-12-29,2025-02-26
S45G01N19,2024-2025,2024-10-27,16,원주 DB,60,부산 KCC,0,58,58,4,4,1.0,2.0,-1.0,1.0,0.0,1.0,0.0,0.0,0.0,0.0,0.0,0.0,0.0,0.0,0.0,0.0,0.0,0.0,3.0,3.0,0.0,1552.1875519250043,1499.6980726317793,52.48947929322503,0.6629177164122402,0.3370822835877598,0.32583543282448035,52.48947929322503,0.6629177164122402,0.0,0.0,0.0,-14.333333333333334,-11.666666666666666,-2.666666666666668,0.399115096108767,0.5303598200899551,-0.13124472398118808,0.15780593981077076,0.12795089151091718,0.02985504829985358,0.2957070707070707,0.16140232974910393,0.13430474095796677,0.14361441418403442,0.15733543484667925,-0.013721020662644828,82.56666666666668,104.40000000000002,-21.833333333333343,99.60000000000001,117.16666666666667,-17.566666666666663,0.4,0.4,0.0,-5.8,-1.4,-4.4,0.44845878369265746,0.5363465226846037,-0.08788773899194624,0.15257342829557963,0.11384037296323046,0.038733055332349164,0.2973298285768781,0.1932852100827483,0.10404461849412983,0.2002953608391878,0.15791477442152108,0.04238058641766673,92.66,109.1,-16.439999999999998,100.24000000000001,108.96,-8.719999999999985,0.4,0.5,-0.09999999999999998,-6.4222222222222225,-0.2,-6.222222222222222,0.47984570195477716,0.5505636736581521,-0.0707179717033749,0.14014156462899685,0.11050995039214769,0.029631614236849166,0.28217017970859815,0.23767299151825946,0.04449718819033868,0.18675930812844432,0.21776545446862836,-0.031006146340184032,98.67,113.97999999999999,-15.309999999999988,106.85999999999999,113.63,-6.77000000000001,train,2024-12-29,2025-02-26
S45G01N20,2024-2025,2024-10-28,66,고양 소노,70,안양 정관장,1,57,57,3,3,2.0,2.0,0.0,0.0,0.0,0.0,0.0,0.0,0.0,0.0,0.0,0.0,0.0,0.0,0.0,4.0,1.0,3.0,0.0,0.0,0.0,1497.992016470448,1435.8146325436053,62.17738392684282,0.6752641513064531,0.3247358486935469,0.35052830261290624,62.17738392684282,0.6752641513064531,1.0,0.3333333333333333,0.6666666666666667,11.0,-7.666666666666667,18.666666666666668,0.5258651766402308,0.4629166666666666,0.06294850997356422,0.08115248322193751,0.14970463536812292,-0.06855215214618542,0.4254765702134123,0.2664989035956778,0.1589776666177345,0.13883441480413364,0.1424305555555556,-0.00359614075142195,120.2666666666667,92.06666666666666,28.20000000000003,105.86666666666667,105.46666666666668,0.3999999999999915,0.8,0.4,0.4,6.955555555555554,-4.6,11.555555555555554,0.513097453562486,0.4970482456140351,0.01604920794845094,0.09850381168836213,0.15265599551004191,-0.054152183821679786,0.3718399961821014,0.27493202189596877,0.09690797428613263,0.1682959005443985,0.187312969924812,-0.019017069380413504,113.3,99.26,14.039999999999992,105.12,106.58,-1.4599999999999937,0.8,0.5,0.30000000000000004,4.511111111111111,-0.1,4.611111111111111,0.515887197131027,0.5324386248616121,-0.016551427730585044,0.1059840793738895,0.13469339955921014,-0.028709320185320644,0.3256491807149702,0.21941271374834576,0.10623646696662442,0.1887128733343064,0.19194711178498014,-0.0032342384506737487,112.39000000000001,105.67,6.720000000000013,106.83,106.05,0.7800000000000011,train,2024-12-29,2025-02-26
S45G01N21,2024-2025,2024-10-29,35,서울 삼성,60,부산 KCC,0,58,59,4,5,2.0,2.0,0.0,0.0,0.0,0.0,0.0,0.0,0.0,0.0,0.0,0.0,0.0,0.0,0.0,0.0,1.0,-1.0,5.0,0.0,5.0,1405.5841591263631,1512.9564269600241,-107.372267833661,0.4393219398037926,0.5606780601962074,-0.12135612039241478,-107.372267833661,0.4393219398037926,0.0,0.3333333333333333,-0.3333333333333333,-6.0,-7.666666666666667,1.666666666666667,0.44724643697246425,0.5177531097464967,-0.07050667277403244,0.19477272769368015,0.11626685386720849,0.07850587382647166,0.3105473338031477,0.15833860425890786,0.15220872954423983,0.16107915422983918,0.1235190097259063,0.03756014450393287,88.06666666666666,102.3,-14.233333333333334,95.43333333333335,110.63333333333334,-15.199999999999989,0.0,0.4,-0.4,-11.6,-4.6,-7.0,0.45330304784288966,0.5209926414060648,-0.06768959356317517,0.18651514056392177,0.1087873314011949,0.07772780916272687,0.319661733615222,0.15783210992376578,0.1618296236914562,0.19583656637486463,0.10791477442152106,0.08792179195334357,89.56,103.4,-13.840000000000003,103.72,107.3,-3.5799999999999983,0.2,0.5,-0.3,-7.333333333333334,-0.8,-6.533333333333334,0.49396451421082277,0.5443992900965081,-0.050434775885685346,0.15072894469598547,0.10910803599889418,0.041620908697091286,0.34257551929311714,0.21487887387120064,0.1276966454219165,0.19611119440851255,0.19310792022205303,0.0030032741864595147,100.84,111.65,-10.810000000000002,110.21,112.09,-1.8800000000000097,train,2024-12-29,2025-02-26
S45G01N22,2024-2025,2024-10-30,70,안양 정관장,64,대구 한국가스공사,0,58,57,4,3,2.0,4.0,-2.0,0.0,0.0,0.0,0.0,0.0,0.0,0.0,0.0,0.0,0.0,0.0,0.0,0.0,2.0,-2.0,1.0,0.0,1.0,1429.3199155697343,1486.7714462973124,-57.451530727578074,0.5108614115982046,0.48913858840179536,0.02172282319640928,-57.451530727578074,0.5108614115982046,0.3333333333333333,0.6666666666666666,-0.3333333333333333,-4.0,11.0,-15.0,0.48667397660818706,0.5008727990285368,-0.0141988224203497,0.14653073716267723,0.1284802614977268,0.01805047566495044,0.24377163086840503,0.2512012012012012,-0.007429570332796176,0.18044225146198833,0.1969088181720776,-0.016466566710089253,96.39999999999999,104.66666666666664,-8.266666666666652,104.56666666666668,87.23333333333335,17.33333333333333,0.2,0.6,-0.39999999999999997,-7.6,5.6,-13.2,0.49880263157894744,0.4833808222742649,0.015421809304682566,0.16158085400406183,0.10805367558646224,0.05352717841759959,0.2588892411473056,0.2403255839426052,0.018563657204700407,0.19773903508771928,0.2588595766175322,-0.061120541529812944,98.0,104.5,-6.5,108.35999999999999,94.58,13.779999999999987,0.4,0.4,0.0,-2.0,0.7,-2.7,0.5273456685903369,0.5278999822173931,-0.0005543136270561577,0.13824442854637406,0.12040550018774354,0.017838928358630518,0.234185441021073,0.27637319592364207,-0.04218775490256907,0.20509191408924826,0.22758311965175265,-0.02249120556250439,105.23000000000002,110.04,-4.809999999999988,107.66000000000001,106.94000000000001,0.7199999999999989,train,2024-12-29,2025-02-26
S45G01N23,2024-2025,2024-10-31,66,고양 소노,06,수원 KT,0,58,58,4,4,3.0,4.0,-1.0,0.0,0.0,0.0,0.0,0.0,0.0,0.0,0.0,0.0,0.0,0.0,0.0,5.0,0.0,5.0,0.0,1.0,-1.0,1504.486733444319,1522.179040505389,-17.69230706106987,0.5676635927673164,0.43233640723268363,0.13532718553463274,-17.69230706106987,0.5676635927673164,1.0,0.6666666666666666,0.33333333333333337,9.333333333333334,3.074074074074074,6.2592592592592595,0.5113117476131175,0.47148655504819886,0.03982519256491862,0.0834743839131733,0.13475241104464547,-0.05127802713147217,0.3533477186727961,0.28178541888219305,0.07156229979060302,0.17006780130067803,0.17218904890137768,-0.0021212476006996495,114.13333333333337,97.0,17.13333333333337,106.16666666666669,91.60000000000001,14.566666666666677,1.0,0.4,0.6,9.911111111111111,0.13333333333333303,9.777777777777779,0.5254517659167984,0.4653368512947331,0.06011491462206531,0.0923144948857451,0.1435978167732954,-0.05128332188755029,0.3530800597751062,0.32639985653026143,0.02668020324484477,0.1825150147635127,0.20477043005155865,-0.02225541528804595,116.02000000000001,97.73999999999998,18.28000000000003,104.92,95.75999999999999,9.16000000000001,0.8,0.5,0.30000000000000004,4.411111111111111,0.8666666666666665,3.544444444444445,0.5163673507801948,0.4893053760257553,0.0270619747544395,0.10542921976660972,0.12592822025814204,-0.020499000491532318,0.3182962395384996,0.32766117242508364,-0.009364932886584021,0.187389783278822,0.25603590794017084,-0.06864612466134884,111.69000000000001,105.55,6.140000000000015,106.65,103.46000000000001,3.1899999999999977,train,2024-12-29,2025-02-26
S45G01N24,2024-2025,2024-10-31,35,서울 삼성,10,울산 현대모비스,0,59,57,5,3,2.0,4.0,-2.0,0.0,0.0,0.0,0.0,0.0,0.0,0.0,0.0,0.0,0.0,0.0,0.0,0.0,2.0,-2.0,6.0,0.0,6.0,1396.7977203302873,1499.536543056589,-102.73882272630158,0.44590206001023136,0.5540979399897686,-0.10819587997953728,-102.73882272630158,0.44590206001023136,0.0,0.6666666666666666,-0.6666666666666666,-4.333333333333333,1.2592592592592593,-5.592592592592593,0.49491064491064485,0.5301719238420005,-0.035261278931355666,0.19389496671227632,0.1361518808565184,0.057743085855757936,0.2972582972582972,0.3196825396825397,-0.022424242424242458,0.1552484552484553,0.2742895709008241,-0.11904111565236883,95.10000000000001,109.93333333333334,-14.833333333333329,101.20000000000003,111.76666666666667,-10.566666666666634,0.0,0.6,-0.6,-5.4,-0.24444444444444446,-5.155555555555556,0.46540094994079173,0.5491489059391872,-0.08374795599839546,0.1814697728221626,0.13851323830871354,0.04295653451344905,0.3268045907580791,0.3013026113671275,0.025501979390951612,0.19042864096693926,0.26130576868428534,-0.07087712771734608,93.3,111.5,-18.200000000000003,100.16,115.2,-15.040000000000006,0.2,0.4,-0.2,-7.233333333333334,-1.6222222222222218,-5.6111111111111125,0.48657763638276846,0.5425558267009674,-0.055978190318198895,0.1495974634199519,0.12519018150276634,0.024407281917185553,0.3378136145312124,0.28706888707018535,0.05074472746102704,0.19264965594697409,0.21782897101822934,-0.02517931507125526,99.7,111.07000000000001,-11.370000000000005,109.52000000000001,114.08000000000001,-4.560000000000002,train,2024-12-29,2025-02-26
S45G01N25,2024-2025,2024-11-01,60,부산 KCC,64,대구 한국가스공사,0,60,58,6,4,3.0,2.0,1.0,0.0,0.0,0.0,0.0,0.0,0.0,0.0,0.0,0.0,0.0,0.0,0.0,2.0,3.0,-1.0,0.0,0.0,0.0,1521.7428657561,1496.9886745292765,24.754191226823423,0.6263679894381264,0.37363201056187356,0.2527359788762529,24.754191226823423,0.6263679894381264,0.6666666666666666,1.0,-0.33333333333333337,-3.0,23.0,-26.0,0.5187942558401165,0.5734427609427609,-0.05464850510264441,0.08303382834498219,0.1225372419182924,-0.03950341357331022,0.14267040149393093,0.28453453453453453,-0.1418641330406036,0.12010405053883318,0.18018419489007723,-0.06008014435124405,103.43333333333332,116.96666666666665,-13.533333333333331,105.10000000000002,87.86666666666669,17.233333333333334,0.4,0.6,-0.19999999999999996,-4.8,11.4,-16.2,0.5294924455580429,0.5121687010621436,0.01732374449589924,0.09981381146563306,0.1216750559618573,-0.021861244496224244,0.14911030541248757,0.2727065363235576,-0.12359623091107005,0.12338676815438436,0.2262838190417747,-0.10289705088739033,104.74000000000001,107.97999999999999,-3.2399999999999807,108.55999999999999,91.73999999999998,16.820000000000007,0.6,0.5,0.09999999999999998,0.5,5.5,-5.0,0.5442675377908428,0.5438812231986342,0.0003863145922086142,0.10165558417858708,0.11462633726330336,-0.012970753084716277,0.2020650210573478,0.2745713941218403,-0.07250637306449248,0.16669158293615055,0.23133492340355638,-0.06464334046740583,110.77000000000001,113.45,-2.6799999999999926,109.1,104.86000000000001,4.239999999999981,train,2024-12-29,2025-02-26
S45G01N26,2024-2025,2024-11-01,50,창원 LG,55,서울 SK,0,58,58,4,4,6.0,5.0,1.0,0.0,0.0,0.0,0.0,0.0,0.0,0.0,0.0,0.0,0.0,0.0,0.0,0.0,1.0,-1.0,1.0,0.0,1.0,1576.123423869509,1524.1131135740006,52.01031029550836,0.6623010718685939,0.3376989281314061,0.32460214373718776,52.01031029550836,0.6623010718685939,0.6666666666666666,0.6666666666666666,0.0,2.3333333333333335,2.0,0.3333333333333335,0.5808592486483989,0.4226406926406927,0.15821855600770618,0.1451458435948851,0.09616489593636592,0.048980947658519194,0.27778746488423905,0.1985089573828864,0.07927850750135265,0.19796656552120714,0.2701298701298701,-0.07216330460866296,114.73333333333333,93.23333333333335,21.499999999999986,108.53333333333335,93.06666666666666,15.466666666666683,0.8,0.6,0.20000000000000007,9.0,1.4,7.6,0.5386604767252712,0.4544321789321789,0.08422829779309227,0.13052518769199442,0.09298031880886844,0.037544868883125984,0.3050871130768849,0.23669202398043784,0.06839508909644706,0.24504080887794172,0.26366522366522366,-0.01862441478728194,111.2,99.72,11.480000000000004,99.16,100.03999999999999,-0.8799999999999955,0.8,0.5,0.30000000000000004,6.3,0.3,6.0,0.5321357842434818,0.4661219848324313,0.06601379941105057,0.12480085325786257,0.10361095535097997,0.021189897906882596,0.3256133875642099,0.23604757973937907,0.08956580782483081,0.24936553535661318,0.24407630891998808,0.005289226436625105,111.67,100.97999999999999,10.690000000000012,103.94000000000001,101.19000000000001,2.75,train,2024-12-29,2025-02-26
S45G01N27,2024-2025,2024-11-02,06,수원 KT,16,원주 DB,1,59,59,5,5,2.0,6.0,-4.0,0.0,0.0,0.0,0.0,0.0,0.0,0.0,0.0,0.0,0.0,0.0,0.0,1.0,0.0,1.0,0.0,4.0,-4.0,1533.5323123607352,1538.9291975967594,-5.396885236024218,0.5849441077018752,0.4150558922981248,0.16988821540375043,-5.396885236024218,0.5849441077018752,0.6666666666666666,0.0,0.6666666666666666,2.7407407407407405,-15.0,17.74074074074074,0.4316855600233233,0.44328703703703703,-0.011601477013713724,0.12742184051584068,0.161892933693683,-0.034471093177842305,0.3733211233211233,0.2345959595959596,0.13872516372516372,0.22025640443141978,0.1212647306397306,0.09899167379168917,98.26666666666665,84.60000000000001,13.666666666666643,93.46666666666665,103.23333333333333,-9.76666666666668,0.6,0.2,0.39999999999999997,2.444444444444444,-9.0,11.444444444444445,0.43996371696637493,0.4519690576652602,-0.012005340698885258,0.13817168081142242,0.1672917024651753,-0.02912002165375288,0.3413571214875264,0.2757038123167156,0.0656533091708108,0.17790475840976763,0.17679364851042068,0.001111109899346957,95.2,89.74,5.460000000000008,91.48,101.36,-9.879999999999995,0.5,0.4,0.09999999999999998,1.1666666666666665,-6.522222222222223,7.68888888888889,0.4773650775182926,0.47533181306588823,0.002033264452404371,0.13353445582217308,0.14820686986191056,-0.014672414039737486,0.34048168524559647,0.2782307857692042,0.062250899476392285,0.2540458581889271,0.1775579192395554,0.0764879389493717,103.50999999999999,96.61,6.8999999999999915,100.77000000000001,105.03,-4.259999999999991,train,2024-12-29,2025-02-26
S45G01N28,2024-2025,2024-11-02,10,울산 현대모비스,70,안양 정관장,0,58,59,4,5,2.0,3.0,-1.0,0.0,0.0,0.0,0.0,0.0,0.0,0.0,0.0,0.0,0.0,0.0,0.0,3.0,0.0,3.0,0.0,2.0,-2.0,1508.4545842567936,1419.1026873377702,89.35189691902337,0.7085848527023817,0.2914151472976183,0.4171697054047634,89.35189691902337,0.7085848527023817,1.0,0.3333333333333333,0.6666666666666667,8.148148148148149,-12.666666666666666,20.814814814814817,0.5230982082798262,0.4668233476773695,0.05627486060245673,0.12306127652410272,0.17691092145073373,-0.05384964492663101,0.33050505050505047,0.25250819000819,0.07799686049686044,0.23681128844860275,0.240485490455699,-0.0036742020070962556,109.63333333333333,91.96666666666665,17.66666666666667,99.13333333333333,107.83333333333336,-8.700000000000031,0.8,0.2,0.6000000000000001,1.6888888888888889,-13.8,15.488888888888889,0.516800101438484,0.4738440086064217,0.04295609283206231,0.12599770424242124,0.16958410981690766,-0.043586405574486425,0.30687445887445886,0.25194479670286124,0.054929662171597615,0.2538514789515146,0.2057496276067527,0.048101851344761914,107.96,93.42,14.539999999999992,108.64000000000001,111.75999999999999,-3.119999999999976,0.4,0.4,0.0,-1.9555555555555553,-2.9,0.9444444444444446,0.5293844274536188,0.5236382869286356,0.005746140524983234,0.12747047250954624,0.14421963531916343,-0.01674916280961719,0.28858403858533693,0.240435441021073,0.04814859756426393,0.22160933365935148,0.21260598227858957,0.009003351380761915,108.79,104.34,4.450000000000003,112.28000000000002,107.83,4.450000000000017,train,2024-12-29,2025-02-26
S45G01N29,2024-2025,2024-11-02,35,서울 삼성,66,고양 소노,1,60,59,6,5,2.0,2.0,0.0,0.0,0.0,0.0,0.0,0.0,0.0,0.0,0.0,0.0,0.0,0.0,0.0,0.0,0.0,0.0,7.0,1.0,6.0,1387.8796791300826,1493.1334615889728,-105.2537824588901,0.4423279726304293,0.5576720273695708,-0.1153440547391415,-105.2537824588901,0.4423279726304293,0.0,0.6666666666666666,-0.6666666666666666,-3.222222222222222,3.3333333333333335,-6.555555555555555,0.47030411449016096,0.47987012987012995,-0.009566015379968984,0.16204137931940407,0.09811090180335556,0.06393047751604851,0.33281385281385273,0.2853342506593281,0.047479602154524625,0.20751530984089128,0.18213564213564215,0.02537966770524913,95.5,103.43333333333335,-7.933333333333351,100.10000000000002,102.80000000000003,-2.700000000000003,0.0,0.8,-0.8,-4.933333333333334,7.6,-12.533333333333333,0.4505303308775752,0.5034411839062164,-0.05291085302864118,0.1685511235885427,0.08915876698573702,0.07939235660280569,0.3314712574247458,0.35280228199732844,-0.021331024572582624,0.1862360435218033,0.16858203416386544,0.017654009357937872,91.62,111.74000000000001,-20.120000000000005,98.46000000000001,102.38,-3.9199999999999875,0.1,0.8,-0.7000000000000001,-7.7666666666666675,6.711111111111111,-14.477777777777778,0.48010476816571435,0.5127409771538213,-0.03263620898810693,0.15164564478220294,0.10237630699832845,0.04926933778387449,0.34527515299275086,0.3336178769654002,0.011657276027350671,0.19368324767824024,0.19035681624585493,0.003326431432385313,98.66,111.7,-13.040000000000006,108.7,103.58999999999999,5.110000000000014,train,2024-12-29,2025-02-26
S45G01N30,2024-2025,2024-11-03,50,창원 LG,10,울산 현대모비스,0,59,59,5,5,2.0,1.0,1.0,0.0,1.0,-1.0,0.0,0.0,0.0,0.0,0.0,0.0,0.0,0.0,0.0,0.0,0.0,0.0,2.0,1.0,1.0,1562.8774024321372,1494.282887202746,68.59451522939116,0.683311425855097,0.31668857414490303,0.36662285171019393,68.59451522939116,0.683311425855097,0.3333333333333333,0.6666666666666666,-0.3333333333333333,-1.3333333333333333,1.1481481481481484,-2.481481481481482,0.5242028753425145,0.45684031158714705,0.06736256375536748,0.13878656308707968,0.12605805652354027,0.01272850656353941,0.26416739319965127,0.33342902711323763,-0.06926163391358636,0.26084184429972834,0.29106621226874396,-0.03022436796901562,107.59999999999998,99.93333333333334,7.666666666666643,104.16666666666667,97.46666666666665,6.700000000000017,0.6,0.6,0.0,0.8,1.088888888888889,-0.288888888888889,0.5167064537367654,0.4972073412574886,0.01949911247927677,0.14815628786334575,0.13412410627954333,0.014032181583802428,0.27524840339946555,0.3238669400774664,-0.04861853667800087,0.2556614985331141,0.2742134699017408,-0.018551971368626685,104.58,104.85999999999999,-0.2799999999999869,102.68000000000002,105.12,-2.4399999999999835,0.7,0.4,0.29999999999999993,5.3,-1.7888888888888885,7.088888888888889,0.5251938604685272,0.5259998120690034,-0.0008059516004761402,0.1297890848439804,0.13212680444770994,-0.0023377196037295267,0.31135192746234225,0.28858403858533693,0.022767888877005316,0.257623248605252,0.2177118977619156,0.039911350843336385,109.42999999999999,107.5,1.9299999999999926,102.46,111.17,-8.710000000000008,train,2024-12-29,2025-02-26
S45G01N31,2024-2025,2024-11-03,64,대구 한국가스공사,55,서울 SK,1,59,59,5,5,2.0,2.0,0.0,0.0,0.0,0.0,0.0,0.0,0.0,0.0,0.0,0.0,0.0,0.0,0.0,4.0,2.0,2.0,0.0,0.0,0.0,1509.5160343180391,1537.3591350113725,-27.843100693333326,0.5532701391729871,0.44672986082701294,0.10654027834597413,-27.843100693333326,0.5532701391729871,1.0,0.6666666666666666,0.33333333333333337,20.333333333333332,2.3333333333333335,18.0,0.5618686868686869,0.4354978354978356,0.12637085137085124,0.1516542852127756,0.09313129833392601,0.05852298687884959,0.3482905982905982,0.20847573479152426,0.13981486349907396,0.21907308377896614,0.24632034632034627,-0.02724726254138013,114.06666666666666,94.60000000000001,19.466666666666654,87.7666666666667,94.5,-6.733333333333306,0.8,0.8,0.0,17.6,7.2,10.400000000000002,0.5376448915383341,0.45709090909090905,0.08055398244742501,0.14393780190365538,0.09841883294725366,0.045518968956401715,0.3096950796950797,0.24993244209890478,0.05976263759617492,0.21723619999415567,0.24493506493506495,-0.027698864940909285,110.66000000000001,98.94,11.720000000000013,86.13999999999999,91.74000000000001,-5.600000000000023,0.5,0.6,-0.09999999999999998,6.3,2.2,4.1,0.5359050327224436,0.4766656948537532,0.0592393378686904,0.12652868211457335,0.10362229322203165,0.022906388892541707,0.28524136930794447,0.24547007214059485,0.03977129716734962,0.23823968530831832,0.23305285476220558,0.005186830546112742,110.80999999999999,102.45,8.359999999999985,101.42999999999999,100.0,1.4299999999999926,train,2024-12-29,2025-02-26
S45G01N32,2024-2025,2024-11-03,60,부산 KCC,70,안양 정관장,1,61,60,7,6,2.0,1.0,1.0,0.0,1.0,-1.0,0.0,0.0,0.0,0.0,0.0,0.0,0.0,0.0,0.0,0.0,1.0,-1.0,1.0,0.0,1.0,1509.2155059673373,1433.2743843918179,75.94112157551945,0.6923912097598981,0.3076087902401019,0.3847824195197962,75.94112157551945,0.6923912097598981,0.6666666666666666,0.3333333333333333,0.3333333333333333,-3.6666666666666665,-15.0,11.333333333333334,0.4809154679613286,0.49349001434403617,-0.012574546382707552,0.07639938190444902,0.17045430703974637,-0.09405492513529735,0.13974642488574376,0.1926247771836007,-0.05287835229785692,0.09376372419850683,0.2452616098586841,-0.15149788566017725,96.66666666666667,95.23333333333333,1.4333333333333371,101.06666666666668,112.43333333333335,-11.366666666666674,0.4,0.4,0.0,-8.2,-8.8,0.6000000000000014,0.49372169456990067,0.4863440086064217,0.007377685963478986,0.10040986804527299,0.1543119901298601,-0.05390212208458711,0.1494392527809086,0.20729239028574892,-0.05785313750484031,0.13036964035464788,0.19928196591521044,-0.06891232556056257,98.56,94.7,3.8599999999999994,108.44000000000001,107.2,1.240000000000009,0.6,0.4,0.19999999999999996,-0.8,-4.3,3.5,0.5267500552733603,0.5072448443056847,0.019505210967675546,0.10443731536944492,0.14680474290185652,-0.0423674275324116,0.19285449474155833,0.2322001469034259,-0.039345652161867584,0.14802025426482185,0.2178420967880097,-0.06982184252318785,106.67999999999999,100.58,6.099999999999994,106.88,106.16,0.7199999999999989,train,2024-12-29,2025-02-26
S45G01N33,2024-2025,2024-11-04,16,원주 DB,66,고양 소노,0,60,60,6,6,2.0,2.0,0.0,0.0,0.0,0.0,0.0,0.0,0.0,0.0,0.0,0.0,0.0,0.0,0.0,0.0,0.0,0.0,5.0,2.0,3.0,1530.6280797507968,1481.9800210415813,48.64805870921555,0.6579587317738795,0.34204126822612047,0.31591746354775907,48.64805870921555,0.6579587317738795,0.0,0.3333333333333333,-0.3333333333333333,-5.666666666666667,1.0,-6.666666666666667,0.4852430555555555,0.4855198473842542,-0.0002767918286986637,0.16900305042541572,0.10742413979267039,0.06157891063274533,0.2298611111111111,0.2354438997821351,-0.005582788671023992,0.14441287878787876,0.23253112236163087,-0.08811824357375211,92.2,103.20000000000003,-11.000000000000028,97.39999999999999,102.60000000000002,-5.200000000000031,0.0,0.6,-0.6,-10.4,3.599999999999999,-14.0,0.4472815576652602,0.4844625933620593,-0.03718103569679915,0.16891148109823362,0.09918599242207325,0.06972548867616037,0.28034090909090914,0.3179808534258998,-0.03763994433499068,0.14554364851042065,0.19913511177314286,-0.05359146326272221,88.64000000000001,107.4,-18.75999999999999,101.2,104.97999999999999,-3.779999999999987,0.4,0.7,-0.29999999999999993,-6.322222222222222,6.411111111111111,-12.733333333333334,0.4674174108919752,0.5086981874900258,-0.04128077659805063,0.15047188787742977,0.10493085970865568,0.04554102816877409,0.288173967587386,0.32087749235001556,-0.032703524762629554,0.19096371634100473,0.19452464064152042,-0.0035609243005156888,95.66,110.29,-14.63000000000001,103.99000000000001,102.42,1.5700000000000074,train,2024-12-29,2025-02-26
S45G01N34,2024-2025,2024-11-05,64,대구 한국가스공사,06,수원 KT,1,60,60,6,6,2.0,3.0,-1.0,0.0,0.0,0.0,0.0,0.0,0.0,0.0,0.0,0.0,0.0,0.0,0.0,5.0,2.0,3.0,0.0,0.0,0.0,1518.4506315345793,1541.8334302066978,-23.382798672118497,0.5596071544993976,0.4403928455006024,0.11921430899879515,-23.382798672118497,0.5596071544993976,1.0,0.6666666666666666,0.33333333333333337,23.333333333333332,2.7407407407407405,20.59259259259259,0.5921717171717171,0.4137386205400564,0.17843309663166074,0.16907290157663116,0.10133142369414244,0.06774147788248872,0.3939895230217811,0.39063714063714067,0.0033523823846404177,0.2308080808080808,0.25759528657696046,-0.026787205768879663,120.36666666666666,99.36666666666667,20.999999999999986,90.00000000000004,96.93333333333334,-6.9333333333332945,1.0,0.8,0.19999999999999996,21.2,3.844444444444444,17.355555555555554,0.570580808080808,0.4400239942418421,0.13055681383896595,0.14644897583079444,0.12628931774035418,0.020159658090440263,0.3404477678671227,0.3380689203269848,0.002378847540137896,0.2041711229946524,0.2267594901758918,-0.02258836718123941,116.92,97.4,19.519999999999996,88.82000000000001,92.05999999999999,-3.2399999999999807,0.6,0.6,0.0,7.9,3.1666666666666665,4.733333333333334,0.5298173703847814,0.46082012458093463,0.06899724580384675,0.12869921743378793,0.12761315221956582,0.0010860652142221094,0.2906177133939659,0.35456150786200447,-0.06394379446803855,0.23472236929100226,0.26006663066539576,-0.025344261374393495,110.47,102.25999999999999,8.210000000000008,98.95,97.89,1.0600000000000023,train,2024-12-29,2025-02-26
S45G01N35,2024-2025,2024-11-06,10,울산 현대모비스,55,서울 SK,0,60,60,6,6,3.0,3.0,0.0,0.0,0.0,0.0,0.0,0.0,0.0,0.0,0.0,0.0,0.0,0.0,0.0,1.0,0.0,1.0,0.0,1.0,-1.0,1507.949115719848,1528.4245377948323,-20.475422074984408,0.5637275351472746,0.4362724648527254,0.12745507029454917,-20.475422074984408,0.5637275351472746,0.6666666666666666,0.6666666666666666,0.0,2.2222222222222228,-2.0,4.222222222222223,0.48461808936492484,0.46536796536796543,0.019250123996959412,0.16099747030363787,0.13359363130987126,0.02740383899376661,0.38101523400978937,0.2907268170426065,0.09028841696718287,0.2716217678242995,0.2212121212121212,0.05040964661217828,100.93333333333334,97.53333333333335,3.3999999999999915,95.73333333333335,101.83333333333333,-6.09999999999998,0.8,0.6,0.20000000000000007,5.688888888888888,-0.6,6.288888888888888,0.5147563608653317,0.4464415584415584,0.0683148024237733,0.1498929309232672,0.1147497559041194,0.03514317501914779,0.3632758070725403,0.2619625172868747,0.10131328978566562,0.2569585679409565,0.2220779220779221,0.03488064586303441,106.42,95.6,10.820000000000007,97.82000000000001,98.41999999999999,-0.5999999999999801,0.5,0.6,-0.09999999999999998,0.04444444444444464,0.8,-0.7555555555555554,0.5298850934542848,0.47306321038170357,0.056821883072581236,0.14425380444359578,0.11176269258221427,0.03249111186138151,0.31054411118061825,0.2708272149977377,0.039716896182880546,0.23139155144156925,0.22845658147028008,0.0029349699712891697,107.50999999999999,101.57,5.939999999999998,108.48000000000002,101.48,7.000000000000014,train,2024-12-29,2025-02-26
S45G01N36,2024-2025,2024-11-07,35,서울 삼성,50,창원 LG,1,61,60,7,6,5.0,4.0,1.0,0.0,0.0,0.0,0.0,0.0,0.0,0.0,0.0,0.0,0.0,0.0,0.0,1.0,0.0,1.0,0.0,3.0,-3.0,1399.0331196774741,1549.2111739150353,-150.17805423756113,0.3798171750551735,0.6201828249448265,-0.24036564988965298,-150.17805423756113,0.3798171750551735,0.3333333333333333,0.0,0.3333333333333333,-1.5555555555555554,-5.333333333333333,3.7777777777777777,0.48617713036317683,0.5073817633360681,-0.02120463297289127,0.13569982549568158,0.1279006492989285,0.007799176196753077,0.3847619047619047,0.19973932877158684,0.18502257599031785,0.21809732042290186,0.21081498424063624,0.00728233618226562,102.46666666666668,100.7,1.76666666666668,105.90000000000002,106.0,-0.0999999999999801,0.2,0.4,-0.2,-2.7333333333333334,-0.8,-1.9333333333333333,0.49019112670275466,0.5371551335064696,-0.04696400680371493,0.16686333920310176,0.1417528405486502,0.025110498654451557,0.3520692640692641,0.2542580116773665,0.09781125239189759,0.18093054232589117,0.1856198070500885,-0.004689264724197312,98.86,106.43999999999998,-7.579999999999984,102.97999999999999,106.24000000000001,-3.2600000000000193,0.2,0.6,-0.39999999999999997,-6.266666666666667,2.4,-8.666666666666666,0.4799370954628303,0.521226594857426,-0.04128949939459564,0.15230109249524298,0.12814362146382316,0.024157471031419825,0.35642497877672297,0.2814012579767891,0.07502372079993386,0.1903745063413299,0.235758811672322,-0.04538430533099208,99.17999999999999,106.55,-7.3700000000000045,107.13,103.45,3.6799999999999926,train,2024-12-29,2025-02-26
S45G01N37,2024-2025,2024-11-07,70,안양 정관장,06,수원 KT,1,61,61,7,7,4.0,2.0,2.0,0.0,0.0,0.0,0.0,0.0,0.0,0.0,0.0,0.0,0.0,0.0,0.0,0.0,0.0,0.0,1.0,1.0,0.0,1427.1222085870158,1533.0255732966857,-105.90336470966986,0.44140578570572164,0.5585942142942784,-0.11718842858855671,-105.90336470966986,0.44140578570572164,0.3333333333333333,0.6666666666666666,-0.3333333333333333,-21.0,0.6666666666666666,-21.666666666666668,0.4881850853548966,0.4235029303043662,0.06468215505053038,0.1482122475555089,0.1365292987931693,0.011682948762339607,0.1926247771836007,0.42872160519219343,-0.23609682800859275,0.16121816792050533,0.2714000003816743,-0.11018183246116894,94.83333333333333,99.26666666666667,-4.433333333333337,123.66666666666669,98.5,25.166666666666686,0.4,0.6,-0.19999999999999996,-13.6,0.4444444444444443,-14.044444444444444,0.47866543717785026,0.436993691211539,0.041671745966311236,0.15119160919930572,0.12549036793437574,0.02570124126492998,0.22957978031507445,0.3940461499285029,-0.16446636961342845,0.17687125162949616,0.23230727572367732,-0.05543602409418116,94.17999999999999,99.94,-5.760000000000005,113.41999999999999,98.6,14.819999999999993,0.3,0.5,-0.2,-10.2,1.9666666666666663,-12.166666666666666,0.49855954409864534,0.46460800336881347,0.033951540729831864,0.1466821216122912,0.13793445426453407,0.008747667347757115,0.22984324454652355,0.3653458215874946,-0.13550257704097107,0.1917137323987757,0.22673329733206246,-0.035019564933286756,98.57000000000001,101.02000000000001,-2.450000000000003,112.19000000000001,97.94,14.250000000000014,train,2024-12-29,2025-02-26
S45G01N38,2024-2025,2024-11-08,10,울산 현대모비스,16,원주 DB,1,61,61,7,7,2.0,4.0,-2.0,0.0,0.0,0.0,0.0,0.0,0.0,0.0,0.0,0.0,0.0,0.0,0.0,0.0,0.0,0.0,1.0,6.0,-5.0,1496.6745650169023,1517.4689051153193,-20.794340098417024,0.5632759782256402,0.43672402177435976,0.12655195645128048,-20.794340098417024,0.5632759782256402,0.3333333333333333,0.0,0.3333333333333333,-4.999999999999999,-8.0,3.000000000000001,0.49023446523446523,0.49935963114754095,-0.009125165913075717,0.17463183194500442,0.2043212100927032,-0.029689378147698786,0.39162129461585,0.2725378787878788,0.11908341582797122,0.22748902748902747,0.15906762295081964,0.06842140453820783,100.83333333333333,92.93333333333334,7.8999999999999915,103.86666666666667,103.5,0.36666666666667425,0.6,0.0,0.6,-2.1111111111111116,-12.4,10.288888888888888,0.4790140968621982,0.45933800091074684,0.019676095951451367,0.14852327248887168,0.17842625109204552,-0.02990297860317384,0.3666091404058736,0.2576136363636364,0.10899550404223723,0.24959468231620133,0.15882441215433016,0.09077027016187117,101.47999999999999,87.94,13.539999999999992,101.84,103.22,-1.3799999999999955,0.5,0.3,0.2,-1.7555555555555553,-7.922222222222222,6.166666666666666,0.5172759458451371,0.4640232755883501,0.05325267025678704,0.14164968742187029,0.162361042411112,-0.020711354989241704,0.32054411118061815,0.2879214423348607,0.03262266884575743,0.2298946699446877,0.18505284125441962,0.04484182869026809,106.33,93.28999999999999,13.040000000000006,109.31000000000002,103.33999999999999,5.970000000000027,train,2024-12-29,2025-02-26
S45G01N39,2024-2025,2024-11-08,64,대구 한국가스공사,66,고양 소노,1,61,61,7,7,3.0,4.0,-1.0,0.0,0.0,0.0,0.0,0.0,0.0,0.0,0.0,0.0,0.0,0.0,0.0,6.0,1.0,5.0,0.0,0.0,0.0,1527.2584884445914,1495.1391956770588,32.11929276753267,0.63623584526997,0.36376415473003,0.27247169053994,32.11929276753267,0.63623584526997,1.0,0.3333333333333333,0.6666666666666667,15.0,1.6666666666666667,13.333333333333334,0.5665799788934117,0.4350147968792037,0.13156518201420803,0.16652312179053905,0.12583776971744162,0.040685352073097425,0.35814722911497104,0.32939814814814816,0.028749080966822882,0.1999020051258857,0.23447362430413277,-0.034571619178247054,114.56666666666666,99.30000000000003,15.266666666666637,94.10000000000002,96.56666666666668,-2.4666666666666544,1.0,0.6,0.4,16.8,4.6,12.200000000000001,0.5687358661239258,0.47464524176388584,0.09409062436003995,0.15257390946312918,0.10925504766133676,0.043318861801792424,0.3315550041356493,0.30661721706226347,0.024937787073385842,0.19471838667624444,0.20710841700672206,-0.012390030330477614,114.8,105.05999999999999,9.740000000000009,93.22,101.03999999999999,-7.819999999999993,0.7,0.7,0.0,10.2,6.611111111111112,3.5888888888888877,0.5313613745021256,0.5003648541566924,0.03099652034543321,0.13491693641916586,0.1012472232293069,0.03366971318985895,0.29319835855525633,0.3267108256833489,-0.03351246712809258,0.2242488746950167,0.20037748345088496,0.023871391244131734,110.30999999999999,110.32000000000001,-0.010000000000019327,95.89,102.49000000000001,-6.6000000000000085,train,2024-12-29,2025-02-26
S45G01N40,2024-2025,2024-11-09,06,수원 KT,50,창원 LG,1,62,61,8,7,2.0,2.0,0.0,0.0,0.0,0.0,0.0,0.0,0.0,0.0,0.0,0.0,0.0,0.0,0.0,0.0,0.0,0.0,2.0,4.0,-2.0,1521.8536890108,1536.8075174161388,-14.953828405338754,0.5715282050794774,0.42847179492052256,0.14305641015895487,-14.953828405338754,0.5715282050794774,0.3333333333333333,0.0,0.3333333333333333,-2.3333333333333335,-4.0,1.6666666666666665,0.44997059199590844,0.48954055013357034,-0.0395699581376619,0.11919879668893424,0.12194046218211119,-0.002741665493176948,0.426279602750191,0.22375366568914956,0.20252593706104144,0.20692238844137578,0.23569356487300808,-0.028771176431632295,102.60000000000001,101.0,1.6000000000000085,107.76666666666667,104.80000000000001,2.9666666666666544,0.4,0.2,0.2,-0.15555555555555572,-2.0,1.8444444444444443,0.4372128692937308,0.5168667449408233,-0.07965387564709248,0.11976057676730938,0.12120722673675362,-0.0014466499694442414,0.4083318642142172,0.24759134501069985,0.16074051920351734,0.21795111134011572,0.23930055584846946,-0.021349444508353743,100.56,106.93999999999998,-6.379999999999981,102.3,105.92,-3.6200000000000045,0.4,0.5,-0.09999999999999998,-0.03333333333333357,1.4,-1.4333333333333336,0.44759430473867645,0.5116068055766199,-0.06401250083794341,0.1350695586810009,0.12624730603004233,0.008822252650958567,0.3846735526799316,0.27140125797678905,0.11327229470314254,0.21955521514028162,0.25547937969797474,-0.03592416455769312,99.55,105.22,-5.670000000000002,99.27000000000001,102.80999999999999,-3.539999999999978,train,2024-12-29,2025-02-26
S45G01N41,2024-2025,2024-11-09,55,서울 SK,60,부산 KCC,1,61,62,7,8,3.0,6.0,-3.0,0.0,0.0,0.0,0.0,0.0,0.0,0.0,0.0,0.0,0.0,0.0,0.0,1.0,1.0,0.0,0.0,0.0,0.0,1539.699088497778,1515.3676817721393,24.331406725638544,0.6257982428152544,0.3742017571847456,0.25159648563050885,24.331406725638544,0.6257982428152544,0.6666666666666666,0.6666666666666666,0.0,3.3333333333333335,4.333333333333333,-0.9999999999999996,0.5019841269841271,0.5394913812033378,-0.03750725421921075,0.1348360704664234,0.08115165473058326,0.05368441573584014,0.36554621848739494,0.20611143242722188,0.15943478606017306,0.1972222222222222,0.17188872419850684,0.025333498023715345,106.06666666666668,111.53333333333335,-5.466666666666669,104.06666666666666,103.50000000000001,0.5666666666666487,0.6,0.6,0.0,2.2,0.0,2.2,0.46677489177489184,0.5291742807767972,-0.06239938900190534,0.11295955420064796,0.090657886703978,0.022301667496669966,0.2872703148244944,0.1864119574955488,0.10085835732894557,0.24041125541125546,0.14621015759602715,0.09420109781522831,100.94,107.7,-6.760000000000005,100.91999999999999,105.47999999999999,-4.560000000000002,0.6,0.6,0.0,1.8,2.0,-0.19999999999999996,0.47294416276265594,0.5476954666657654,-0.07475130390310947,0.11196202575174186,0.09964577923001335,0.01231624652172851,0.2747767948296705,0.1957625622837722,0.07901423254589829,0.24048039099408963,0.14740712135342943,0.0930732696406602,102.1,111.25,-9.150000000000006,101.16,106.55,-5.390000000000001,train,2024-12-29,2025-02-26
S45G01N42,2024-2025,2024-11-09,70,안양 정관장,35,서울 삼성,1,62,62,8,8,2.0,2.0,0.0,0.0,0.0,0.0,0.0,0.0,0.0,0.0,0.0,0.0,0.0,0.0,0.0,1.0,2.0,-1.0,0.0,0.0,0.0,1438.2940928729015,1411.4367761763706,26.857316696530916,0.629196939650201,0.37080306034979904,0.2583938793004019,26.857316696530916,0.629196939650201,0.6666666666666666,0.6666666666666666,0.0,-9.666666666666666,0.11111111111111116,-9.777777777777777,0.4927881297446514,0.49394956626061276,-0.001161436515961345,0.10393869275988549,0.1270655152539342,-0.02312682249404871,0.24394591539498278,0.41452380952380946,-0.17057789412882668,0.10744002554515213,0.27130244862803005,-0.1638624230828779,101.90000000000002,105.93333333333332,-4.033333333333303,115.5,108.7666666666667,6.733333333333306,0.4,0.4,0.0,-15.0,-1.3333333333333333,-13.666666666666666,0.4917668864532126,0.49483127821790607,-0.003064391764693475,0.1421245442519652,0.1526701858933414,-0.010545641641376197,0.23841300378244426,0.3604025974025974,-0.12198959362015313,0.18475530960051065,0.24077902717437602,-0.05602371757386537,99.32000000000001,101.75999999999999,-2.4399999999999835,117.78,105.4,12.379999999999995,0.4,0.3,0.10000000000000003,-9.8,-5.266666666666667,-4.533333333333334,0.4944075660336238,0.48352662248985734,0.010880943543766453,0.14739026988100357,0.15155212530668455,-0.0041618554256809825,0.2566725128392065,0.35338443823618243,-0.09671192539697593,0.1860341397626613,0.22111774958457314,-0.03508360982191183,99.29,99.80999999999999,-0.5199999999999818,112.17999999999999,107.17,5.009999999999991,train,2024-12-29,2025-02-26
S45G01N43,2024-2025,2024-11-10,16,원주 DB,50,창원 LG,1,62,62,8,8,2.0,1.0,1.0,0.0,1.0,-1.0,0.0,0.0,0.0,0.0,0.0,0.0,0.0,0.0,0.0,0.0,0.0,0.0,7.0,5.0,2.0,1508.734424679832,1528.2380815177285,-19.503656837896415,0.5651028058244117,0.43489719417558825,0.1302056116488235,-19.503656837896415,0.5651028058244117,0.0,0.0,0.0,-8.666666666666666,-4.0,-4.666666666666666,0.4972762978142076,0.4592655090826672,0.0380107887315404,0.20255323261331437,0.10007825464535741,0.10247497796795696,0.26722386912604307,0.23672014260249555,0.03050372652354752,0.1878870673952641,0.25108765354295887,-0.06320058614769478,93.26666666666667,101.66666666666667,-8.400000000000006,103.7,104.30000000000001,-0.6000000000000085,0.0,0.0,0.0,-8.2,-4.6,-3.5999999999999996,0.48794911202185787,0.48272808947863843,0.0052210225432194335,0.19000808779125308,0.11735099639961337,0.07265709139163971,0.2420009881422925,0.21945144040020698,0.022549547742085535,0.14937996770988576,0.26892240458796524,-0.11954243687807947,90.76,102.03999999999999,-11.279999999999987,100.03999999999999,104.52000000000001,-4.480000000000018,0.3,0.4,-0.10000000000000003,-6.022222222222222,0.7,-6.722222222222222,0.4753468050001149,0.4895182962598496,-0.014171491259734714,0.16507532637424674,0.12466527033433786,0.04041005603990888,0.27556966367873426,0.26756881590905285,0.008000847769681407,0.17191558635245885,0.2662195453294447,-0.09430395897698585,93.84,103.37,-9.530000000000001,101.78,101.28,0.5,train,2024-12-29,2025-02-26
S45G01N44,2024-2025,2024-11-10,64,대구 한국가스공사,10,울산 현대모비스,0,62,62,8,8,2.0,2.0,0.0,0.0,0.0,0.0,0.0,0.0,0.0,0.0,0.0,0.0,0.0,0.0,0.0,7.0,1.0,6.0,0.0,0.0,0.0,1534.533771539192,1505.4090454523896,29.12472608680241,0.6322369681528365,0.3677630318471635,0.26447393630567295,29.12472608680241,0.6322369681528365,1.0,0.6666666666666666,0.33333333333333337,19.0,-1.666666666666666,20.666666666666664,0.5904688677823007,0.4942942942942943,0.0961745734880064,0.1262986022265618,0.17140228280500994,-0.04510368057844813,0.31214421252371916,0.4204433497536946,-0.10829913722997542,0.14101311623699683,0.20362862862862863,-0.0626155123916318,122.16666666666664,104.10000000000001,18.066666666666634,96.60000000000002,103.56666666666668,-6.966666666666654,1.0,0.6,0.4,22.4,-0.6666666666666672,23.066666666666666,0.5914025327905925,0.4756807635288648,0.11572176926172772,0.14262880634095637,0.15527434744863827,-0.012645541107681901,0.3462608864885905,0.3843234261201593,-0.038062539631568804,0.18369877883310717,0.23181690453842352,-0.048118125705316345,121.16,101.36,19.799999999999997,91.75999999999999,100.2,-8.440000000000012,0.8,0.6,0.20000000000000007,14.0,-0.4555555555555554,14.455555555555556,0.5373916775324287,0.512414834734026,0.02497684279840262,0.1253412409637093,0.1468937928786759,-0.021552551914966606,0.2932932352155978,0.34281301874364345,-0.04951978352804565,0.22127917772531971,0.24656133661135443,-0.025282158886034717,112.83,106.42999999999999,6.400000000000006,93.17,107.7,-14.530000000000001,train,2024-12-29,2025-02-26
S45G01N45,2024-2025,2024-11-10,55,서울 SK,66,고양 소노,1,62,62,8,8,1.0,2.0,-1.0,1.0,0.0,1.0,0.0,0.0,0.0,0.0,0.0,0.0,0.0,0.0,0.0,2.0,0.0,2.0,0.0,1.0,-1.0,1547.1831236414728,1487.8639125824582,59.319211059014606,0.671645952379339,0.328354047620661,0.343291904758678,59.319211059014606,0.671645952379339,0.6666666666666666,0.3333333333333333,0.3333333333333333,13.333333333333334,-7.0,20.333333333333336,0.5526052449965495,0.44231638418079094,0.11028886081575856,0.1383532329088638,0.12395758510422196,0.01439564780464185,0.3953081232492997,0.3462618203309693,0.0490463029183304,0.20750517598343685,0.22082283065333916,-0.013317654669902312,114.5,100.66666666666669,13.833333333333314,100.0,110.5,-10.5,0.8,0.4,0.4,9.8,-3.2000000000000006,13.000000000000002,0.5136410690758517,0.45331190843055247,0.06032916064529925,0.12993816726850288,0.11484182811510771,0.015096339153395172,0.325906678460858,0.3052734320678626,0.020633246392995408,0.22294466403162055,0.21777508367338877,0.0051695803582317845,107.02000000000001,99.98,7.040000000000006,96.73999999999998,105.16,-8.420000000000016,0.7,0.6,0.09999999999999998,7.3,1.8777777777777787,5.422222222222221,0.4900972300646214,0.48320468099651925,0.006892549068102161,0.11272707563738704,0.10667281990173491,0.006054255735652131,0.29122416325072314,0.338556714124982,-0.04733255087425886,0.23724433778781603,0.19303549210889362,0.044208845678922415,104.62,106.64000000000001,-2.0200000000000102,97.28999999999999,105.13999999999999,-7.849999999999994,train,2024-12-29,2025-02-26
S45G01N46,2024-2025,2024-11-11,06,수원 KT,70,안양 정관장,1,63,63,9,9,2.0,2.0,0.0,0.0,0.0,0.0,0.0,0.0,0.0,0.0,0.0,0.0,0.0,0.0,0.0,1.0,2.0,-1.0,0.0,0.0,0.0,1530.4231249092104,1445.7101540798974,84.71297082931301,0.7030401665083154,0.29695983349168464,0.4060803330166307,84.71297082931301,0.7030401665083154,0.3333333333333333,0.6666666666666666,-0.3333333333333333,-1.0,4.333333333333333,-5.333333333333333,0.4659911616161616,0.5466342835908052,-0.08064312197464363,0.13681013367925945,0.08780939265466518,0.04900074102459427,0.3753860518566401,0.2788043031945471,0.09658174866209301,0.16294823232323233,0.15497159844985936,0.007976633873372968,100.16666666666667,117.56666666666668,-17.400000000000006,104.60000000000001,110.90000000000002,-6.300000000000011,0.6,0.6,0.0,1.4,-3.8,5.199999999999999,0.4367267581826197,0.5223201927959926,-0.08559343461337293,0.12752395132112254,0.11907918342505289,0.008444767896069655,0.3942293001116531,0.22831199368143412,0.16591730643021896,0.2212150002290046,0.18399957410793305,0.03721542612107154,99.3,107.4,-8.100000000000009,99.86,111.0,-11.14,0.5,0.4,0.09999999999999998,0.7666666666666664,-5.7,6.466666666666667,0.45103180473867643,0.5105614121874701,-0.05952960744879365,0.13556088404720895,0.14033001871455736,-0.004769134667348407,0.36031457832095726,0.24360061741436995,0.11671396090658731,0.2129927151402816,0.19086930459782617,0.022123410542455424,98.52,102.7,-4.180000000000007,97.81,109.67999999999999,-11.86999999999999,train,2024-12-29,2025-02-26
S45G01N47,2024-2025,2024-11-12,16,원주 DB,55,서울 SK,0,63,63,9,9,2.0,2.0,0.0,0.0,0.0,0.0,0.0,0.0,0.0,0.0,0.0,0.0,0.0,0.0,0.0,1.0,3.0,-2.0,0.0,0.0,0.0,1517.4323685633437,1553.7502045938859,-36.31783603054214,0.5411834374128872,0.4588165625871128,0.08236687482577443,-36.31783603054214,0.5411834374128872,0.3333333333333333,1.0,-0.6666666666666667,-0.6666666666666666,25.0,-25.666666666666668,0.4892957870615195,0.611213303604608,-0.12191751654308852,0.19624436155628264,0.11802080449865704,0.0782235570576256,0.30860900426117815,0.32189542483660133,-0.013286420575423175,0.20670427169633934,0.1862597547380156,0.02044451695832375,95.2,123.5,-28.299999999999997,93.66666666666667,90.83333333333333,2.833333333333343,0.2,0.8,-0.6000000000000001,-2.2,13.2,-15.399999999999999,0.5013899722369117,0.5595851250199075,-0.05819515278299581,0.19197453414554075,0.12786330104149407,0.06411123310404668,0.2880820692233736,0.33599439775910367,-0.047912328535730075,0.18339756301780363,0.17175585284280936,0.011641710174994269,96.22,113.75999999999999,-17.539999999999992,97.64,97.08,0.5600000000000023,0.3,0.7,-0.39999999999999997,-4.0,7.3,-11.3,0.4749243779647846,0.5070086519760433,-0.032084274011258684,0.17227398122056017,0.11042180992518125,0.06185217129537893,0.2927059489001259,0.28634321086977077,0.006362738030355142,0.1918464619284957,0.21771053825401654,-0.025864076325520846,94.44000000000001,106.74000000000001,-12.299999999999997,98.94,98.56,0.37999999999999545,train,2024-12-29,2025-02-26
S45G01N48,2024-2025,2024-11-13,66,고양 소노,10,울산 현대모비스,0,63,63,9,9,3.0,3.0,0.0,0.0,0.0,0.0,0.0,0.0,0.0,0.0,0.0,0.0,0.0,0.0,0.0,0.0,2.0,-2.0,2.0,0.0,2.0,1481.296831630045,1518.0537848154463,-36.756953185401244,0.5405557192906412,0.45944428070935883,0.08111143858128234,-36.756953185401244,0.5405557192906412,0.3333333333333333,0.6666666666666666,-0.3333333333333333,-13.0,-2.3333333333333326,-10.666666666666668,0.4081578947368421,0.4721176094126914,-0.06395971467584927,0.11720885832858058,0.1447054253929155,-0.027496567064334926,0.38698151730066627,0.38073593073593076,0.006245586564735506,0.18305892937471888,0.19124247198017688,-0.008183542605458005,94.86666666666669,101.76666666666665,-6.899999999999963,115.33333333333333,103.2,12.133333333333326,0.2,0.6,-0.39999999999999997,-9.8,-0.6000000000000003,-9.200000000000001,0.42257028163629407,0.4841680015450507,-0.06159771990875662,0.11942667707131763,0.16287942024455487,-0.043452743173237246,0.338161132602622,0.39341433521106844,-0.05525320260844646,0.2069297886175674,0.229617278059901,-0.02268748944233362,95.84,101.7,-5.859999999999999,110.47999999999999,100.26,10.219999999999985,0.6,0.7,-0.09999999999999998,0.055555555555556066,0.5444444444444446,-0.48888888888888854,0.4740110237765463,0.5004840514917673,-0.02647302771522103,0.10587058597853136,0.14443856224348806,-0.0385679762649567,0.34562059618886404,0.3501443970427636,-0.004523800853899584,0.19472240169054006,0.24173437850570784,-0.04701197681516778,105.92999999999999,104.83,1.0999999999999943,107.7,104.45,3.25,train,2024-12-29,2025-02-26
S45G01N49,2024-2025,2024-11-14,64,대구 한국가스공사,16,원주 DB,0,63,64,9,10,4.0,2.0,2.0,0.0,0.0,0.0,0.0,0.0,0.0,0.0,0.0,0.0,0.0,0.0,0.0,0.0,0.0,0.0,1.0,1.0,0.0,1521.8890321761353,1506.608699815086,15.280332361049204,0.6135195253413213,0.38648047465867874,0.22703905068264252,15.280332361049204,0.6135195253413213,0.6666666666666666,0.3333333333333333,0.3333333333333333,13.0,1.6666666666666667,11.333333333333334,0.5416473189607518,0.505179211469534,0.03646810749121776,0.11514947056781753,0.14677444427877645,-0.03162497371095892,0.30811195445920303,0.2909322365844105,0.017179717874792555,0.13355760878148937,0.17326164874551966,-0.0397040399640303,113.49999999999999,102.23333333333335,11.266666666666637,96.70000000000003,95.73333333333333,0.966666666666697,0.8,0.2,0.6000000000000001,15.2,-2.4,17.599999999999998,0.5515035428916025,0.49647330557024505,0.05503023732135748,0.14201631302050952,0.16935515744310156,-0.027338844422592046,0.3545942198219238,0.29141540255670695,0.06317881726521685,0.1761951713294997,0.19002256301780363,-0.013827391688303936,114.83999999999999,98.52000000000001,16.31999999999998,94.11999999999999,98.72,-4.6000000000000085,0.7,0.2,0.49999999999999994,13.3,-5.7,19.0,0.5318361219768731,0.47422118161775256,0.05761494035912057,0.13184568449118342,0.16832342995413846,-0.03647774546295504,0.31365037807274077,0.2835596074367112,0.03009077063602955,0.20123949518563716,0.18340810576411215,0.017831389421525012,111.41,94.13000000000001,17.279999999999987,92.92999999999999,100.03999999999999,-7.109999999999999,train,2024-12-29,2025-02-26
S45G01N50,2024-2025,2024-11-14,50,창원 LG,06,수원 KT,0,63,64,9,10,4.0,3.0,1.0,0.0,0.0,0.0,0.0,0.0,0.0,0.0,0.0,0.0,0.0,0.0,0.0,0.0,2.0,-2.0,6.0,0.0,6.0,1519.5401376342168,1536.3623215790442,-16.82218394482743,0.5688924493006494,0.4311075506993506,0.13778489860129883,-16.82218394482743,0.5688924493006494,0.0,0.6666666666666666,-0.6666666666666666,-9.666666666666666,5.333333333333333,-15.0,0.41738363169663534,0.4612377450980392,-0.04385411340140388,0.1077698604673966,0.12340398500427822,-0.015634124536881622,0.2123093681917211,0.35795685795685794,-0.14564748976513683,0.2974983130234589,0.14631127450980394,0.15118703851365498,93.69999999999999,98.89999999999999,-5.200000000000003,104.33333333333333,95.93333333333334,8.399999999999991,0.0,0.6,-0.6,-8.0,2.0,-10.0,0.43906976333541153,0.4547250022563686,-0.01565523892095705,0.11932725067215713,0.12307965462743826,-0.0037524039552811334,0.21497115366185576,0.38482759070994366,-0.1698564370480879,0.24533885555143953,0.1879401977707078,0.05739865778073172,93.82,100.32000000000001,-6.500000000000014,103.72,100.08,3.6400000000000006,0.4,0.6,-0.19999999999999996,0.5,2.2222222222222223,-1.7222222222222223,0.48886512003034144,0.4473443596113718,0.04152076041896963,0.12492621918207576,0.13062566771943035,-0.005699448537354587,0.2600291333693704,0.363092356098735,-0.10306322272936463,0.2451898322146906,0.1829224780902377,0.06226735412445289,102.50999999999999,97.75999999999999,4.75,101.44,95.78,5.659999999999997,train,2024-12-29,2025-02-26
S45G01N51,2024-2025,2024-11-27,60,부산 KCC,10,울산 현대모비스,1,63,64,9,10,14.0,14.0,0.0,0.0,0.0,0.0,0.0,0.0,0.0,0.0,0.0,0.0,0.0,0.0,0.0,0.0,3.0,-3.0,1.0,0.0,1.0,1507.8836466284445,1528.864899201259,-20.981252572814583,0.5630112795172342,0.4369887204827658,0.12602255903446835,-20.981252572814583,0.5630112795172342,0.3333333333333333,1.0,-0.6666666666666667,-9.0,4.666666666666667,-13.666666666666668,0.4895069648093842,0.48099791829300026,0.008509046516383956,0.11119584480208951,0.14403793527449696,-0.03284209047240745,0.20866660083604885,0.354978354978355,-0.14631175414230616,0.18809567448680356,0.2504445311822361,-0.062348856695432525,102.36666666666667,100.86666666666667,1.5,111.56666666666668,95.60000000000001,15.966666666666669,0.6,0.8,-0.20000000000000007,-3.2,-2.6645352591003756e-16,-3.1999999999999997,0.5049807323897004,0.4935086608857101,0.011472071503990322,0.08976078344033647,0.15931119973944569,-0.06955041629910921,0.1774688680646545,0.379538737124944,-0.2020698690602895,0.14184291193845894,0.2252216736642966,-0.08337876172583766,103.52000000000001,102.03999999999999,1.4800000000000182,105.2,100.72,4.480000000000004,0.5,0.7,-0.19999999999999996,-2.3,0.5444444444444446,-2.8444444444444446,0.520663627537152,0.49535800107159933,0.025305626465552677,0.10180057820178345,0.14671765300949452,-0.044917074807711066,0.1853770390737014,0.3517028386012052,-0.16632579952750381,0.14987884317998998,0.24971757178301873,-0.09983872860302875,106.31000000000002,103.45,2.8600000000000136,107.08,102.92,4.159999999999997,train,2024-12-29,2025-02-26
S45G01N52,2024-2025,2024-11-27,50,창원 LG,55,서울 SK,0,64,64,10,10,13.0,14.0,-1.0,0.0,0.0,0.0,0.0,0.0,0.0,0.0,0.0,0.0,0.0,0.0,0.0,0.0,4.0,-4.0,7.0,0.0,7.0,1508.1622886482037,1564.5738733421435,-56.41158469393986,0.5123572063014389,0.4876427936985611,0.024714412602877767,-56.41158469393986,0.5123572063014389,0.0,1.0,-1.0,-10.0,21.333333333333332,-31.333333333333332,0.41871297699407634,0.6046773558921897,-0.1859643788981134,0.11782805014194521,0.12024134824131699,-0.002413298099371783,0.21786492374727673,0.26515151515151514,-0.04728659140423841,0.2124202139872342,0.18217478741775414,0.030245426569480066,90.3,120.03333333333335,-29.73333333333335,104.16666666666667,92.53333333333335,11.633333333333326,0.0,0.8,-0.8,-7.2,13.6,-20.8,0.4535728059317604,0.5682826040115042,-0.1147097980797438,0.10863211896967293,0.1292255841450826,-0.020593465175409664,0.2198098633392751,0.3212757830404889,-0.10146591970121382,0.21024757766097305,0.2019239200697001,0.008323657591272932,96.56,116.2,-19.64,105.92,99.74,6.180000000000007,0.3,0.8,-0.5,-3.2,10.4,-13.600000000000001,0.485139629834263,0.5126867565512068,-0.02754712671694376,0.12839420341650937,0.11382220854616812,0.014571994870341248,0.24752913336937032,0.28560411256969687,-0.03807497920032654,0.23295453809704356,0.22342949250238253,0.009525045594661025,100.57,107.57000000000001,-7.000000000000014,104.3,95.74,8.560000000000002,train,2024-12-29,2025-02-26
S45G01N53,2024-2025,2024-11-28,35,서울 삼성,06,수원 KT,0,63,65,9,11,14.0,14.0,0.0,0.0,0.0,0.0,0.0,0.0,0.0,0.0,0.0,0.0,0.0,0.0,0.0,0.0,3.0,-3.0,1.0,0.0,1.0,1404.0207149693747,1547.7401705650573,-143.71945559568258,0.38861312931957687,0.6113868706804231,-0.2227737413608462,-143.71945559568258,0.38861312931957687,0.6666666666666666,1.0,-0.33333333333333337,-13.333333333333334,6.333333333333333,-19.666666666666668,0.4781520562770562,0.47204582590612,0.0061062303709362165,0.1435578130964733,0.12956397847546985,0.013993834621003454,0.3608803986710963,0.3232078232078232,0.03767257546327307,0.2594396344396345,0.18711935531788473,0.07232027912174979,101.13333333333333,100.7,0.4333333333333229,122.83333333333336,93.96666666666665,28.866666666666703,0.4,0.6,-0.19999999999999996,-9.333333333333332,2.0,-11.333333333333332,0.46907370246033037,0.47219719251336906,-0.003123490053038691,0.13782217483021864,0.13670010963610585,0.0011220651941127868,0.3616710963455149,0.3678742737566267,-0.00620317741111176,0.24525233164768045,0.17566555258467023,0.06958677906301022,99.46000000000001,101.35999999999999,-1.8999999999999773,114.9,100.52,14.38000000000001,0.2,0.7,-0.49999999999999994,-10.466666666666665,2.922222222222222,-13.388888888888888,0.46118837515161,0.4561105933776055,0.005077781774004475,0.1621686576970702,0.13149471368823,0.030673944008840187,0.3406664149803685,0.3529715970418058,-0.012305182061437325,0.22054444901127254,0.20121252138028103,0.019331927630991508,94.51,99.38000000000001,-4.8700000000000045,109.30999999999999,96.28999999999999,13.019999999999996,train,2024-12-29,2025-02-26
S45G01N54,2024-2025,2024-11-28,16,원주 DB,66,고양 소노,1,65,64,11,10,14.0,14.0,0.0,0.0,0.0,0.0,0.0,0.0,0.0,0.0,0.0,0.0,0.0,0.0,0.0,1.0,0.0,1.0,0.0,3.0,-3.0,1518.8790903219126,1470.4857172442323,48.39337307768028,0.6576287136333739,0.34237128636662606,0.3152574272667479,48.39337307768028,0.6576287136333739,0.6666666666666666,0.0,0.6666666666666666,6.333333333333333,-18.666666666666668,25.0,0.4849411162314388,0.4290863574461267,0.0558547587853121,0.13004613140275947,0.11605159352481441,0.013994537877945065,0.34459459459459457,0.3398947964334576,0.00469979816113697,0.16215053763440856,0.1971673475927261,-0.035016809958317546,102.83333333333336,92.80000000000001,10.033333333333346,91.26666666666667,119.76666666666667,-28.5,0.4,0.2,0.2,-1.0,-8.6,7.6,0.48776794842738785,0.44417497830948394,0.04359297011790392,0.1666339363776594,0.12001946269421207,0.046614473683447316,0.3108410782323826,0.3393535445267412,-0.028512466294358607,0.16002256301780365,0.21612744028097247,-0.05610487726316882,97.14,98.67999999999999,-1.539999999999992,96.35999999999999,111.22,-14.860000000000014,0.2,0.5,-0.3,-5.7,-0.49999999999999956,-5.200000000000001,0.467524753046324,0.4738080811078501,-0.0062833280615260945,0.16777270873794647,0.10458911483997455,0.06318359389797193,0.2955909936616458,0.3460779132620348,-0.05048691960038898,0.15278310576411214,0.19235473722241897,-0.03957163145830683,92.89000000000001,105.21,-12.319999999999979,98.78,106.8,-8.019999999999996,train,2024-12-29,2025-02-26
S45G01N55,2024-2025,2024-11-29,55,서울 SK,64,대구 한국가스공사,1,65,64,11,10,2.0,14.0,-12.0,0.0,0.0,0.0,0.0,0.0,0.0,0.0,0.0,0.0,0.0,0.0,0.0,5.0,0.0,5.0,0.0,2.0,-2.0,1574.8210174681724,1509.6186416693088,65.20237579886361,0.6790708586051523,0.32092914139484774,0.3581417172103045,65.20237579886361,0.6790708586051523,1.0,0.3333333333333333,0.6666666666666667,11.0,8.666666666666666,2.333333333333334,0.547685581509111,0.504333886124931,0.043351695384179934,0.0997706933505322,0.11179577486868512,-0.01202508151815293,0.24385521885521885,0.322933227344992,-0.07907800848977317,0.21011577188047773,0.1285824844033799,0.08153328747709782,114.33333333333333,107.26666666666665,7.066666666666677,99.16666666666667,94.66666666666669,4.499999999999986,1.0,0.6,0.4,17.6,9.8,7.800000000000001,0.563031638760539,0.5342149856776721,0.02881665308286685,0.10964440449289947,0.1286588032566749,-0.01901439876377542,0.2977837195484254,0.31634058156828554,-0.01855686201986012,0.21628685443263448,0.1404240270508927,0.07586282738174177,117.1,110.72,6.3799999999999955,95.14000000000001,97.36,-2.2199999999999847,0.8,0.7,0.10000000000000009,8.5,13.7,-5.199999999999999,0.5047365986010488,0.5359299386080032,-0.031193340006954395,0.11219708019850942,0.13629830258016515,-0.024101222381655726,0.27987311841765006,0.31301783063168265,-0.03314471221403259,0.21918238825527828,0.17883011352252418,0.0403522747327541,106.35,110.69000000000001,-4.340000000000018,96.78,91.75,5.030000000000001,train,2024-12-29,2025-02-26
S45G01N56,2024-2025,2024-11-29,70,안양 정관장,60,부산 KCC,1,64,64,10,10,14.0,2.0,12.0,0.0,0.0,0.0,0.0,0.0,0.0,0.0,0.0,0.0,0.0,0.0,0.0,0.0,1.0,-1.0,1.0,0.0,1.0,1439.7709574100636,1516.6234210380999,-76.85246362803628,0.48294954748750085,0.5170504525124991,-0.034100905024998296,-76.85246362803628,0.48294954748750085,0.6666666666666666,0.6666666666666666,0.0,11.0,-0.6666666666666666,11.666666666666666,0.5192533312098528,0.5321476574500769,-0.012894326240224019,0.1072406085649764,0.09351721718228116,0.013723391382695238,0.25456187895212284,0.23936835522201375,0.015193523730109099,0.24068588416414505,0.2188316052227343,0.02185427894141076,112.16666666666667,114.2,-2.0333333333333314,94.00000000000001,110.23333333333335,-16.233333333333334,0.6,0.6,0.0,0.6,-4.0,4.6,0.5101234272973403,0.5023584231920487,0.007765004105291573,0.10938942146785131,0.08676008603431656,0.02262933543353475,0.23081199368143412,0.19805710335877216,0.03275489032266196,0.1769914878545638,0.18755719765274464,-0.010565709798180833,106.3,105.7,0.5999999999999943,105.11999999999998,108.2,-3.0800000000000267,0.4,0.5,-0.09999999999999998,-6.6,-4.3,-2.3,0.49198371795188106,0.5116755322990568,-0.019691814347175762,0.13948676564237947,0.09777370871775573,0.04171305692462374,0.24137839519214768,0.17794460664126896,0.06343378855087872,0.19137055773065823,0.14773598603713284,0.04363457169352539,99.86,104.55,-4.689999999999998,108.44000000000001,107.75,0.6900000000000119,train,2024-12-29,2025-02-26
S45G01N57,2024-2025,2024-11-30,06,수원 KT,10,울산 현대모비스,0,66,65,12,11,2.0,3.0,-1.0,0.0,0.0,0.0,0.0,0.0,0.0,0.0,0.0,0.0,0.0,0.0,0.0,4.0,0.0,4.0,0.0,1.0,-1.0,1555.5124331514487,1520.1251247916036,35.387308359845065,0.6405784814767093,0.35942151852329074,0.2811569629534185,35.387308359845065,0.6405784814767093,1.0,0.6666666666666666,0.33333333333333337,8.333333333333334,0.6666666666666673,7.666666666666667,0.49008628484331807,0.4948868071818892,-0.004800522338571145,0.11501570483773076,0.12473956517598322,-0.009723860338252469,0.3424996424996425,0.3121212121212121,0.03037843037843041,0.22161512826474464,0.20244258186449726,0.019172546400247376,107.0,101.93333333333334,5.066666666666663,93.96666666666665,102.63333333333333,-8.666666666666671,0.8,0.6,0.20000000000000007,6.0,-1.6000000000000003,7.6000000000000005,0.4766767709059909,0.4818419942190434,-0.005165223313052469,0.11461579494785941,0.1335196043720455,-0.018903809424186083,0.3424961224961225,0.34298701298701295,-0.000490890490890461,0.19134407695884678,0.1903093929625422,0.001034683996304575,103.94000000000001,101.96,1.9800000000000182,97.14000000000001,104.34,-7.199999999999989,0.7,0.7,0.0,3.2222222222222223,2.0444444444444447,1.1777777777777776,0.4568352310587649,0.49829917754218755,-0.041463946483422665,0.12005308144111759,0.14170626764765634,-0.02165318620653875,0.36827113621231267,0.3531314100297766,0.015139726182536062,0.21182567634126204,0.22363398045174937,-0.011808304110487333,101.94,104.19000000000001,-2.250000000000014,97.87,101.08000000000001,-3.210000000000008,train,2024-12-29,2025-02-26
S45G01N58,2024-2025,2024-11-30,66,고양 소노,50,창원 LG,0,65,65,11,11,2.0,3.0,-1.0,0.0,0.0,0.0,0.0,0.0,0.0,0.0,0.0,0.0,0.0,0.0,0.0,0.0,0.0,0.0,4.0,8.0,-4.0,1463.6382915168997,1497.9151445221748,-34.27685300527514,0.5440992767769699,0.4559007232230301,0.0881985535539398,-34.27685300527514,0.5440992767769699,0.0,0.0,0.0,-10.666666666666666,-9.666666666666666,-1.0,0.48771883607860533,0.4681867520113296,0.019532084067275746,0.10715281400520445,0.14307743502075632,-0.03592462101555187,0.28384354957919083,0.2348927875243665,0.04895076205482435,0.17528700571238423,0.1089868116407884,0.06630019407159583,101.43333333333335,92.2,9.233333333333348,116.33333333333333,107.40000000000002,8.933333333333309,0.2,0.0,0.2,-10.2,-7.2,-2.999999999999999,0.45463130164716326,0.45921108268379535,-0.004579781036632091,0.11467903264262813,0.12645706783271005,-0.011778035190081915,0.33431322194609603,0.2405435156518748,0.09376970629422124,0.18342861368384078,0.20782550102805658,-0.0243968873442158,98.92,96.94,1.980000000000004,113.4,105.35999999999999,8.04000000000002,0.4,0.2,0.2,-3.3,-4.0,0.7000000000000002,0.4695469475046112,0.49818310809513255,-0.028636160590521376,0.1069325125323507,0.13410495419068016,-0.027172441658329466,0.32614703768599795,0.24740076366462063,0.07874627402137732,0.19128186272849185,0.19672265403907255,-0.0054407913105807,103.16,101.69,1.4699999999999989,109.19000000000001,105.8,3.390000000000015,train,2024-12-29,2025-02-26
S45G01N59,2024-2025,2024-11-30,35,서울 삼성,16,원주 DB,0,64,66,10,12,2.0,2.0,0.0,0.0,0.0,0.0,0.0,0.0,0.0,0.0,0.0,0.0,0.0,0.0,0.0,0.0,2.0,-2.0,2.0,0.0,2.0,1396.2484523829833,1525.7265160492452,-129.47806366626196,0.4082594086803454,0.5917405913196546,-0.18348118263930924,-129.47806366626196,0.4082594086803454,0.3333333333333333,0.6666666666666666,-0.3333333333333333,-18.0,2.3333333333333335,-20.333333333333332,0.4622790404040404,0.5148272642390289,-0.05254822383498853,0.17617920636313933,0.12475868947289785,0.05142051689024148,0.37278516057585825,0.3599970938680616,0.012788066707796641,0.3113462208289795,0.12372549019607838,0.18762073063290113,94.33333333333333,108.16666666666667,-13.833333333333343,123.83333333333336,104.56666666666668,19.26666666666668,0.4,0.6,-0.19999999999999996,-10.933333333333334,4.0,-14.933333333333334,0.4706121639987919,0.5106705520918045,-0.04005838809301254,0.1562338829936196,0.14423702177365755,0.011996861219962046,0.3973853820598007,0.3405575982714833,0.056827783788317376,0.2745892016742057,0.1621922833649589,0.11239691830924681,98.4,105.36000000000001,-6.960000000000008,116.55999999999999,98.28,18.279999999999987,0.2,0.3,-0.09999999999999998,-8.166666666666666,-4.2,-3.966666666666666,0.4680065569697918,0.48500427650127564,-0.016997719531483824,0.1688518279078911,0.1613316364328515,0.0075201914750396,0.3620949864089399,0.2990856173175598,0.06300936909138011,0.23250892132057244,0.16050834775964454,0.0720005735609279,95.85,96.65,-0.8000000000000114,108.35999999999999,100.75,7.609999999999985,train,2024-12-29,2025-02-26
S45G01N60,2024-2025,2024-12-01,55,서울 SK,06,수원 KT,1,66,67,12,13,2.0,1.0,1.0,0.0,1.0,-1.0,0.0,0.0,0.0,0.0,0.0,0.0,0.0,0.0,0.0,6.0,0.0,6.0,0.0,1.0,-1.0,1581.2396002960693,1542.7008635219145,38.53873677415481,0.6447445032603636,0.3552554967396364,0.2894890065207272,38.53873677415481,0.6447445032603636,1.0,0.6666666666666666,0.33333333333333337,5.0,0.6666666666666666,4.333333333333333,0.46097557789769894,0.4905005350504432,-0.02952495715274428,0.10549685660753955,0.11270800266806336,-0.00721114606052381,0.2557115874189045,0.3269051005893111,-0.07119351317040662,0.25872537823656294,0.23362838427137264,0.0250969939651903,100.43333333333334,106.46666666666665,-6.033333333333317,95.83333333333333,104.53333333333332,-8.699999999999989,1.0,0.8,0.19999999999999996,14.2,3.8,10.399999999999999,0.5349799955680508,0.4790429680890894,0.05593702747896134,0.11025977272616376,0.11918517821491574,-0.00892540548875198,0.27009361911800933,0.3252028894134157,-0.055109270295406354,0.20865774645141383,0.20396379526870595,0.004693951182707878,110.38,102.64000000000001,7.739999999999981,92.14,98.14,-6.0,0.8,0.6,0.20000000000000007,8.2,1.8222222222222222,6.377777777777777,0.5008774436714712,0.4581279186914101,0.04274952498006113,0.11160966346340587,0.11947287749111254,-0.007863214027706678,0.27868196697125186,0.3667673768138165,-0.08808540984256463,0.22453450093133465,0.21095745330441082,0.013577047626923827,105.66,101.6,4.060000000000002,96.53,100.22,-3.6899999999999977,train,2024-12-29,2025-02-26
S45G01N61,2024-2025,2024-12-01,66,고양 소노,60,부산 KCC,0,66,65,12,11,1.0,2.0,-1.0,1.0,0.0,1.0,0.0,0.0,0.0,0.0,0.0,0.0,0.0,0.0,0.0,0.0,0.0,0.0,5.0,1.0,4.0,1452.7563059813604,1506.2824119878499,-53.5261060064895,0.5165062605481835,0.4834937394518165,0.03301252109636699,-53.5261060064895,0.5165062605481835,0.0,0.3333333333333333,-0.3333333333333333,-6.666666666666667,-12.777777777777779,6.111111111111112,0.5162276080084299,0.4389763611537805,0.0772512468546494,0.11034831198967367,0.10900497870760346,0.0013433332820702026,0.3074620879036115,0.17362912990832036,0.13383295799529116,0.22009132420091326,0.24718808670421577,-0.027096762503302507,108.03333333333335,94.53333333333335,13.5,115.03333333333335,108.7,6.333333333333343,0.0,0.4,-0.4,-14.8,-5.866666666666666,-8.933333333333334,0.47129796831382986,0.4812835439649955,-0.009985575651165646,0.11013300243465687,0.10624057692155076,0.003892425513106118,0.3249994964559,0.2049871945441825,0.1200123019117175,0.19830040855563566,0.2224605792952567,-0.02416017073962104,101.08,102.36,-1.2800000000000011,121.55999999999999,107.64000000000001,13.919999999999973,0.3,0.4,-0.10000000000000003,-5.1,-5.333333333333334,0.23333333333333428,0.4729716050388578,0.5053879947615192,-0.032416389722661365,0.10969402504799682,0.10302719419359192,0.006666830854404893,0.3158083567590817,0.17704874997833503,0.13875960678074667,0.20270441278117887,0.17292367372482054,0.029780739056358335,103.07000000000001,103.55,-0.47999999999998977,111.3,108.1,3.200000000000003,train,2024-12-29,2025-02-26
S45G01N62,2024-2025,2024-12-01,64,대구 한국가스공사,70,안양 정관장,1,65,65,11,11,2.0,2.0,0.0,0.0,0.0,0.0,0.0,0.0,0.0,0.0,0.0,0.0,0.0,0.0,0.0,0.0,1.0,-1.0,3.0,0.0,3.0,1503.2000588414119,1450.1119664603136,53.08809238109825,0.663687295549071,0.336312704450929,0.32737459109814204,53.08809238109825,0.663687295549071,0.0,0.6666666666666666,-0.6666666666666666,-3.3333333333333335,12.444444444444445,-15.777777777777779,0.4248894416804865,0.5072066119534474,-0.08231717027296093,0.12865734602468973,0.1246182568790291,0.004039089145660632,0.29480023501762637,0.22769726247987113,0.06710297253775524,0.17173063255152807,0.26349515463439516,-0.09176452208286709,90.46666666666665,107.13333333333333,-16.66666666666667,94.43333333333335,89.60000000000002,4.833333333333329,0.4,0.6,-0.19999999999999996,6.4,1.4666666666666666,4.933333333333334,0.491033167495854,0.4999968450188593,-0.008963677523005309,0.11837947300979153,0.11462291415553483,0.0037565588542567002,0.2867473136860976,0.2594564949602065,0.02729081872589112,0.14825230987917556,0.1956954364659373,-0.047443126586761725,103.22,106.46,-3.239999999999995,94.41999999999999,104.08,-9.66000000000001,0.7,0.5,0.19999999999999996,13.8,-3.6666666666666665,17.46666666666667,0.530806987788331,0.49317042681264056,0.03763656097569046,0.132414224420293,0.13446745214269745,-0.0020532277224044604,0.3135975407766102,0.23337444262297774,0.08022309815363243,0.17621171643691397,0.19748870119057388,-0.02127698475365991,110.07000000000001,100.58000000000001,9.489999999999995,91.62,105.63999999999999,-14.019999999999982,train,2024-12-29,2025-02-26
S45G01N63,2024-2025,2024-12-02,35,서울 삼성,10,울산 현대모비스,0,65,66,11,12,2.0,2.0,0.0,0.0,0.0,0.0,0.0,0.0,0.0,0.0,0.0,0.0,0.0,0.0,0.0,0.0,1.0,-1.0,3.0,0.0,3.0,1388.0832642093765,1532.9366944211379,-144.8534302117614,0.38706333021095923,0.6129366697890408,-0.2258733395780816,-144.8534302117614,0.38706333021095923,0.0,0.6666666666666666,-0.6666666666666666,-21.666666666666668,3.6666666666666674,-25.333333333333336,0.4252079619726678,0.4999021526418787,-0.0746941906692109,0.17974954507433605,0.12107984371620299,0.058669701358133056,0.36142152421222185,0.35330225330225334,0.008119270909968501,0.25497367180937164,0.20356542040031586,0.05140825140905578,88.96666666666665,106.73333333333333,-17.76666666666668,120.30000000000003,102.83333333333333,17.466666666666697,0.4,0.8,-0.4,-12.4,4.6,-17.0,0.46777358670741026,0.4899686139894988,-0.022195027282088553,0.1632950853463006,0.130748227307274,0.0325468580390266,0.37756720024161883,0.3704229104229104,0.007144289818708405,0.26925404435546424,0.215263113806674,0.05399093054879023,97.84,105.24000000000001,-7.400000000000006,117.52000000000001,99.64000000000001,17.879999999999995,0.2,0.7,-0.49999999999999994,-8.666666666666666,1.2444444444444447,-9.911111111111111,0.4591519587924927,0.4844913554258484,-0.025339396633355715,0.16592310446742164,0.13963574989807284,0.026287354569348803,0.3545192288331823,0.368516025414392,-0.01399679658120967,0.22774504393863376,0.23242889806143766,-0.004683854122803893,94.72999999999999,103.35999999999999,-8.629999999999995,107.99000000000001,100.74,7.250000000000014,train,2024-12-29,2025-02-26
S45G01N64,2024-2025,2024-12-03,64,대구 한국가스공사,66,고양 소노,1,66,67,12,13,2.0,2.0,0.0,0.0,0.0,0.0,0.0,0.0,0.0,0.0,0.0,0.0,0.0,0.0,0.0,1.0,0.0,1.0,0.0,6.0,-6.0,1509.9263129304304,1442.4261807703967,67.50013216003367,0.6819466022517278,0.31805339774827224,0.3638932045034555,67.50013216003367,0.6819466022517278,0.3333333333333333,0.0,0.3333333333333333,-1.3333333333333333,-8.333333333333334,7.000000000000001,0.4346360303744436,0.5129759129759129,-0.07833988260146935,0.10819131778183504,0.10989066044817253,-0.0016993426663374916,0.2712495103799452,0.2665858458078572,0.004663664572088,0.17931904803468038,0.16363636363636366,0.015682684398316715,95.13333333333333,106.83333333333336,-11.700000000000031,96.20000000000003,116.7,-20.49999999999997,0.4,0.0,0.4,5.4,-9.4,14.8,0.47233717378022166,0.4865706955865571,-0.014233521806335414,0.10701723061528712,0.11157930790058242,-0.004562077285295299,0.30245558858090826,0.29154795981287396,0.010907628768034305,0.1638453970747765,0.1818155600707872,-0.017970162996010702,103.17999999999999,102.38,0.7999999999999972,95.38,114.94000000000001,-19.560000000000016,0.7,0.2,0.49999999999999994,11.1,-6.3,17.4,0.5205365199520737,0.4699413020085549,0.050595217943518844,0.12979557003920814,0.11321056800784506,0.01658500203136308,0.3170052963582788,0.2984106959403683,0.0185946004179105,0.17928189187551047,0.19979532187208798,-0.020513429996577515,108.99000000000001,101.18,7.810000000000002,94.3,110.05,-15.75,train,2024-12-29,2025-02-26
S45G01N65,2024-2025,2024-12-04,16,원주 DB,70,안양 정관장,1,67,66,13,12,4.0,3.0,1.0,0.0,0.0,0.0,0.0,0.0,0.0,0.0,0.0,0.0,0.0,0.0,0.0,3.0,0.0,3.0,0.0,1.0,-1.0,1533.8917042228522,1443.385712371295,90.50599185155716,0.7099547822166009,0.2900452177833991,0.4199095644332018,90.50599185155716,0.7099547822166009,1.0,0.3333333333333333,0.6666666666666667,8.333333333333334,-2.8888888888888893,11.222222222222223,0.49355742296918764,0.46702166029308584,0.026535762676101804,0.12434255821648997,0.1567003342942601,-0.03235777607777014,0.38777487164583935,0.22769726247987113,0.16007760916596822,0.19229691876750696,0.2586191563157739,-0.06632223754826697,108.16666666666669,95.39999999999999,12.766666666666694,98.96666666666668,99.16666666666669,-0.20000000000000284,0.8,0.6,0.20000000000000007,7.8,7.066666666666667,0.7333333333333325,0.494241980663233,0.5096221377589061,-0.015380157095673086,0.12242875280500691,0.12417203546830358,-0.0017432826632966664,0.3637460040685847,0.24935548485919642,0.11439051920938828,0.19266847384114935,0.2424401671450942,-0.04977169330394485,107.46,107.74000000000001,-0.28000000000001535,95.88,96.3,-0.4200000000000017,0.4,0.5,-0.09999999999999998,-0.2,-3.2666666666666666,3.0666666666666664,0.4910955463425455,0.4941437874683783,-0.0030482411258327957,0.15621842029813,0.13768182233380466,0.01853659796432533,0.30287349610543857,0.23946763258713538,0.06340586351830318,0.17102422077551754,0.2096557093872952,-0.03863148861177765,99.11,100.96000000000001,-1.8500000000000085,97.96000000000001,104.85999999999999,-6.899999999999977,train,2024-12-29,2025-02-26
S45G01N66,2024-2025,2024-12-05,10,울산 현대모비스,50,창원 LG,1,67,66,13,12,3.0,5.0,-2.0,0.0,0.0,0.0,0.0,0.0,0.0,0.0,0.0,0.0,0.0,0.0,0.0,2.0,1.0,1.0,0.0,0.0,0.0,1540.677961025357,1508.7971300577142,31.88083096764285,0.6359180893086438,0.3640819106913562,0.2718361786172876,31.88083096764285,0.6359180893086438,0.6666666666666666,0.3333333333333333,0.3333333333333333,8.333333333333334,0.3333333333333333,8.0,0.5165688193085454,0.53154305200341,-0.014974232694864642,0.112172345531744,0.12002479269953709,-0.007852447167793083,0.36655982905982903,0.29573934837092736,0.07082048068890168,0.1845178013526968,0.10684853651605568,0.07766926483664112,112.16666666666667,109.23333333333333,2.933333333333337,100.66666666666667,109.30000000000001,-8.63333333333334,0.8,0.2,0.6000000000000001,6.0,-5.4,11.4,0.5068733758942607,0.46427126445731537,0.04260211143694537,0.12377323737548614,0.11817784898261266,0.0055953883928734766,0.3472086247086247,0.2581625632709224,0.08904606143770227,0.21375517729873753,0.16803183853726808,0.045723338761469445,106.88,98.75999999999999,8.120000000000005,98.97999999999999,106.42,-7.440000000000012,0.7,0.2,0.49999999999999994,2.666666666666667,-3.7,6.366666666666667,0.49127706971156276,0.4905690046990693,0.0007080650124934862,0.1395237924120622,0.11969253785968312,0.01983125455237908,0.365766025414392,0.2528769541408111,0.11288907127358089,0.22278604091858054,0.20366619719286877,0.019119843725711766,104.12,102.85,1.2700000000000102,99.59,106.16999999999999,-6.579999999999984,train,2024-12-29,2025-02-26
S45G01N67,2024-2025,2024-12-05,64,대구 한국가스공사,35,서울 삼성,0,67,66,13,12,2.0,3.0,-1.0,0.0,0.0,0.0,0.0,0.0,0.0,0.0,0.0,0.0,0.0,0.0,0.0,2.0,0.0,2.0,0.0,4.0,-4.0,1516.2873808853958,1380.3419976051573,135.9453832802385,0.7607388702500563,0.23926112974994374,0.5214777405001125,135.9453832802385,0.7607388702500563,0.6666666666666666,0.0,0.6666666666666666,7.666666666666667,-12.666666666666666,20.333333333333332,0.48464912280701755,0.441567206592782,0.04308191621423557,0.11948925287068364,0.17336341986654924,-0.0538741669958656,0.27639751552795033,0.3624153624153624,-0.08601784688741204,0.3023879142300195,0.28110454576633254,0.021283368463686947,103.06666666666665,92.13333333333333,10.933333333333323,94.1666666666667,110.66666666666669,-16.499999999999986,0.4,0.2,0.2,3.0,-16.0,19.0,0.4707231386925024,0.44230774819809343,0.028415390494408943,0.124573193643148,0.1604203314527392,-0.0358471378095912,0.29489256337082426,0.3482631709375895,-0.05337060756676526,0.2372489058467063,0.28305666685373887,-0.04580776100703257,99.25999999999999,93.25999999999999,6.0,95.9,117.75999999999999,-21.859999999999985,0.7,0.2,0.49999999999999994,12.7,-9.366666666666665,22.066666666666663,0.5310628357415474,0.4662494374504241,0.06481339829112337,0.1336009999920522,0.16364183532792048,-0.030040835335868293,0.3205767249297074,0.3501662175034268,-0.0295894925737194,0.21047384233990676,0.231993604589815,-0.02151976224990823,110.21,96.06,14.149999999999991,93.83,110.37,-16.540000000000006,train,2024-12-29,2025-02-26
S45G01N68,2024-2025,2024-12-06,70,안양 정관장,55,서울 SK,0,67,67,13,13,2.0,5.0,-3.0,0.0,0.0,0.0,0.0,0.0,0.0,0.0,0.0,0.0,0.0,0.0,0.0,0.0,7.0,-7.0,2.0,0.0,2.0,1437.584808015627,1588.3447102308621,-150.75990221523512,0.3790285249423282,0.6209714750576718,-0.2419429501153436,-150.75990221523512,0.3790285249423282,0.3333333333333333,1.0,-0.6666666666666667,-9.555555555555555,15.0,-24.555555555555557,0.4508898452482273,0.47005456160385756,-0.019164716355630274,0.15384877348808626,0.10010673653348619,0.05374203695460007,0.26359469837730704,0.34241192411924115,-0.07881722574193412,0.2551685006912052,0.27356934399187915,-0.01840084330067393,95.2,108.89999999999999,-13.699999999999989,107.53333333333335,87.86666666666667,19.66666666666667,0.4,1.0,-0.6,0.6666666666666657,14.6,-13.933333333333334,0.4849844565994858,0.5187521939758891,-0.03376773737640332,0.1393354699047718,0.10627768631985601,0.03305778358491579,0.2426012634708287,0.2895380635624538,-0.046936800091625125,0.2656285729421956,0.24156242087476554,0.02406615206743007,102.28,112.84,-10.560000000000002,100.34,92.46,7.88000000000001,0.4,0.9,-0.5,-7.166666666666667,12.2,-19.366666666666667,0.4883756715263493,0.5161966315258704,-0.027820959999521055,0.1407300070783685,0.11810792679417945,0.02262208028418905,0.2405071336266365,0.3077223710116559,-0.06721523738501939,0.22519194127135314,0.23225354245319307,-0.007061601181839933,100.8,109.92999999999999,-9.129999999999995,109.05999999999999,94.6,14.459999999999994,train,2024-12-29,2025-02-26
S45G01N69,2024-2025,2024-12-06,66,고양 소노,06,수원 KT,0,68,68,14,14,3.0,5.0,-2.0,0.0,0.0,0.0,0.0,0.0,0.0,0.0,0.0,0.0,0.0,0.0,0.0,0.0,0.0,0.0,7.0,2.0,5.0,1436.0651128154313,1535.5957535871216,-99.53064077169029,0.45046939067669806,0.5495306093233019,-0.09906121864660383,-99.53064077169029,0.45046939067669806,0.0,0.3333333333333333,-0.3333333333333333,-12.333333333333334,-12.666666666666666,0.33333333333333215,0.476010101010101,0.44645716012471537,0.029552940885385626,0.12688121865203258,0.12148888668356161,0.00539233196847097,0.25470129572296757,0.3213610950453056,-0.06665979932233801,0.19440559440559443,0.23125167601231145,-0.03684608160671701,99.06666666666668,97.2,1.8666666666666742,113.60000000000001,114.56666666666668,-0.9666666666666686,0.0,0.6,-0.6,-9.8,-5.0,-4.800000000000001,0.49534262541111856,0.4604767916185012,0.03486583379261737,0.12048244883669934,0.12750736143868713,-0.007024912601987787,0.2549450889994768,0.33545929966982596,-0.08051421067034914,0.1902366127023661,0.21664761879811772,-0.026411006095751616,101.44,99.58000000000001,1.8599999999999852,112.35999999999999,106.5,5.859999999999985,0.1,0.6,-0.5,-9.8,-1.8,-8.0,0.4589564535237064,0.44860177490056047,0.01035467862314593,0.11995456295400848,0.12751565637990486,-0.0075610934258963786,0.2965531108010494,0.3648442998907395,-0.06829118908969012,0.19858320065996676,0.21893130951356113,-0.020348108853594365,98.64,99.44000000000001,-0.8000000000000114,111.41999999999999,103.17999999999999,8.239999999999995,train,2024-12-29,2025-02-26
S45G01N70,2024-2025,2024-12-07,10,울산 현대모비스,64,대구 한국가스공사,1,68,68,14,14,2.0,2.0,0.0,0.0,0.0,0.0,0.0,0.0,0.0,0.0,0.0,0.0,0.0,0.0,0.0,3.0,0.0,3.0,0.0,1.0,-1.0,1547.9595992391842,1501.0726034803947,46.88699575878945,0.6556736591308567,0.34432634086914327,0.31134731826171347,46.88699575878945,0.6556736591308567,1.0,0.6666666666666666,0.33333333333333337,12.0,3.3333333333333335,8.666666666666666,0.5189842782457434,0.49041835357624836,0.02856592466949509,0.11328008556643814,0.13127431664629005,-0.017994231079851916,0.33107595809208706,0.26172802100691817,0.0693479370851689,0.23111073295707008,0.2800944669365722,-0.04898373397950212,111.66666666666667,101.2333333333333,10.433333333333366,94.56666666666668,98.2666666666667,-3.700000000000017,0.8,0.4,0.4,7.0,0.6,6.4,0.5099619955188747,0.460295788265152,0.04966620725372267,0.11466440047615907,0.12805438065687505,-0.01338998018071598,0.31319102940070687,0.2589169536147267,0.05427407578598015,0.21423034954867815,0.23617442477222522,-0.021944075223547077,107.9,95.85999999999999,12.04000000000002,99.16,95.35999999999999,3.8000000000000114,0.7,0.6,0.09999999999999998,3.2,7.9,-4.7,0.4970649985319627,0.5058996655783773,-0.008834667046414613,0.13877191036035696,0.13503534683869228,0.003736563521664682,0.3533026823058876,0.30675558671832526,0.04654709558756237,0.22192381380428955,0.20618479805086248,0.015739015753427066,104.8,105.35,-0.5499999999999972,99.71000000000001,94.74,4.970000000000013,train,2024-12-29,2025-02-26
S45G01N71,2024-2025,2024-12-07,35,서울 삼성,60,부산 KCC,0,67,66,13,12,2.0,6.0,-4.0,0.0,0.0,0.0,0.0,0.0,0.0,0.0,0.0,0.0,0.0,0.0,0.0,1.0,1.0,0.0,0.0,0.0,0.0,1395.5567750101584,1516.6125371988135,-121.05576218865508,0.42002204261809045,0.5799779573819095,-0.15995591476381904,-121.05576218865508,0.42002204261809045,0.3333333333333333,0.6666666666666666,-0.3333333333333333,-3.6666666666666665,1.5555555555555556,-5.222222222222222,0.4545880399261153,0.4662781084656085,-0.011690068539493226,0.15210419206199127,0.10254660002641199,0.04955759203557929,0.28811322776840015,0.21869300911854103,0.06942021864985912,0.19687322392725207,0.28683862433862434,-0.08996540041137227,93.96666666666665,102.10000000000001,-8.133333333333354,98.70000000000003,99.0,-0.29999999999996874,0.2,0.6,-0.39999999999999997,-13.2,-0.06666666666666661,-13.133333333333333,0.44699524819809344,0.49619831669226827,-0.04920306849417483,0.17125708907845386,0.10544911431351427,0.06580797476493959,0.32153903300655506,0.22483681860433286,0.09670221440222221,0.22993166685373892,0.2576878520225295,-0.027756185168790554,91.22,106.78,-15.560000000000002,110.52000000000001,103.96000000000001,6.560000000000002,0.3,0.5,-0.2,-7.266666666666666,-4.133333333333334,-3.133333333333332,0.47091326320799987,0.49496000563108444,-0.024046742423084577,0.16196363748589762,0.10292949117939361,0.05903414630650401,0.3409708152045762,0.18713803569262075,0.15383277951195548,0.23535534701405741,0.19402874618858865,0.04132660082546877,96.49,102.67,-6.180000000000007,107.96000000000001,106.2,1.7600000000000051,train,2024-12-29,2025-02-26
S45G01N72,2024-2025,2024-12-07,50,창원 LG,16,원주 DB,1,67,68,13,14,2.0,3.0,-1.0,0.0,0.0,0.0,0.0,0.0,0.0,0.0,0.0,0.0,0.0,0.0,0.0,0.0,4.0,-4.0,1.0,0.0,1.0,1501.515491843887,1539.6926085785203,-38.17711673463327,0.5385247237536206,0.4614752762463794,0.07704944750724119,-38.17711673463327,0.5385247237536206,0.3333333333333333,1.0,-0.6666666666666667,-1.6666666666666667,17.0,-18.666666666666668,0.524120082815735,0.5527594821712468,-0.028639399355511852,0.12921979031836542,0.1090321495839444,0.020187640734421017,0.287406015037594,0.3187916026625704,-0.0313855876249764,0.10572808833678397,0.18599061246120066,-0.08026252412441669,106.53333333333335,117.30000000000001,-10.766666666666666,108.66666666666667,96.33333333333333,12.333333333333343,0.2,0.8,-0.6000000000000001,-5.8,9.6,-15.399999999999999,0.4924855501716011,0.5258461654932243,-0.033360615321623155,0.12611704037347773,0.11430660919425643,0.0118104311792213,0.2502213868003342,0.31695063727321793,-0.06672925047288375,0.12303183853726807,0.14759436747672042,-0.02456252893945235,99.47999999999999,110.4,-10.920000000000016,108.54,97.96000000000001,10.579999999999998,0.1,0.5,-0.4,-5.2,3.7,-8.9,0.4876068198251198,0.513618068865068,-0.026011249039948225,0.12173401838654554,0.15314057166989858,-0.03140655328335304,0.2348364136002706,0.30251635324829573,-0.06767993964802513,0.19597712156261665,0.165495965247262,0.03048115631535464,100.76,103.30999999999999,-2.549999999999983,106.53,97.8,8.730000000000004,train,2024-12-29,2025-02-26
S45G01N73,2024-2025,2024-12-08,06,수원 KT,60,부산 KCC,1,69,67,15,13,2.0,1.0,1.0,0.0,1.0,-1.0,0.0,0.0,0.0,0.0,0.0,0.0,0.0,0.0,0.0,1.0,2.0,-1.0,0.0,0.0,0.0,1544.6051414006556,1525.0129780511752,19.592163349480415,0.6193880531719109,0.3806119468280891,0.23877610634382185,19.592163349480415,0.6193880531719109,0.3333333333333333,0.6666666666666666,-0.3333333333333333,-14.0,6.222222222222222,-20.22222222222222,0.4276097763048881,0.4499421296296297,-0.022332353324741594,0.1141051010146568,0.10206313278812461,0.012041968226532196,0.33940620782726044,0.1967631845571375,0.14264302327012293,0.19580226456779895,0.28472222222222227,-0.08891995765442332,95.16666666666667,97.5,-2.3333333333333286,118.86666666666667,90.00000000000001,28.86666666666666,0.6,0.6,0.0,-5.6,-2.8666666666666663,-2.7333333333333334,0.45649998963010024,0.4486288722478239,0.00787111738227636,0.10903646455408655,0.09930697286884138,0.009729491685245173,0.331365732418364,0.19244815463672155,0.13891757778164243,0.22103867099364377,0.25525729646697387,-0.0342186254733301,101.7,97.28,4.420000000000002,110.9,100.1,10.800000000000011,0.6,0.6,0.0,-1.8,-1.4333333333333331,-0.3666666666666669,0.4556124959432345,0.4889015765123105,-0.03328908056907598,0.1160580595907624,0.09498242978640968,0.021075629804352722,0.35809666156415376,0.1894300560661352,0.16866660549801857,0.2044894343821758,0.20073372703150053,0.0037557073506752636,101.00999999999999,102.49000000000001,-1.4800000000000182,105.48999999999998,102.79,2.6999999999999744,train,2024-12-29,2025-02-26
S45G01N74,2024-2025,2024-12-08,66,고양 소노,55,서울 SK,0,69,68,15,14,2.0,2.0,0.0,0.0,0.0,0.0,0.0,0.0,0.0,0.0,0.0,0.0,0.0,0.0,0.0,0.0,8.0,-8.0,8.0,0.0,8.0,1427.0557250018974,1595.9252807297087,-168.8695557278113,0.3548194282452338,0.6451805717547662,-0.29036114350953235,-168.8695557278113,0.3548194282452338,0.0,1.0,-1.0,-12.333333333333334,14.666666666666666,-27.0,0.496010101010101,0.471994001043297,0.02401609996680404,0.14652100895630327,0.10163062850942195,0.04489038044688132,0.17917478882391166,0.2783907600980771,-0.09921597127416545,0.16363636363636366,0.2387845592070944,-0.07514819557073074,96.36666666666669,105.16666666666667,-8.799999999999983,108.43333333333334,85.03333333333333,23.400000000000006,0.0,1.0,-1.0,-11.0,11.4,-22.4,0.5114522144522144,0.4795000572237524,0.031952157228462064,0.1284146516935502,0.09981029889935841,0.028604352794191795,0.2285674918901724,0.2716809207053109,-0.04311342881513852,0.1781818181818182,0.2478017371140818,-0.0696199189322636,103.22,106.1,-2.8799999999999955,114.75999999999999,91.66,23.099999999999994,0.1,0.9,-0.8,-9.8,12.3,-22.1,0.47781359638084914,0.51954259112183,-0.04172899474098085,0.12421705719388114,0.11383679997042624,0.010380257223454897,0.2839605182084568,0.3038376592322073,-0.01987714102375049,0.19715462923139532,0.2097787949784456,-0.012624165747050275,100.95,109.92999999999999,-8.97999999999999,112.98999999999998,94.37,18.619999999999976,train,2024-12-29,2025-02-26
S45G01N75,2024-2025,2024-12-08,10,울산 현대모비스,70,안양 정관장,0,69,68,15,14,1.0,2.0,-1.0,1.0,0.0,1.0,0.0,0.0,0.0,0.0,0.0,0.0,0.0,0.0,0.0,4.0,0.0,4.0,0.0,3.0,-3.0,1554.846126056567,1430.0042375167804,124.84188853978662,0.7489119520701693,0.25108804792983075,0.4978239041403385,124.84188853978662,0.7489119520701693,1.0,0.0,1.0,9.333333333333334,-12.666666666666666,22.0,0.5398493213710606,0.4625591490456957,0.07729017232536489,0.09456134713300553,0.17396193691229625,-0.07940058977929072,0.2890531660692951,0.2623524623524623,0.026700703716832808,0.1905221992178514,0.231302466935931,-0.040780267718079605,116.40000000000002,93.43333333333334,22.966666666666683,104.06666666666666,109.06666666666668,-5.000000000000014,0.8,0.2,0.6000000000000001,7.4,-8.733333333333334,16.133333333333333,0.525279455836335,0.44955176429179355,0.0757276915445414,0.10106227442237914,0.16631444071011348,-0.06525216628773434,0.33086779707747455,0.2495853904549557,0.08128240662251884,0.1793097146280432,0.24149395755758024,-0.06218424292953703,114.55999999999999,91.98,22.579999999999984,104.72,102.97999999999999,1.740000000000009,0.8,0.4,0.4,3.7,-6.2666666666666675,9.966666666666669,0.5093940583610225,0.48593597854389314,0.02345807981712933,0.1301867370809124,0.14269681206758317,-0.012510074986670755,0.35520326710120925,0.2389486920681949,0.11625457503301434,0.20226569414616988,0.21274676583275665,-0.010481071686586768,108.3,99.69,8.61,102.72,106.99000000000001,-4.27000000000001,train,2024-12-29,2025-02-26
S45G01N76,2024-2025,2024-12-09,64,대구 한국가스공사,50,창원 LG,1,69,68,15,14,2.0,2.0,0.0,0.0,0.0,0.0,0.0,0.0,0.0,0.0,0.0,0.0,0.0,0.0,0.0,0.0,1.0,-1.0,2.0,0.0,2.0,1494.1860766630118,1510.7449973688147,-16.558920705802848,0.5692640840314209,0.4307359159685791,0.13852816806284185,-16.558920705802848,0.5692640840314209,0.3333333333333333,0.6666666666666666,-0.3333333333333333,1.0,0.6666666666666666,0.33333333333333337,0.5237000873223784,0.5168016027522842,0.006898484570094232,0.14269518744216084,0.09962210163291081,0.043073085809250025,0.2893110037091154,0.30251322751322757,-0.013202223804112179,0.24861871874255773,0.17566824263774294,0.07295047610481478,106.26666666666665,110.3,-4.033333333333346,106.03333333333336,107.43333333333334,-1.3999999999999773,0.4,0.4,0.0,0.8,-1.0,1.8,0.4839568944986901,0.5188618653171846,-0.034904970818494474,0.12555687815937255,0.12156841253201858,0.003988465627353971,0.2822822543993823,0.29466583124477863,-0.012383576845396316,0.23586713767828318,0.134727458796627,0.10113967888165618,102.58,106.9,-4.320000000000007,102.2,107.22,-5.019999999999996,0.5,0.2,0.3,5.3,-4.5,9.8,0.5090859400881812,0.47896581432629803,0.030120125761883165,0.12710784070802372,0.12044783160208786,0.006660009105935866,0.2993114179838339,0.25481849245331717,0.04449292553051676,0.18814558236458795,0.19003315717403327,-0.0018875748094453193,106.65,100.35999999999999,6.2900000000000205,99.78,105.47,-5.689999999999998,train,2024-12-29,2025-02-26
S45G01N77,2024-2025,2024-12-10,60,부산 KCC,55,서울 SK,1,68,69,14,15,2.0,2.0,0.0,0.0,0.0,0.0,0.0,0.0,0.0,0.0,0.0,0.0,0.0,0.0,0.0,0.0,9.0,-9.0,1.0,0.0,1.0,1517.4007391146133,1603.0216692946133,-85.62093017999996,0.4703588927613341,0.529641107238666,-0.059282214477331896,-85.62093017999996,0.4703588927613341,0.6666666666666666,1.0,-0.33333333333333337,7.333333333333333,17.666666666666668,-10.333333333333336,0.4371537264723741,0.5313128772635816,-0.09415915079120746,0.1105651923079971,0.10809029720283814,0.0024748951051589696,0.23720788457630562,0.29708994708994707,-0.05988206251364145,0.25474347298117794,0.2706796333556896,-0.015936160374511676,95.16666666666667,116.93333333333334,-21.766666666666666,85.86666666666667,92.86666666666667,-7.0,0.6,1.0,-0.4,3.9333333333333336,12.0,-8.066666666666666,0.4498716009627895,0.49096130839088586,-0.04108970742809637,0.10586218542509533,0.10296914210307644,0.0028930433220188956,0.22211196478833656,0.2892566782810685,-0.06714471349273193,0.2624492583918813,0.26176065401417514,0.0006886043777061812,98.04,108.52000000000001,-10.480000000000004,92.22,92.34,-0.12000000000000455,0.6,0.9,-0.30000000000000004,0.3666666666666668,12.8,-12.433333333333334,0.4774261666762449,0.529621956201195,-0.05219578952495013,0.09781148443271591,0.1160973631240795,-0.018285878691363597,0.19979041642649556,0.3052662306607787,-0.10547581423428312,0.20214608516517013,0.23184228704193766,-0.029696201876767525,100.78,112.36000000000001,-11.580000000000013,98.71000000000001,96.03999999999999,2.670000000000016,train,2024-12-29,2025-02-26
S45G01N78,2024-2025,2024-12-11,70,안양 정관장,35,서울 삼성,0,69,68,15,14,3.0,4.0,-1.0,0.0,0.0,0.0,0.0,0.0,0.0,0.0,0.0,0.0,0.0,0.0,0.0,1.0,0.0,1.0,0.0,1.0,-1.0,1444.9824765581839,1387.1563341577967,57.8261424003872,0.6697476877905928,0.3302523122094072,0.3394953755811856,57.8261424003872,0.6697476877905928,0.3333333333333333,0.3333333333333333,0.0,-3.6666666666666665,-6.0,2.3333333333333335,0.49546657431088365,0.4472350987496447,0.04823147556123897,0.14557820754823544,0.1564205448417442,-0.010842337293508753,0.2523809523809524,0.259946949602122,-0.007565997221169629,0.20759626314293836,0.1772653807899972,0.030330882352941152,100.26666666666667,90.03333333333335,10.23333333333332,103.2666666666667,97.63333333333334,5.633333333333354,0.4,0.2,0.2,-1.7333333333333343,-8.0,6.266666666666666,0.49535008361952465,0.44922341219096334,0.046126671428561306,0.147174594858259,0.17101272439346313,-0.023838129535204117,0.24804692891649416,0.3170071308002343,-0.06896020188374014,0.22258639453237014,0.21994949216568188,0.0026369023666882596,100.6,91.17999999999999,9.420000000000002,101.86,102.4,-0.5400000000000063,0.5,0.3,0.2,-0.5666666666666668,-8.666666666666666,8.1,0.5027367554584325,0.45914855732564686,0.043588198132785694,0.12828200816305516,0.15441744961184087,-0.026135441448785712,0.2394294612989641,0.3393391135728746,-0.0999096522739105,0.19978894119346696,0.2326009119066812,-0.032811970713214234,103.45,95.32,8.13000000000001,103.49000000000001,108.65,-5.159999999999997,train,2024-12-29,2025-02-26
S45G01N79,2024-2025,2024-12-12,64,대구 한국가스공사,60,부산 KCC,0,70,69,16,15,3.0,2.0,1.0,0.0,0.0,0.0,0.0,0.0,0.0,0.0,0.0,0.0,0.0,0.0,0.0,1.0,1.0,0.0,0.0,0.0,0.0,1502.8007949823834,1527.9935612593865,-25.192766277003102,0.5570378481948404,0.44296215180515963,0.11407569638968074,-25.192766277003102,0.5570378481948404,0.3333333333333333,0.6666666666666666,-0.3333333333333333,-4.0,7.0,-11.0,0.4747234791352439,0.45731741694856454,0.01740606218667934,0.11434223529829518,0.13618882188553963,-0.02184658658724445,0.2800944138473643,0.24408619145461252,0.036008222392751754,0.285168426344897,0.19343394917165413,0.09173447717324285,106.5,94.23333333333333,12.266666666666666,112.36666666666669,84.96666666666668,27.400000000000006,0.6,0.6,0.0,2.6,4.533333333333333,-1.9333333333333331,0.5006235611653568,0.4513001723913609,0.04932338877399589,0.11598412720731124,0.13105207713546935,-0.015067949928158103,0.286069070668667,0.22766752034389212,0.05840155032477487,0.30531158212272763,0.24244925839188136,0.06286232373084627,108.88,94.8,14.079999999999998,106.66,88.8,17.86,0.5,0.6,-0.09999999999999998,4.5,0.2666666666666668,4.233333333333333,0.49582836433060534,0.47682929779170485,0.01899906653890049,0.11718180010855139,0.10890608158489297,0.008275718523658424,0.28640819217738234,0.21286231185133214,0.0735458803260502,0.2267819460009516,0.215003228022313,0.011778717978638609,106.05,100.25,5.799999999999997,100.53999999999999,98.5,2.039999999999992,train,2024-12-29,2025-02-26
S45G01N80,2024-2025,2024-12-12,10,울산 현대모비스,16,원주 DB,1,70,69,16,15,4.0,5.0,-1.0,0.0,0.0,0.0,0.0,0.0,0.0,0.0,0.0,0.0,0.0,0.0,0.0,0.0,0.0,0.0,1.0,1.0,0.0,1539.8678870151637,1530.4631030535927,9.404783961570956,0.6054696495877412,0.3945303504122588,0.21093929917548238,9.404783961570956,0.6054696495877412,0.6666666666666666,0.6666666666666666,0.0,-4.0,13.0,-17.0,0.5017540832758224,0.5282496782496783,-0.026495594973855896,0.0825292239505493,0.11007856698561463,-0.02754934303506533,0.27184302114175884,0.2583440583440583,0.01349896279770052,0.16195077064642283,0.18792168792168787,-0.025970917275265043,109.56666666666668,109.76666666666667,-0.19999999999998863,116.23333333333335,95.39999999999999,20.833333333333357,0.8,0.8,0.0,3.2,10.8,-7.6000000000000005,0.5109937415506207,0.524512832159891,-0.013519090609270257,0.09844703264022577,0.12221949539776047,-0.02377246275753471,0.32304171012095273,0.321004691327272,0.002037018793680734,0.18946009056789284,0.17098830687065983,0.018471783697233013,111.46000000000001,109.88,1.5800000000000125,107.14000000000001,98.08,9.060000000000016,0.7,0.5,0.19999999999999996,0.8000000000000004,4.2,-3.4,0.496417867884832,0.510493068865068,-0.014075200980235958,0.11598331850613561,0.14578732642043102,-0.02980400791429541,0.33301436155398284,0.30621004694198944,0.026804314611993396,0.18988474176521752,0.1805054349442317,0.009379306820985811,106.71,104.2,2.509999999999991,105.74000000000001,98.4,7.340000000000003,train,2024-12-29,2025-02-26
S45G01N81,2024-2025,2024-12-13,66,고양 소노,35,서울 삼성,0,70,69,16,15,5.0,2.0,3.0,0.0,0.0,0.0,0.0,0.0,0.0,0.0,0.0,0.0,0.0,0.0,0.0,0.0,1.0,-1.0,9.0,0.0,9.0,1419.9593364369928,1400.5512879136086,19.408048523384196,0.6191381656240115,0.38086183437598853,0.23827633124802294,19.408048523384196,0.6191381656240115,0.0,0.6666666666666666,-0.6666666666666666,-13.666666666666666,1.6666666666666667,-15.333333333333332,0.5187373737373737,0.48174165499533145,0.03699571874204227,0.1482254697994552,0.1791341707217462,-0.030908700922291005,0.20038147938544093,0.25195136096137205,-0.05156988157593112,0.20404040404040405,0.18071603641456588,0.02332436762583817,101.13333333333337,92.8,8.333333333333371,115.10000000000001,90.86666666666669,24.23333333333332,0.0,0.4,-0.4,-11.2,-4.2,-6.999999999999999,0.5051818181818182,0.45398531695286815,0.05119650122895003,0.13622290137713286,0.16219331006790333,-0.02597040869077047,0.24147071769662398,0.2757628911688978,-0.03429217347227381,0.1990675990675991,0.2046785562050907,-0.005610957137491601,102.2,92.34,9.86,114.2,97.97999999999999,16.220000000000013,0.1,0.4,-0.30000000000000004,-10.7,-7.5666666666666655,-3.1333333333333337,0.47990655991449066,0.46229874047583,0.017607819438660688,0.1254509670098805,0.15921359653076148,-0.033762629520880966,0.28789196982136006,0.3365741366143492,-0.048682166792989146,0.19124810637571993,0.23963387893964821,-0.048385772563928287,100.56,95.36999999999999,5.190000000000012,113.8,107.27000000000001,6.529999999999987,train,2024-12-29,2025-02-26
S45G01N82,2024-2025,2024-12-13,70,안양 정관장,50,창원 LG,0,70,69,16,15,2.0,4.0,-2.0,0.0,0.0,0.0,0.0,0.0,0.0,0.0,0.0,0.0,0.0,0.0,0.0,0.0,0.0,0.0,1.0,1.0,0.0,1431.587522802372,1502.130279049443,-70.54275624707111,0.4920240091991732,0.5079759908008268,-0.015951981601653564,-70.54275624707111,0.4920240091991732,0.3333333333333333,0.3333333333333333,0.0,4.333333333333333,-4.333333333333333,8.666666666666666,0.5386721220746361,0.4974058280028429,0.04126629407179322,0.14971727621740372,0.12814731474752497,0.021569961469878746,0.2146316646316646,0.3321225071225071,-0.11749084249084252,0.22333570524984192,0.21719971570717833,0.006135989542663589,103.33333333333333,105.13333333333333,-1.7999999999999972,95.20000000000003,108.0,-12.799999999999969,0.2,0.4,-0.2,-4.200000000000001,-2.0,-2.200000000000001,0.5038637626721992,0.5114869750625752,-0.007623212390376,0.15439488150779654,0.12436940774596053,0.030025473761836008,0.23476190476190478,0.3267171132960607,-0.0919552085341559,0.2415329033114637,0.17089953956923457,0.07063336374222914,100.0,107.66,-7.659999999999997,103.7,108.72,-5.019999999999996,0.4,0.2,0.2,-1.3666666666666667,-4.6,3.233333333333333,0.5019303038455293,0.4825298904971678,0.019400413348361456,0.1345088978316657,0.11650076335781671,0.018008134473848983,0.24710919986105565,0.2732634883176679,-0.026154288456612246,0.21861416988870047,0.19057355861510378,0.028040611273596694,103.22999999999999,102.10999999999999,1.1200000000000045,103.88999999999999,107.32000000000001,-3.430000000000021,train,2024-12-29,2025-02-26
S45G01N83,2024-2025,2024-12-14,60,부산 KCC,16,원주 DB,0,70,70,16,16,2.0,2.0,0.0,0.0,0.0,0.0,0.0,0.0,0.0,0.0,0.0,0.0,0.0,0.0,0.0,2.0,0.0,2.0,0.0,2.0,-2.0,1539.1343182232833,1522.5724960453476,16.56182217793571,0.6152672028716438,0.3847327971283562,0.23053440574328765,16.56182217793571,0.6152672028716438,0.6666666666666666,0.3333333333333333,0.3333333333333333,8.666666666666666,8.666666666666666,0.0,0.5054211713879354,0.5569591330460896,-0.05153796165815416,0.16621454562854088,0.13536018500916813,0.030854360619372745,0.2764326826826827,0.2662805662805663,0.010152116402116385,0.18785302578251153,0.15065460717634627,0.03719841860616527,99.89999999999999,110.30000000000001,-10.40000000000002,88.33333333333336,102.10000000000001,-13.766666666666652,0.8,0.6,0.20000000000000007,10.0,9.2,0.8000000000000007,0.48849575838831677,0.5374527907520236,-0.0489570323637068,0.13363271302140384,0.1256171849688521,0.008015528052551735,0.25413028630133894,0.3167575870801677,-0.06262730077882878,0.21965625991395138,0.18577091556631195,0.03388534434763943,100.5,111.94000000000001,-11.440000000000012,87.88000000000001,102.38000000000001,-14.5,0.6,0.5,0.09999999999999998,2.066666666666667,4.1,-2.0333333333333328,0.48488965117665617,0.5126103695897057,-0.027720718413049572,0.1199366449714773,0.14612556067325572,-0.02618891570177842,0.22955874042276073,0.3137993326562752,-0.08424059223351446,0.22105841960460407,0.1728967392920578,0.04816168031254628,101.42999999999999,104.54,-3.1100000000000136,97.76,99.37,-1.6099999999999994,train,2024-12-29,2025-02-26
S45G01N84,2024-2025,2024-12-14,06,수원 KT,64,대구 한국가스공사,0,70,71,16,17,6.0,2.0,4.0,0.0,0.0,0.0,0.0,0.0,0.0,0.0,0.0,0.0,0.0,0.0,0.0,2.0,0.0,2.0,0.0,1.0,-1.0,1552.2173803372175,1491.6600380184866,60.55734231873089,0.6732158536826561,0.32678414631734387,0.34643170736531226,60.55734231873089,0.6732158536826561,0.6666666666666666,0.3333333333333333,0.3333333333333333,-9.333333333333334,-6.333333333333333,-3.000000000000001,0.3857173963843392,0.4871166415284063,-0.10139924514406706,0.11507952895836208,0.1038211119698792,0.011258416988482886,0.3720377867746289,0.28751753155680226,0.08452025521782663,0.16468393063256362,0.284313725490196,-0.1196297948576324,90.76666666666667,110.56666666666665,-19.799999999999983,107.86666666666667,118.90000000000003,-11.03333333333336,0.6,0.4,0.19999999999999996,-5.6,-2.4,-3.1999999999999997,0.427245910376021,0.4917841549575296,-0.06453824458150859,0.11049450850465108,0.12543225716970155,-0.014937748665050474,0.35450086755349913,0.26867776632084095,0.08582310123265818,0.19050254045751328,0.2991712312455347,-0.10866869078802141,96.68,105.12,-8.439999999999998,106.47999999999999,108.97999999999999,-2.5,0.6,0.4,0.19999999999999996,-1.8,1.5,-3.3,0.44972155144469494,0.4820606643688756,-0.03233911292418068,0.12359730907037844,0.11622474389249433,0.007372565177884108,0.3611875706550629,0.2855666774508746,0.0756208932041883,0.18308404652109175,0.23150831416015558,-0.04842426763906382,99.02000000000001,104.15,-5.1299999999999955,103.5,102.17999999999999,1.3200000000000074,train,2024-12-29,2025-02-26
S45G01N85,2024-2025,2024-12-14,55,서울 SK,10,울산 현대모비스,0,70,71,16,17,4.0,2.0,2.0,0.0,0.0,0.0,0.0,0.0,0.0,0.0,0.0,0.0,0.0,0.0,0.0,0.0,1.0,-1.0,1.0,0.0,1.0,1592.42884714984,1547.7584940234087,44.67035312643134,0.6527871894564933,0.3472128105435067,0.30557437891298656,44.67035312643134,0.6527871894564933,0.6666666666666666,0.6666666666666666,0.0,3.0,-5.666666666666667,8.666666666666668,0.5059920634920636,0.5242142462291716,-0.01822218273710796,0.12793394818196702,0.10109232878441791,0.026841619397549102,0.23816738816738817,0.3010768921095008,-0.06290950394211262,0.1982539682539682,0.15430782594961698,0.04394614230435123,102.23333333333333,111.7,-9.466666666666669,98.96666666666665,119.33333333333333,-20.366666666666674,0.8,0.8,0.0,9.8,1.4,8.4,0.49373608316566064,0.5245492516712502,-0.030813168505589572,0.12317563921871691,0.102671891517088,0.02050374770162891,0.2861253651497554,0.28185581268505533,0.004269552464700066,0.2344453386988598,0.1846757928782588,0.049769545820601,105.58,110.88,-5.299999999999997,92.33999999999999,109.05999999999999,-16.72,0.9,0.8,0.09999999999999998,13.7,3.0000000000000004,10.7,0.5283838609630999,0.5072589328303746,0.021124928132725262,0.1164100218558082,0.116710059412181,-0.00030003755637279805,0.29195454234909046,0.3261393615539829,-0.034184819204892414,0.2253660965657472,0.1999694533424664,0.02539664322328078,111.34,108.06000000000002,3.279999999999987,93.74,104.35,-10.61,train,2024-12-29,2025-02-26
S45G01N86,2024-2025,2024-12-15,60,부산 KCC,50,창원 LG,0,71,70,17,16,1.0,2.0,-1.0,1.0,0.0,1.0,0.0,0.0,0.0,0.0,0.0,0.0,0.0,0.0,0.0,0.0,1.0,-1.0,1.0,0.0,1.0,1526.8289741658505,1511.9707592334266,14.858214932423834,0.6129432042319499,0.3870567957680501,0.22588640846389985,14.858214932423834,0.6129432042319499,0.6666666666666666,0.6666666666666666,0.0,8.0,2.0,6.0,0.5859610947220844,0.4950248756218905,0.09093621910019384,0.15787503180498266,0.11091946408984377,0.046955567715138896,0.2553081098339719,0.34721259721259723,-0.09190448737862533,0.13622591543262164,0.24875621890547261,-0.11253030347285098,111.86666666666667,109.89999999999999,1.9666666666666828,101.56666666666668,102.06666666666668,-0.5,0.6,0.6,0.0,7.8,1.2,6.6,0.521681392716675,0.5085884243379376,0.013092968378737413,0.13905924449223775,0.10682225781493018,0.032236986677307566,0.24408102521759512,0.31761327261327266,-0.07353224739567754,0.1720816330482797,0.2068934828960786,-0.03481184984779889,103.9,110.1,-6.199999999999989,93.76,105.34,-11.579999999999998,0.6,0.3,0.3,3.866666666666667,-3.0,6.866666666666667,0.5089398547044717,0.4838997535108665,0.02504010119360517,0.122254179402876,0.11663966282382013,0.005614516579055873,0.23445892191096399,0.2790783941325737,-0.044619472221609696,0.21488474253540457,0.2073594919620676,0.007525250573336972,105.33999999999999,103.52000000000001,1.819999999999979,98.86,105.35,-6.489999999999995,train,2024-12-29,2025-02-26
S45G01N87,2024-2025,2024-12-15,70,안양 정관장,66,고양 소노,1,71,71,17,17,2.0,2.0,0.0,0.0,0.0,0.0,0.0,0.0,0.0,0.0,0.0,0.0,0.0,0.0,0.0,0.0,0.0,0.0,2.0,10.0,-8.0,1421.7470426183884,1407.5765731245126,14.170469493875771,0.6120035414759823,0.38799645852401765,0.2240070829519647,14.170469493875771,0.6120035414759823,0.3333333333333333,0.0,0.3333333333333333,2.0,-9.333333333333334,11.333333333333334,0.5289550822736411,0.48864478114478116,0.040310301128859916,0.13057721876405967,0.14226221346775023,-0.011684994703690554,0.20098945098945098,0.26402897020551436,-0.06303951921606338,0.23592898883193145,0.2531144781144781,-0.01718548928254668,102.76666666666665,101.7,1.0666666666666487,100.7666666666667,112.53333333333335,-11.766666666666652,0.2,0.0,0.2,-5.800000000000001,-11.4,5.6,0.4867118174801268,0.4787929292929293,0.007918888187197493,0.15064057139199322,0.13963078972354526,0.01100978166844796,0.23356070356070355,0.22888521838061857,0.004675485180084982,0.2278798570672748,0.21005050505050504,0.017829352016769745,96.39999999999999,97.64,-1.240000000000009,103.94000000000001,110.85999999999999,-6.919999999999973,0.4,0.0,0.4,0.6333333333333332,-13.1,13.733333333333333,0.4981669776195165,0.4750454488033796,0.023121528816136883,0.1374063034301484,0.12488189607910108,0.012524407351047318,0.24145809420995,0.27694235741825923,-0.03548426320830922,0.23516001210618448,0.20417545680307034,0.030984555303114142,102.07000000000001,99.35999999999999,2.710000000000022,100.12,116.21,-16.08999999999999,train,2024-12-29,2025-02-26
S45G01N88,2024-2025,2024-12-15,55,서울 SK,35,서울 삼성,0,71,70,17,16,1.0,2.0,-1.0,1.0,0.0,1.0,0.0,0.0,0.0,0.0,0.0,0.0,0.0,0.0,0.0,0.0,2.0,-2.0,2.0,0.0,2.0,1579.3731033607103,1412.9340512260887,166.43905213462153,0.7912159175063772,0.2087840824936228,0.5824318350127544,166.43905213462153,0.7912159175063772,0.3333333333333333,0.6666666666666666,-0.3333333333333333,1.3333333333333333,-0.3333333333333333,1.6666666666666665,0.537302979671401,0.5050844580256344,0.03221852164576655,0.1307686710558497,0.1981923995738936,-0.0674237285180439,0.33390151515151517,0.26482492417976283,0.06907659097175234,0.18265942634363683,0.2594092182327477,-0.07674979188911088,111.39999999999999,95.73333333333335,15.666666666666643,110.06666666666666,95.03333333333335,15.033333333333317,0.6,0.6,0.0,9.2,-0.4,9.6,0.5252964982879734,0.4949211458298734,0.030375352458100024,0.11497338756834449,0.18232280177818835,-0.06734941420984386,0.31859487734487735,0.26358107298707967,0.05501380435779768,0.2021621659783261,0.2325929947077645,-0.03043082872943842,112.67999999999999,95.28,17.39999999999999,100.2,95.36,4.840000000000003,0.8,0.5,0.30000000000000004,11.7,-6.3999999999999995,18.099999999999998,0.5301382469280121,0.4813473662686418,0.04879088065937037,0.11261658014725413,0.17280894356224447,-0.06019236341499033,0.2943442482314434,0.32057413661434925,-0.026229888382905853,0.20540995621486996,0.25092351953161435,-0.04551356331674439,111.53,96.56,14.969999999999999,96.17,106.44000000000001,-10.27000000000001,train,2024-12-29,2025-02-26
S45G01N89,2024-2025,2024-12-16,16,원주 DB,06,수원 KT,1,71,71,17,17,2.0,2.0,0.0,0.0,0.0,0.0,0.0,0.0,0.0,0.0,0.0,0.0,0.0,0.0,0.0,1.0,0.0,1.0,0.0,1.0,-1.0,1534.8778401027805,1538.7530632635644,-3.8752231607838894,0.5870691573113361,0.41293084268866387,0.17413831462267226,-3.8752231607838894,0.5870691573113361,0.3333333333333333,0.6666666666666666,-0.3333333333333333,-0.3333333333333333,2.0,-2.3333333333333335,0.5347759909999338,0.43726114821342915,0.09751484278650463,0.13827760921356566,0.10171892427311237,0.03655868494045329,0.3445543758043758,0.38375939849624063,-0.03920502269186482,0.17385589065160234,0.18077992126762363,-0.006924030616021287,110.23333333333335,101.63333333333333,8.600000000000023,113.83333333333333,103.03333333333335,10.799999999999983,0.6,0.4,0.19999999999999996,8.0,-8.8,16.8,0.5378154015497673,0.42878170964056783,0.10903369190919943,0.12241796103865712,0.11952929309991611,0.002888667938741013,0.3076850064350064,0.36021515326778486,-0.05253014683277846,0.17767260775003477,0.19214649459984506,-0.014473886849810297,111.64000000000001,96.36,15.280000000000015,103.52000000000001,111.93999999999998,-8.419999999999973,0.6,0.6,0.0,6.0,-1.4,7.4,0.5242429768207859,0.4527292402732793,0.07151373654750659,0.13332749140615735,0.11707254402388775,0.016254947382269597,0.3241213023532449,0.3513556378819537,-0.027234335528708797,0.16993244555749681,0.19174528577934594,-0.021812840221849122,108.5,100.15,8.349999999999994,100.9,104.54,-3.6400000000000006,train,2024-12-29,2025-02-26
S45G01N90,2024-2025,2024-12-17,50,창원 LG,35,서울 삼성,1,71,71,17,17,2.0,2.0,0.0,0.0,0.0,0.0,0.0,0.0,0.0,0.0,0.0,0.0,0.0,0.0,0.0,2.0,3.0,-1.0,0.0,0.0,0.0,1524.2296233180657,1428.7583695762162,95.47125374184952,0.7158049248465448,0.2841950751534552,0.4316098496930896,95.47125374184952,0.7158049248465448,0.6666666666666666,1.0,-0.33333333333333337,8.666666666666666,6.666666666666667,1.9999999999999991,0.5023433556853414,0.5416546416546416,-0.039311285969300225,0.1156173756776871,0.175644766000105,-0.06002739032241791,0.33795333795333793,0.25462365591397845,0.08332968203935948,0.19813973610209815,0.36382876382876383,-0.1656890277266657,108.63333333333333,107.5,1.1333333333333258,92.76666666666667,99.13333333333337,-6.366666666666703,0.6,0.8,-0.20000000000000007,4.0,3.6,0.3999999999999999,0.5013420475263434,0.5092758732280791,-0.00793382570173573,0.11892396231890859,0.17238153207359658,-0.05345756975468799,0.31999422499422503,0.2523321068994039,0.06766211809482114,0.18950217854825252,0.26958402300314066,-0.08008184445488814,106.54,100.4,6.140000000000001,97.3,95.47999999999999,1.8200000000000074,0.4,0.5,-0.09999999999999998,-0.7,-6.2,5.5,0.48280665599182937,0.47579181071308624,0.0070148452787431315,0.11855090565076062,0.1664009317631679,-0.04785002611240727,0.28907839413257375,0.3002976389184967,-0.011219244785922955,0.17876700854276031,0.27632034492843977,-0.09755333638567945,102.65,96.83,5.820000000000007,101.86,106.62,-4.760000000000005,train,2024-12-29,2025-02-26
S45G01N91,2024-2025,2024-12-18,66,고양 소노,06,수원 KT,1,72,72,18,18,3.0,2.0,1.0,0.0,0.0,0.0,0.0,0.0,0.0,0.0,0.0,0.0,0.0,0.0,0.0,0.0,0.0,0.0,11.0,2.0,9.0,1399.8166439540323,1530.4944464097912,-130.67780245575887,0.40659203415607825,0.5934079658439217,-0.1868159316878435,-130.67780245575887,0.40659203415607825,0.0,0.3333333333333333,-0.3333333333333333,-7.0,-2.6666666666666665,-4.333333333333334,0.45110092149565834,0.4221615415645266,0.028939379931131715,0.1019947622259088,0.11188107740412645,-0.009886315178217656,0.329284702127913,0.3834013605442177,-0.0541166584163047,0.23030746057061846,0.1875049561616726,0.04280250440894587,104.36666666666667,97.23333333333333,7.13333333333334,113.83333333333333,102.53333333333335,11.299999999999983,0.0,0.4,-0.4,-10.2,-7.6,-2.5999999999999996,0.47432721956406165,0.4154965935385503,0.05883062602551137,0.12367711276019197,0.10854030939572441,0.015136803364467558,0.2661868056822058,0.36526348839130796,-0.09907668270910214,0.2181844763423711,0.19336461412782374,0.02481986221454735,101.74,96.16,5.579999999999998,113.04,109.7,3.3400000000000034,0.0,0.6,-0.6,-9.8,-1.9,-7.9,0.4804489575753094,0.44726978081381985,0.03317917676148957,0.11762821033038717,0.11386274380532006,0.00376546652506711,0.2788673827475399,0.3452331889023618,-0.0663658061548219,0.20000001820657914,0.19866420469826485,0.0013358135083142986,102.05999999999999,99.4,2.6599999999999824,113.98999999999998,103.92,10.069999999999979,train,2024-12-29,2025-02-26
S45G01N92,2024-2025,2024-12-19,10,울산 현대모비스,35,서울 삼성,1,72,72,18,18,5.0,2.0,3.0,0.0,0.0,0.0,0.0,0.0,0.0,0.0,0.0,0.0,0.0,0.0,0.0,2.0,0.0,2.0,0.0,1.0,-1.0,1560.8142378125385,1423.074468073147,137.73976973939148,0.7626138971061502,0.23738610289384976,0.5252277942123005,137.73976973939148,0.7626138971061502,0.6666666666666666,0.6666666666666666,0.0,-6.666666666666667,-0.3333333333333333,-6.333333333333334,0.5420917391066644,0.5312305715290789,0.010861167577585484,0.12191555601398019,0.1478320349633453,-0.025916478949365107,0.283270624303233,0.2696122515477354,0.013658372755497639,0.17368104532283635,0.34819265864041987,-0.17451161331758352,109.60000000000001,108.73333333333335,0.86666666666666,118.3,109.90000000000002,8.399999999999977,0.8,0.6,0.20000000000000007,-1.6,-2.2,0.6000000000000001,0.5405932077152065,0.4999708359146463,0.040622371800560164,0.10690820071172084,0.15963001580871575,-0.0527218150969949,0.28089427422351687,0.264662305436499,0.01623196878701788,0.17280766101012696,0.29547021703299137,-0.12266255602286441,113.02000000000001,101.2,11.820000000000007,115.3,104.7,10.599999999999994,0.8,0.4,0.4,2.2,-7.7,9.9,0.5237332918047336,0.4734830420563698,0.050250249748363784,0.1153407190436035,0.1654435524435848,-0.0501028333999813,0.3140514494660708,0.29310066922152705,0.02095078024454372,0.19328141915443223,0.26270094194336513,-0.0694195227889329,109.95,96.21000000000001,13.739999999999995,107.13999999999999,107.61000000000001,-0.4700000000000273,train,2024-12-29,2025-02-26
S45G01N93,2024-2025,2024-12-19,16,원주 DB,70,안양 정관장,1,72,72,18,18,3.0,4.0,-1.0,0.0,0.0,0.0,0.0,0.0,0.0,0.0,0.0,0.0,0.0,0.0,0.0,2.0,1.0,1.0,0.0,0.0,0.0,1543.1364569565537,1429.5069717888687,113.62948516768506,0.7365811329386104,0.2634188670613896,0.47316226587722077,113.62948516768506,0.7365811329386104,0.6666666666666666,0.3333333333333333,0.3333333333333333,2.3333333333333335,-5.666666666666667,8.0,0.5491438070918878,0.523202781353273,0.025941025738614787,0.14885929171456316,0.18080396043717947,-0.03194466872261631,0.3619911674347158,0.2126444626444626,0.14934670479025322,0.21164760085710566,0.3150606414929959,-0.10341304063589024,111.13333333333334,97.89999999999999,13.233333333333348,108.93333333333334,107.9666666666667,0.9666666666666401,0.6,0.4,0.19999999999999996,7.2,0.5999999999999993,6.6000000000000005,0.5578646626335111,0.5387378452825521,0.019126817350959002,0.1369295354966044,0.16334770702771492,-0.026418171531110535,0.3055344688005978,0.21747678747678748,0.08805768132381034,0.182598716124419,0.2585216790134446,-0.07592296288902559,111.66,102.22,9.439999999999998,104.05999999999999,102.11999999999999,1.9399999999999977,0.7,0.4,0.29999999999999993,7.5,0.6333333333333332,6.866666666666667,0.526053321648372,0.511861150941019,0.014192170707353013,0.12967914415080567,0.15134158846624335,-0.02166244431543768,0.3346402364345913,0.23003902547380806,0.10460121096078323,0.18763359498278417,0.2620751259778201,-0.07444153099503595,109.56000000000002,102.25,7.3100000000000165,99.97,101.23,-1.2600000000000051,train,2024-12-29,2025-02-26
S45G01N94,2024-2025,2024-12-20,50,창원 LG,60,부산 KCC,1,72,72,18,18,3.0,5.0,-2.0,0.0,0.0,0.0,0.0,0.0,0.0,0.0,0.0,0.0,0.0,0.0,0.0,3.0,0.0,3.0,0.0,2.0,-2.0,1529.9135248211348,1514.5701100812114,15.343414739923446,0.6136056250732653,0.3863943749267347,0.22721125014653065,15.343414739923446,0.6136056250732653,1.0,0.3333333333333333,0.6666666666666667,15.666666666666666,-1.3333333333333333,17.0,0.5134889265324049,0.5343737931347828,-0.020884866602377983,0.09903219944616515,0.14420611698967534,-0.04517391754351019,0.3599313599313599,0.21033456486042693,0.14959679507093296,0.1679013178039784,0.14892432813103434,0.01897698967294406,114.06666666666666,103.56666666666666,10.5,88.36666666666667,106.73333333333335,-18.366666666666674,0.8,0.4,0.4,8.4,0.0,8.4,0.5051082812925772,0.5019591704944528,0.0031491107981244104,0.10625685322264036,0.15633786765639981,-0.05008101443375945,0.3702323202323202,0.2358103485258658,0.13442197170645442,0.2082034772495512,0.1609705219371686,0.04723295531238261,112.17999999999999,98.44,13.739999999999995,96.54,98.84,-2.299999999999997,0.5,0.5,0.0,1.3,-1.4333333333333331,2.7333333333333334,0.4987969157320891,0.47529402137113824,0.023502894360950877,0.11618694679805903,0.12782242026262058,-0.01163547346456155,0.31022685351632723,0.21412925158129364,0.09609760193503358,0.16561765789340963,0.20811390920207123,-0.04249625130866161,105.83,97.86,7.969999999999999,102.53999999999999,99.47,3.069999999999993,train,2024-12-29,2025-02-26
S45G01N95,2024-2025,2024-12-20,06,수원 KT,64,대구 한국가스공사,1,73,72,19,18,2.0,6.0,-4.0,0.0,0.0,0.0,0.0,0.0,0.0,0.0,0.0,0.0,0.0,0.0,0.0,0.0,1.0,-1.0,3.0,0.0,3.0,1518.6262870929127,1505.1243550921397,13.501932000772968,0.6110893232751599,0.38891067672484014,0.22217864655031971,13.501932000772968,0.6110893232751599,0.0,0.6666666666666666,-0.6666666666666666,-9.0,-3.6666666666666665,-5.333333333333334,0.43698525951324463,0.475627670940171,-0.03864241142692637,0.10786605901870298,0.09918312727281031,0.008682931745892672,0.3081632653061225,0.2552594670406732,0.052903798265449276,0.22009042624714267,0.359375,-0.13928457375285733,97.0,109.06666666666666,-12.066666666666663,109.86666666666667,113.30000000000003,-3.4333333333333513,0.4,0.4,0.0,-3.4,-6.0,2.6,0.42156277000913855,0.4785440233785822,-0.05698125336944365,0.1023208119057359,0.11337320280064855,-0.011052390894912653,0.34658216970998923,0.2695994253070161,0.07698274440297315,0.18380579059841198,0.2700593891402715,-0.08625359854185952,96.56,106.17999999999999,-9.61999999999999,103.66,113.67999999999999,-10.019999999999996,0.5,0.4,0.09999999999999998,-4.2,-1.5,-2.7,0.4410197808138198,0.4746335810355423,-0.0336138002217225,0.11491408667221151,0.11897319822189827,-0.004059111549686759,0.3410207346899076,0.2822459943389201,0.05877474035098751,0.2002267046982648,0.2536541474934889,-0.0534274427952241,98.07000000000001,102.71999999999998,-4.649999999999977,105.08,104.78999999999999,0.29000000000000625,train,2024-12-29,2025-02-26
S45G01N96,2024-2025,2024-12-21,66,고양 소노,35,서울 삼성,1,73,73,19,19,3.0,2.0,1.0,0.0,0.0,0.0,0.0,0.0,0.0,0.0,0.0,0.0,0.0,0.0,0.0,1.0,0.0,1.0,0.0,2.0,-2.0,1411.6848032709108,1418.3267460152701,-6.641942744359312,0.5832029877816497,0.4167970122183503,0.1664059755632994,-6.641942744359312,0.5832029877816497,0.3333333333333333,0.3333333333333333,0.0,2.3333333333333335,-4.0,6.333333333333334,0.43587049220272905,0.5128156531141604,-0.07694516091143139,0.1028376919904072,0.10590937715448341,-0.0030716851640762155,0.3385012919896641,0.20752891821440203,0.13097237377526208,0.23772538986354777,0.28945139989916113,-0.05172601003561336,103.33333333333336,107.66666666666667,-4.333333333333314,100.80000000000001,115.30000000000003,-14.500000000000014,0.2,0.6,-0.39999999999999997,-2.400000000000001,0.8,-3.200000000000001,0.481098052897395,0.5342694784485829,-0.05317142555118787,0.12179678538015762,0.1520161011658319,-0.030219315785674272,0.29175071545664194,0.2321302541544477,0.05962046130219423,0.22505947634237108,0.29990460617326287,-0.07484512983089178,104.75999999999999,105.86000000000001,-1.1000000000000227,106.51999999999998,105.96,0.5599999999999881,0.1,0.4,-0.30000000000000004,-6.1,-3.6,-2.4999999999999996,0.4882203391542568,0.4917464453197731,-0.003526106165516296,0.1211396171084285,0.1615144127796475,-0.040374795671219016,0.2733479022280594,0.274568692477341,-0.0012207902492816225,0.2076480445223686,0.2599270491694724,-0.052279004647103805,103.1,98.52000000000001,4.579999999999984,109.43999999999998,104.17999999999999,5.259999999999991,train,2024-12-29,2025-02-26
S45G01N97,2024-2025,2024-12-21,70,안양 정관장,55,서울 SK,0,73,72,19,18,2.0,6.0,-4.0,0.0,0.0,0.0,0.0,0.0,0.0,0.0,0.0,0.0,0.0,0.0,0.0,0.0,0.0,0.0,1.0,3.0,-2.0,1424.238594447641,1563.5487850105828,-139.3101905629419,0.3946604315284886,0.6053395684715114,-0.21067913694302276,-139.3101905629419,0.3946604315284886,0.3333333333333333,0.0,0.3333333333333333,-9.0,-3.6666666666666665,-5.333333333333334,0.4880121655174959,0.5108479532163744,-0.022835787698878562,0.15692862696432278,0.11164446521026612,0.045284161754056654,0.23554894607526186,0.3248106060606061,-0.08926165998534422,0.2479378001766062,0.19446243814664865,0.053475362029957535,95.16666666666667,108.7,-13.533333333333331,110.46666666666668,112.86666666666666,-2.3999999999999773,0.4,0.4,0.0,-2.000000000000001,0.8,-2.8000000000000007,0.5191355725552794,0.515437343358396,0.0036982291968834513,0.14417489553901247,0.1098917793091444,0.03428311622986807,0.21867979499558446,0.2786958874458874,-0.060016092450302955,0.2515141032558688,0.21429651050703682,0.03721759274883199,101.03999999999999,108.4,-7.360000000000014,104.54,107.34,-2.799999999999997,0.3,0.7,-0.39999999999999997,-5.366666666666667,7.7,-13.066666666666666,0.4843436684235365,0.5170947686671425,-0.03275110024360606,0.15524466812456297,0.10808473281450019,0.04715993531006278,0.23413259272527007,0.28411697550417064,-0.04998438277890058,0.24650403040672453,0.22792946569090117,0.01857456471582336,96.51,110.62,-14.11,103.75999999999999,99.9,3.859999999999985,train,2024-12-29,2025-02-26
S45G01N98,2024-2025,2024-12-21,16,원주 DB,10,울산 현대모비스,1,73,73,19,19,2.0,2.0,0.0,0.0,0.0,0.0,0.0,0.0,0.0,0.0,0.0,0.0,0.0,0.0,0.0,3.0,3.0,0.0,0.0,0.0,0.0,1548.4048342977815,1565.5619598704154,-17.15712557263396,0.5684195178680006,0.4315804821319994,0.1368390357360012,-17.15712557263396,0.5684195178680006,1.0,1.0,0.0,9.0,2.0,7.0,0.544457095721205,0.568388825105243,-0.02393172938403798,0.1413288049160983,0.13121298823612626,0.01011581667997205,0.3512768817204301,0.28722319347319347,0.06405368824723662,0.19347758138922766,0.22058936088786832,-0.02711177949864066,111.26666666666667,114.63333333333333,-3.36666666666666,99.46666666666665,110.66666666666667,-11.200000000000017,0.6,0.8,-0.20000000000000007,4.4,-2.8,7.2,0.5324713588819984,0.5406364696663204,-0.008165110784322027,0.14499517816814447,0.10920677424203865,0.03578840392610583,0.3362487545148835,0.29673005134961655,0.039518703165266955,0.19026309692312818,0.1831472673263718,0.0071158295967563845,108.32000000000001,113.23999999999998,-4.919999999999973,104.25999999999999,116.8,-12.540000000000006,0.7,0.8,-0.10000000000000009,7.0,2.1000000000000005,4.8999999999999995,0.5291587621876114,0.5252992325925975,0.0038595295950138997,0.12965089368120045,0.11193558735909885,0.017715306322101596,0.32659969589405075,0.30496054037516174,0.02163915551888901,0.1689287321999243,0.19868880843752496,-0.029760076237600658,109.35999999999999,110.57000000000001,-1.2100000000000222,101.11,107.97999999999999,-6.86999999999999,train,2024-12-29,2025-02-26
S45G01N100,2024-2025,2024-12-22,70,안양 정관장,50,창원 LG,0,74,73,20,19,1.0,2.0,-1.0,1.0,0.0,1.0,0.0,0.0,0.0,0.0,0.0,0.0,0.0,0.0,0.0,0.0,4.0,-4.0,2.0,0.0,2.0,1416.3453858170712,1537.6414123196696,-121.29602650259835,0.4196851585813056,0.5803148414186944,-0.16062968283738877,-121.29602650259835,0.4196851585813056,0.3333333333333333,1.0,-0.6666666666666667,-6.666666666666667,16.0,-22.666666666666668,0.5055016412159268,0.555861807888337,-0.05036016667241017,0.14436430845099577,0.12855054078222147,0.015813767668774292,0.24428495481127058,0.38095238095238093,-0.13666742614111035,0.22941502941502945,0.17734562170818616,0.05206940770684329,100.93333333333334,116.26666666666667,-15.333333333333329,112.66666666666669,92.60000000000001,20.066666666666677,0.2,0.8,-0.6000000000000001,-7.6,10.4,-18.0,0.49273285762315266,0.5320245474195693,-0.03929168979641662,0.14991223193364941,0.12417932130451659,0.025732910629132827,0.2287031050188945,0.3646767646767647,-0.1359736596578702,0.24097111683052944,0.20789991033834454,0.033071206492184896,96.8,113.67999999999999,-16.879999999999995,109.58,96.44,13.14,0.3,0.6,-0.3,-4.666666666666667,4.7,-9.366666666666667,0.4940414706213387,0.5254432063683769,-0.03140173574703825,0.14854341339595423,0.12287386691826759,0.02566954647768664,0.2383750169676943,0.3296712979607716,-0.0912962809930773,0.23177875568144982,0.17131368456748577,0.06046507111396404,98.7,110.28999999999999,-11.58999999999999,105.72,101.83,3.8900000000000006,train,2024-12-29,2025-02-26
S45G01N99,2024-2025,2024-12-22,60,부산 KCC,64,대구 한국가스공사,0,73,73,19,19,2.0,2.0,0.0,0.0,0.0,0.0,0.0,0.0,0.0,0.0,0.0,0.0,0.0,0.0,0.0,0.0,0.0,0.0,3.0,1.0,2.0,1506.8422225826766,1497.3461415576428,9.496081025033845,0.6055951835453048,0.39440481645469516,0.21119036709060968,9.496081025033845,0.6055951835453048,0.0,0.3333333333333333,-0.3333333333333333,-12.666666666666666,-6.592592592592593,-6.0740740740740735,0.5032204568555075,0.4915998931623933,0.01162056369311426,0.12100101915771182,0.1037506318403149,0.01725038731739692,0.1361924079976818,0.2342786120708332,-0.09808620407315138,0.16645268282244693,0.19826388888888882,-0.03181120606644189,97.93333333333334,104.8,-6.86666666666666,115.60000000000001,113.7666666666667,1.8333333333333144,0.4,0.4,0.0,-2.0,-3.3555555555555556,1.3555555555555556,0.5281357966181968,0.5013324849170437,0.02680331170115302,0.13989420913123266,0.09946991632372615,0.04042429280750651,0.19352100035416467,0.2695994253070161,-0.07607842495285141,0.16668178581871276,0.25621323529411766,-0.0895314494754049,102.16,111.02000000000001,-8.860000000000014,105.72,115.96,-10.239999999999995,0.5,0.4,0.09999999999999998,0.9666666666666668,-1.3777777777777778,2.3444444444444446,0.48900369879049316,0.4808141365910978,0.008189562199395373,0.12287819727816399,0.1137621484903006,0.009116048787863387,0.2078164825712506,0.26425818946087143,-0.05644170688962083,0.21456552210529703,0.24619383003317147,-0.03162830792787444,100.1,103.44000000000001,-3.3400000000000176,98.97,105.66,-6.689999999999998,train,2024-12-29,2025-02-26
S45G01N101,2024-2025,2024-12-22,16,원주 DB,06,수원 KT,0,74,74,20,20,1.0,2.0,-1.0,1.0,0.0,1.0,0.0,0.0,0.0,0.0,0.0,0.0,0.0,0.0,0.0,4.0,1.0,3.0,0.0,0.0,0.0,1557.0364439404213,1526.4045006274096,30.63194331301179,0.6342519855201826,0.3657480144798174,0.26850397104036516,30.63194331301179,0.6342519855201826,1.0,0.3333333333333333,0.6666666666666667,15.333333333333334,-7.0740740740740735,22.40740740740741,0.5504540515811747,0.4670978544333808,0.08335619714779385,0.15005630470878342,0.14161269710234783,0.008443607606435588,0.3600043591979076,0.28721088435374154,0.07279347484416604,0.19213815977583346,0.2717618934724198,-0.07962373369658635,111.50000000000001,95.96666666666665,15.53333333333336,90.36666666666667,104.06666666666666,-13.699999999999989,0.8,0.4,0.4,9.4,-4.644444444444444,14.044444444444444,0.5511380255486651,0.4524745565176634,0.0986634690310017,0.14640460367255836,0.13603385075253072,0.010370752920027648,0.368681186947316,0.3288979591836735,0.039783227763642515,0.1802024908625221,0.23772227194261758,-0.05751978108009548,112.67999999999999,96.84,15.83999999999999,100.5,103.05999999999999,-2.559999999999988,0.8,0.5,0.30000000000000004,10.1,-5.122222222222222,15.222222222222221,0.537825428854278,0.45448727307388176,0.08333815578039622,0.1343120495351594,0.12253515765330865,0.011776891881850757,0.34484293913729397,0.33013184580101873,0.014711093336275238,0.17559539886659095,0.22938047146813068,-0.053785072601539724,111.28,99.27000000000001,12.009999999999991,99.29,106.97999999999999,-7.6899999999999835,train,2024-12-29,2025-02-26
S45G01N102,2024-2025,2024-12-24,06,수원 KT,10,울산 현대모비스,1,75,74,21,20,2.0,3.0,-1.0,0.0,0.0,0.0,0.0,0.0,0.0,0.0,0.0,0.0,0.0,0.0,0.0,2.0,0.0,2.0,0.0,1.0,-1.0,1539.089540337813,1556.9303502277755,-17.84080988996243,0.5674537817112464,0.4325462182887536,0.13490756342249277,-17.84080988996243,0.5674537817112464,0.6666666666666666,0.6666666666666666,0.0,-3.7407407407407405,-6.666666666666667,2.9259259259259265,0.5102034600389863,0.5319391291406217,-0.02173566910163538,0.1501527416467016,0.12594372523897085,0.024209016407730738,0.26125313283208024,0.28356328356328353,-0.022310150731203293,0.2503654970760234,0.20186354552026195,0.04850195155576145,100.66666666666667,107.46666666666665,-6.799999999999983,104.16666666666667,116.53333333333335,-12.366666666666674,0.4,0.6,-0.19999999999999996,-4.2444444444444445,-8.2,3.955555555555555,0.4901882317313386,0.5198031363329871,-0.029614904601648562,0.12958423700872812,0.1215013183806672,0.008082918628060917,0.2987926960257788,0.27856188318144837,0.020230812844330426,0.24477355399389963,0.19148060065970512,0.05329295333419451,102.1,105.52000000000001,-3.420000000000016,107.47999999999999,116.54,-9.060000000000016,0.5,0.7,-0.19999999999999996,-4.9222222222222225,-0.39999999999999963,-4.522222222222223,0.45871707105367976,0.5225412960846609,-0.06382422503098117,0.1200393727566896,0.11128179640152316,0.008757576355166441,0.3266467817896389,0.30471484012946143,0.02193194166017748,0.2176380472257064,0.18539515764387418,0.03224288958183222,99.39,110.04,-10.650000000000006,106.97999999999999,110.63,-3.6500000000000057,train,2024-12-29,2025-02-26
S45G01N103,2024-2025,2024-12-25,60,부산 KCC,70,안양 정관장,1,74,75,20,21,3.0,3.0,0.0,0.0,0.0,0.0,0.0,0.0,0.0,0.0,0.0,0.0,0.0,0.0,0.0,0.0,0.0,0.0,4.0,3.0,1.0,1494.7303189117706,1407.951682645445,86.77863626632552,0.7055166826078656,0.2944833173921344,0.4110333652157312,86.77863626632552,0.7055166826078656,0.0,0.0,0.0,-20.0,-10.0,-10.0,0.47555178268251286,0.4434731934731933,0.03207858920931955,0.1259265506328913,0.13358254210582424,-0.007655991472932944,0.08944911297852474,0.26048140204220055,-0.1710322890636758,0.20005659309564236,0.1895881895881896,0.010468403507452761,92.03333333333335,92.23333333333335,-0.20000000000000284,121.16666666666667,108.23333333333335,12.933333333333323,0.2,0.2,0.0,-8.4,-8.0,-0.40000000000000036,0.532622012157044,0.4816184881216864,0.05100352403535757,0.1329018817406487,0.15366686656076725,-0.020764984820118543,0.15129877813194242,0.24498662992310907,-0.09368785179116665,0.17605521940267263,0.2382731696164532,-0.06221795021378057,102.58000000000001,95.56,7.02000000000001,115.47999999999999,109.94000000000001,5.539999999999978,0.4,0.2,0.2,-1.9333333333333331,-6.1000000000000005,4.166666666666668,0.4919610922742025,0.4927411253969428,-0.0007800331227403312,0.13197697943805903,0.1540308740342819,-0.022053894596222867,0.18948314923791726,0.23987426734250689,-0.05039111810458963,0.20925223889727698,0.23990303646395844,-0.03065079756668146,98.69000000000001,97.78,0.9100000000000108,102.14,106.82000000000001,-4.680000000000007,train,2024-12-29,2025-02-26
S45G01N104,2024-2025,2024-12-25,66,고양 소노,16,원주 DB,1,74,75,20,21,4.0,3.0,1.0,0.0,0.0,0.0,0.0,0.0,0.0,0.0,0.0,0.0,0.0,0.0,0.0,2.0,0.0,2.0,0.0,1.0,-1.0,1420.020743515278,1544.3514042300178,-124.3306607147399,0.4154367192631213,0.5845632807368787,-0.16912656147375738,-124.3306607147399,0.4154367192631213,0.6666666666666666,0.6666666666666666,0.0,12.0,12.0,0.0,0.48742773125996813,0.5519592513622364,-0.06453152010226831,0.111355481792014,0.14705702186523983,-0.03570154007322583,0.33625730994152053,0.34771557271557274,-0.011458262774052208,0.19774222488038276,0.17863697386085442,0.01910525101952834,110.10000000000002,111.60000000000002,-1.5,92.80000000000001,95.06666666666666,-2.2666666666666515,0.4,0.8,-0.4,3.1999999999999993,9.2,-6.0,0.47364350744284955,0.5548647336231992,-0.08122122618034966,0.11853147342497172,0.1439476376102474,-0.025416164185275675,0.32313473105118384,0.3543954726616017,-0.031260741610417864,0.23051402179691652,0.1993881361351239,0.031125885661792613,105.88,112.44000000000001,-6.5600000000000165,101.47999999999999,99.84,1.6399999999999864,0.2,0.7,-0.49999999999999994,-3.9,9.2,-13.1,0.492547860947532,0.5461587621876114,-0.05361090124007939,0.12347306255926097,0.13478241128954976,-0.011309348730288799,0.27585111147067815,0.3355765298708847,-0.059725418400206565,0.20434791998936735,0.19257952585071797,0.011768394138649385,104.55,112.18999999999998,-7.639999999999986,108.12,101.11,7.010000000000005,train,2024-12-29,2025-02-26
S45G01N105,2024-2025,2024-12-25,55,서울 SK,35,서울 삼성,1,73,74,19,20,4.0,4.0,0.0,0.0,0.0,0.0,0.0,0.0,0.0,0.0,0.0,0.0,0.0,0.0,0.0,1.0,0.0,1.0,0.0,3.0,-3.0,1571.4419936411525,1409.990805770903,161.45118787024944,0.7864331500084183,0.2135668499915817,0.5728663000168366,161.45118787024944,0.7864331500084183,0.3333333333333333,0.0,0.3333333333333333,-0.3333333333333333,-12.0,11.666666666666666,0.507481940144479,0.4842111557596631,0.02327078438481589,0.08716279628232326,0.1156133308562039,-0.028450534573880637,0.3842204944178628,0.18631415506415502,0.1979063393537078,0.24224021592442643,0.20892891312667436,0.033311302797752074,117.63333333333333,96.73333333333333,20.89999999999999,115.23333333333333,114.66666666666669,0.5666666666666487,0.4,0.4,0.0,0.8,-4.6,5.3999999999999995,0.5150288466263698,0.5107575736866782,0.0042712729396916504,0.1144949398824577,0.13426902815427122,-0.019774088271813525,0.3496232057416268,0.21294978336107367,0.13667342238055313,0.23651873272925905,0.28651174903040577,-0.04999301630114672,113.05999999999999,102.75999999999999,10.299999999999997,110.46,109.75999999999999,0.7000000000000028,0.7,0.4,0.29999999999999993,6.1,-4.4,10.5,0.49726445192506114,0.48237144531977305,0.014893006605288084,0.10715261939090806,0.14823116911108727,-0.041078549720179214,0.3106520632234689,0.2443563372649858,0.0662957259584831,0.2421602349216704,0.24559515261774828,-0.0034349176960778716,109.58,97.55,12.030000000000001,101.05999999999999,103.87,-2.8100000000000165,train,2024-12-29,2025-02-26
S45G01N106,2024-2025,2024-12-26,64,대구 한국가스공사,50,창원 LG,0,74,74,20,20,4.0,4.0,0.0,0.0,0.0,0.0,0.0,0.0,0.0,0.0,0.0,0.0,0.0,0.0,0.0,1.0,5.0,-4.0,0.0,0.0,0.0,1509.4580452285488,1546.0351154912958,-36.57707026274693,0.5408128776653702,0.45918712233462977,0.08162575533074046,-36.57707026274693,0.5408128776653702,0.6666666666666666,1.0,-0.33333333333333337,9.407407407407407,11.666666666666666,-2.2592592592592595,0.5555082070707071,0.5345989651313118,0.020909241939395362,0.07503739571052909,0.1272677000597256,-0.05223030434919651,0.23708366115919224,0.3888888888888889,-0.15180522772969665,0.22856691919191915,0.18591879990781876,0.042648119284100394,121.0,114.39999999999999,6.6000000000000085,108.00000000000004,96.76666666666667,11.233333333333377,0.6,1.0,-0.4,2.6444444444444444,13.6,-10.955555555555556,0.5108690268065268,0.5236579298034247,-0.012788902996897944,0.0848375821307225,0.11839619350622894,-0.03355861137550645,0.23734136079088702,0.35405405405405405,-0.11671269326316702,0.2871401515151515,0.17073362906863676,0.11640652244651473,113.96,112.1,1.8599999999999994,110.16,90.56,19.599999999999994,0.5,0.7,-0.19999999999999996,1.722222222222222,5.8,-4.0777777777777775,0.4974129606526084,0.517572452433,-0.02015949178039156,0.10519723014504752,0.12138280062609472,-0.0161855704810472,0.25981180759513467,0.34038558367505733,-0.08057377607992267,0.2615036445967173,0.17081658431893565,0.09068706027778167,108.27000000000001,109.88,-1.6099999999999852,106.17999999999999,99.64,6.539999999999992,train,2024-12-29,2025-02-26
S45G01N107,2024-2025,2024-12-27,60,부산 KCC,10,울산 현대모비스,0,75,75,21,21,2.0,3.0,-1.0,0.0,0.0,0.0,0.0,0.0,0.0,0.0,0.0,0.0,0.0,0.0,0.0,1.0,0.0,1.0,0.0,2.0,-2.0,1500.6199852596133,1548.2794258620004,-47.65944060238712,0.5249343703966729,0.4750656296033271,0.0498687407933458,-47.65944060238712,0.5249343703966729,0.3333333333333333,0.3333333333333333,0.0,-4.0,-11.333333333333334,7.333333333333334,0.5392269963577264,0.48387123459385384,0.05535576176387258,0.10014893880598236,0.1154055827913101,-0.015256643985327736,0.12516339869281046,0.2981162981162981,-0.17295289942348763,0.17868907172812099,0.21118098864052195,-0.03249191691240097,107.83333333333333,101.8,6.033333333333331,115.80000000000001,116.36666666666666,-0.5666666666666487,0.2,0.6,-0.39999999999999997,-7.6,-6.0,-1.5999999999999996,0.5222426654763275,0.5298634985060253,-0.007620833029697849,0.11669850356286468,0.12663401601617733,-0.009935512453312645,0.14504877813194245,0.2966582404082404,-0.15160946227629796,0.15547214950453428,0.20234579180658643,-0.046873642302052154,103.2,108.35999999999999,-5.159999999999982,115.32000000000001,115.38,-0.05999999999998806,0.5,0.7,-0.19999999999999996,1.2,-1.3999999999999997,2.5999999999999996,0.5053692119323221,0.520428620028323,-0.015059408096000926,0.12516560829213424,0.11254052432820154,0.012625083963932707,0.1995895322166407,0.30984997526459657,-0.11026044304795588,0.1875642047092428,0.19590294118723964,-0.00833873647799685,101.85,109.91,-8.060000000000002,101.6,111.25999999999999,-9.659999999999997,train,2024-12-29,2025-02-26
S45G01N108,2024-2025,2024-12-27,16,원주 DB,55,서울 SK,1,76,74,22,20,2.0,2.0,0.0,0.0,0.0,0.0,0.0,0.0,0.0,0.0,0.0,0.0,0.0,0.0,0.0,0.0,2.0,-2.0,2.0,0.0,2.0,1532.6601386152802,1575.7133306409842,-43.05319202570399,0.5315420537233267,0.46845794627667325,0.06308410744665349,-43.05319202570399,0.5315420537233267,0.3333333333333333,0.6666666666666666,-0.3333333333333333,4.333333333333333,1.0,3.333333333333333,0.5402273702273702,0.4643075980392159,0.07591977218815432,0.1511270097642846,0.09859682484279936,0.05253018492148523,0.38572370279687357,0.3059466848940533,0.07977701790282027,0.20189904189904184,0.2688301282051282,-0.06693108630608635,111.13333333333333,106.26666666666665,4.866666666666674,102.0,102.39999999999999,-0.3999999999999915,0.6,0.4,0.19999999999999996,7.2,-0.8,8.0,0.5357421864184604,0.4850933307533539,0.05064885566510646,0.15270481849857584,0.10927730415232124,0.043427514346254595,0.3609503507103822,0.32390892002734106,0.03704143068304111,0.20708898767159187,0.20105246288798923,0.0060365247836026426,108.85999999999999,106.28,2.579999999999984,97.16000000000001,105.92,-8.759999999999991,0.6,0.7,-0.09999999999999998,7.6,5.6,2.0,0.5367787939841138,0.4880273195721199,0.048751474411993845,0.13756138976861648,0.10612322312769884,0.03143816664091764,0.33431767857269434,0.3065827991542048,0.027734879418489566,0.19238079771081334,0.23140655845108218,-0.03902576074026884,110.25,107.4,2.8499999999999943,100.34,99.13,1.210000000000008,train,2024-12-29,2025-02-26
S45G01N109,2024-2025,2024-12-28,50,창원 LG,06,수원 KT,1,75,76,21,22,2.0,4.0,-2.0,0.0,0.0,0.0,0.0,0.0,0.0,0.0,0.0,0.0,0.0,0.0,0.0,6.0,3.0,3.0,0.0,0.0,0.0,1556.8513730446032,1547.7404647035883,9.11090834101492,0.6050654745908659,0.3949345254091341,0.2101309491817318,9.11090834101492,0.6050654745908659,1.0,1.0,0.0,17.333333333333332,6.2592592592592595,11.074074074074073,0.5620520675844142,0.5646798113903377,-0.002627743805923566,0.14131664483327505,0.1479454210313357,-0.006628776198060654,0.32539682539682535,0.33512370670265407,-0.009726881305828716,0.21109917508819395,0.25993756914809546,-0.04883839405990151,113.53333333333335,113.60000000000001,-0.06666666666666288,87.46666666666668,104.8,-17.333333333333314,1.0,0.6,0.4,17.6,-0.8444444444444443,18.444444444444446,0.5453245964700913,0.49801396791528363,0.04731062855480772,0.12449516166869914,0.1300567099606699,-0.005561548291970753,0.35714285714285715,0.3174007546338373,0.03974210250901983,0.185609250959184,0.2313003793266951,-0.045691128367511075,114.35999999999999,103.74000000000001,10.619999999999976,87.78,104.72,-16.939999999999998,0.8,0.5,0.30000000000000004,9.4,-4.822222222222222,14.222222222222221,0.5269565104040145,0.46339783877792573,0.06355867162608875,0.11565870974181465,0.124793001530293,-0.009134291788478355,0.3373780648780649,0.33880795395081115,-0.001429889072746271,0.1962513669276313,0.21172343696327006,-0.015472070035638774,112.22999999999999,100.05,12.179999999999993,96.56,108.33,-11.769999999999996,train,2024-12-29,2025-02-26
S45G01N110,2024-2025,2024-12-28,64,대구 한국가스공사,66,고양 소노,1,75,75,21,21,2.0,3.0,-1.0,0.0,0.0,0.0,0.0,0.0,0.0,0.0,0.0,0.0,0.0,0.0,0.0,0.0,3.0,-3.0,1.0,0.0,1.0,1498.6417876752414,1431.7120091300155,66.92977854522587,0.6812340619603499,0.31876593803965014,0.3624681239206997,66.92977854522587,0.6812340619603499,0.3333333333333333,1.0,-0.6666666666666667,-2.2592592592592595,14.333333333333334,-16.592592592592595,0.4938762626262627,0.5186702210460772,-0.024793958419814466,0.07348238640972594,0.1263080009854524,-0.052825614575726446,0.23058724538858288,0.25371762740183795,-0.02313038201325507,0.17474747474747468,0.21324330635118308,-0.0384958316037084,105.76666666666665,107.16666666666669,-1.400000000000034,111.06666666666668,90.30000000000001,20.766666666666666,0.4,0.6,-0.19999999999999996,-4.955555555555556,6.6,-11.555555555555555,0.4900356934731934,0.47428692794928373,0.01574876552390969,0.08885729346750701,0.11052663147179027,-0.021669338004283265,0.23989512423174722,0.29818849449204404,-0.05829337026029682,0.20380681818181817,0.22370621772883847,-0.019899399547020302,105.74000000000001,105.36000000000001,0.37999999999999545,112.9,98.16,14.740000000000009,0.5,0.3,0.2,-1.1777777777777778,-2.3,1.122222222222222,0.4953296273192751,0.48973437306555107,0.005595254253724036,0.10242071033740911,0.12337476642446157,-0.02095405608705246,0.2629820974502072,0.26982960609433404,-0.006847508644126865,0.25455920015227285,0.21138690839821878,0.04317229175405407,107.30999999999999,103.78,3.529999999999987,109.78,106.17999999999999,3.6000000000000085,train,2024-12-29,2025-02-26
S45G01N111,2024-2025,2024-12-28,70,안양 정관장,35,서울 삼성,0,76,75,22,21,3.0,3.0,0.0,0.0,0.0,0.0,0.0,0.0,0.0,0.0,0.0,0.0,0.0,0.0,0.0,0.0,0.0,0.0,4.0,4.0,0.0,1402.0620162976024,1405.7194687710714,-3.657452473468993,0.5873730178120653,0.4126269821879347,0.1747460356241306,-3.657452473468993,0.5873730178120653,0.0,0.0,0.0,-13.0,-8.333333333333334,-4.666666666666666,0.46872571872571855,0.4513451825951826,0.017380536130535973,0.15114125055701996,0.12148701924641447,0.02965423131060549,0.2448341758686586,0.1666048670621841,0.0782293088064745,0.19968919968919974,0.1697309634809635,0.029958236208236233,94.16666666666667,90.89999999999999,3.26666666666668,113.20000000000003,102.2666666666667,10.933333333333337,0.2,0.2,0.0,-11.0,-7.0,-4.0,0.4829979544265258,0.4677272706563751,0.015270683770150728,0.15651331461478862,0.11360678761222828,0.04290652700256034,0.24498662992310907,0.20573027116595172,0.039256358757157356,0.22977022977022976,0.24166326418192088,-0.011893034411691122,95.88000000000001,98.3,-2.4199999999999875,112.0,109.04,2.9599999999999937,0.2,0.4,-0.2,-8.4,-3.7,-4.7,0.4848548859533263,0.4813242082431243,0.003530677710202046,0.15357694300339092,0.14796479469520835,0.005612148308182574,0.23927366674190634,0.2346556720765157,0.004617994665390646,0.22882504341875226,0.2371281294448427,-0.00830308602609045,96.14,96.79,-0.6500000000000057,107.97,102.2,5.769999999999996,train,2024-12-29,2025-02-26
S45G01N112,2024-2025,2024-12-29,50,창원 LG,16,원주 DB,1,76,77,22,23,1.0,2.0,-1.0,1.0,0.0,1.0,0.0,0.0,0.0,0.0,0.0,0.0,0.0,0.0,0.0,7.0,1.0,6.0,0.0,0.0,0.0,1564.7500635527858,1542.0292975408136,22.720766011972273,0.623624549586141,0.376375450413859,0.247249099172282,22.720766011972273,0.623624549586141,1.0,0.3333333333333333,0.6666666666666667,14.0,-1.6666666666666667,15.666666666666666,0.5171916240394272,0.5242677742677743,-0.007076150228347067,0.10026517561204505,0.13790213588969594,-0.037636960277650885,0.2976190476190476,0.3249128919860627,-0.027293844367015097,0.20165487118398615,0.2186667186667186,-0.01701184748273246,110.0,107.63333333333334,2.36666666666666,87.76666666666667,106.46666666666665,-18.69999999999999,1.0,0.6,0.4,13.6,7.0,6.6,0.5409335084320209,0.5362124058541969,0.004721102577823988,0.11496800126513136,0.13983031017763806,-0.024862308912506695,0.3404761904761905,0.3464342216781241,-0.005958031201933611,0.21000899138747733,0.1844139615482899,0.025595029839187433,114.5,110.58,3.9200000000000017,93.44,99.02000000000001,-5.5800000000000125,0.8,0.6,0.20000000000000007,8.8,7.1,1.700000000000001,0.5211377779791821,0.547038534243854,-0.02590075626467181,0.11694598179201998,0.13837992283712122,-0.02143394104510124,0.3302352077352077,0.325984345239361,0.004250862495846719,0.19975558496786494,0.18350633883635445,0.016249246131510492,110.52000000000001,111.12,-0.5999999999999943,95.37,101.53999999999999,-6.1699999999999875,train,2024-12-29,2025-02-26
S45G01N113,2024-2025,2024-12-29,10,울산 현대모비스,66,고양 소노,1,76,76,22,22,2.0,1.0,1.0,0.0,1.0,-1.0,0.0,0.0,0.0,0.0,0.0,0.0,0.0,0.0,0.0,1.0,0.0,1.0,0.0,1.0,-1.0,1558.7781132699338,1425.3366903692224,133.44142290071136,0.7581054593228931,0.24189454067710692,0.5162109186457862,133.44142290071136,0.7581054593228931,0.3333333333333333,0.6666666666666666,-0.3333333333333333,-6.666666666666667,7.666666666666667,-14.333333333333334,0.4832355242566509,0.5069886734270296,-0.023753149170378685,0.112043602084499,0.13021616178508935,-0.018172559700590354,0.38498498498498507,0.28810916179337237,0.0968758231916127,0.14628325508607198,0.19702306825594498,-0.050739813169873,105.8,104.83333333333336,0.9666666666666401,116.0,96.96666666666668,19.033333333333317,0.6,0.6,0.0,-3.4,7.8,-11.2,0.516049236482808,0.4921043882667441,0.023944848216063908,0.11577753822208732,0.1145691543705611,0.001208383851526218,0.3470749070749071,0.30619883040935675,0.040876076665550376,0.17833252480824482,0.1914046304272512,-0.013072105619006374,109.7,106.64000000000001,3.059999999999988,114.8,97.17999999999999,17.620000000000005,0.7,0.3,0.39999999999999997,-0.9999999999999997,-1.7999999999999996,0.7999999999999999,0.5202992440770292,0.4854486587798367,0.03485058529719254,0.10922471486958765,0.1270999720470532,-0.017875257177465548,0.31446535987998125,0.26754202439498764,0.04692333548499361,0.1815041588432518,0.20072756773887815,-0.019223408895626348,110.29,102.14,8.150000000000006,111.92999999999999,104.02000000000001,7.909999999999982,train,2024-12-29,2025-02-26
S45G01N114,2024-2025,2024-12-29,60,부산 KCC,55,서울 SK,0,76,75,22,21,2.0,2.0,0.0,0.0,0.0,0.0,0.0,0.0,0.0,0.0,0.0,0.0,0.0,0.0,0.0,0.0,0.0,0.0,1.0,1.0,0.0,1490.1212978516799,1566.3441717154508,-76.22287386377093,0.48385460130497865,0.5161453986950213,-0.03229079739004265,-76.22287386377093,0.48385460130497865,0.3333333333333333,0.6666666666666666,-0.3333333333333333,-5.333333333333333,0.6666666666666666,-6.0,0.5363382144607597,0.4593324736611064,0.07700574079965328,0.10981609937119503,0.1103567833370635,-0.0005406839658684687,0.1611111111111111,0.3150375939849624,-0.1539264828738513,0.16729443202341873,0.21525186567164176,-0.047957433648223025,108.43333333333334,103.33333333333333,5.1000000000000085,116.43333333333334,101.36666666666667,15.066666666666663,0.2,0.4,-0.2,-10.0,-0.6,-9.4,0.4983620684614021,0.4874415894598216,0.010920479001580496,0.11105884967096007,0.09934548040220229,0.011713369268757781,0.1370028011204482,0.324818010936432,-0.1878152098159838,0.185322895773191,0.22449524895764097,-0.039172353184449976,100.1,109.05999999999999,-8.959999999999994,114.64000000000001,108.78,5.860000000000014,0.4,0.6,-0.19999999999999996,-1.1,4.6,-5.699999999999999,0.5100217305890385,0.4905888363127411,0.019432894276297463,0.12505904708159893,0.1112605598104596,0.013798487271139331,0.19054191316902164,0.3054716880430937,-0.11492977487407208,0.17870226441073533,0.22947029382825038,-0.05076802941751504,102.0,107.32000000000001,-5.320000000000007,104.2,100.56,3.6400000000000006,train,2024-12-29,2025-02-26
S45G01N115,2024-2025,2024-12-31,10,울산 현대모비스,64,대구 한국가스공사,1,77,76,23,22,2.0,3.0,-1.0,0.0,0.0,0.0,0.0,0.0,0.0,0.0,0.0,0.0,0.0,0.0,0.0,2.0,1.0,1.0,0.0,0.0,0.0,1563.616004083476,1505.0171064360345,58.59889764744139,0.6707308523716182,0.3292691476283818,0.34146170474323645,58.59889764744139,0.6707308523716182,0.6666666666666666,0.6666666666666666,0.0,6.666666666666667,-0.666666666666667,7.333333333333334,0.5022722848978892,0.4813762626262627,0.020896022271626513,0.09884063639609114,0.08043725380732673,0.018403382588764408,0.41526526526526525,0.2466276760631599,0.16863758920210534,0.1948598167223351,0.261205808080808,-0.06634599135847291,114.89999999999999,105.59999999999998,9.300000000000011,106.8,106.9666666666667,-0.16666666666669983,0.6,0.6,0.0,-0.2,0.04444444444444429,-0.2444444444444443,0.4959114638077219,0.49788825757575755,-0.0019767937680356673,0.10765636660993376,0.08543960142619467,0.022216765183739093,0.35775866775866777,0.24506551201083066,0.11269315574783711,0.20418786349940438,0.24234848484848484,-0.038160621349080465,108.7,108.04,0.6599999999999966,109.64000000000001,108.8,0.8400000000000176,0.7,0.5,0.19999999999999996,-0.8999999999999997,-1.1777777777777778,0.2777777777777781,0.5182523357614641,0.4948362062666435,0.023416129494820637,0.1072822836608273,0.1054359292979481,0.0018463543628792073,0.3193264709910923,0.2568716391658358,0.06245483182525652,0.18849776225476564,0.27075985804700975,-0.08226209579224411,110.85999999999999,106.58,4.279999999999987,112.47,108.88999999999999,3.5800000000000125,validation,2024-12-29,2025-02-26
S45G01N116,2024-2025,2025-01-01,06,수원 KT,60,부산 KCC,1,77,77,23,23,4.0,3.0,1.0,0.0,0.0,0.0,0.0,0.0,0.0,0.0,0.0,0.0,0.0,0.0,0.0,0.0,0.0,0.0,1.0,2.0,-1.0,1539.8417741954056,1480.4442058255802,59.39756836982542,0.6717454206038322,0.32825457939616776,0.3434908412076645,59.39756836982542,0.6717454206038322,0.6666666666666666,0.3333333333333333,0.3333333333333333,5.0,0.37037037037037024,4.62962962962963,0.5243010868010869,0.4956139137491413,0.02868717305194557,0.11656664388577992,0.09438730881998943,0.022179335065790493,0.3417903733693208,0.20555555555555557,0.1362348178137652,0.20368582868582866,0.20118437777132261,0.0025014509145060426,111.0,105.60000000000001,5.3999999999999915,106.13333333333333,104.23333333333335,1.8999999999999773,0.6,0.2,0.39999999999999997,-0.04444444444444429,-7.377777777777777,7.333333333333333,0.5137582836595994,0.5093660845256591,0.004392199133940289,0.13884519064152281,0.10301059683883718,0.03583459380268564,0.3039313668787353,0.1484313725490196,0.15549999432971567,0.24743079545711125,0.20741124918684556,0.04001954627026569,105.1,103.8,1.2999999999999972,105.22,113.97999999999999,-8.759999999999991,0.5,0.3,0.2,-3.822222222222222,-3.6888888888888887,-0.1333333333333333,0.46462743859907485,0.5056626275100559,-0.04103518891098101,0.12369275001862359,0.12967423224761848,-0.005981482228994889,0.3345974276350216,0.19212086053744268,0.14247656709757892,0.2203977047924675,0.1841908855620071,0.0362068192304604,100.63,101.12,-0.4900000000000091,107.46000000000001,106.41,1.0500000000000114,validation,2024-12-29,2025-02-26
S45G01N117,2024-2025,2025-01-01,50,창원 LG,55,서울 SK,0,77,76,23,22,3.0,3.0,0.0,0.0,0.0,0.0,0.0,0.0,0.0,0.0,0.0,0.0,0.0,0.0,0.0,8.0,1.0,7.0,0.0,0.0,0.0,1572.277572561063,1576.0212637415505,-3.743691180487531,0.5872526948876604,0.4127473051123396,0.17450538977532082,-3.743691180487531,0.5872526948876604,1.0,0.6666666666666666,0.33333333333333337,22.333333333333332,2.2962962962962963,20.037037037037035,0.5711822343680658,0.49861440264891765,0.07256783171914816,0.08918418481087335,0.14761031557820758,-0.05842613076733423,0.2645929339477726,0.237950937950938,0.026641995996834617,0.20165487118398615,0.1949815954013715,0.006673275782614646,119.63333333333333,98.46666666666668,21.166666666666643,86.93333333333335,96.86666666666666,-9.933333333333309,1.0,0.6,0.4,17.6,1.3777777777777778,16.222222222222225,0.5582739145048213,0.4918157004128799,0.06645821409194141,0.11248738472505386,0.12459992659587245,-0.012112541870818588,0.2968509984639017,0.29205285942128045,0.0047981390426212744,0.1909857610966414,0.24391203416389984,-0.052926273067258445,115.44000000000001,105.3,10.140000000000015,89.70000000000002,102.54,-12.83999999999999,0.9,0.6,0.30000000000000004,13.0,5.288888888888889,7.711111111111111,0.5316910978986993,0.5085560993504268,0.0231349985482725,0.1093721189738471,0.11978665708210848,-0.010414538108261373,0.333541659348111,0.3053238683830789,0.028217790965032075,0.19959461917309632,0.22303710007111296,-0.02344248089801665,113.80999999999999,108.98999999999998,4.820000000000007,93.12,101.36999999999999,-8.249999999999986,validation,2024-12-29,2025-02-26
S45G01N118,2024-2025,2025-01-01,70,안양 정관장,66,고양 소노,0,77,77,23,23,4.0,3.0,1.0,0.0,0.0,0.0,0.0,0.0,0.0,0.0,0.0,0.0,0.0,0.0,0.0,0.0,0.0,0.0,5.0,2.0,3.0,1390.314555941361,1420.4987995556803,-30.184243614319257,0.5499368640922082,0.4500631359077918,0.09987372818441642,-30.184243614319257,0.5499368640922082,0.0,0.3333333333333333,-0.3333333333333333,-19.0,-4.666666666666667,-14.333333333333332,0.44949494949494934,0.47120778764614385,-0.021712838151194513,0.16097520167210985,0.09673106940827846,0.0642441322638314,0.26587794691242966,0.24814814814814823,0.017729798764281435,0.23924963924963927,0.2238295950624718,0.01542004418716747,91.80000000000001,99.63333333333337,-7.833333333333357,116.56666666666668,108.7,7.866666666666674,0.0,0.6,-0.6,-15.6,4.6,-20.2,0.4485081585081585,0.4857076271331408,-0.0371994686249823,0.13801497667460766,0.11537325773439351,0.022641718940214148,0.26064319557967475,0.274452798663325,-0.013809603083650257,0.19548451548451548,0.22662730249202853,-0.03114278700751305,93.14000000000001,103.04,-9.899999999999991,114.74000000000001,98.4,16.340000000000003,0.2,0.3,-0.09999999999999998,-7.5,-2.8,-4.7,0.49362300189535524,0.4800174233486013,0.013605578546753927,0.15068134185116128,0.11952518524729272,0.031156156603868557,0.23905999152823107,0.2703198021727654,-0.03125981064453434,0.22700309724898,0.2224058894171998,0.004597207831780192,97.67999999999999,102.39,-4.710000000000008,108.42999999999999,105.72,2.7099999999999937,validation,2024-12-29,2025-02-26
S45G01N119,2024-2025,2025-01-02,35,서울 삼성,16,원주 DB,0,76,78,22,24,5.0,4.0,1.0,0.0,0.0,0.0,0.0,0.0,0.0,0.0,0.0,0.0,0.0,0.0,0.0,1.0,0.0,1.0,0.0,1.0,-1.0,1417.4669291273128,1534.5017885325365,-117.03485940522364,0.4256707375493305,0.5743292624506695,-0.14865852490133902,-117.03485940522364,0.4256707375493305,0.3333333333333333,0.3333333333333333,0.0,-0.3333333333333333,-11.666666666666666,11.333333333333332,0.4708964646464646,0.4724973224973225,-0.0016008578508578952,0.11329047113489236,0.13334197994597508,-0.02005150881108271,0.24319800431708605,0.3380081300813009,-0.09481012576421483,0.1258207070707071,0.21589911589911584,-0.09007840882840873,98.73333333333335,100.66666666666667,-1.933333333333323,99.36666666666667,113.16666666666667,-13.799999999999997,0.2,0.4,-0.2,-3.4,-3.2,-0.19999999999999973,0.49181457224367675,0.5116888696888697,-0.01987429744519298,0.11460352424670431,0.13915554262817348,-0.02455201838146917,0.22527486319631226,0.3464342216781241,-0.12115935848181184,0.15709977211842882,0.21284105684105686,-0.05574128472262804,100.6,106.08,-5.480000000000004,106.1,108.05999999999999,-1.9599999999999937,0.5,0.5,0.0,0.1,0.6,-0.5,0.5005452227358779,0.5220801142854341,-0.021534891549556234,0.14349252816015046,0.14207536039815896,0.0014171677619914946,0.23880348504785812,0.3413414880965039,-0.10253800304864577,0.21334189756078475,0.2015520768820925,0.011789820678692248,100.5,107.2,-6.700000000000003,100.78999999999999,106.16,-5.3700000000000045,validation,2024-12-29,2025-02-26
S45G01N120,2024-2025,2025-01-03,06,수원 KT,70,안양 정관장,1,78,78,24,24,2.0,2.0,0.0,0.0,0.0,0.0,0.0,0.0,0.0,0.0,0.0,0.0,0.0,0.0,0.0,1.0,0.0,1.0,0.0,6.0,-6.0,1546.406865783329,1379.315818659517,167.09104712381213,0.7918352408191656,0.20816475918083444,0.5836704816383311,167.09104712381213,0.7918352408191656,0.6666666666666666,0.0,0.6666666666666666,9.666666666666666,-17.0,26.666666666666664,0.5315063554500176,0.427117327117327,0.10438902833269059,0.11661658834753845,0.15732521962734985,-0.040708631279811405,0.32863247863247863,0.27918708181866075,0.04944539681381788,0.2136623545074249,0.2131424131424132,0.0005199413650117113,112.30000000000001,89.0,23.30000000000001,102.66666666666667,112.03333333333335,-9.366666666666674,0.8,0.0,0.8,6.955555555555556,-12.8,19.755555555555556,0.5469008892934022,0.44508158508158513,0.10181930421181706,0.1348345546060294,0.15390482215858353,-0.019070267552554143,0.31107422402159246,0.2711695113691484,0.03990471265244405,0.240916710950069,0.2173959373959374,0.023520773554131597,111.28,91.86,19.42,103.16,110.88,-7.719999999999999,0.6,0.2,0.39999999999999997,1.777777777777778,-7.4,9.177777777777779,0.4842318296512704,0.4821085788184322,0.0021232508328381527,0.11857768325588262,0.14903985884879797,-0.03046217559291535,0.32882819686579084,0.24492465318236642,0.08390354368342443,0.2123612507742405,0.2344550203259031,-0.02209376955166259,103.92,96.45,7.469999999999999,103.41,107.71,-4.299999999999997,validation,2024-12-29,2025-02-26
S45G01N121,2024-2025,2025-01-03,55,서울 SK,66,고양 소노,1,77,78,23,24,2.0,2.0,0.0,0.0,0.0,0.0,0.0,0.0,0.0,0.0,0.0,0.0,0.0,0.0,0.0,2.0,1.0,1.0,0.0,0.0,0.0,1587.7663176393037,1431.4975368375244,156.26878080177926,0.7813798234017629,0.21862017659823707,0.5627596468035259,156.26878080177926,0.7813798234017629,0.6666666666666666,0.3333333333333333,0.3333333333333333,2.2962962962962963,-5.666666666666667,7.962962962962964,0.5268828205233138,0.41770816248428194,0.10917465803903187,0.1380912783559598,0.10954856925628072,0.028542709099679084,0.30984033887259693,0.3148148148148148,-0.004974475942217893,0.1859991074786662,0.23412060576239682,-0.048121498283730635,106.76666666666667,93.60000000000002,13.166666666666643,105.26666666666667,99.7,5.566666666666663,0.8,0.6,0.20000000000000007,2.7777777777777777,1.7999999999999994,0.9777777777777783,0.49471425113751766,0.4633895301182155,0.03132472101930217,0.12514539203973746,0.11455315783131441,0.010592234208423049,0.31492675971453565,0.2839766081871345,0.03095015152740116,0.19597446448719974,0.22154334726814792,-0.025568882780948182,105.12,99.52,5.6000000000000085,101.36,97.5,3.8599999999999994,0.6,0.4,0.19999999999999996,1.788888888888889,-0.29999999999999966,2.0888888888888886,0.5050757972479569,0.47224379150780516,0.03283200574015177,0.11751858567444093,0.118174971605736,-0.0006563859312950782,0.29681132358021156,0.2878636618218882,0.008947661758323344,0.2051354874971183,0.22330141180525948,-0.01816592430814118,106.75999999999999,102.14000000000001,4.619999999999976,104.35,102.00999999999999,2.3400000000000034,validation,2024-12-29,2025-02-26
S45G01N122,2024-2025,2025-01-04,10,울산 현대모비스,50,창원 LG,1,78,78,24,24,4.0,3.0,1.0,0.0,0.0,0.0,0.0,0.0,0.0,0.0,0.0,0.0,0.0,0.0,0.0,3.0,0.0,3.0,0.0,1.0,-1.0,1570.2013870360436,1560.5325186633097,9.668868372733868,0.6058327289375958,0.39416727106240423,0.21166545787519153,9.668868372733868,0.6058327289375958,1.0,0.6666666666666666,0.33333333333333337,13.333333333333334,11.0,2.333333333333334,0.5497185788230564,0.5509441391299705,-0.0012255603069141197,0.10906673993695792,0.09373195434089789,0.015334785596060038,0.3851046698872786,0.28046594982078854,0.10463872006649005,0.1796371676968692,0.14424746377657874,0.03538970392029045,118.26666666666667,115.63333333333333,2.63333333333334,104.83333333333333,99.56666666666668,5.2666666666666515,0.6,0.8,-0.20000000000000007,0.8,14.6,-13.799999999999999,0.5186613507367134,0.5423739952150715,-0.02371264447835808,0.1133462670366763,0.10360400980390498,0.00974225723277132,0.3553871262566915,0.2968509984639017,0.05853612779278977,0.17777447589198694,0.16575035620021955,0.012024119691767393,110.53999999999999,113.97999999999999,-3.4399999999999977,111.88,91.96000000000001,19.919999999999987,0.7,0.8,-0.10000000000000009,-0.9999999999999997,12.5,-13.5,0.5296489102015169,0.5371992713173205,-0.007550361115803539,0.11127652063935747,0.11389166555421079,-0.002615144914853318,0.326058588803154,0.33076388157033315,-0.004705292767179126,0.18046087160917937,0.18682513326928205,-0.006364261660102677,111.89000000000001,113.83,-1.9399999999999835,114.34,94.2,20.14,validation,2024-12-29,2025-02-26
S45G01N123,2024-2025,2025-01-04,35,서울 삼성,64,대구 한국가스공사,0,77,77,23,23,2.0,4.0,-2.0,0.0,0.0,0.0,0.0,0.0,0.0,0.0,0.0,0.0,0.0,0.0,0.0,0.0,0.0,0.0,1.0,1.0,0.0,1408.9535143763262,1498.4317234834668,-89.47820910714063,0.46483119595438216,0.5351688040456178,-0.07033760809123568,-89.47820910714063,0.46483119595438216,0.3333333333333333,0.3333333333333333,0.0,6.0,-11.666666666666666,17.666666666666664,0.4882575757575757,0.4501046423135466,0.03815293344402915,0.12782542879434344,0.09199248187171653,0.03583294692262691,0.2974772835963653,0.27045795795795796,0.027019325638407365,0.14086700336700342,0.19817827245053268,-0.057311269083529265,102.89999999999999,97.53333333333332,5.366666666666674,95.16666666666669,112.23333333333336,-17.066666666666677,0.2,0.4,-0.2,-0.8,-2.155555555555556,1.3555555555555558,0.4849737762237762,0.4955552096305521,-0.01058143340677592,0.12226506445287008,0.08052319489006624,0.041741869562803846,0.22966880259025166,0.24646045534125785,-0.016791652751006192,0.16211635586635587,0.19042211498547115,-0.028305759119115287,99.26,107.04,-7.780000000000001,100.92,109.52000000000001,-8.600000000000009,0.4,0.4,0.0,-1.5,-4.0777777777777775,2.5777777777777775,0.4924723060692112,0.48704961650456713,0.00542268956464409,0.14094754013079291,0.0969481988453574,0.04399934128543552,0.2471655540133753,0.25802994032413695,-0.010864386310761642,0.22879328644967364,0.2302407520628713,-0.0014474656131976682,100.22999999999999,106.60999999999999,-6.3799999999999955,102.80999999999999,111.6,-8.790000000000006,validation,2024-12-29,2025-02-26
S45G01N124,2024-2025,2025-01-04,60,부산 KCC,16,원주 DB,0,78,79,24,25,3.0,2.0,1.0,0.0,0.0,0.0,0.0,0.0,0.0,0.0,0.0,0.0,0.0,0.0,0.0,0.0,1.0,-1.0,3.0,0.0,3.0,1473.8791142376567,1543.015203283523,-69.13608904586636,0.4940479705585349,0.5059520294414651,-0.011904058882930224,-69.13608904586636,0.4940479705585349,0.0,0.6666666666666666,-0.6666666666666666,-14.296296296296296,-9.333333333333334,-4.962962962962962,0.46776245486319973,0.4721112221112221,-0.004348767248022356,0.1305772246163711,0.11833643215354205,0.012240792462829067,0.20864197530864195,0.2551587301587302,-0.04651675485008824,0.2589503665717942,0.24807414807414804,0.010876218497646167,96.63333333333333,98.66666666666667,-2.0333333333333456,111.96666666666668,110.06666666666668,1.9000000000000057,0.2,0.4,-0.2,-8.577777777777778,-7.6,-0.9777777777777779,0.5009678642809428,0.48873648873648873,0.012231375544454026,0.12244422683806026,0.133672894965431,-0.011228668127370736,0.1885185185185185,0.2980429732868757,-0.10952445476835718,0.2109707597541426,0.24065058065058062,-0.02967982089643803,102.42,101.16,1.2600000000000051,113.13999999999999,108.97999999999999,4.159999999999997,0.3,0.6,-0.3,-5.288888888888889,0.9,-6.188888888888889,0.5145518304495698,0.5199372571425769,-0.005385426693007123,0.13116921798464645,0.14003874931899468,-0.00886953133434823,0.19101975943634159,0.33336208011709584,-0.14234232068075425,0.18882627278642766,0.2104265357565514,-0.02160026297012374,102.28999999999999,106.92,-4.63000000000001,109.42999999999999,104.73999999999998,4.690000000000012,validation,2024-12-29,2025-02-26
S45G01N125,2024-2025,2025-01-05,50,창원 LG,66,고양 소노,1,79,79,25,25,1.0,2.0,-1.0,1.0,0.0,1.0,0.0,0.0,0.0,0.0,0.0,0.0,0.0,0.0,0.0,0.0,0.0,0.0,2.0,1.0,1.0,1552.6491732420616,1427.1251333055598,125.52403993650182,0.749649632789904,0.25035036721009596,0.4992992655798081,125.52403993650182,0.749649632789904,0.3333333333333333,0.3333333333333333,0.0,3.3333333333333335,-7.333333333333333,10.666666666666666,0.5171998172610542,0.43448143895905095,0.08271837830200329,0.09759709093770419,0.09150478236530614,0.00609230857239805,0.2471326164874552,0.2861952861952863,-0.039062669707831094,0.12290490122700776,0.19211634137007272,-0.06921144014306496,109.03333333333332,96.50000000000001,12.533333333333303,105.03333333333335,104.36666666666667,0.6666666666666714,0.6,0.4,0.19999999999999996,8.6,-3.8000000000000007,12.4,0.5304940197098664,0.46033661288619376,0.07015740682367266,0.09716563579191853,0.10265873471453638,-0.005493098922617845,0.25542242703533025,0.27616161616161616,-0.020739189126285917,0.17220065217899072,0.18802910032106515,-0.01582844814207443,111.28,98.47999999999999,12.800000000000011,98.4,104.12,-5.719999999999999,0.8,0.4,0.4,11.1,-0.29999999999999966,11.399999999999999,0.5270759747566456,0.46699006016452166,0.060085914592123923,0.10778091464907373,0.11059510406975404,-0.0028141894206803048,0.3047382405446922,0.2996481736064,0.00509006693829217,0.17146714062381374,0.20927156105899086,-0.03780442043517712,111.68999999999998,102.18,9.509999999999977,94.47999999999999,102.8,-8.320000000000007,validation,2024-12-29,2025-02-26
S45G01N126,2024-2025,2025-01-05,55,서울 SK,06,수원 KT,1,78,79,24,25,2.0,2.0,0.0,0.0,0.0,0.0,0.0,0.0,0.0,0.0,0.0,0.0,0.0,0.0,0.0,3.0,2.0,1.0,0.0,0.0,0.0,1592.1387211712683,1550.5701609669457,41.568560204322694,0.6487292020368437,0.3512707979631563,0.2974584040736874,41.568560204322694,0.6487292020368437,1.0,0.6666666666666666,0.33333333333333337,6.62962962962963,10.666666666666666,-4.037037037037036,0.5619125897101664,0.515835755272375,0.046076834437791425,0.14268703085936832,0.11541274176050899,0.02727428909885933,0.3086057709713624,0.32967479674796746,-0.021069025776605077,0.16055256967587686,0.1979283106043669,-0.03737574092849005,110.7,110.93333333333334,-0.23333333333333428,103.03333333333335,98.46666666666668,4.566666666666663,0.8,0.8,0.0,3.577777777777778,9.8,-6.222222222222223,0.520099979199234,0.5272567084186802,-0.007156729219446212,0.1326600211484293,0.11433673675556659,0.018323284392862724,0.2794491768685317,0.34287910207037287,-0.06342992520184115,0.1754826612085112,0.1870002296058634,-0.011517568397352212,104.9,112.72,-7.819999999999993,101.46,101.36,0.09999999999999432,0.6,0.6,0.0,2.188888888888889,2.577777777777778,-0.38888888888888884,0.517564412912802,0.4898656324681719,0.02769878044463009,0.12357748051544351,0.12518529375404866,-0.0016078132386051491,0.31453619130507926,0.3358885306270232,-0.021352339321943914,0.20600069696888515,0.2123612507742405,-0.006360553805355357,108.97999999999999,104.78,4.199999999999989,105.96,102.21,3.75,validation,2024-12-29,2025-02-26
S45G01N127,2024-2025,2025-01-05,70,안양 정관장,64,대구 한국가스공사,0,79,78,25,24,2.0,1.0,1.0,0.0,1.0,-1.0,0.0,0.0,0.0,0.0,0.0,0.0,0.0,0.0,0.0,0.0,1.0,-1.0,7.0,0.0,7.0,1375.1525234759004,1507.7283474025544,-132.57582392665404,0.4039586043885555,0.5960413956114445,-0.19208279122288902,-132.57582392665404,0.4039586043885555,0.0,0.6666666666666666,-0.6666666666666666,-13.666666666666666,11.0,-24.666666666666664,0.42459207459207443,0.5441702988792031,-0.11957822428712866,0.13996287701571006,0.0926650167716167,0.047297860244093354,0.2881960908276698,0.3135135135135135,-0.025317422685843693,0.19799089799089806,0.22054479481705505,-0.022553896826156994,90.26666666666667,119.60000000000001,-29.333333333333343,110.66666666666669,104.36666666666669,6.299999999999997,0.0,0.6,-0.6,-15.2,5.6,-20.799999999999997,0.4344522144522145,0.5215779369032794,-0.08712572245106487,0.15387245575361722,0.0822059244262881,0.07166653132732911,0.27133331153294854,0.2874360650973554,-0.01610275356440688,0.21091575091575093,0.2171753617387179,-0.006259610822966971,89.48,114.62,-25.14,110.8,107.26000000000002,3.539999999999978,0.1,0.5,-0.4,-11.4,1.1222222222222222,-12.522222222222222,0.4635925360376835,0.5114552109101616,-0.04786267487247803,0.15189234384363332,0.09083792037500713,0.06105442346862619,0.2500182082759216,0.27851774520218575,-0.02849953692626417,0.22594343387314017,0.23669429851641777,-0.010750864643277597,93.14,112.82000000000001,-19.680000000000007,110.19000000000001,111.61000000000001,-1.4200000000000017,validation,2024-12-29,2025-02-26
S45G01N128,2024-2025,2025-01-06,35,서울 삼성,60,부산 KCC,1,78,79,24,25,2.0,2.0,0.0,0.0,0.0,0.0,0.0,0.0,0.0,0.0,0.0,0.0,0.0,0.0,0.0,0.0,0.0,0.0,2.0,4.0,-2.0,1399.6568904572387,1463.998154826486,-64.34126436924726,0.5009479956412984,0.49905200435870156,0.001895991282596876,-64.34126436924726,0.5009479956412984,0.3333333333333333,0.0,0.3333333333333333,-5.333333333333333,-9.62962962962963,4.296296296296297,0.5264846743295019,0.49557792297717523,0.030906751352326622,0.13851298777342916,0.13979495264487993,-0.0012819648714507692,0.27173202614379083,0.23950617283950618,0.03222585330428465,0.24414112388250322,0.22472754130419278,0.01941358257831044,107.43333333333334,101.26666666666667,6.166666666666671,112.90000000000002,113.73333333333335,-0.8333333333333286,0.2,0.2,0.0,-7.8,-3.7777777777777777,-4.022222222222222,0.47592868338558,0.5103777526381995,-0.034449069252619535,0.13316895398359574,0.11937989087815326,0.013789063105442478,0.24425213592358502,0.227037037037037,0.017215098886548014,0.21447709857192615,0.2001254646983212,0.014351633873604941,98.16,105.64000000000001,-7.480000000000018,107.6,110.17999999999999,-2.5799999999999983,0.4,0.2,0.2,-3.5,-6.088888888888889,2.5888888888888886,0.5050990809170814,0.5214998823976218,-0.01640080148054035,0.1425925275747138,0.12614088630940098,0.016451641265312816,0.23819119503901637,0.18916790758448973,0.04902328745452664,0.2571908523725945,0.18809034205049696,0.06910051032209752,102.01,104.11000000000001,-2.1000000000000085,106.78,112.83,-6.049999999999997,validation,2024-12-29,2025-02-26
S45G01N129,2024-2025,2025-01-07,55,서울 SK,64,대구 한국가스공사,1,79,79,25,25,2.0,2.0,0.0,0.0,0.0,0.0,0.0,0.0,0.0,0.0,0.0,0.0,0.0,0.0,0.0,4.0,2.0,2.0,0.0,0.0,0.0,1599.1641371305316,1515.8075194903256,83.35661764020597,0.701407516250178,0.29859248374982195,0.4028150325003561,83.35661764020597,0.701407516250178,1.0,0.6666666666666666,0.33333333333333337,5.0,12.333333333333334,-7.333333333333334,0.5001633404609171,0.5901060912289299,-0.08994275076801272,0.09664858951632603,0.10682387651789381,-0.010175287001567779,0.3437397191487888,0.312892202547375,0.030847516601413827,0.18545246957577674,0.18272034126514247,0.0027321283106342686,108.10000000000001,124.0,-15.899999999999991,101.33333333333333,105.70000000000005,-4.366666666666717,0.8,0.6,0.20000000000000007,3.7777777777777777,1.8,1.9777777777777776,0.5133291458659007,0.5186469880706912,-0.005317842204790479,0.12343098539998845,0.10451148991061347,0.01891949548937498,0.31472867997412174,0.29055063684374033,0.02417804313038141,0.193885438986289,0.21484053809241885,-0.02095509910612986,106.4,109.84,-3.4399999999999977,101.9,107.42,-5.519999999999996,0.6,0.6,0.0,1.488888888888889,2.2222222222222223,-0.7333333333333334,0.4992112383096273,0.514758007438609,-0.015546769128981675,0.11635414477615484,0.094674536020668,0.021679608755486843,0.31931880000073143,0.2639459988173137,0.05537280118341775,0.1974689509371391,0.2509903448037852,-0.05352139386664609,106.34,111.9,-5.560000000000002,103.91000000000001,108.78999999999999,-4.879999999999981,validation,2024-12-29,2025-02-26
S45G01N130,2024-2025,2025-01-08,10,울산 현대모비스,70,안양 정관장,1,79,80,25,26,4.0,3.0,1.0,0.0,0.0,0.0,0.0,0.0,0.0,0.0,0.0,0.0,0.0,0.0,0.0,4.0,0.0,4.0,0.0,8.0,-8.0,1578.0847324572917,1367.0733513881291,211.01138106916255,0.8304541360269653,0.16954586397303473,0.6609082720539305,211.01138106916255,0.8304541360269653,1.0,0.0,1.0,15.0,-8.666666666666666,23.666666666666664,0.5384770556097022,0.43411588411588403,0.10436117149381813,0.11362614307955422,0.12368649924542753,-0.010060356165873308,0.378498063280672,0.2530109056424846,0.1254871576381874,0.25329392304376536,0.17418137418137425,0.07911254886239111,117.96666666666665,91.23333333333333,26.73333333333332,99.53333333333335,106.66666666666669,-7.13333333333334,0.8,0.0,0.8,9.6,-14.8,24.4,0.5199719923642564,0.4428937728937729,0.07707821947048349,0.10838698892643732,0.13207735095836964,-0.023690362031932324,0.4040357749053401,0.2561608977398452,0.1478748771654949,0.20919075132234682,0.18624042624042625,0.022950325081920575,116.0,92.53999999999999,23.460000000000008,104.6,113.8,-9.200000000000003,0.7,0.1,0.6,0.7000000000000004,-11.4,12.100000000000001,0.5198875643486217,0.4622561305077296,0.05763143384089209,0.11494415365355226,0.14287210875956846,-0.0279279551060162,0.3412988290433942,0.25057376383147706,0.09072506521191714,0.20033567599102597,0.2122567979284397,-0.011921121937413737,110.75999999999999,94.05,16.709999999999994,110.56999999999998,111.87,-1.3000000000000256,validation,2024-12-29,2025-02-26
S45G01N131,2024-2025,2025-01-09,35,서울 삼성,50,창원 LG,1,79,80,25,26,3.0,4.0,-1.0,0.0,0.0,0.0,0.0,0.0,0.0,0.0,0.0,0.0,0.0,0.0,0.0,1.0,1.0,0.0,0.0,0.0,0.0,1409.6379305444127,1557.6561805862634,-148.0182500418507,0.3827501491238375,0.6172498508761626,-0.2344997017523251,-148.0182500418507,0.3827501491238375,0.3333333333333333,0.3333333333333333,0.0,-8.0,-7.0,-1.0,0.5175561029009305,0.4572530721135523,0.06030303078737814,0.15204002245032433,0.09396295202637846,0.05807707042394587,0.21018518518518514,0.2563492063492063,-0.046164021164021185,0.2697363619777413,0.15997308145264014,0.10976328052510118,100.89999999999999,99.36666666666667,1.5333333333333172,110.13333333333337,109.7,0.43333333333336554,0.4,0.6,-0.19999999999999996,-1.0,3.0,-4.0,0.5118215405284371,0.4953945172223042,0.016427023306132882,0.13645953920317655,0.0840751690409159,0.05238437016226065,0.23959748126893032,0.25542242703533025,-0.015824945766399923,0.193584241429069,0.16031010491530914,0.03327413651375985,103.1,106.94000000000001,-3.8400000000000176,103.38,103.04,0.3399999999999892,0.4,0.8,-0.4,-2.8,10.3,-13.100000000000001,0.5112895571075577,0.5203595568461978,-0.009069999738640089,0.13536428367872386,0.10428516535480752,0.03107911832391634,0.22627363231500203,0.3062826420890937,-0.0800090097740917,0.24004799522973735,0.1729596779372466,0.06708831729249076,102.92999999999999,110.65,-7.720000000000013,106.57000000000001,95.41,11.16000000000001,validation,2024-12-29,2025-02-26
S45G01N132,2024-2025,2025-01-09,66,고양 소노,60,부산 KCC,0,80,80,26,26,4.0,3.0,1.0,0.0,0.0,0.0,0.0,0.0,0.0,0.0,0.0,0.0,0.0,0.0,0.0,0.0,0.0,0.0,2.0,5.0,-3.0,1422.118125961358,1454.0171147393119,-31.898988777953946,0.5474925773281923,0.45250742267180766,0.09498515465638468,-31.898988777953946,0.5474925773281923,0.3333333333333333,0.0,0.3333333333333333,-2.6666666666666665,-11.333333333333334,8.666666666666668,0.45435323383084575,0.49200197535105433,-0.037648741520208584,0.11916968916612802,0.13502057628134667,-0.015850887115218648,0.30303030303030304,0.2348550100488085,0.06817529298149455,0.14510779436152574,0.20085121407747772,-0.05574341971595198,97.13333333333337,100.63333333333333,-3.4999999999999574,98.36666666666667,115.43333333333335,-17.066666666666677,0.2,0.0,0.2,-5.6000000000000005,-11.777777777777777,6.177777777777776,0.44711743480400196,0.4810310719216558,-0.03391363711765383,0.11109027064279889,0.12393357932405577,-0.012843308681256882,0.30404040404040406,0.21424633936261844,0.08979406467778561,0.1857459952982341,0.22070853459645962,-0.034962539298225515,97.02000000000001,99.47999999999999,-2.4599999999999795,103.24000000000001,113.75999999999999,-10.519999999999982,0.4,0.1,0.30000000000000004,0.5000000000000003,-9.688888888888888,10.188888888888888,0.46070218137664287,0.5016368686989916,-0.04093468732234873,0.11080845105729457,0.12031604144346024,-0.009507590386165665,0.30111444926622405,0.17964755874728042,0.12146689051894363,0.20472610651353632,0.18809034205049696,0.016635764463039354,101.19,101.34,-0.15000000000000568,100.7,114.54,-13.840000000000003,validation,2024-12-29,2025-02-26
S45G01N133,2024-2025,2025-01-10,55,서울 SK,10,울산 현대모비스,1,80,80,26,26,3.0,2.0,1.0,0.0,0.0,0.0,0.0,0.0,0.0,0.0,0.0,0.0,0.0,0.0,0.0,5.0,5.0,0.0,0.0,0.0,0.0,1605.135986805528,1581.4756497367523,23.66033706877579,0.6248931897973886,0.3751068102026114,0.24978637959477723,23.66033706877579,0.6248931897973886,1.0,1.0,0.0,6.666666666666667,14.333333333333334,-7.666666666666667,0.47809104327617624,0.5587921468203157,-0.08070110354413951,0.1155698479383026,0.14140798096975624,-0.02583813303145363,0.2854145317913434,0.3815844830337583,-0.0961699512424149,0.23484444025710274,0.2396500213401622,-0.004805581083059451,100.8,117.03333333333335,-16.23333333333335,90.76666666666667,99.93333333333334,-9.166666666666671,1.0,1.0,0.0,6.377777777777778,15.2,-8.822222222222221,0.5059693929065595,0.5408640111435992,-0.034894618237039654,0.12827323080048092,0.12325780551700145,0.005015425283479466,0.29715292239836416,0.40783957870914395,-0.11068665631077979,0.20773000923847632,0.22126928311918848,-0.01353927388071216,103.6,117.84,-14.240000000000009,95.0,99.78,-4.780000000000001,0.7,0.8,-0.10000000000000009,2.888888888888889,4.6,-1.7111111111111108,0.4967054911831905,0.5353637548248121,-0.038658263641621615,0.1138093556013416,0.12494591076658938,-0.01113655516524778,0.31098546666739807,0.35224890955869215,-0.04126344289129408,0.21611262909805862,0.21180753746288747,0.004305091635171149,106.33,113.1,-6.769999999999996,101.89,107.58,-5.689999999999998,validation,2024-12-29,2025-02-26
S45G01N134,2024-2025,2025-01-10,64,대구 한국가스공사,16,원주 DB,1,80,80,26,26,3.0,6.0,-3.0,0.0,0.0,0.0,0.0,0.0,0.0,0.0,0.0,0.0,0.0,0.0,0.0,0.0,2.0,-2.0,1.0,0.0,1.0,1509.835669815329,1552.8961626946939,-43.0604928793648,0.5315315887492545,0.46846841125074545,0.0630631774985091,-43.0604928793648,0.5315315887492545,0.6666666666666666,0.6666666666666666,0.0,12.0,-10.333333333333334,22.333333333333336,0.5527250835669842,0.49427313979552784,0.058451943771456405,0.14973808304178485,0.12986475971019643,0.01987332333158842,0.29487418452935693,0.29010496671786995,0.004769217811486981,0.21073674866395065,0.222218577442458,-0.011481828778507341,111.73333333333333,102.56666666666668,9.166666666666657,97.03333333333336,114.16666666666667,-17.13333333333331,0.6,0.6,0.0,6.4,-6.4,12.8,0.530864502194985,0.5016007389141717,0.02926376328081337,0.12627661286930159,0.129514952884612,-0.003238340015310426,0.2850326188257223,0.31186785807950246,-0.026835239253780174,0.2120156793353567,0.21056292369725207,0.0014527556381046247,110.62,105.16000000000001,5.459999999999994,101.10000000000001,110.47999999999999,-9.379999999999981,0.5,0.7,-0.19999999999999996,0.7222222222222221,1.4,-0.6777777777777778,0.5104500978340892,0.5282327362686854,-0.017782638434596154,0.1075669531684043,0.1367312952474297,-0.029164342079025393,0.2624638715287348,0.33313166537055205,-0.07066779384181726,0.2079112487585874,0.204975529916188,0.002935718842399404,108.17999999999999,108.8,-0.6200000000000045,107.0,105.16,1.8400000000000034,validation,2024-12-29,2025-02-26
S45G01N135,2024-2025,2025-01-11,06,수원 KT,35,서울 삼성,0,80,80,26,26,6.0,2.0,4.0,0.0,0.0,0.0,0.0,0.0,0.0,0.0,0.0,0.0,0.0,0.0,0.0,0.0,2.0,-2.0,1.0,0.0,1.0,1543.5447450076824,1421.9829275619359,121.56181744574656,0.7453447416600874,0.25465525833991265,0.4906894833201747,121.56181744574656,0.7453447416600874,0.6666666666666666,0.6666666666666666,0.0,10.0,-6.333333333333333,16.333333333333332,0.4826652221018419,0.5600908251231527,-0.0774256030213108,0.1150657192463415,0.12852797607494015,-0.013462256828598654,0.32644899029635455,0.17962962962962958,0.14681936066672496,0.1797760924521488,0.2963567323481117,-0.11658063989596293,105.96666666666668,110.56666666666666,-4.59999999999998,94.53333333333335,115.70000000000003,-21.166666666666686,0.6,0.6,0.0,8.2,0.4,7.799999999999999,0.49723534089731275,0.5502211617405582,-0.05298582084324549,0.11779297720130674,0.1264896385499855,-0.008696661348678747,0.34304888135729994,0.23748366013071895,0.10556522122658099,0.2050771526827865,0.23809181718664477,-0.03301466450385826,108.28,111.06000000000002,-2.7800000000000153,99.44,108.97999999999999,-9.539999999999992,0.5,0.4,0.09999999999999998,1.9777777777777779,-3.3,5.277777777777778,0.4937117863143256,0.5089742161984667,-0.015262429884141115,0.12368860710501743,0.12004821308110687,0.0036403940239105592,0.32092078869153934,0.22160696564833535,0.09931382304320399,0.22492535333834307,0.23987754068428285,-0.014952187345939782,105.19000000000001,104.67999999999999,0.5100000000000193,103.46,109.00999999999999,-5.549999999999997,validation,2024-12-29,2025-02-26
S45G01N136,2024-2025,2025-01-11,70,안양 정관장,50,창원 LG,0,81,81,27,27,3.0,2.0,1.0,0.0,0.0,0.0,0.0,0.0,0.0,0.0,0.0,0.0,0.0,0.0,0.0,0.0,0.0,0.0,9.0,1.0,8.0,1363.6824341086685,1545.3111835687403,-181.62874946007173,0.3381903554560675,0.6618096445439325,-0.323619289087865,-181.62874946007173,0.3381903554560675,0.0,0.3333333333333333,-0.3333333333333333,-12.666666666666666,-7.333333333333333,-5.333333333333333,0.48043786814278605,0.47378746364794383,0.006650404494842221,0.12775861228477314,0.07849090402692611,0.04926770825784703,0.23108108108108105,0.21005291005291005,0.021028171028171005,0.21201239561895305,0.15534345182301054,0.056668943795942506,97.63333333333333,101.16666666666667,-3.5333333333333456,116.23333333333335,113.80000000000001,2.433333333333337,0.0,0.4,-0.4,-12.6,1.8,-14.4,0.4521088747318256,0.5163314989801815,-0.0642226242483559,0.13987523919523542,0.09053944685283362,0.049335792342401805,0.2629176544966019,0.24431131592421912,0.018606338572382808,0.22478985495378936,0.13796350458363418,0.08682635037015518,93.94,108.67999999999999,-14.739999999999995,112.7,107.58,5.1200000000000045,0.1,0.7,-0.6,-11.8,7.7,-19.5,0.46755341457917565,0.5286325037061012,-0.0610790891269255,0.14819427690501202,0.10275372405898249,0.04544055284602953,0.25395214220985546,0.29239375320020483,-0.03844161099034937,0.22728004236200955,0.17398624798555576,0.05329379437645379,94.91,111.58999999999999,-16.679999999999993,112.35,100.51,11.83999999999999,validation,2024-12-29,2025-02-26
S45G01N137,2024-2025,2025-01-11,66,고양 소노,60,부산 KCC,0,81,81,27,27,2.0,2.0,0.0,0.0,0.0,0.0,0.0,0.0,0.0,0.0,0.0,0.0,0.0,0.0,0.0,0.0,1.0,-1.0,3.0,0.0,3.0,1411.168274414794,1464.9669662858757,-53.7986918710817,0.5161143954063461,0.48388560459365393,0.03222879081269214,-53.7986918710817,0.5161143954063461,0.0,0.3333333333333333,-0.3333333333333333,-12.0,3.0,-15.0,0.499709784411277,0.5689286759351885,-0.06921889152391147,0.11936938881785182,0.11297467137137261,0.006394717446479209,0.27794069729553605,0.21510192362905542,0.06283877366648064,0.15323383084577116,0.14714855720919054,0.006085273636580624,101.36666666666669,115.36666666666667,-13.999999999999986,118.56666666666668,110.89999999999999,7.666666666666686,0.2,0.2,0.0,-10.0,-3.577777777777777,-6.4222222222222225,0.4590221967087639,0.5205221411656,-0.06149994445683615,0.10804509405097189,0.1243393700381668,-0.016294275987194906,0.2778755294884327,0.22091300602928507,0.056962523459147624,0.19526980482204365,0.1988832348656057,-0.0036134300435620437,97.44,106.58000000000001,-9.140000000000015,110.46,109.82000000000001,0.6399999999999864,0.4,0.2,0.2,-1.0999999999999996,-6.788888888888889,5.688888888888889,0.47556329248775403,0.509442104813501,-0.03387881232574702,0.1113071242107665,0.11769910985456344,-0.006391985643796949,0.2920371799488947,0.17895790357486666,0.11307927637402806,0.1933372176246474,0.19210306531939833,0.0012341523052490644,102.03999999999999,103.34,-1.3000000000000114,103.81999999999998,112.22999999999999,-8.41000000000001,validation,2024-12-29,2025-02-26
S45G01N138,2024-2025,2025-01-12,16,원주 DB,10,울산 현대모비스,0,81,81,27,27,2.0,2.0,0.0,0.0,0.0,0.0,0.0,0.0,0.0,0.0,0.0,0.0,0.0,0.0,0.0,0.0,0.0,0.0,1.0,1.0,0.0,1543.5267944696789,1573.9735135327,-30.44671906302119,0.5495628712024913,0.45043712879750875,0.09912574240498251,-30.44671906302119,0.5495628712024913,0.6666666666666666,0.6666666666666666,0.0,-6.666666666666667,10.0,-16.666666666666668,0.4842768558862005,0.5133376013657703,-0.029060745479569827,0.12443061718757653,0.14140798096975624,-0.016977363782179705,0.26704295121399396,0.3800980467647134,-0.11305509555071946,0.21716469412770512,0.2396500213401622,-0.02248532721245708,101.2,110.8,-9.599999999999994,107.0,95.26666666666667,11.733333333333334,0.6,0.8,-0.20000000000000007,-9.8,10.8,-20.6,0.47811856108416784,0.536722597002185,-0.05860403591801722,0.12313770708214862,0.13096489436783063,-0.007827187285682005,0.2752257707283964,0.3524549633245285,-0.07722919259613215,0.2220004481782548,0.23379453564444103,-0.011794087466186237,100.12,113.54,-13.420000000000002,111.05999999999999,99.44000000000001,11.619999999999976,0.6,0.7,-0.09999999999999998,-1.3,3.7,-5.0,0.506930373751314,0.5263859167424966,-0.019455542991182573,0.13792126279036224,0.12337121629495898,0.014550046495403257,0.31808806071938933,0.3497649351997178,-0.031676874480328465,0.21454471792492336,0.20606353022634294,0.008481187698580417,104.49000000000001,111.62,-7.1299999999999955,104.10999999999999,107.12,-3.0100000000000193,validation,2024-12-29,2025-02-26
S45G01N139,2024-2025,2025-01-12,70,안양 정관장,64,대구 한국가스공사,1,82,81,28,27,1.0,2.0,-1.0,1.0,0.0,1.0,0.0,0.0,0.0,0.0,0.0,0.0,0.0,0.0,0.0,0.0,1.0,-1.0,10.0,0.0,10.0,1356.918626999547,1519.2050380403439,-162.2864110407968,0.3635415365010174,0.6364584634989826,-0.2729169269979652,-162.2864110407968,0.3635415365010174,0.0,0.6666666666666666,-0.6666666666666666,-8.666666666666666,7.333333333333333,-16.0,0.48207586978078765,0.5325230633649639,-0.050447193584176264,0.13338484137389175,0.16894488727086107,-0.03556004589696932,0.2671171171171171,0.23016830217641573,0.036948814940701374,0.23972192332848077,0.19847123639843836,0.04125068693004241,101.26666666666667,100.8,0.46666666666666856,114.53333333333336,90.73333333333336,23.799999999999997,0.0,0.6,-0.6,-9.0,10.4,-19.4,0.45400076662371747,0.5522660173465002,-0.0982652507227827,0.13731823957468636,0.13531050450440868,0.002007735070277683,0.27207681365576103,0.2775604407653089,-0.005483627109547862,0.2111991213630558,0.1795346187292961,0.031664502633759695,95.16,111.74000000000001,-16.580000000000013,109.58,97.52000000000001,12.059999999999988,0.0,0.6,-0.6,-12.3,5.222222222222222,-17.522222222222222,0.45125446256593793,0.5250771374611288,-0.0738226748951909,0.137666608124647,0.11037505296530167,0.027291555159345338,0.26636000461771786,0.26131297638806983,0.005047028229648032,0.20334181842378568,0.21094155178889046,-0.007599733365104777,94.15,109.89000000000001,-15.740000000000009,112.16,103.16,9.0,validation,2024-12-29,2025-02-26
S45G01N140,2024-2025,2025-01-12,66,고양 소노,55,서울 SK,0,82,81,28,27,1.0,2.0,-1.0,1.0,0.0,1.0,0.0,0.0,0.0,0.0,0.0,0.0,0.0,0.0,0.0,0.0,6.0,-6.0,4.0,0.0,4.0,1400.845986506667,1612.6381230095803,-211.7921365029133,0.3004820443979211,0.699517955602079,-0.3990359112041579,-211.7921365029133,0.3004820443979211,0.0,1.0,-1.0,-10.333333333333334,6.0,-16.333333333333336,0.5133512544802867,0.43452288495391955,0.07882836952636718,0.14406900826609506,0.11231871352033006,0.031750294745765004,0.30596285434995113,0.3004702379039601,0.005492616445991028,0.1709677419354839,0.22620465292879086,-0.055236910993306965,101.20000000000003,95.76666666666667,5.4333333333333655,118.06666666666668,87.96666666666665,30.100000000000023,0.2,1.0,-0.8,-7.2,5.8,-13.0,0.48562269298667954,0.4816450685822352,0.003977624404444324,0.13106149802922634,0.11148505991370279,0.01957643811552355,0.31085043988269795,0.31696075684034497,-0.006110316957647022,0.15631198844487243,0.1942164957249628,-0.03790450728009037,99.42,103.28,-3.8599999999999994,109.74000000000001,96.12,13.620000000000005,0.4,0.8,-0.4,-1.2999999999999996,3.5888888888888886,-4.888888888888888,0.4856651600599101,0.48673038449755757,-0.0010652244376474496,0.12321737788180993,0.11804249325478762,0.005174884627022314,0.2926516192730115,0.3045068081308127,-0.011855188857801235,0.19146964546845047,0.21906426494443135,-0.02759461947598088,101.23,104.29,-3.0600000000000023,104.06999999999998,99.33,4.739999999999981,validation,2024-12-29,2025-02-26
S45G01N141,2024-2025,2025-01-13,60,부산 KCC,35,서울 삼성,0,82,81,28,27,2.0,2.0,0.0,0.0,0.0,0.0,0.0,0.0,0.0,0.0,0.0,0.0,0.0,0.0,0.0,2.0,3.0,-1.0,0.0,0.0,0.0,1475.2892541940028,1436.8898223951376,38.39943179886518,0.6445608066391536,0.3554391933608464,0.2891216132783072,38.39943179886518,0.6445608066391536,0.6666666666666666,1.0,-0.33333333333333337,4.666666666666667,11.0,-6.333333333333333,0.5415496222403453,0.580294184981685,-0.03874456274133964,0.10826476678908165,0.13640564057911067,-0.028140873790029025,0.23979328165374678,0.17962962962962958,0.06016365202411719,0.2061597214835127,0.1783195970695971,0.02784012441391559,114.7,110.90000000000002,3.799999999999983,104.60000000000001,94.93333333333335,9.666666666666657,0.4,0.6,-0.19999999999999996,-1.2,-1.0,-0.19999999999999996,0.5379391777329219,0.5415673155867122,-0.0036281378537903475,0.12770636565960858,0.14703805565012673,-0.019331689990518153,0.24757967269595177,0.20611111111111113,0.041468561584840635,0.20311067092563526,0.24597643257126017,-0.04286576164562492,111.1,105.46,5.640000000000001,110.4,104.94000000000001,5.459999999999994,0.3,0.4,-0.10000000000000003,-4.288888888888889,-2.2,-2.0888888888888886,0.5236526311292905,0.5166909439151944,0.006961687214096068,0.11535848124922288,0.1308207899484155,-0.015462308699192628,0.1980055226224857,0.2156929871537117,-0.01768746453122602,0.20526096005624045,0.2015381023448445,0.0037228577113959382,107.45,103.03,4.420000000000002,112.19000000000001,105.52000000000001,6.670000000000002,validation,2024-12-29,2025-02-26
S45G01N142,2024-2025,2025-01-13,06,수원 KT,50,창원 LG,0,81,82,27,28,2.0,2.0,0.0,0.0,0.0,0.0,0.0,0.0,0.0,0.0,0.0,0.0,0.0,0.0,0.0,0.0,1.0,-1.0,2.0,0.0,2.0,1528.6378501744807,1552.0749906778617,-23.437140503380988,0.5595300603227544,0.44046993967724557,0.11906012064550886,-23.437140503380988,0.5595300603227544,0.3333333333333333,0.6666666666666666,-0.3333333333333333,-1.0,1.0,-2.0,0.43863335412631194,0.5476537563080655,-0.10902040218175352,0.14326119405242624,0.11374686142501333,0.029514332627412904,0.31811565696302124,0.2341269841269841,0.08398867283603714,0.19883997067095657,0.17692674619732873,0.02191322447362784,94.36666666666666,109.46666666666665,-15.099999999999994,96.3,109.23333333333335,-12.933333333333351,0.4,0.4,0.0,2.6,-4.2,6.800000000000001,0.4712730149349868,0.5163769328738661,-0.0451039179388793,0.1320240184186837,0.11190324176040249,0.0201207766582812,0.3008693941778127,0.23714285714285716,0.06372653703495557,0.20425815186378565,0.1573637771869963,0.04689437467678936,99.74000000000001,105.17999999999999,-5.4399999999999835,98.06,111.78,-13.719999999999999,0.5,0.7,-0.19999999999999996,0.8777777777777779,6.7,-5.822222222222222,0.48464349142513524,0.5373254236893438,-0.05268193226420853,0.13104036418967682,0.1121953132427282,0.01884505094694862,0.3091350744058251,0.26699692780337936,0.04213814660244575,0.21777926559524036,0.17417476914181887,0.04360449645342149,101.74,110.30999999999999,-8.569999999999993,101.39000000000001,100.74,0.6500000000000199,validation,2024-12-29,2025-02-26
S45G01N143,2024-2025,2025-01-14,16,원주 DB,64,대구 한국가스공사,1,82,82,28,28,2.0,2.0,0.0,0.0,0.0,0.0,0.0,0.0,0.0,0.0,0.0,0.0,0.0,0.0,0.0,0.0,0.0,0.0,2.0,1.0,1.0,1532.535537045629,1506.4758687703643,26.059668275264812,0.6281250401557659,0.37187495984423413,0.25625008031153174,26.059668275264812,0.6281250401557659,0.3333333333333333,0.3333333333333333,0.0,-15.333333333333334,2.6666666666666665,-18.0,0.46321458482392935,0.4463710262894989,0.01684355853443048,0.1579662850516026,0.1436544069130027,0.014311878138599882,0.28291596708700983,0.28165297650591764,0.0012629905810921938,0.22449070145371244,0.18823398108959144,0.036256720364121,95.63333333333334,92.23333333333333,3.4000000000000057,111.53333333333335,90.03333333333336,21.499999999999986,0.4,0.6,-0.19999999999999996,-15.8,10.4,-26.200000000000003,0.4521045750701818,0.5164068184562626,-0.06430224338608076,0.14571138446257498,0.13550864493538523,0.010202739527189753,0.272844818347444,0.29726764797251615,-0.02442282962507214,0.24414497032277693,0.2088739632758541,0.03527100704692282,93.96000000000001,106.66000000000001,-12.700000000000003,112.01999999999998,94.1,17.919999999999987,0.5,0.5,0.0,-4.4,4.122222222222222,-8.522222222222222,0.49415849046218935,0.5059810140434073,-0.011822523581217992,0.14277084732010653,0.10801591991272572,0.034754927407380815,0.30963952001278405,0.271864051656887,0.03777546835589707,0.21427946593553343,0.1996480391306626,0.01463142680487084,102.27000000000001,106.85,-4.579999999999984,105.52000000000001,101.80999999999999,3.710000000000022,validation,2024-12-29,2025-02-26
S45G01N144,2024-2025,2025-01-14,55,서울 SK,70,안양 정관장,1,82,83,28,29,2.0,2.0,0.0,0.0,0.0,0.0,0.0,0.0,0.0,0.0,0.0,0.0,0.0,0.0,0.0,7.0,1.0,6.0,0.0,0.0,0.0,1618.6477638975387,1369.6477962695267,248.99996762801197,0.8590629798148018,0.14093702018519816,0.7181259596296037,248.99996762801197,0.8590629798148018,1.0,0.3333333333333333,0.6666666666666667,13.666666666666666,-4.0,17.666666666666664,0.5089276468586815,0.4918642295691474,0.017063417289534144,0.12888441994436503,0.1550028437427767,-0.026118423798411672,0.2678615422517862,0.26295045045045046,0.004911091801335754,0.1805697322938702,0.24130922491578236,-0.06073949262191217,104.89999999999999,100.56666666666666,4.333333333333329,85.43333333333332,105.96666666666668,-20.53333333333336,1.0,0.2,0.8,10.6,-7.0,17.6,0.5025560416671213,0.48174191436486513,0.02081412730225618,0.11790687035303157,0.13068392542762575,-0.012777055074594174,0.28954140200163525,0.24641891891891893,0.04312248308271632,0.1906278138754114,0.2031405133044477,-0.012512699429036322,105.28,99.47999999999999,5.800000000000011,90.0,110.16,-20.159999999999997,0.9,0.1,0.8,6.688888888888888,-9.9,16.58888888888889,0.4986351464023195,0.4634117497232251,0.03522339667909441,0.12152613119638452,0.14229437379310464,-0.020768242596720124,0.30223408085808545,0.25879421514403367,0.043439865714051784,0.19330113918130556,0.21026822535019257,-0.016967086168887008,105.2,95.67,9.530000000000001,95.67999999999999,110.52000000000001,-14.840000000000018,validation,2024-12-29,2025-02-26
S45G01N145,2024-2025,2025-01-15,50,창원 LG,35,서울 삼성,1,83,82,29,28,2.0,2.0,0.0,0.0,0.0,0.0,0.0,0.0,0.0,0.0,0.0,0.0,0.0,0.0,0.0,2.0,4.0,-2.0,0.0,0.0,0.0,1563.2655918843168,1449.7810385279206,113.48455335639619,0.7364192233427105,0.2635807766572895,0.47283844668542097,113.48455335639619,0.7364192233427105,0.6666666666666666,1.0,-0.33333333333333337,2.6666666666666665,10.333333333333334,-7.666666666666668,0.5746714456391876,0.591405296092796,-0.016733850453608423,0.11370378491812173,0.14875042695283605,-0.03504664203471432,0.246415770609319,0.20909090909090902,0.03732486151840997,0.12081839904420548,0.16138838013838017,-0.04056998109417469,113.73333333333333,111.96666666666665,1.76666666666668,112.40000000000002,96.83333333333336,15.566666666666663,0.6,0.8,-0.20000000000000007,-2.0,1.6,-3.6,0.5096309011278344,0.5737101727295693,-0.06407927160173488,0.09605826738725019,0.14901453809827211,-0.05295627071102192,0.23499231950844854,0.18656565656565655,0.04842666294279199,0.1462526660758852,0.20589706749189504,-0.05964440141600985,105.8,108.54,-2.740000000000009,110.74000000000001,104.38,6.360000000000014,0.7,0.5,0.19999999999999996,6.3,0.4,5.8999999999999995,0.5260024481714529,0.5293419744766727,-0.003339526305219831,0.0998311385955776,0.13563980127557113,-0.035808662679993525,0.26592165898617515,0.2081172295779541,0.05780442940822106,0.15600151113805236,0.18400671167912547,-0.02800520054107311,109.88999999999999,103.9,5.989999999999981,101.35,102.65,-1.3000000000000114,validation,2024-12-29,2025-02-26
S45G01N146,2024-2025,2025-01-15,66,고양 소노,10,울산 현대모비스,1,83,82,29,28,3.0,3.0,0.0,0.0,0.0,0.0,0.0,0.0,0.0,0.0,0.0,0.0,0.0,0.0,0.0,0.0,1.0,-1.0,5.0,0.0,5.0,1394.8363456187087,1584.9647709567498,-190.1284253380411,0.32732755904760724,0.6726724409523928,-0.3453448819047855,-190.1284253380411,0.32732755904760724,0.0,0.6666666666666666,-0.6666666666666666,-18.333333333333332,11.333333333333334,-29.666666666666664,0.48633105246008473,0.5188958551027517,-0.03256480264266698,0.15177866309941887,0.14030277136339442,0.011475891736024452,0.3090708574579543,0.33211528139064367,-0.02304442393268935,0.15581622678396875,0.17850923023336818,-0.022693003449399424,95.13333333333337,107.76666666666665,-12.633333333333283,125.40000000000002,93.63333333333333,31.766666666666694,0.0,0.8,-0.8,-13.2,12.4,-25.6,0.48829116878948364,0.5299461344871739,-0.04165496569769023,0.13642832694868176,0.1332642699068193,0.003164057041862456,0.30059402962628773,0.3541457845805672,-0.053551754954279496,0.13876336791117724,0.1993803994289667,-0.060617031517789466,97.94000000000001,111.71999999999998,-13.779999999999973,118.66,96.7,21.959999999999994,0.3,0.7,-0.39999999999999997,-5.7,6.1,-11.8,0.47584034945384956,0.5129287991474478,-0.03708844969359826,0.12549074238999808,0.12046031825837653,0.0050304241316215526,0.2922853189067111,0.35595222616961747,-0.06366690726290636,0.18015335758966258,0.20178413146418556,-0.021630773874522974,98.72999999999999,110.21,-11.480000000000004,108.08,103.17,4.909999999999997,validation,2024-12-29,2025-02-26
S45G01N147,2024-2025,2025-01-16,55,서울 SK,16,원주 DB,1,83,83,29,29,2.0,2.0,0.0,0.0,0.0,0.0,0.0,0.0,0.0,0.0,0.0,0.0,0.0,0.0,0.0,8.0,1.0,7.0,0.0,0.0,0.0,1621.4665043012426,1539.9730362425137,81.49346805872892,0.6991564530880094,0.30084354691199056,0.3983129061760189,81.49346805872892,0.6991564530880094,1.0,0.3333333333333333,0.6666666666666667,16.0,-12.0,28.0,0.5452166452166454,0.4441303186547752,0.10108632656187017,0.11768829544773152,0.14729875033507997,-0.029610454887348453,0.3209639953542393,0.23326384817492887,0.08770014717931043,0.11144001144001141,0.2523980397621702,-0.14095802832215876,115.46666666666668,91.73333333333333,23.73333333333335,90.90000000000002,103.3,-12.399999999999977,1.0,0.6,0.4,12.0,-6.6,18.6,0.49595182621044687,0.48458053660864336,0.011371289601803503,0.11327398955349884,0.13788901511807494,-0.024615025564576107,0.3045678570280903,0.24902128893567926,0.05554656809241104,0.17826247429695705,0.23246227801508462,-0.054199803718127576,106.46000000000001,99.79999999999998,6.660000000000025,87.72,104.55999999999999,-16.83999999999999,0.9,0.5,0.4,7.788888888888889,-4.9,12.68888888888889,0.5080259027048405,0.4981347031487565,0.009891199556083974,0.12296700535096408,0.13852227887312418,-0.015555273522160101,0.292008516948311,0.2977277553069017,-0.005719238358590728,0.17687256775273413,0.22265166742807074,-0.04577909967533661,105.67999999999999,102.93999999999998,2.740000000000009,94.59,106.30999999999999,-11.719999999999985,validation,2024-12-29,2025-02-26
S45G01N148,2024-2025,2025-01-16,64,대구 한국가스공사,06,수원 KT,1,83,82,29,28,2.0,3.0,-1.0,0.0,0.0,0.0,0.0,0.0,0.0,0.0,0.0,0.0,0.0,0.0,0.0,0.0,0.0,0.0,2.0,3.0,-1.0,1499.0383695734797,1517.4472489680256,-18.40887939454592,0.5666509664737606,0.43334903352623944,0.13330193294752113,-18.40887939454592,0.5666509664737606,0.3333333333333333,0.0,0.3333333333333333,1.3333333333333333,-9.0,10.333333333333334,0.4483038243864361,0.43364043364043375,0.01466339074600237,0.12339614185779868,0.13918751012271277,-0.01579136826491409,0.3339052287581699,0.2828853046594982,0.05101992409867173,0.163702312936157,0.21657601657601658,-0.052873703639859576,96.8,91.10000000000001,5.699999999999989,97.50000000000004,102.76666666666667,-5.266666666666623,0.4,0.4,0.0,0.6,1.4,-0.7999999999999999,0.4733446174993248,0.4728603165222883,0.0004843009770365003,0.1447152879210108,0.1279092564977263,0.01680603142328449,0.29726764797251615,0.3075360608444794,-0.010268412871963228,0.17791019020681786,0.19473434233997616,-0.0168241521331583,96.94,100.78,-3.8400000000000034,96.97999999999999,99.34,-2.3600000000000136,0.5,0.5,0.0,3.1,0.6777777777777778,2.4222222222222225,0.4974612772013021,0.4933093000909438,0.004151977110358307,0.11346060617364943,0.13337722356962456,-0.019916617395975125,0.2923518565349358,0.30573371386160736,-0.013381857326671576,0.19754277597276787,0.2210825688985437,-0.02353979292577582,105.78,102.94000000000001,2.839999999999989,102.11999999999999,102.28,-0.1600000000000108,validation,2024-12-29,2025-02-26
S45G01N149,2024-2025,2025-01-22,06,수원 KT,35,서울 삼성,1,83,83,29,29,6.0,7.0,-1.0,0.0,0.0,0.0,0.0,0.0,0.0,0.0,0.0,0.0,0.0,0.0,0.0,0.0,0.0,0.0,4.0,1.0,3.0,1508.780268297501,1444.509422994775,64.270845302726,0.6779011081949428,0.32209889180505724,0.3558022163898855,64.270845302726,0.6779011081949428,0.0,0.6666666666666666,-0.6666666666666666,-8.333333333333334,7.333333333333333,-15.666666666666668,0.4721019721019722,0.572421298508255,-0.10031932640628277,0.1441106883468752,0.15223924550028725,-0.008128557153412042,0.3010536398467433,0.202020202020202,0.09903343782654134,0.21356421356421354,0.10477606129780047,0.10878815226641307,97.36666666666666,105.30000000000001,-7.933333333333351,107.2,96.10000000000002,11.09999999999998,0.2,0.8,-0.6000000000000001,-2.6,8.0,-10.6,0.4615927108884856,0.5777831362478102,-0.11619042535932461,0.1342894372009088,0.13472539318610033,-0.00043595598519152734,0.3265015780858588,0.19565656565656567,0.1308450124292931,0.20501826811685966,0.15447277963582312,0.05054548848103654,99.32000000000001,109.78,-10.459999999999994,102.16,98.9,3.259999999999991,0.5,0.5,0.0,2.177777777777778,0.1,2.077777777777778,0.5042468000909439,0.526855909816695,-0.02260910972575103,0.13456199590346912,0.13394717358484803,0.0006148223186210888,0.3187879010537256,0.21995435079007533,0.09883355026365029,0.2229674895334643,0.18447493910387464,0.038492550429589656,105.3,103.97,1.3299999999999983,102.66,103.25,-0.5900000000000034,validation,2024-12-29,2025-02-26
S45G01N150,2024-2025,2025-01-22,70,안양 정관장,16,원주 DB,0,84,84,30,30,8.0,6.0,2.0,0.0,0.0,0.0,0.0,0.0,0.0,0.0,0.0,0.0,0.0,0.0,0.0,0.0,0.0,0.0,1.0,1.0,0.0,1366.8290558658227,1533.9561653042738,-167.12710943845104,0.35711892609589146,0.6428810739041085,-0.28576214780821707,-167.12710943845104,0.35711892609589146,0.3333333333333333,0.3333333333333333,0.0,-4.0,-7.333333333333333,3.333333333333333,0.477394899930111,0.4499396502758845,0.02745524965422652,0.12990126980447075,0.1383224844255523,-0.008421214621081557,0.27610834518729255,0.2685599062319963,0.007548438955296222,0.15472414063963366,0.19980830087633883,-0.04508416023670517,99.83333333333333,94.36666666666667,5.466666666666654,108.16666666666669,102.7,5.466666666666683,0.2,0.4,-0.2,-6.8,-8.6,1.7999999999999998,0.48379056993464753,0.4648156179829653,0.01897495195168225,0.13383827486849184,0.13512933844535477,-0.0012910635768629275,0.25566500711237555,0.2832664763723561,-0.027601469259980527,0.19882980054303076,0.19304093985956927,0.005788860683461489,99.67999999999999,97.54,2.1399999999999864,111.2,106.64000000000001,4.559999999999988,0.1,0.4,-0.30000000000000004,-11.0,-8.1,-2.9000000000000004,0.4591213921934309,0.47677605335972706,-0.01765466116629616,0.14385536531105453,0.1344011167053929,0.00945424860566163,0.26349915932266205,0.2906547248296159,-0.02715556550695386,0.20487277572939083,0.21684576025507493,-0.0119729845256841,94.58000000000001,99.35,-4.769999999999982,111.0,107.80999999999999,3.190000000000012,validation,2024-12-29,2025-02-26
S45G01N151,2024-2025,2025-01-23,10,울산 현대모비스,55,서울 SK,0,83,84,29,30,8.0,7.0,1.0,0.0,0.0,0.0,0.0,0.0,0.0,0.0,0.0,0.0,0.0,0.0,0.0,0.0,9.0,-9.0,1.0,0.0,1.0,1571.5113221377019,1627.4833752394825,-55.9720531017806,0.5129893366529483,0.4870106633470517,0.02597867330589665,-55.9720531017806,0.5129893366529483,0.3333333333333333,1.0,-0.6666666666666667,5.333333333333333,17.0,-11.666666666666668,0.5017000879069844,0.5611456176673569,-0.05944552976037254,0.14515166814700817,0.10995528045339852,0.03519638769360965,0.2891182613821294,0.2997354497354498,-0.010617188353320373,0.18788873961287755,0.09988497814584767,0.08800376146702989,102.53333333333335,117.09999999999998,-14.566666666666634,95.83333333333333,87.46666666666668,8.366666666666646,0.6,1.0,-0.4,10.4,13.0,-2.5999999999999996,0.5120529165939559,0.518234434906099,-0.006181518312143086,0.14490876244303158,0.11946907447594628,0.025439687967085303,0.35024773360605443,0.29055819519234155,0.059689538413712884,0.2262202262687935,0.14287600086700536,0.08334422540178815,108.4,108.67999999999999,-0.2799999999999869,94.38,87.8,6.579999999999998,0.6,0.9,-0.30000000000000004,5.6,8.38888888888889,-2.7888888888888896,0.5153571336653346,0.515781790386,-0.00042465672066538396,0.12912751473985393,0.12145002993796736,0.007677484801886569,0.35281742993137294,0.30264343758323164,0.050173992348141294,0.20199735108039024,0.16838071992664716,0.03361663115374308,109.47,107.54,1.9299999999999926,103.13,94.85,8.280000000000001,validation,2024-12-29,2025-02-26
S45G01N152,2024-2025,2025-01-23,50,창원 LG,66,고양 소노,1,84,84,30,30,8.0,8.0,0.0,0.0,0.0,0.0,0.0,0.0,0.0,0.0,0.0,0.0,0.0,0.0,0.0,3.0,1.0,2.0,0.0,0.0,0.0,1568.5372074174625,1408.2897944377567,160.2474129797058,0.7852669910597002,0.21473300894029979,0.5705339821194004,160.2474129797058,0.7852669910597002,1.0,0.3333333333333333,0.6666666666666667,5.666666666666667,-9.0,14.666666666666668,0.5398830858508278,0.49303039886531347,0.046852686985514314,0.10937076484552559,0.15990913948926305,-0.05053837464373746,0.2693202540401182,0.3198235456299973,-0.050503291589879096,0.16460146782727425,0.16627374312383802,-0.0016722752965637744,113.0,96.46666666666668,16.533333333333317,105.73333333333335,112.56666666666668,-6.833333333333329,0.8,0.2,0.6000000000000001,3.2,-11.0,14.2,0.5299414601340455,0.4941515726525214,0.03578988748152412,0.09760365119752645,0.14908770832534604,-0.05148405712781959,0.25762389845581696,0.2980524851492593,-0.04042858669344235,0.1629814445437941,0.17976424587430279,-0.01678280133050869,111.05999999999999,97.42,13.639999999999986,108.0,115.38,-7.3799999999999955,0.7,0.3,0.39999999999999997,5.9,-7.4,13.3,0.530217739921956,0.4772440927693576,0.05297364715259839,0.09738464349472249,0.1258732215199412,-0.028488578025218717,0.25652316274557363,0.28710705065543773,-0.030583887909864105,0.1675910483613924,0.18389667309768395,-0.016305624736291546,111.17,97.95000000000002,13.219999999999985,103.2,109.75,-6.549999999999997,validation,2024-12-29,2025-02-26
S45G01N153,2024-2025,2025-01-24,06,수원 KT,70,안양 정관장,0,84,85,30,31,2.0,2.0,0.0,0.0,0.0,0.0,0.0,0.0,0.0,0.0,0.0,0.0,0.0,0.0,0.0,1.0,0.0,1.0,0.0,2.0,-2.0,1515.222246133602,1359.6866773439049,155.5355687896972,0.7806579631295423,0.21934203687045772,0.5613159262590846,155.5355687896972,0.7806579631295423,0.3333333333333333,0.3333333333333333,0.0,-0.3333333333333333,-5.0,4.666666666666667,0.5155836640211641,0.46897858888222105,0.04660507513894302,0.13113622404418201,0.13196224817084626,-0.0008260241266642432,0.2835249042145594,0.3048245614035088,-0.021299657188949384,0.1793154761904762,0.1574505512607811,0.02186492492969508,104.46666666666668,98.83333333333333,5.633333333333354,102.96666666666668,107.86666666666669,-4.900000000000006,0.2,0.2,0.0,-4.0,-6.8,2.8,0.4711217601842602,0.4749183894835197,-0.003796629299259502,0.14145810778888754,0.14228368892993756,-0.0008255811410500247,0.27317945865776794,0.3031650071123756,-0.029985548454607658,0.1930904512154512,0.20116062761069992,-0.008070176395248707,95.85999999999999,99.72,-3.8600000000000136,100.76,110.3,-9.539999999999992,0.5,0.1,0.4,2.9,-10.8,13.700000000000001,0.4991892343014703,0.4589060811886464,0.04028315311282388,0.12789742227222706,0.13718051994415362,-0.00928309767192656,0.3080292803640704,0.27966295242611033,0.028366327937960067,0.1900453404106573,0.19370052692556308,-0.0036551865149057894,104.29,96.13000000000001,8.159999999999997,101.06,112.05,-10.989999999999995,validation,2024-12-29,2025-02-26
S45G01N154,2024-2025,2025-01-24,16,원주 DB,35,서울 삼성,1,85,84,31,30,2.0,2.0,0.0,0.0,0.0,0.0,0.0,0.0,0.0,0.0,0.0,0.0,0.0,0.0,0.0,1.0,0.0,1.0,0.0,2.0,-2.0,1541.0985438261916,1438.0674451586738,103.03109866751788,0.7245739703441662,0.27542602965583385,0.4491479406883323,103.03109866751788,0.7245739703441662,0.6666666666666666,0.3333333333333333,0.3333333333333333,3.3333333333333335,-0.6666666666666666,4.0,0.4758925262287604,0.5219811913517299,-0.04608866512296955,0.12296734560707827,0.13868886680758472,-0.015721521200506447,0.35973746252583166,0.2512265512265512,0.10851091129928048,0.1558027568707948,0.14381165257219772,0.011991104298597094,104.0,101.06666666666666,2.933333333333337,100.16666666666667,103.2,-3.0333333333333314,0.4,0.6,-0.19999999999999996,-7.6,3.4,-11.0,0.4410762069301214,0.5442223686571919,-0.10314616172707047,0.1415729360007041,0.13902736226448295,0.002545573736221163,0.31462431583222106,0.23073593073593074,0.08388838509629032,0.20429547797977904,0.17042160692793398,0.033873871051845056,94.82000000000001,105.55999999999999,-10.73999999999998,103.62,100.78,2.8400000000000034,0.5,0.5,0.0,-7.0,1.2,-8.2,0.4713384729221465,0.5280219545928144,-0.056683481670667946,0.13554394444265805,0.13774345073382976,-0.0021995062911717156,0.31324608695586176,0.23516670600243056,0.0780793809534312,0.20742920083851554,0.1820029241785015,0.02542627666001404,99.99,104.33,-4.340000000000003,107.05,102.08,4.969999999999999,validation,2024-12-29,2025-02-26
S45G01N155,2024-2025,2025-01-25,60,부산 KCC,55,서울 SK,1,83,85,29,31,12.0,2.0,10.0,0.0,0.0,0.0,0.0,0.0,0.0,0.0,0.0,0.0,0.0,0.0,0.0,0.0,10.0,-10.0,1.0,0.0,1.0,1462.3980380612197,1637.7431619725414,-175.3451239113217,0.3463329352530902,0.6536670647469098,-0.3073341294938196,-175.3451239113217,0.3463329352530902,0.6666666666666666,1.0,-0.33333333333333337,5.333333333333333,12.0,-6.666666666666667,0.565765506662832,0.5307223372440765,0.035043169418755515,0.13900789903483898,0.08268710677314381,0.056320792261695174,0.273015873015873,0.30412141464773046,-0.03110554163185747,0.2087048221647014,0.1131124913733609,0.09559233079134051,116.60000000000001,115.60000000000001,1.0,105.66666666666667,93.3,12.366666666666674,0.4,1.0,-0.6,0.0,13.8,-13.8,0.5398329030014353,0.5341348180478616,0.005698084953573712,0.12899198397513648,0.09817722565393629,0.03081475832120019,0.25287067798695706,0.30076553171546755,-0.04789485372851049,0.19056120795220396,0.1175886445451663,0.07297256340703767,111.46000000000001,114.16,-2.6999999999999886,109.97999999999999,91.52000000000001,18.45999999999998,0.3,1.0,-0.7,-4.288888888888889,10.088888888888889,-14.377777777777776,0.5204003836411889,0.5200521054772106,0.0003482781639783106,0.1257181054065984,0.1132252282272086,0.012492877179389794,0.2206945982527378,0.29895922705691585,-0.07826462880417806,0.2007659838531733,0.1626593268918213,0.03810665696135199,106.94000000000001,108.88,-1.9399999999999835,111.55999999999999,93.26,18.299999999999983,validation,2024-12-29,2025-02-26
S45G01N156,2024-2025,2025-01-25,50,창원 LG,10,울산 현대모비스,1,85,84,31,30,2.0,2.0,0.0,0.0,0.0,0.0,0.0,0.0,0.0,0.0,0.0,0.0,0.0,0.0,0.0,4.0,0.0,4.0,0.0,2.0,-2.0,1572.8318675962685,1561.251535404643,11.58033219162553,0.6084572209206275,0.3915427790793725,0.21691444184125497,11.58033219162553,0.6084572209206275,1.0,0.3333333333333333,0.6666666666666667,6.0,3.3333333333333335,2.6666666666666665,0.48234817973623945,0.49501350375561154,-0.012665324019372093,0.10053776924324777,0.16232298966615577,-0.061785220422908,0.27143665615652035,0.3615429127541492,-0.09010625659762883,0.13948511411197975,0.17024753887308527,-0.030762424761105522,105.03333333333335,102.26666666666667,2.76666666666668,98.93333333333335,101.39999999999999,-2.46666666666664,0.8,0.4,0.4,3.6,3.8,-0.19999999999999973,0.5314339974474784,0.5106444658897306,0.020789531557747876,0.11584813209052411,0.16018300231979155,-0.04433487022926744,0.24619532702724553,0.3422818730086149,-0.09608654598136937,0.14507099678260005,0.18396670514203298,-0.03889570835943293,108.58,104.12,4.459999999999994,105.32000000000001,100.56,4.760000000000005,0.7,0.6,0.09999999999999998,3.3,6.7,-3.4000000000000004,0.5134142573348913,0.5153082291269935,-0.001893971792102156,0.09996165056572,0.1342849956231144,-0.034323345057394414,0.2508088770312879,0.3731588239569775,-0.12234994692568962,0.1526905508489546,0.19657872823218991,-0.043888177383235305,107.75999999999999,110.05999999999999,-2.299999999999997,104.17999999999999,102.58,1.5999999999999943,validation,2024-12-29,2025-02-26
S45G01N157,2024-2025,2025-01-25,66,고양 소노,64,대구 한국가스공사,0,85,84,31,30,2.0,9.0,-7.0,0.0,0.0,0.0,0.0,0.0,0.0,0.0,0.0,0.0,0.0,0.0,0.0,0.0,1.0,-1.0,1.0,0.0,1.0,1403.9951342589507,1507.7053502440044,-103.71021598505376,0.4445208990009288,0.5554791009990712,-0.11095820199814238,-103.71021598505376,0.4445208990009288,0.3333333333333333,0.3333333333333333,0.0,-9.666666666666666,-5.666666666666667,-3.999999999999999,0.4503313182980702,0.4179230940057057,0.03240822429236451,0.1478544234609824,0.10926601543394958,0.038588408027032825,0.2848083815825752,0.3671296296296296,-0.08232124804705437,0.17694851326564884,0.18009702933087338,-0.003148516065224538,89.33333333333336,96.93333333333334,-7.59999999999998,103.63333333333334,106.2666666666667,-2.633333333333354,0.2,0.4,-0.2,-11.4,-0.4,-11.0,0.4832095436670142,0.44895621901256566,0.034253324654448525,0.148272338606139,0.13677578785404218,0.011496550752096824,0.2999172870140612,0.3101028970146617,-0.010185610000600531,0.1754164197873463,0.17796063156873465,-0.0025442117813883613,94.74,95.5,-0.7600000000000051,112.9,97.85999999999999,15.04000000000002,0.2,0.5,-0.3,-8.5,0.7,-9.2,0.465163489235508,0.4838016035416285,-0.0186381143061205,0.12968130462446895,0.12064363888232783,0.009037665742141113,0.30197884552723264,0.300326766929201,0.0016520785980316255,0.18058120754279022,0.19640058483057674,-0.015819377287786512,95.88000000000001,102.67,-6.789999999999992,108.07000000000001,102.64000000000001,5.429999999999993,validation,2024-12-29,2025-02-26
S45G01N158,2024-2025,2025-01-26,10,울산 현대모비스,06,수원 KT,0,85,85,31,31,1.0,2.0,-1.0,1.0,0.0,1.0,0.0,0.0,0.0,0.0,0.0,0.0,0.0,0.0,0.0,0.0,0.0,0.0,3.0,1.0,2.0,1553.4206798230555,1499.6090868710112,53.81159295204429,0.6646162721117314,0.33538372788826865,0.3292325442234627,53.81159295204429,0.6646162721117314,0.0,0.3333333333333333,-0.3333333333333333,-6.0,-4.666666666666667,-1.333333333333333,0.48321992138013253,0.5041446596244132,-0.020924738244280705,0.17823164706741798,0.154371119171438,0.023860527895979977,0.37976864837118923,0.27241379310344827,0.10735485526774097,0.21143527833668677,0.1615794302854162,0.04985584805127058,98.13333333333333,98.56666666666666,-0.4333333333333371,108.0,103.73333333333333,4.266666666666666,0.2,0.2,0.0,0.2,-7.4,7.6000000000000005,0.48460279922306393,0.48574797903583117,-0.0011451798127672386,0.15535846956541635,0.15149249645278423,0.0038659731126321206,0.35305628378302567,0.27511494252873564,0.07794134125429003,0.18245155362688145,0.1838163450399366,-0.0013647914130551497,100.38,96.34,4.039999999999992,101.53999999999999,104.85999999999999,-3.319999999999993,0.6,0.4,0.19999999999999996,7.7,0.4,7.3,0.5127334051833315,0.49149165996657196,0.02124174521675959,0.13930813754120888,0.13464273682704547,0.004665400714163409,0.3804479312460848,0.3090819119430178,0.07136601930306696,0.20186041837303498,0.19444674886136154,0.0074136695116734375,109.10999999999999,102.31,6.799999999999983,100.66,102.15,-1.490000000000009,validation,2024-12-29,2025-02-26
S45G01N159,2024-2025,2025-01-26,35,서울 삼성,70,안양 정관장,0,85,86,31,32,2.0,2.0,0.0,0.0,0.0,0.0,0.0,0.0,0.0,0.0,0.0,0.0,0.0,0.0,0.0,0.0,1.0,-1.0,3.0,0.0,3.0,1432.5589245655572,1375.2998366064958,57.25908795906139,0.6690252875784093,0.3309747124215907,0.3380505751568186,57.25908795906139,0.6690252875784093,0.0,0.3333333333333333,-0.3333333333333333,-7.0,-0.3333333333333333,-6.666666666666667,0.515126934497473,0.5005796615791841,0.014547272918288945,0.11952937152307364,0.13923870775715497,-0.01970933623408133,0.2614904808453195,0.3661340852130326,-0.10464360436771308,0.20345571221625736,0.13962058822533863,0.06383512399091873,105.39999999999999,104.2,1.1999999999999886,116.60000000000002,107.7666666666667,8.833333333333329,0.4,0.4,0.0,1.2,0.3999999999999993,0.8000000000000007,0.5467318383541615,0.49382699042670397,0.05290484792745753,0.14361537536715221,0.13757198271105484,0.006043392656097379,0.2356821672950705,0.32745072139808984,-0.09176855410301935,0.15015645541278247,0.15970542886827907,-0.009548973455496601,105.44000000000001,103.42,2.0200000000000102,104.92,105.08,-0.1599999999999966,0.5,0.2,0.3,0.8,-6.1000000000000005,6.9,0.5484765000473599,0.4729679325792648,0.07550856746809514,0.13505250695856885,0.13872361095314512,-0.0036711039945762636,0.23658291371289475,0.29518418794734586,-0.058601274234451106,0.19412413629971362,0.19224764191103422,0.0018764943886794005,108.25,98.67999999999999,9.570000000000007,106.95,108.88999999999999,-1.9399999999999835,validation,2024-12-29,2025-02-26
S45G01N160,2024-2025,2025-01-26,60,부산 KCC,16,원주 DB,1,84,86,30,32,1.0,2.0,-1.0,1.0,0.0,1.0,0.0,0.0,0.0,0.0,0.0,0.0,0.0,0.0,0.0,1.0,2.0,-1.0,0.0,0.0,0.0,1475.471379356158,1546.6070644193082,-71.13568506315028,0.4911709572259913,0.5088290427740088,-0.017658085548017455,-71.13568506315028,0.4911709572259913,0.6666666666666666,0.6666666666666666,0.0,2.6666666666666665,1.6666666666666667,0.9999999999999998,0.5564338547082293,0.49238558178431596,0.0640482729239133,0.15337303689740908,0.10859234714615733,0.044780689751251754,0.23533471359558314,0.40222112265655063,-0.1668864090609675,0.18070986630089306,0.15753886798190594,0.023170998318987113,109.5,111.7666666666667,-2.266666666666694,103.2,110.83333333333333,-7.633333333333326,0.6,0.6,0.0,3.8,-1.6,5.4,0.5570357002042323,0.4894457721475126,0.0675899280567197,0.1324862205896843,0.12838605309322343,0.00410016749646086,0.2184101304829313,0.3301281918012133,-0.11171806131828199,0.17247262986362588,0.19668678232760511,-0.024214152463979233,111.52000000000001,106.14000000000001,5.3799999999999955,103.5,106.85999999999999,-3.359999999999985,0.4,0.6,-0.19999999999999996,0.011111111111111072,-5.7,5.711111111111111,0.5337067264212159,0.4837821666158402,0.049924559805375635,0.12593305573391878,0.12576188008768602,0.00017117564623275738,0.22272358375998413,0.30267698126480486,-0.07995339750482072,0.18629904728097355,0.20934361525292994,-0.023044567971956392,108.58,103.13,5.450000000000003,106.84,108.96,-2.1199999999999903,validation,2024-12-29,2025-02-26
S45G01N161,2024-2025,2025-01-28,64,대구 한국가스공사,60,부산 KCC,0,85,85,31,31,3.0,2.0,1.0,0.0,0.0,0.0,0.0,0.0,0.0,0.0,0.0,0.0,0.0,0.0,0.0,2.0,2.0,0.0,0.0,0.0,0.0,1516.595768224023,1485.647960211638,30.94780801238494,0.6346736766657892,0.3653263233342108,0.26934735333157844,30.94780801238494,0.6346736766657892,0.6666666666666666,0.6666666666666666,0.0,3.3333333333333335,4.666666666666667,-1.3333333333333335,0.4480431848852902,0.6181864950154651,-0.17014331013017486,0.12306492943288148,0.15877185737409197,-0.035706927941210484,0.2935185185185185,0.19668737060041408,0.09683114791810443,0.23657219973009444,0.09622003475685886,0.14035216497323558,99.0,114.23333333333333,-15.233333333333334,97.4666666666667,109.03333333333335,-11.566666666666649,0.6,0.8,-0.20000000000000007,5.2,8.4,-3.2,0.45359767924724614,0.6136498895315683,-0.16005221028432215,0.1195047527700432,0.14195713431525575,-0.02245238154521255,0.2964542483660131,0.2246790890269151,0.07177515933909798,0.2243752339155404,0.140331963333264,0.0840432705822764,99.02,119.25999999999999,-20.239999999999995,94.35999999999999,106.55999999999999,-12.200000000000003,0.6,0.4,0.19999999999999996,5.8,-1.6888888888888889,7.488888888888889,0.49223109072111565,0.547340480726612,-0.05510939000549636,0.12289068281967239,0.13294535681965575,-0.01005467399998336,0.2907434335958677,0.2194627141947668,0.0712807194011009,0.21819545662544854,0.1805202489648618,0.03767520766058674,104.82000000000001,109.37,-4.549999999999997,97.73,110.16,-12.429999999999993,validation,2024-12-29,2025-02-26
S45G01N162,2024-2025,2025-01-28,66,고양 소노,70,안양 정관장,0,86,87,32,33,3.0,2.0,1.0,0.0,0.0,0.0,0.0,0.0,0.0,0.0,0.0,0.0,0.0,0.0,0.0,0.0,2.0,-2.0,2.0,0.0,2.0,1395.104716278932,1388.6803423580639,6.42437392086822,0.6013640139128317,0.3986359860871683,0.20272802782566335,6.42437392086822,0.6013640139128317,0.3333333333333333,0.6666666666666666,-0.3333333333333333,-7.333333333333333,8.333333333333334,-15.666666666666668,0.4365045257827531,0.5123167507810621,-0.07581222499830897,0.16773940162518555,0.13190921887122484,0.035830182753960715,0.2780928748670685,0.3704180509413067,-0.09232517607423818,0.2294406477249964,0.20604616873542617,0.023394478989570228,87.16666666666669,108.30000000000001,-21.133333333333326,94.83333333333333,98.13333333333334,-3.3000000000000114,0.2,0.6,-0.39999999999999997,-10.4,3.3999999999999995,-13.8,0.4503680136123694,0.5019350985348121,-0.05156708492244272,0.16545033463308198,0.1329529013668917,0.032497433266190284,0.3006853361692071,0.3176455674068893,-0.0169602312376822,0.1844874580387124,0.178624347787198,0.005863110251514397,89.42,103.9,-14.480000000000004,104.42,101.36,3.0600000000000023,0.2,0.3,-0.09999999999999998,-10.2,-2.8,-7.3999999999999995,0.45469510516056666,0.47796793257926484,-0.023272827418698183,0.13674771434202695,0.135135570470789,0.0016121438712379532,0.28928043282881993,0.2948611905313252,-0.005580757702505268,0.189878631430378,0.1949117345751269,-0.0050331031447488905,93.42999999999999,99.53,-6.1000000000000085,107.43999999999998,105.47,1.9699999999999847,validation,2024-12-29,2025-02-26
S45G01N163,2024-2025,2025-01-29,35,서울 삼성,55,서울 SK,0,86,86,32,32,3.0,4.0,-1.0,0.0,0.0,0.0,0.0,0.0,0.0,0.0,0.0,0.0,0.0,0.0,0.0,0.0,0.0,0.0,4.0,1.0,3.0,1419.178418813989,1624.6698206776032,-205.4914018636141,0.308160440751407,0.691839559248593,-0.38367911849718594,-205.4914018636141,0.308160440751407,0.0,0.6666666666666666,-0.6666666666666666,-9.0,1.3333333333333333,-10.333333333333334,0.5054650987486808,0.48875805152979085,0.016707047218889992,0.15213424610520807,0.09646587880977207,0.05566836729543599,0.27159149094632956,0.32614522417153996,-0.0545537332252104,0.2184013643901704,0.12204106280193233,0.09636030158823808,101.60000000000001,105.59999999999998,-3.9999999999999716,114.53333333333336,100.73333333333333,13.800000000000026,0.2,0.8,-0.6000000000000001,-4.0,9.2,-13.2,0.5328856845080077,0.5284929261559697,0.0043927583520380065,0.14416255650175874,0.10376228872716405,0.0404002677745947,0.25083368244658566,0.3199728487886383,-0.06913916634205264,0.1785218400281671,0.11576432022084196,0.06275751980732514,104.2,112.35999999999999,-8.159999999999982,110.66000000000001,95.38,15.280000000000015,0.4,0.9,-0.5,-2.5,7.5,-10.0,0.53722650004736,0.5050689973691024,0.032157502678257566,0.14560030607594274,0.10762367432043343,0.037976631755509305,0.22847239677884837,0.3184668028144916,-0.08999440603564321,0.21224913629971365,0.15499040797290237,0.05725872832681128,104.83,107.82000000000001,-2.990000000000009,107.8,95.75,12.049999999999997,validation,2024-12-29,2025-02-26
S45G01N164,2024-2025,2025-01-29,16,원주 DB,06,수원 KT,0,87,86,33,32,3.0,3.0,0.0,0.0,0.0,0.0,0.0,0.0,0.0,0.0,0.0,0.0,0.0,0.0,0.0,0.0,1.0,-1.0,1.0,0.0,1.0,1536.4304835638281,1512.9014123132458,23.52907125058232,0.6247160528913787,0.37528394710862134,0.24943210578275732,23.52907125058232,0.6247160528913787,0.6666666666666666,0.6666666666666666,0.0,1.6666666666666667,-2.0,3.666666666666667,0.5709315084315084,0.48440781751915,0.0865236909123584,0.12881096029475297,0.1530872198283182,-0.024276259533565214,0.399933316662499,0.2711076280041797,0.12882568865831928,0.169028644028644,0.17174372992340003,-0.0027150858947560252,123.66666666666669,94.93333333333334,28.73333333333335,118.46666666666665,98.73333333333333,19.73333333333332,0.6,0.4,0.19999999999999996,1.6,-3.2,4.800000000000001,0.5294457721475126,0.48905738892418843,0.04038838322332422,0.11763614359124501,0.140185052666444,-0.022548909075198978,0.35347688611764955,0.29829676071055383,0.055180125407095715,0.1597637054045282,0.18876052366832574,-0.028996818263797547,114.35999999999999,99.66,14.699999999999989,110.8,103.62,7.179999999999993,0.5,0.4,0.09999999999999998,-7.1,-0.3,-6.8,0.4907751736088472,0.48016520192958756,0.010609971679259644,0.13167376402691,0.13610453554256385,-0.004430771515653853,0.31316085223254675,0.2995830774441833,0.013577774788363473,0.20195433786365258,0.19650933776605567,0.005445000097596908,104.16000000000001,99.7,4.460000000000008,111.41,100.84,10.569999999999993,validation,2024-12-29,2025-02-26
S45G01N165,2024-2025,2025-01-30,50,창원 LG,64,대구 한국가스공사,1,86,86,32,32,5.0,2.0,3.0,0.0,0.0,0.0,0.0,0.0,0.0,0.0,0.0,0.0,0.0,0.0,0.0,5.0,0.0,5.0,0.0,1.0,-1.0,1580.662723177856,1503.9022946907073,76.7604284871486,0.6933948034198877,0.3066051965801123,0.38678960683977537,76.7604284871486,0.6933948034198877,1.0,0.6666666666666666,0.33333333333333337,4.333333333333333,5.333333333333333,-1.0,0.4881352167732764,0.47898860398860404,0.009146612784672381,0.14642171051276437,0.12080320971226428,0.025618500800500085,0.31096859796550197,0.2935185185185185,0.017450079446983457,0.1626332622601279,0.26118233618233616,-0.09854907392220827,101.26666666666667,104.3,-3.0333333333333314,95.5,99.90000000000003,-4.400000000000034,1.0,0.4,0.6,5.0,-0.6,5.6,0.5182395530030339,0.4412239418735088,0.07701561112952515,0.13681675127875315,0.11583028138585272,0.020986469892900428,0.2955417322560037,0.3352777777777778,-0.039736045521774066,0.15062655233815564,0.21553685007715653,-0.0649102977390009,105.85999999999999,99.04,6.819999999999979,99.76,102.47999999999999,-2.7199999999999847,0.7,0.5,0.19999999999999996,3.4,4.9,-1.5000000000000004,0.5172855259916077,0.49674497961000447,0.020540546381603242,0.11367809906579338,0.1255703929451307,-0.011892293879337323,0.2699265240901115,0.30641910927154337,-0.03649258518143189,0.1442950284608949,0.1975357344032263,-0.05324070594233141,107.27000000000001,105.39000000000001,1.8799999999999955,103.67,100.0,3.6700000000000017,validation,2024-12-29,2025-02-26
S45G01N166,2024-2025,2025-01-30,10,울산 현대모비스,60,부산 KCC,1,86,86,32,32,4.0,2.0,2.0,0.0,0.0,0.0,0.0,0.0,0.0,0.0,0.0,0.0,0.0,0.0,0.0,0.0,3.0,-3.0,4.0,0.0,4.0,1540.1283543808208,1498.3414337449537,41.78692063586709,0.6490155894293801,0.3509844105706199,0.2980311788587602,41.78692063586709,0.6490155894293801,0.0,1.0,-1.0,-7.0,10.666666666666666,-17.666666666666664,0.472637910798122,0.6736509758897821,-0.20101306509166006,0.18351412143551982,0.1564504260684548,0.027063695367065016,0.39608307180463376,0.19867149758454106,0.1974115742200927,0.20362887708766256,0.09184845005740531,0.11178042703025724,95.93333333333334,122.3,-26.36666666666666,105.13333333333333,108.00000000000001,-2.8666666666666885,0.2,0.8,-0.6000000000000001,0.2,4.6,-4.3999999999999995,0.487633102253367,0.6026662829741912,-0.11503318072082425,0.1701724467224897,0.15507743679338581,0.015095009929103897,0.35983874863000664,0.24301242236024842,0.11682632626975822,0.20460753971729378,0.15738114366113284,0.04722639605616094,99.47999999999999,115.62,-16.140000000000015,100.3,108.24000000000001,-7.940000000000012,0.5,0.5,0.0,5.5,0.5111111111111111,4.988888888888889,0.512177849627776,0.5615942120698956,-0.049416362442119555,0.15056867054516015,0.13970840341577628,0.010860267129383872,0.3561468559772676,0.2319627141947668,0.12418414178250078,0.21920103768086743,0.17813218926336927,0.041068848417498166,106.50999999999999,111.1,-4.590000000000003,99.87,109.03,-9.159999999999997,validation,2024-12-29,2025-02-26
S45G01N167,2024-2025,2025-01-31,06,수원 KT,66,고양 소노,1,87,87,33,33,2.0,3.0,-1.0,0.0,0.0,0.0,0.0,0.0,0.0,0.0,0.0,0.0,0.0,0.0,0.0,2.0,0.0,2.0,0.0,3.0,-3.0,1525.3957333710734,1383.0774360006753,142.3182973703981,0.7673521798143016,0.2326478201856984,0.5347043596286032,142.3182973703981,0.7673521798143016,0.6666666666666666,0.0,0.6666666666666666,-4.333333333333333,-16.666666666666668,12.333333333333336,0.4713068559806885,0.4034162904886354,0.06789056549205308,0.1449575596068874,0.17383764847757432,-0.028880088870686937,0.3183982683982684,0.28209387511713097,0.03630439328113744,0.17631103761570774,0.18287202027401603,-0.00656098265830829,96.7,81.70000000000002,14.999999999999986,102.06666666666666,101.46666666666668,0.5999999999999801,0.6,0.2,0.39999999999999997,-1.2,-14.8,13.600000000000001,0.493721613588413,0.4281905942575307,0.06553101933088229,0.14492013747939228,0.1669488924522336,-0.02202875497284132,0.29448723690103,0.2837310976095672,0.010756139291462796,0.1689314638392659,0.18690681287742206,-0.017975349038156146,99.22,85.72,13.5,100.34,105.42,-5.079999999999998,0.5,0.2,0.3,0.1,-11.0,11.1,0.4832909650553507,0.4569066436221051,0.026384321433245594,0.1364146969885593,0.14900519524072997,-0.012590498252170679,0.3010116488727547,0.2972907687461325,0.0037208801266221947,0.18183290308962102,0.17160940066114722,0.010223502428473807,100.0,92.57000000000001,7.429999999999993,99.84,107.58,-7.739999999999995,validation,2024-12-29,2025-02-26
S45G01N168,2024-2025,2025-02-01,16,원주 DB,50,창원 LG,0,88,87,34,33,3.0,2.0,1.0,0.0,0.0,0.0,0.0,0.0,0.0,0.0,0.0,0.0,0.0,0.0,0.0,0.0,6.0,-6.0,2.0,0.0,2.0,1523.9361625060005,1586.794827109458,-62.858664603457555,0.5030815903332376,0.4969184096667624,0.006163180666475254,-62.858664603457555,0.5030815903332376,0.3333333333333333,1.0,-0.6666666666666667,-1.3333333333333333,3.3333333333333335,-4.666666666666667,0.5653712606837608,0.4905161691542288,0.07485509152953196,0.11827114243845822,0.15776038648628576,-0.03948924404782754,0.3304007820136852,0.30405738052796877,0.026343401485716456,0.18338675213675212,0.1563352591879313,0.02705149294882081,118.93333333333335,96.90000000000002,22.03333333333333,119.56666666666666,93.66666666666669,25.899999999999977,0.4,1.0,-0.6,-1.2,4.6,-5.8,0.5138207721475126,0.4956589078417437,0.018161864305768938,0.12415637126273105,0.12401176623428992,0.00014460502844113043,0.3729064761354749,0.29958213629640773,0.07332433983906717,0.1628887054045282,0.1506265523381556,0.0122621530663726,111.14000000000001,103.52000000000001,7.6200000000000045,113.38,98.66,14.719999999999999,0.5,0.7,-0.19999999999999996,-3.9,0.2,-4.1,0.4992006543780779,0.5060179203578048,-0.006817265979726872,0.131022693190403,0.11795750399734621,0.013065189193056784,0.31096388253557705,0.2683624967196324,0.04260138581594464,0.19767549170980642,0.15399516476257596,0.04368032694723045,105.47,104.35,1.1200000000000045,108.97,105.22,3.75,validation,2024-12-29,2025-02-26
S45G01N169,2024-2025,2025-02-01,64,대구 한국가스공사,55,서울 SK,0,87,87,33,33,2.0,3.0,-1.0,0.0,0.0,0.0,0.0,0.0,0.0,0.0,0.0,0.0,0.0,0.0,0.0,0.0,1.0,-1.0,2.0,0.0,2.0,1497.7701907591052,1630.8330294926313,-133.06283873352618,0.40328377506438756,0.5967162249356124,-0.19343244987122482,-133.06283873352618,0.40328377506438756,0.3333333333333333,0.6666666666666666,-0.3333333333333333,4.0,-0.3333333333333333,4.333333333333333,0.4603072853072854,0.4744378306878308,-0.014130545380545423,0.11614691308939716,0.09715043234548155,0.018996480743915606,0.3107142857142857,0.3617577597840756,-0.051043474069789874,0.22675010175010168,0.18829365079365076,0.03845645095645092,101.26666666666667,106.33333333333333,-5.066666666666663,98.00000000000004,105.60000000000001,-7.599999999999966,0.4,0.8,-0.4,0.4,4.6,-4.199999999999999,0.45731797442323757,0.4975405452035887,-0.04022257078035113,0.12027129155987884,0.1004286819166162,0.019842609643262635,0.3275396825396825,0.3468959257117152,-0.01935624317203266,0.20107030396504083,0.14751035196687373,0.0535599519981671,100.92,109.54,-8.620000000000005,102.64000000000001,99.9,2.740000000000009,0.5,0.9,-0.4,5.4,7.6,-2.1999999999999993,0.4868623964397501,0.500048293435355,-0.013185896995604851,0.12788996824763202,0.1091677761348239,0.018722192112808123,0.31240366525609936,0.3182186638566752,-0.005814998600575827,0.20497213362044747,0.16906908292114256,0.03590305069930491,103.79,107.41,-3.6199999999999903,98.36999999999999,94.95,3.4199999999999875,validation,2024-12-29,2025-02-26
S45G01N170,2024-2025,2025-02-01,70,안양 정관장,10,울산 현대모비스,1,88,87,34,33,4.0,2.0,2.0,0.0,0.0,0.0,0.0,0.0,0.0,0.0,0.0,0.0,0.0,0.0,0.0,3.0,1.0,2.0,0.0,0.0,0.0,1400.7076226363206,1547.1480425922332,-146.4404199559126,0.38489823703503234,0.6151017629649677,-0.23020352592993532,-146.4404199559126,0.38489823703503234,1.0,0.3333333333333333,0.6666666666666667,19.0,2.6666666666666665,16.333333333333332,0.5759132420091323,0.5260416666666665,0.04987157534246578,0.1336118452781319,0.1562464967166207,-0.02263465143848878,0.2912513842746401,0.3448550016291952,-0.0536036173545551,0.23921502838454897,0.2216909532483303,0.017524075136218675,114.33333333333333,105.06666666666666,9.266666666666666,90.20000000000003,100.60000000000001,-10.399999999999977,0.6,0.2,0.39999999999999997,7.0,-1.4,8.4,0.5253477969475104,0.5149319528280796,0.010415844119430862,0.12944908985115072,0.1697492375317273,-0.040300147680576576,0.3201455674068893,0.3499257051517458,-0.029780137744856494,0.1999041096919599,0.20987573895101025,-0.009971629259050346,107.97999999999999,102.5,5.47999999999999,100.84,104.74000000000001,-3.9000000000000057,0.4,0.5,-0.09999999999999998,-3.552713678800501e-16,5.5,-5.5,0.5035448556561879,0.5224390436576267,-0.018894188001438827,0.13006650763938823,0.1515067537192733,-0.021440246079885067,0.2832822431629041,0.3520357448661565,-0.0687535017032524,0.2015223114982038,0.2046280691899885,-0.0031057576917846996,103.72999999999999,107.10999999999999,-3.3799999999999955,105.5,100.72,4.780000000000001,validation,2024-12-29,2025-02-26
S45G01N171,2024-2025,2025-02-02,60,부산 KCC,06,수원 KT,0,87,88,33,34,3.0,2.0,1.0,0.0,0.0,0.0,0.0,0.0,0.0,0.0,0.0,0.0,0.0,0.0,0.0,0.0,3.0,-3.0,1.0,0.0,1.0,1491.3217455335414,1530.0486897747874,-38.726944241245974,0.5377380605420872,0.46226193945791283,0.07547612108417434,-38.726944241245974,0.5377380605420872,0.6666666666666666,1.0,-0.33333333333333337,-0.6666666666666666,4.333333333333333,-5.0,0.632089552238806,0.47331406833695167,0.15877548390185436,0.15006809508240798,0.13535342787310076,0.014714667209307225,0.22176932367149757,0.36839826839826834,-0.14662894472677077,0.12139303482587067,0.2069295311858241,-0.08553649635995343,118.03333333333335,102.96666666666665,15.066666666666691,118.73333333333335,96.16666666666667,22.566666666666677,0.6,0.8,-0.20000000000000007,0.6,0.2,0.39999999999999997,0.6113596582033088,0.48647523677681886,0.12488442142648998,0.1575682175656801,0.14623814016851952,0.011330077397160576,0.20759575569358182,0.3155217196596507,-0.10792596396606888,0.12161261786904068,0.1798355356129029,-0.058222917743862235,113.52000000000001,99.7,13.820000000000007,111.97999999999999,98.24,13.739999999999995,0.5,0.5,0.0,-0.3,-1.2,0.8999999999999999,0.5746494179681154,0.4740339738326521,0.1006154441354633,0.14263729161264432,0.14026378868471417,0.002373502927930149,0.22758771419476678,0.3210116488727547,-0.0934239346779879,0.16236164439733797,0.19242690186488126,-0.030065257467543294,112.30999999999999,99.51,12.799999999999983,111.18999999999998,100.2,10.98999999999998,validation,2024-12-29,2025-02-26
S45G01N172,2024-2025,2025-02-02,64,대구 한국가스공사,35,서울 삼성,1,88,87,34,33,1.0,4.0,-3.0,1.0,0.0,1.0,0.0,0.0,0.0,0.0,0.0,0.0,0.0,0.0,0.0,0.0,0.0,0.0,3.0,5.0,-2.0,1489.7045152578173,1413.015209998961,76.6893052588564,0.6933077548511477,0.3066922451488523,0.3866155097022954,76.6893052588564,0.6933077548511477,0.0,0.0,0.0,-4.333333333333333,-7.333333333333333,3.0,0.4861111111111112,0.5353923853923853,-0.0492812742812741,0.10838261813680672,0.1536153620081867,-0.04523274387137999,0.319047619047619,0.27435646790485496,0.04469115114276406,0.162037037037037,0.21526320901320906,-0.05322617197617205,105.80000000000001,106.7,-0.8999999999999915,111.4666666666667,117.40000000000002,-5.933333333333323,0.4,0.0,0.4,1.8,-7.2,9.0,0.47628205128205126,0.5106146222369453,-0.03433257095489406,0.11049663853744804,0.14194632329769336,-0.03144968476024532,0.28753968253968254,0.26989526602429825,0.017644416515384287,0.22337606837606838,0.2027465042528313,0.020629564123237076,104.42,102.4,2.019999999999996,102.73999999999998,113.12,-10.380000000000024,0.4,0.4,0.0,1.2,-2.8,4.0,0.474813334390688,0.5421623974832575,-0.06734906309256944,0.1276059632292294,0.14548043069798275,-0.017874467468753347,0.2924036652560994,0.22823046129497743,0.06417320396112197,0.20064312929144315,0.20432178587236322,-0.0036786565809200644,100.67999999999999,105.47,-4.790000000000006,99.86,108.75,-8.89,validation,2024-12-29,2025-02-26
S45G01N173,2024-2025,2025-02-02,66,고양 소노,16,원주 DB,1,88,89,34,35,2.0,1.0,1.0,0.0,1.0,-1.0,0.0,0.0,0.0,0.0,0.0,0.0,0.0,0.0,0.0,0.0,0.0,0.0,4.0,3.0,1.0,1378.4244795969614,1513.8745306993358,-135.45005110237435,0.3999812836105322,0.6000187163894678,-0.2000374327789356,-135.45005110237435,0.3999812836105322,0.0,0.0,0.0,-16.666666666666668,-8.666666666666666,-8.000000000000002,0.4299863387978142,0.4987862933634992,-0.068799954565685,0.18072085694716059,0.14648130324117406,0.034239553705986525,0.24554804546785305,0.31928967090257415,-0.0737416254347211,0.22900728597449907,0.14825603318250372,0.08075125279199535,86.20000000000003,102.06666666666668,-15.866666666666646,108.23333333333335,113.83333333333333,-5.59999999999998,0.2,0.4,-0.2,-10.4,-2.4,-8.0,0.4494027154696519,0.5187537580000815,-0.06935104253042962,0.16563765491478402,0.13328134438259648,0.03235631053218754,0.2618035998200005,0.36056605060356,-0.0987624507835595,0.21933105530166447,0.16575542171130406,0.05357563359036041,89.38,110.75999999999999,-21.379999999999995,102.6,113.54,-10.940000000000012,0.1,0.4,-0.30000000000000004,-11.8,-5.5,-6.300000000000001,0.4688469421295677,0.4917846879915233,-0.022937745861955627,0.1510329909317329,0.1342053414139756,0.01682764951775728,0.28119881472314406,0.32191626348795804,-0.04071744876481398,0.17904721160642087,0.17939818078543665,-0.00035096917901578095,93.66000000000001,104.15,-10.489999999999995,110.63,110.08999999999999,0.5400000000000063,validation,2024-12-29,2025-02-26
S45G01N174,2024-2025,2025-02-03,55,서울 SK,50,창원 LG,1,88,88,34,34,2.0,2.0,0.0,0.0,0.0,0.0,0.0,0.0,0.0,0.0,0.0,0.0,0.0,0.0,0.0,2.0,7.0,-5.0,0.0,0.0,0.0,1638.8987049939192,1596.8564589161228,42.042246077796335,0.6493503216811742,0.35064967831882576,0.2987006433623485,42.042246077796335,0.6493503216811742,0.6666666666666666,1.0,-0.33333333333333337,-2.6666666666666665,6.666666666666667,-9.333333333333334,0.48033008658008675,0.5178793532338308,-0.037549266653744084,0.11870763519672668,0.13992088201180822,-0.021213246815081535,0.36292735042735047,0.3112002376708259,0.051727112756524585,0.1832431457431457,0.1563352591879313,0.026907886555214394,104.83333333333333,103.2,1.6333333333333258,109.8,94.10000000000002,15.699999999999974,0.8,1.0,-0.19999999999999996,2.6,6.0,-3.4,0.49520288286592634,0.49735874200426444,-0.002155859138338101,0.09878882950333338,0.13157839034673596,-0.03278956084340258,0.32594354475933424,0.28506600726414966,0.04087753749518458,0.16067052512704688,0.16638111286883556,-0.005710587741788675,107.78,102.25999999999999,5.52000000000001,102.85999999999999,94.34,8.519999999999982,0.9,0.8,0.09999999999999998,7.3,2.0,5.3,0.49557735453818663,0.5034948215660494,-0.007917467027862779,0.1060314095284161,0.11381832886699308,-0.007786919338576989,0.3152557008937123,0.2600291633862991,0.05522653750741319,0.16946649971200195,0.15631688947236036,0.01314961023964159,107.12,104.03,3.0900000000000034,95.28999999999999,102.54,-7.250000000000014,validation,2024-12-29,2025-02-26
S45G01N175,2024-2025,2025-02-04,60,부산 KCC,70,안양 정관장,0,88,89,34,35,2.0,3.0,-1.0,0.0,0.0,0.0,0.0,0.0,0.0,0.0,0.0,0.0,0.0,0.0,0.0,0.0,4.0,-4.0,2.0,0.0,2.0,1480.5669843226997,1413.00965789562,67.55732642707972,0.6820180079033376,0.31798199209666245,0.3640360158066751,67.55732642707972,0.6820180079033376,0.3333333333333333,1.0,-0.6666666666666667,-7.333333333333333,14.333333333333334,-21.666666666666668,0.5928366641369426,0.5330086580086578,0.05982800612828476,0.16028434784140613,0.10576237149600613,0.0545219763454,0.26758512544802865,0.3069767441860465,-0.03939161873801783,0.23076144700227677,0.2541589885339886,-0.023397541531711835,114.03333333333335,114.5,-0.46666666666665435,119.83333333333333,95.73333333333335,24.09999999999998,0.6,0.8,-0.20000000000000007,0.8,11.4,-10.6,0.6298925840160345,0.5271952452738321,0.10269733874220244,0.15472300359919608,0.12308864372597605,0.031634359873220025,0.22142064048620852,0.34597176079734215,-0.12455112031113363,0.15356593823580922,0.21936633760489205,-0.06580039936908283,117.72,112.22,5.5,115.05999999999999,97.62,17.439999999999984,0.5,0.5,0.0,0.4,2.3,-1.9,0.5848627435087349,0.5054929076042398,0.07936983590449509,0.14185749378716628,0.12846345929723396,0.013394034489932316,0.23714565923658282,0.3008183839548589,-0.06367272471827606,0.1720635730940066,0.2090980690739614,-0.037034495979954785,114.58999999999999,105.95,8.639999999999986,112.52000000000001,104.41,8.110000000000014,validation,2024-12-29,2025-02-26
S45G01N176,2024-2025,2025-02-05,35,서울 삼성,10,울산 현대모비스,0,88,88,34,34,3.0,4.0,-1.0,0.0,0.0,0.0,0.0,0.0,0.0,0.0,0.0,0.0,0.0,0.0,0.0,0.0,0.0,0.0,6.0,1.0,5.0,1406.881365095984,1534.8460073329338,-127.96464223694989,0.41036574460635894,0.5896342553936411,-0.17926851078728218,-127.96464223694989,0.41036574460635894,0.0,0.3333333333333333,-0.3333333333333333,-6.0,1.3333333333333333,-7.333333333333333,0.4776884806735553,0.5366915422885571,-0.059003061615001795,0.15630046389928695,0.15372554752107284,0.0025749163782141093,0.277765856837454,0.3423297491039426,-0.06456389226648862,0.22400736701109839,0.23288498309907657,-0.008877616087978185,96.36666666666667,108.13333333333333,-11.766666666666652,104.46666666666668,105.3,-0.8333333333333144,0.0,0.2,-0.2,-6.8,-2.2,-4.6,0.48989214765334166,0.5055976718520075,-0.015705524198665888,0.14605210640655203,0.1605027971898551,-0.014450690783303077,0.2811295601854217,0.3849831764161136,-0.10385361623069195,0.22169523884076123,0.20944929971860088,0.012245939122160349,100.08,103.73999999999998,-3.6599999999999824,109.93999999999998,107.22,2.7199999999999847,0.4,0.4,0.0,0.6,4.1,-3.4999999999999996,0.5338376419505759,0.5088252942229817,0.025012347727594197,0.14038874979632618,0.15270577981644334,-0.012317030020117165,0.23839306292099366,0.367615455011084,-0.12922239209009034,0.1880840092382922,0.2178347629936972,-0.029750753755405007,104.92999999999999,106.07000000000001,-1.1400000000000148,104.42,100.8,3.6200000000000045,validation,2024-12-29,2025-02-26
S45G01N177,2024-2025,2025-02-06,50,창원 LG,60,부산 KCC,1,89,89,35,35,3.0,2.0,1.0,0.0,0.0,0.0,0.0,0.0,0.0,0.0,0.0,0.0,0.0,0.0,0.0,0.0,0.0,0.0,1.0,3.0,-2.0,1589.8434653497463,1466.926624164633,122.9168411851133,0.7468224200364569,0.25317757996354306,0.49364484007291387,122.9168411851133,0.7468224200364569,0.6666666666666666,0.0,0.6666666666666666,3.0,-11.0,14.0,0.49999999999999994,0.5270708983711767,-0.027070898371176766,0.12448748540417925,0.14919629437191975,-0.024708808967740498,0.28609263365360926,0.28702956989247314,-0.0009369362388638725,0.1594447119242497,0.26319387943470923,-0.10374916751045954,103.0,108.16666666666667,-5.166666666666671,96.93333333333334,121.60000000000002,-24.666666666666686,0.8,0.4,0.4,3.4,-3.6,7.0,0.4943097014925373,0.5850485091719597,-0.09073880767942244,0.14588678361394533,0.15257139127809222,-0.0066846076641468855,0.3056051600240983,0.27402933613838243,0.03157582388571589,0.14753249879634087,0.2068715515414225,-0.05933905274508164,99.85999999999999,114.82000000000001,-14.960000000000022,94.47999999999999,119.28000000000002,-24.800000000000026,0.8,0.5,0.30000000000000004,3.3,0.1,3.1999999999999997,0.5121255808132914,0.571042104688096,-0.058916523874804616,0.12174521740573589,0.14252880593388823,-0.020783588528152333,0.2816145292399576,0.24621973331065689,0.035394795929300726,0.1552569716700675,0.1896720907025242,-0.0344151190324567,105.46,113.16999999999999,-7.709999999999994,101.24000000000001,111.39000000000001,-10.150000000000006,validation,2024-12-29,2025-02-26
S45G01N178,2024-2025,2025-02-06,55,서울 SK,06,수원 KT,1,89,89,35,35,3.0,4.0,-1.0,0.0,0.0,0.0,0.0,0.0,0.0,0.0,0.0,0.0,0.0,0.0,0.0,3.0,4.0,-1.0,0.0,0.0,0.0,1645.9116985602957,1540.803450985629,105.10824757466662,0.7269537747130755,0.27304622528692446,0.4539075494261511,105.10824757466662,0.7269537747130755,1.0,1.0,0.0,5.666666666666667,6.0,-0.33333333333333304,0.5055941710871289,0.5254583178496223,-0.019864146762493373,0.10701410574610971,0.12240416989196329,-0.015390064145853574,0.32520212520212527,0.34047619047619043,-0.015274065274065163,0.1973863382314086,0.16964882943143814,0.027737508799970473,109.23333333333333,113.46666666666668,-4.2333333333333485,104.53333333333332,104.06666666666666,0.46666666666665435,0.8,0.8,0.0,2.4,0.6,1.7999999999999998,0.4951620582078329,0.4949821812212633,0.00017987698656957152,0.10199758390279076,0.13494582017511275,-0.03294823627232199,0.3352528540686435,0.33246753246753247,0.002785321601111057,0.17426513627217854,0.18296053561290287,-0.00869539934072433,107.64000000000001,105.06000000000002,2.5799999999999983,105.62,104.28,1.3400000000000034,0.9,0.5,0.4,7.7,-1.7,9.4,0.5066982465569659,0.4830519707027617,0.023646275854204257,0.11073332918936854,0.13820196398200013,-0.02746863479263159,0.31290552463049254,0.3028234955626502,0.010082029067842335,0.15857056856959195,0.18802549341417704,-0.02945492484458509,108.16,100.46000000000001,7.699999999999989,96.71000000000001,102.52000000000001,-5.810000000000002,validation,2024-12-29,2025-02-26
S45G01N179,2024-2025,2025-02-07,10,울산 현대모비스,64,대구 한국가스공사,0,89,89,35,35,2.0,5.0,-3.0,0.0,0.0,0.0,0.0,0.0,0.0,0.0,0.0,0.0,0.0,0.0,0.0,1.0,1.0,0.0,0.0,0.0,0.0,1543.053322225061,1495.8383601607943,47.21496206426673,0.6560997626878697,0.34390023731213026,0.3121995253757395,47.21496206426673,0.6560997626878697,0.6666666666666666,0.3333333333333333,0.3333333333333333,6.333333333333333,-1.3333333333333333,7.666666666666666,0.5343767274737423,0.4759259259259261,0.058450801547816233,0.12969437967005845,0.11286280501186524,0.01683157465819321,0.3626726726726727,0.2609831029185868,0.10168956975408594,0.18249032614704255,0.22222222222222218,-0.03973189607517963,111.39999999999999,102.26666666666667,9.133333333333326,104.43333333333334,102.43333333333335,1.9999999999999858,0.4,0.4,0.0,2.0,2.0,0.0,0.5112510364842454,0.47602564102564104,0.03522539545860437,0.15059528072483133,0.11798835513260211,0.03260692559222922,0.36051660458112067,0.2715898617511521,0.0889267428299686,0.21195321208166815,0.2408119658119658,-0.028858753730297643,104.96,102.24,2.719999999999999,102.11999999999999,100.17999999999999,1.9399999999999977,0.4,0.4,0.0,2.9000000000000004,0.8,2.1000000000000005,0.510947751186988,0.46249093001910335,0.048456821167884634,0.15538914152231142,0.12738207149332215,0.028007070028989278,0.3513992387948678,0.2908463793829069,0.06055285941196087,0.19795995861185056,0.20938629869035022,-0.011426340078499658,104.54,98.86999999999999,5.670000000000016,101.34,99.02,2.3200000000000074,validation,2024-12-29,2025-02-26
S45G01N180,2024-2025,2025-02-07,35,서울 삼성,66,고양 소노,1,89,89,35,35,2.0,5.0,-3.0,0.0,0.0,0.0,0.0,0.0,0.0,0.0,0.0,0.0,0.0,0.0,0.0,0.0,1.0,-1.0,7.0,0.0,7.0,1398.6740502038567,1390.4248539247508,8.249196279105945,0.6038795123769409,0.39612048762305907,0.20775902475388186,8.249196279105945,0.6038795123769409,0.0,0.3333333333333333,-0.3333333333333333,-5.333333333333333,-8.666666666666666,3.333333333333333,0.5033295063145808,0.5044191919191919,-0.0010896856046110903,0.1907884188012343,0.1589464095256227,0.031842009275611594,0.28337752911579295,0.22130952122932881,0.06206800788646413,0.21519326444699582,0.21186868686868687,0.0033245775783089515,96.06666666666666,98.2666666666667,-2.2000000000000313,103.13333333333334,110.16666666666667,-7.033333333333331,0.0,0.2,-0.2,-6.8,-10.2,3.3999999999999995,0.5216946734857182,0.45720128944469646,0.06449338404102173,0.1754222876979485,0.1648726966548978,0.010549591043050699,0.27012426918013066,0.24157692152880603,0.028547347651324634,0.22135080715304598,0.21184442428562172,0.009506382867424251,101.2,90.5,10.700000000000003,110.62,102.97999999999999,7.640000000000015,0.3,0.2,0.09999999999999998,-1.7,-10.6,8.9,0.5329585210714549,0.47567643104860896,0.057282090022845955,0.15722482498121576,0.1569802024901219,0.0002446224910938599,0.2504300999580307,0.2698147033390327,-0.019384603381001952,0.19588620704048998,0.19580433507996226,8.187196052772405e-05,103.38,93.96000000000001,9.419999999999987,105.7,109.17999999999999,-3.4799999999999898,validation,2024-12-29,2025-02-26
S45G01N181,2024-2025,2025-02-08,60,부산 KCC,50,창원 LG,0,90,90,36,36,2.0,2.0,0.0,0.0,0.0,0.0,0.0,0.0,0.0,0.0,0.0,0.0,0.0,0.0,0.0,0.0,1.0,-1.0,4.0,0.0,4.0,1461.8630725653622,1594.9070169490171,-133.0439443836549,0.40330994910758944,0.5966900508924106,-0.19338010178482112,-133.0439443836549,0.40330994910758944,0.0,0.6666666666666666,-0.6666666666666666,-8.666666666666666,5.666666666666667,-14.333333333333332,0.5294319743472287,0.5314009661835748,-0.0019689918363461345,0.1706965184117376,0.14194533884314045,0.028751179568597157,0.3337116686579052,0.37812405901836793,-0.04441239036046274,0.34203695220644376,0.13786141754993148,0.20417553465651228,107.86666666666667,109.86666666666667,-2.0,120.40000000000002,98.33333333333333,22.06666666666669,0.2,0.8,-0.6000000000000001,-7.4,4.4,-11.8,0.558106945802367,0.525090579710145,0.03301636609222203,0.16472301418826746,0.14885630799422553,0.01586670619404193,0.2898103345280765,0.3635945780135163,-0.07378424348543983,0.2691027683387916,0.14965233440092662,0.11945043393786497,109.7,106.42,3.280000000000001,118.8,98.3,20.5,0.5,0.8,-0.30000000000000004,0.5,4.0,-3.5,0.5858784176669676,0.5282622885788116,0.05761612908815594,0.1533400742517616,0.13235222004237482,0.020987854209386786,0.2572447117774958,0.3048949525203809,-0.0476502407428851,0.20471736583602781,0.14736166559176336,0.05735570024426445,114.47999999999999,107.5,6.97999999999999,112.67999999999999,101.80999999999999,10.870000000000005,validation,2024-12-29,2025-02-26
S45G01N182,2024-2025,2025-02-08,55,서울 SK,70,안양 정관장,1,90,90,36,36,2.0,4.0,-2.0,0.0,0.0,0.0,0.0,0.0,0.0,0.0,0.0,0.0,0.0,0.0,0.0,4.0,5.0,-1.0,0.0,0.0,0.0,1651.372623066034,1426.6500180536866,224.72260501234746,0.8412792629919796,0.15872073700802036,0.6825585259839593,224.72260501234746,0.8412792629919796,1.0,1.0,0.0,6.0,12.333333333333334,-6.333333333333334,0.524641790134748,0.5697733638910109,-0.045131573756262866,0.10900754661175731,0.11284561826395705,-0.003838071652199737,0.26906906906906913,0.2521785618818498,0.01689050718721935,0.14500538585045622,0.22819184491978617,-0.08318645906932995,108.63333333333333,116.56666666666666,-7.933333333333337,103.8,98.83333333333336,4.96666666666664,0.8,1.0,-0.19999999999999996,1.0,13.8,-12.8,0.4938922169379916,0.562411963540086,-0.06851974660209442,0.11622094581978429,0.12148292342275817,-0.00526197760297388,0.32586451836451835,0.2860579676938939,0.03980655067062444,0.1666460886531309,0.22106912398260103,-0.054423035329470126,105.35999999999999,114.54,-9.180000000000021,106.2,95.94,10.260000000000005,0.9,0.6,0.30000000000000004,7.4,3.5,3.9000000000000004,0.5140135174929267,0.5186651765118029,-0.004651659018876209,0.1071990857368603,0.13188330617634786,-0.024684220439487564,0.3133150250399929,0.29461148740313475,0.01870353763685817,0.1421173665991486,0.21111487579665048,-0.06899750919750189,109.75999999999999,107.13,2.6299999999999955,98.86,103.12,-4.260000000000005,validation,2024-12-29,2025-02-26
S45G01N183,2024-2025,2025-02-08,06,수원 KT,16,원주 DB,1,90,90,36,36,2.0,6.0,-4.0,0.0,0.0,0.0,0.0,0.0,0.0,0.0,0.0,0.0,0.0,0.0,0.0,0.0,0.0,0.0,1.0,4.0,-3.0,1535.3425264798907,1501.8741563715464,33.46837010834429,0.6380312780955285,0.3619687219044715,0.276062556191057,33.46837010834429,0.6380312780955285,0.6666666666666666,0.0,0.6666666666666666,3.6666666666666665,-7.0,10.666666666666666,0.511197692630093,0.4648292594064653,0.04636843322362766,0.11828394074629807,0.13757240128686057,-0.019288460540562505,0.3332752613240418,0.288729399255715,0.04454586206832678,0.16971907881675605,0.15227543720190775,0.017443641614848293,111.76666666666667,94.93333333333334,16.83333333333333,107.3,107.23333333333333,0.06666666666666288,0.8,0.2,0.6000000000000001,3.8,-4.6,8.399999999999999,0.49795343339182085,0.5228078120541356,-0.02485437866231477,0.1232678304243083,0.1263991769991144,-0.0031313465748060987,0.3310041178333861,0.31087204815557956,0.020132069677806563,0.1738152529580698,0.15764731360319595,0.016167939354873845,107.13999999999999,108.92,-1.7800000000000153,102.47999999999999,115.04,-12.560000000000016,0.5,0.3,0.2,-1.8,-6.1,4.3,0.491850706213826,0.4819420094921285,0.009908696721697474,0.13738016343854628,0.13398605649990925,0.003394106938637037,0.30305953018106085,0.3127481819939003,-0.009688651812839455,0.17881579899900318,0.18097139579148752,-0.0021555967924843378,101.74,101.87,-0.13000000000000966,103.67,109.33,-5.659999999999997,validation,2024-12-29,2025-02-26
S45G01N184,2024-2025,2025-02-09,64,대구 한국가스공사,10,울산 현대모비스,0,90,90,36,36,2.0,2.0,0.0,0.0,0.0,0.0,0.0,0.0,0.0,0.0,0.0,0.0,0.0,0.0,0.0,2.0,0.0,2.0,0.0,1.0,-1.0,1508.9603554145517,1529.9313269713036,-20.97097155675192,0.5630258400557747,0.4369741599442253,0.12605168011154944,-20.97097155675192,0.5630258400557747,0.6666666666666666,0.3333333333333333,0.3333333333333333,2.3333333333333335,-2.3333333333333335,4.666666666666667,0.5305046805046806,0.5022338703308852,0.028270810173795402,0.12396486261366735,0.12840811538311317,-0.004443252769445821,0.20366387893269614,0.3414760914760915,-0.13781221254339535,0.272039072039072,0.24108820974492615,0.03095086229414587,108.60000000000001,105.66666666666667,2.933333333333337,104.7666666666667,109.06666666666666,-4.299999999999969,0.4,0.4,0.0,-0.2,0.8,-1.0,0.5067948717948718,0.5263403221985312,-0.019545450403659403,0.12081125146835037,0.13985511852114443,-0.019043867052794067,0.2736268987881891,0.32695017101468715,-0.053323272226498075,0.22235042735042737,0.2276674977959539,-0.005317070445526539,106.67999999999999,107.02000000000001,-0.3400000000000176,107.02000000000001,105.38,1.6400000000000148,0.5,0.3,0.2,2.5,0.5000000000000003,1.9999999999999996,0.480196275521059,0.5054715607107976,-0.025275285189738594,0.12015800211919676,0.1476067940432804,-0.02744879192408363,0.28504057357710105,0.34000322739885636,-0.0549626538217553,0.22336283063298384,0.20505952571141767,0.018303304921566177,102.85,103.7,-0.8500000000000085,100.69000000000001,103.46,-2.769999999999982,validation,2024-12-29,2025-02-26
S45G01N185,2024-2025,2025-02-09,35,서울 삼성,66,고양 소노,0,90,90,36,36,2.0,2.0,0.0,0.0,0.0,0.0,0.0,0.0,0.0,0.0,0.0,0.0,0.0,0.0,0.0,1.0,0.0,1.0,0.0,1.0,-1.0,1406.5964599563179,1382.5024441722896,24.094015784028215,0.6254781804579376,0.37452181954206243,0.25095636091587514,24.094015784028215,0.6254781804579376,0.3333333333333333,0.3333333333333333,0.0,0.6666666666666666,-5.0,5.666666666666667,0.48489238787746247,0.47795522795522793,0.006937159922234537,0.19049199849356777,0.13738801633058131,0.05310398216298645,0.2749497464944619,0.20386766076421256,0.07108208573024935,0.312384961638693,0.2467785967785968,0.06560636486009622,94.36666666666666,95.90000000000002,-1.5333333333333599,93.73333333333335,102.56666666666668,-8.833333333333329,0.2,0.2,0.0,-2.6,-12.0,9.4,0.4924738942649391,0.4447649400518253,0.047708954213113774,0.18452389947998982,0.1606690481739929,0.023854851305996905,0.2779708254137837,0.23516666511854964,0.04280416029523407,0.2681040539062927,0.22880486298519082,0.0392991909211019,95.78,89.66,6.1200000000000045,99.4,104.78,-5.3799999999999955,0.3,0.2,0.09999999999999998,-0.7,-11.7,11.0,0.5196028663095502,0.4639872418594197,0.05561562445013052,0.164069637423571,0.15447069339006597,0.00959894403350503,0.2568264963544271,0.2675419760663055,-0.010715479711878362,0.20913025465953758,0.20211064138626855,0.007019613273269026,100.61,92.2,8.409999999999997,102.16,108.84,-6.680000000000007,validation,2024-12-29,2025-02-26
S45G01N186,2024-2025,2025-02-09,06,수원 KT,55,서울 SK,0,91,91,37,37,1.0,1.0,0.0,1.0,1.0,0.0,0.0,0.0,0.0,0.0,0.0,0.0,0.0,0.0,0.0,1.0,5.0,-4.0,0.0,0.0,0.0,1542.5819009179802,1654.5470378061946,-111.96513688821437,0.4328204213185209,0.5671795786814791,-0.13435915736295817,-111.96513688821437,0.4328204213185209,0.6666666666666666,1.0,-0.33333333333333337,4.333333333333333,5.518518518518519,-1.185185185185186,0.5232749873160832,0.5094902749832328,0.01378471233285039,0.09692521621034476,0.12545530218457465,-0.028530085974229888,0.28896631823461094,0.27927927927927937,0.009687038955331573,0.12223624128815187,0.1743125419181757,-0.05207630063002382,113.0,105.53333333333335,7.466666666666654,109.96666666666665,100.06666666666666,9.899999999999991,0.8,1.0,-0.19999999999999996,4.0,5.111111111111112,-1.1111111111111116,0.5097955386549787,0.5076422169379915,0.002153321716987233,0.11254093799773549,0.11618248352821495,-0.003641545530479462,0.3262369337979094,0.29782397782397785,0.028412955973931564,0.15013104243175399,0.19203341259679288,-0.041902370165038894,110.54,107.74000000000001,2.799999999999997,104.97999999999999,102.46,2.519999999999996,0.6,0.9,-0.30000000000000004,0.4,7.155555555555556,-6.7555555555555555,0.4994264637895835,0.5180675715469807,-0.01864110775739719,0.12636299533208972,0.10997238612768949,0.016390609204400233,0.3122668472542316,0.3088984133063081,0.0033684339479235215,0.16944578305003988,0.15389886640881742,0.015546916641222458,105.1,110.05,-4.950000000000003,104.3,98.91999999999999,5.38000000000001,validation,2024-12-29,2025-02-26
S45G01N187,2024-2025,2025-02-10,70,안양 정관장,60,부산 KCC,1,91,91,37,37,2.0,2.0,0.0,0.0,0.0,0.0,0.0,0.0,0.0,0.0,0.0,0.0,0.0,0.0,0.0,0.0,0.0,0.0,1.0,5.0,-4.0,1423.475603313526,1453.7968735832105,-30.32127026968442,0.5497416261983806,0.45025837380161937,0.09948325239676126,-30.32127026968442,0.5497416261983806,0.6666666666666666,0.0,0.6666666666666666,2.814814814814815,-6.666666666666667,9.481481481481481,0.5152861844038313,0.5204016881566201,-0.005115503752788797,0.11640112271932025,0.15387366048610782,-0.037472537766787564,0.3040304137337016,0.2820987654320988,0.021931648301602824,0.18906257141551264,0.2887814182618295,-0.09971884684631688,109.43333333333332,106.10000000000001,3.3333333333333144,104.46666666666668,120.40000000000002,-15.933333333333337,0.8,0.0,0.8,8.88888888888889,-9.6,18.488888888888887,0.5341717106422988,0.5379430113761374,-0.0037713007338385784,0.1157465388284499,0.15317694424978787,-0.037430405421337964,0.28288336451929075,0.27147700119474316,0.011406363324547586,0.22956929960606431,0.2717257191584638,-0.04215641955239946,111.12,108.0,3.1200000000000045,98.85999999999999,122.5,-23.640000000000015,0.6,0.4,0.19999999999999996,4.644444444444444,-2.5,7.144444444444444,0.5139993505345014,0.5703046471751644,-0.05630529664066297,0.12665926076975237,0.15412719052158683,-0.027467929751834458,0.3051670429586903,0.25724471177749575,0.047922331181194544,0.19463736423717168,0.21455343140979832,-0.019916067172626645,107.27000000000001,111.80999999999999,-4.539999999999978,101.97,115.37,-13.400000000000006,validation,2024-12-29,2025-02-26
S45G01N188,2024-2025,2025-02-11,66,고양 소노,10,울산 현대모비스,0,91,91,37,37,2.0,2.0,0.0,0.0,0.0,0.0,0.0,0.0,0.0,0.0,0.0,0.0,0.0,0.0,0.0,1.0,1.0,0.0,0.0,0.0,0.0,1395.0120077814483,1541.1918437724191,-146.1798359909708,0.38525343558819025,0.6147465644118097,-0.2294931288236195,-146.1798359909708,0.38525343558819025,0.6666666666666666,0.6666666666666666,0.0,1.0,1.0,0.0,0.46975850664375257,0.5131613756613755,-0.04340286901762297,0.12837637505328867,0.15880705389087593,-0.030430678837587266,0.21306306306306314,0.29233079233079234,-0.07926772926772921,0.272552731569125,0.2537037037037037,0.01884902786542131,96.70000000000003,100.13333333333333,-3.4333333333332945,95.86666666666667,99.10000000000001,-3.2333333333333343,0.4,0.6,-0.19999999999999996,-5.4,2.6,-8.0,0.4693551039862515,0.5299117507699598,-0.06055664678370826,0.14201983897164588,0.1456785566630688,-0.0036587176914229247,0.22278571273759726,0.32273180873180873,-0.09994609599421148,0.24519830560814165,0.23949419568822555,0.0057041099199161005,95.10000000000001,106.25999999999999,-11.159999999999982,103.22,103.6,-0.37999999999999545,0.3,0.4,-0.10000000000000003,-7.9,1.4000000000000004,-9.3,0.45986155879931045,0.5087724265116633,-0.04891086771235287,0.15373508680236397,0.15792550169277925,-0.004190414890415273,0.2617355244534022,0.34128527868090763,-0.07954975422750543,0.21484288182342706,0.22205086770275967,-0.007207985879332607,92.26,102.87,-10.61,103.82000000000001,101.95,1.8700000000000045,validation,2024-12-29,2025-02-26
S45G01N189,2024-2025,2025-02-12,55,서울 SK,50,창원 LG,0,92,91,38,37,3.0,4.0,-1.0,0.0,0.0,0.0,0.0,0.0,0.0,0.0,0.0,0.0,0.0,0.0,0.0,6.0,2.0,4.0,0.0,0.0,0.0,1663.203446232565,1602.9732159311689,60.230230301396205,0.6728014638820322,0.3271985361179678,0.3456029277640644,60.230230301396205,0.6728014638820322,1.0,0.6666666666666666,0.33333333333333337,6.518518518518519,2.3333333333333335,4.185185185185185,0.5320184790334045,0.5429858986640297,-0.010967419630625197,0.12002350040144953,0.12537282704633512,-0.005349326644885591,0.2545045045045045,0.4160028468971559,-0.16149834239265137,0.17739571758911676,0.13118053624218448,0.04621518134693228,109.76666666666667,116.39999999999999,-6.633333333333326,101.33333333333333,107.03333333333335,-5.700000000000017,1.0,0.8,0.19999999999999996,6.511111111111111,4.8,1.7111111111111112,0.5297104472151771,0.5302691511387163,-0.0005587039235391833,0.11572142473637156,0.11894906026687843,-0.003227635530506867,0.2709009009009009,0.348086556623142,-0.07718565572224106,0.16772637634945814,0.14750947725806948,0.020216899091388657,109.7,111.33999999999999,-1.6399999999999864,103.05999999999999,101.25999999999999,1.7999999999999972,0.9,0.9,0.0,5.555555555555555,4.9,0.655555555555555,0.5136254962093829,0.5242543520708752,-0.010628855861492315,0.10807505332649388,0.12788290577281577,-0.019807852446321897,0.3088984133063081,0.32181414443957285,-0.012915731133264774,0.15761836415816594,0.14906801479811255,0.008550349360053389,109.62,108.6,1.0200000000000102,101.48,100.51,0.9699999999999989,validation,2024-12-29,2025-02-26
S45G01N190,2024-2025,2025-02-13,16,원주 DB,60,부산 KCC,1,91,92,37,38,5.0,3.0,2.0,0.0,0.0,0.0,0.0,0.0,0.0,0.0,0.0,0.0,0.0,0.0,0.0,0.0,0.0,0.0,5.0,6.0,-1.0,1494.634781933457,1444.7917061071782,49.843075826278664,0.659505173727623,0.34049482627237704,0.3190103474552459,49.843075826278664,0.659505173727623,0.0,0.0,0.0,-8.666666666666666,-8.0,-0.6666666666666661,0.47509273979862215,0.5200384216643215,-0.044945681865699305,0.14236340225256272,0.15440779145502137,-0.01204438920245865,0.3159244264507422,0.27019400352733686,0.045730422923405345,0.14308426073131952,0.29720920088316055,-0.15412494015184103,97.93333333333334,102.93333333333334,-5.0,109.56666666666668,116.5,-6.933333333333323,0.0,0.0,0.0,-7.4,-8.0,0.5999999999999996,0.5034450669560963,0.517817830827269,-0.0143727638711727,0.14441900432657429,0.15517520910166024,-0.010756204775085959,0.32112845841198984,0.303084144051886,0.01804431436010384,0.15421594105417635,0.31236125117579644,-0.1581453101216201,102.84,105.76000000000002,-2.920000000000016,112.62,117.94000000000001,-5.320000000000007,0.3,0.3,0.0,-4.5,-3.7,-0.7999999999999998,0.49644541955180455,0.5645887445152888,-0.0681433249634843,0.13640252870989883,0.15637171333367017,-0.01996918462377134,0.32562832510660156,0.2553399498727339,0.07028837523386766,0.17545136169089076,0.21698693452241855,-0.041535572831527784,104.49000000000001,109.64000000000001,-5.150000000000006,109.74000000000001,114.96,-5.219999999999985,validation,2024-12-29,2025-02-26
S45G01N191,2024-2025,2025-02-26,60,부산 KCC,66,고양 소노,0,93,92,39,38,13.0,14.0,-1.0,0.0,0.0,0.0,0.0,0.0,0.0,0.0,0.0,0.0,0.0,0.0,0.0,0.0,0.0,0.0,7.0,1.0,6.0,1437.9818095817307,1387.3069390696846,50.67487051204603,0.6605795791006346,0.3394204208993654,0.32115915820126917,50.67487051204603,0.6605795791006346,0.0,0.3333333333333333,-0.3333333333333333,-9.0,-7.333333333333333,-1.666666666666667,0.4883596484601245,0.45965749654274246,0.028702151917382013,0.11628728090937339,0.11876382078145115,-0.002476539872077757,0.2522366522366522,0.2333333333333334,0.01890331890331881,0.23570799022940747,0.2574012164176099,-0.021693226188202408,102.06666666666666,96.63333333333337,5.4333333333332945,116.83333333333333,106.93333333333334,9.899999999999991,0.0,0.4,-0.4,-8.4,-4.6000000000000005,-3.8,0.49542073639627626,0.4909460130771606,0.004474723319115637,0.1383247740290478,0.13182840003722388,0.006496373991823928,0.28060125060125063,0.21232059645852752,0.06828065414272311,0.27207069427507,0.25656194197177806,0.015508752303291962,102.52000000000001,99.46000000000001,3.0600000000000023,117.0,106.25999999999999,10.740000000000009,0.3,0.3,0.0,-3.8,-9.7,5.8999999999999995,0.5626566602061553,0.45956830366734563,0.10308835653880971,0.14652388881412196,0.14938864624472875,-0.0028647574306067958,0.25101094554372955,0.24802584703404734,0.0029850985096822047,0.21281831625543965,0.22173437742460006,-0.00891606116916041,110.12,92.59,17.53,116.03,105.84,10.189999999999998,validation,2024-12-29,2025-02-26
S45G01N192,2024-2025,2025-02-26,70,안양 정관장,06,수원 KT,0,92,92,38,38,14.0,14.0,0.0,0.0,0.0,0.0,0.0,0.0,0.0,0.0,0.0,0.0,0.0,0.0,0.0,1.0,0.0,1.0,0.0,1.0,-1.0,1432.4807707895584,1533.9254924916097,-101.44472170205131,0.44774335316735087,0.5522566468326491,-0.10451329366529821,-101.44472170205131,0.44774335316735087,0.6666666666666666,0.3333333333333333,0.3333333333333333,3.4814814814814814,-3.0,6.481481481481481,0.510957180074827,0.4908675799086759,0.020089600166151134,0.12099329189437064,0.10207350892316014,0.018919782971210497,0.2681992337164751,0.2972691265374192,-0.029069892820944132,0.154430536783478,0.14027106715879864,0.014159469624679372,104.63333333333333,105.86666666666667,-1.2333333333333485,100.13333333333334,110.33333333333333,-10.199999999999989,0.8,0.6,0.20000000000000007,8.488888888888889,1.4,7.088888888888889,0.526379502850091,0.5067186155780558,0.0196608872720353,0.11653908753986353,0.10921538976487641,0.00732369777498712,0.28464047046244323,0.31979004735102295,-0.035149576888579726,0.18839695843372314,0.16133655333875746,0.027060405094965684,110.02000000000001,110.55999999999999,-0.5399999999999778,98.82,109.24000000000001,-10.420000000000016,0.7,0.6,0.09999999999999998,5.944444444444445,0.1,5.844444444444445,0.5141573006924516,0.5002201145832343,0.013937186109217237,0.1247459944533776,0.12706776362213434,-0.002321769168756746,0.3011430189346663,0.3071386421260265,-0.005995623191360211,0.18351065311046058,0.16513400858901167,0.01837664452144891,106.96,104.89000000000001,2.069999999999979,100.09,104.79,-4.700000000000003,validation,2024-12-29,2025-02-26
S45G01N193,2024-2025,2025-02-27,16,원주 DB,64,대구 한국가스공사,1,92,91,38,37,14.0,14.0,0.0,0.0,0.0,0.0,0.0,0.0,0.0,0.0,0.0,0.0,0.0,0.0,0.0,1.0,0.0,1.0,0.0,1.0,-1.0,1501.4446784589045,1497.6998386134362,3.7448398454682774,0.5976606205221388,0.40233937947786125,0.1953212410442775,3.7448398454682774,0.5976606205221388,0.3333333333333333,0.6666666666666666,-0.3333333333333333,0.6666666666666666,3.0,-2.3333333333333335,0.5445898934988119,0.4841880341880343,0.06040185931077763,0.13309728613670893,0.12808182719433897,0.00501545894236996,0.2776528215124706,0.2203305455993628,0.05732227591310782,0.18403935244542455,0.34188034188034183,-0.15784098943491728,110.0,100.76666666666665,9.233333333333348,107.53333333333335,96.80000000000003,10.73333333333332,0.2,0.4,-0.2,-3.0,0.4,-3.4,0.5029487890404636,0.47940170940170945,0.02354707963875413,0.13585313988777006,0.11486380902669284,0.020989330861077224,0.28719775351354293,0.2436268987881891,0.043570854725353825,0.17476184676137235,0.27179487179487183,-0.09703302503349948,102.56000000000002,102.3,0.2600000000000193,106.97999999999999,100.88,6.099999999999994,0.4,0.4,0.0,-0.7,-0.1,-0.6,0.5161972805939882,0.46031282563760917,0.055884454956379004,0.12674464173950753,0.11534704520627277,0.011397596533234758,0.32033731981559627,0.28945233828298345,0.03088498153261282,0.16726277608295032,0.2436658609360142,-0.07640308485306388,108.46,100.67,7.789999999999992,108.89000000000001,101.67999999999999,7.210000000000022,test,2024-12-29,2025-02-26
S45G01N194,2024-2025,2025-02-27,50,창원 LG,35,서울 삼성,1,92,91,38,37,14.0,14.0,0.0,0.0,0.0,0.0,0.0,0.0,0.0,0.0,0.0,0.0,0.0,0.0,0.0,3.0,0.0,3.0,0.0,1.0,-1.0,1616.4292452088096,1394.0868963471592,222.3423488616504,0.8394411084754636,0.1605588915245364,0.6788822169509272,222.3423488616504,0.8394411084754636,1.0,0.3333333333333333,0.6666666666666667,8.0,-2.6666666666666665,10.666666666666666,0.5456866804692891,0.4769041600027515,0.06878252046653766,0.11305059162399074,0.1997758082328346,-0.08672521660884387,0.4051627384960718,0.3283759950426617,0.07678674345341013,0.1387853692201518,0.27917075100173694,-0.14038538178158513,117.8,92.73333333333333,25.066666666666663,102.33333333333333,94.66666666666669,7.666666666666643,0.8,0.2,0.6000000000000001,6.2,-3.0,9.2,0.5274120082815734,0.47275558440578413,0.054656423875789284,0.11906090669656832,0.174637043683128,-0.055576136986559665,0.36626837480496016,0.31520026264322093,0.05106811216173923,0.1370025648156732,0.2581568708077012,-0.12115430599202803,112.4,94.75999999999999,17.640000000000015,99.67999999999999,98.02000000000001,1.6599999999999824,0.9,0.2,0.7,5.4,-3.5,8.9,0.5115354580616585,0.502820634456896,0.0087148236047625,0.12153633646542912,0.15939980009244337,-0.037863463627014246,0.332925255550684,0.2830169725449033,0.04990828300578065,0.1438145585769144,0.21833935541793412,-0.07452479684101973,107.96,99.47999999999999,8.480000000000004,99.17,104.33999999999999,-5.1699999999999875,test,2024-12-29,2025-02-26
S45G01N195,2024-2025,2025-02-28,60,부산 KCC,06,수원 KT,0,94,93,40,39,2.0,2.0,0.0,0.0,0.0,0.0,0.0,0.0,0.0,0.0,0.0,0.0,0.0,0.0,0.0,0.0,1.0,-1.0,8.0,0.0,8.0,1424.770217999718,1542.8803595549566,-118.11014155523867,0.42415818064683963,0.5758418193531604,-0.15168363870632073,-118.11014155523867,0.42415818064683963,0.0,0.6666666666666666,-0.6666666666666666,-10.666666666666666,1.0,-11.666666666666666,0.4789106502816181,0.4543378995433791,0.024572750738239002,0.12730420363637932,0.10699430401753861,0.020309899618840707,0.29390331890331894,0.3493680148732414,-0.05546469596992243,0.22948455367810208,0.17680074752409544,0.05268380615400664,100.56666666666666,102.3,-1.7333333333333343,112.2666666666667,100.10000000000001,12.166666666666686,0.0,0.6,-0.6,-9.4,1.8,-11.200000000000001,0.5090468625224023,0.4865677321156773,0.022479130406725,0.1400416898084636,0.10625235611097103,0.03378933369749257,0.2756012506012506,0.3195859657183699,-0.043984715117119266,0.2515001237044995,0.15573798276103262,0.09576214094346686,103.44000000000001,106.74000000000001,-3.299999999999997,116.9,104.84,12.060000000000002,0.2,0.7,-0.49999999999999994,-6.5,1.0,-7.5,0.5470476858471811,0.48652148444624804,0.060526201400933066,0.1463065405432779,0.1262452481397453,0.020061292403532605,0.2748152933698165,0.31755384268901027,-0.04273854931919374,0.22918583762296102,0.16778675918696775,0.061399078435993265,109.13,103.22,5.909999999999997,118.08999999999999,101.53999999999999,16.549999999999997,test,2024-12-29,2025-02-26
S45G01N196,2024-2025,2025-02-28,10,울산 현대모비스,55,서울 SK,0,92,93,38,39,14.0,14.0,0.0,0.0,0.0,0.0,0.0,0.0,0.0,0.0,0.0,0.0,0.0,0.0,0.0,2.0,0.0,2.0,0.0,1.0,-1.0,1548.8969124841828,1649.7474169549243,-100.8505044707415,0.4485893100940519,0.5514106899059481,-0.10282137981189621,-100.8505044707415,0.4485893100940519,0.6666666666666666,0.6666666666666666,0.0,5.0,1.8518518518518519,3.148148148148148,0.5386243386243385,0.5074626865671643,0.03116165205717414,0.14946156264506208,0.11707856819134659,0.032382994453715494,0.3469308469308469,0.2364864864864865,0.1104443604443604,0.3185185185185185,0.19424006726928733,0.12427845124923115,110.76666666666665,104.7,6.066666666666649,104.63333333333333,103.2,1.433333333333323,0.6,0.8,-0.20000000000000007,3.4,3.7111111111111112,-0.31111111111111134,0.5188006396588486,0.5101717769302382,0.00862886272861041,0.14652432028189616,0.11524350561655623,0.031280814665339926,0.3617621117621118,0.25,0.11176211176211182,0.2700497512437811,0.17324424156881585,0.09680550967496526,108.38,105.28,3.0999999999999943,104.53999999999999,102.24,2.299999999999997,0.4,0.8,-0.4,1.0000000000000004,3.155555555555556,-2.1555555555555554,0.5168662962434641,0.5026873298980823,0.01417896634538185,0.15813677890681171,0.10701616755994481,0.05112061134686691,0.35584390845692876,0.28797177237966715,0.06787213607726161,0.23996274509739565,0.16695738334793137,0.07300536174946429,105.44000000000001,106.53,-1.0899999999999892,104.64000000000001,102.55,2.0900000000000176,test,2024-12-29,2025-02-26
S45G01N197,2024-2025,2025-03-01,16,원주 DB,66,고양 소노,0,93,93,39,39,2.0,3.0,-1.0,0.0,0.0,0.0,0.0,0.0,0.0,0.0,0.0,0.0,0.0,0.0,0.0,2.0,1.0,1.0,0.0,0.0,0.0,1509.4914660484617,1400.5185306516973,108.97293539676434,0.7313472483113651,0.2686527516886349,0.4626944966227302,108.97293539676434,0.7313472483113651,0.6666666666666666,0.6666666666666666,0.0,5.0,0.6666666666666666,4.333333333333333,0.5773988218301284,0.5275027390455191,0.04989608278460922,0.13358676873920156,0.1378584007799105,-0.004271632040708934,0.2524335232668566,0.2833333333333334,-0.030899810066476796,0.18377042680336453,0.2538840005716269,-0.07011357376826238,115.06666666666668,107.53333333333335,7.533333333333331,105.83333333333333,110.33333333333333,-4.5,0.4,0.6,-0.19999999999999996,-0.8,-1.6000000000000008,0.8000000000000007,0.5300243487419561,0.5032747802004482,0.026749568541507895,0.1355885527795604,0.13495157447364287,0.0006369783059175238,0.2640916929074824,0.2578378378378378,0.006253855069644598,0.1578775184031634,0.24373089174346757,-0.08585337334030416,106.6,102.46,4.140000000000001,106.8,106.03999999999999,0.7600000000000051,0.4,0.4,0.0,-1.0,-6.0,5.0,0.5219225604447344,0.47633874783505004,0.04558381260968436,0.12987246202114572,0.15029461469421343,-0.02042215267306771,0.3184990845214786,0.25982071882891916,0.058678365692559464,0.1603831119038458,0.231530973522566,-0.07114786161872019,108.87,95.92,12.950000000000003,110.09,104.32000000000001,5.769999999999996,test,2024-12-29,2025-02-26
S45G01N198,2024-2025,2025-03-01,35,서울 삼성,64,대구 한국가스공사,0,92,92,38,38,2.0,2.0,0.0,0.0,0.0,0.0,0.0,0.0,0.0,0.0,0.0,0.0,0.0,0.0,0.0,0.0,0.0,0.0,2.0,2.0,0.0,1390.8757185166685,1489.653051023879,-98.77733250721053,0.45154307895634227,0.5484569210436577,-0.09691384208731546,-98.77733250721053,0.45154307895634227,0.3333333333333333,0.3333333333333333,0.0,-3.6666666666666665,-1.0,-2.6666666666666665,0.4234853565839481,0.49954751131221736,-0.07606215472826927,0.14429515550072128,0.13493395514834264,0.00936120035237864,0.29751179751179746,0.2531698365031698,0.04434196100862764,0.2872904091213951,0.2944947209653092,-0.007204311843914124,91.5,103.0,-11.5,93.33333333333336,104.7666666666667,-11.433333333333337,0.2,0.4,-0.2,-4.6,-1.0,-3.5999999999999996,0.4545504562006559,0.49956977662860014,-0.045019320427944265,0.16983016379346927,0.12926058036796942,0.04056958342549985,0.2840174669442962,0.23706319222448258,0.046954274719813616,0.2645671272179576,0.2814587373410903,-0.016891610123132672,92.08000000000001,103.28,-11.199999999999989,96.17999999999999,104.24000000000001,-8.060000000000016,0.1,0.4,-0.30000000000000004,-5.9,-0.3,-5.6000000000000005,0.4825825392188007,0.47844387552591894,0.004138663692881739,0.1558882435455813,0.12476593596392413,0.031122307581657183,0.2769563664842972,0.2823014373820826,-0.005345070897785353,0.23365681573539449,0.24126452065306553,-0.007607704917671043,97.24,102.1,-4.859999999999999,104.65,103.44000000000001,1.2099999999999937,test,2024-12-29,2025-02-26
S45G01N199,2024-2025,2025-03-01,50,창원 LG,70,안양 정관장,0,93,93,39,39,2.0,3.0,-1.0,0.0,0.0,0.0,0.0,0.0,0.0,0.0,0.0,0.0,0.0,0.0,0.0,4.0,0.0,4.0,0.0,1.0,-1.0,1619.6404230393002,1423.5259037262115,196.11451931308875,0.818035779583554,0.181964220416446,0.636071559167108,196.11451931308875,0.818035779583554,1.0,0.3333333333333333,0.6666666666666667,8.666666666666666,-0.5185185185185185,9.185185185185185,0.5142857142857142,0.39898922215995375,0.11529649212576049,0.09592790287467691,0.10602020331149119,-0.010092300436814278,0.3434343434343434,0.34949494949494947,-0.006060606060606044,0.12803487592219984,0.1386486142583704,-0.010613738336170575,110.56666666666666,92.13333333333333,18.433333333333337,97.43333333333335,95.66666666666669,1.7666666666666657,0.8,0.6,0.20000000000000007,5.6,2.088888888888888,3.5111111111111115,0.522934396341275,0.4562575516305788,0.06667684471069624,0.12246052051194675,0.10492793824277373,0.017532582269173022,0.3829350414716268,0.32100410682607955,0.061930934645547275,0.13267210444148775,0.16072927550689386,-0.028057171065406117,110.83999999999999,101.22,9.61999999999999,100.3,99.22,1.0799999999999983,0.9,0.6,0.30000000000000004,5.8,4.544444444444444,1.2555555555555555,0.5101465691727697,0.4908026742890447,0.019343894883724955,0.12701945542934137,0.11718851404696222,0.009830941382379152,0.33400052436788824,0.32057483711648443,0.013425687251403806,0.14952660865516168,0.1803166925994269,-0.030790083944265217,106.55,104.6,1.9500000000000028,97.32000000000001,100.03,-2.7099999999999937,test,2024-12-29,2025-02-26
S45G01N200,2024-2025,2025-03-02,55,서울 SK,60,부산 KCC,1,94,95,40,41,2.0,2.0,0.0,0.0,0.0,0.0,0.0,0.0,0.0,0.0,0.0,0.0,0.0,0.0,0.0,1.0,0.0,1.0,0.0,9.0,-9.0,1658.7192031568054,1416.2870543867812,242.43214877002424,0.8544230592187153,0.1455769407812847,0.7088461184374306,242.43214877002424,0.8544230592187153,0.6666666666666666,0.0,0.6666666666666666,1.6666666666666667,-12.0,13.666666666666666,0.5248756218905474,0.49235151049667186,0.03252411139387551,0.11535015064613792,0.13118709169826348,-0.01583694105212556,0.23416158093577452,0.25365754317367223,-0.019495962237897707,0.14925373134328354,0.15421573647380102,-0.004962005130517477,106.43333333333334,101.06666666666666,5.366666666666674,105.13333333333333,116.73333333333335,-11.600000000000023,0.8,0.0,0.8,2.7111111111111112,-10.0,12.711111111111112,0.5192110874200426,0.49556955251693485,0.023641534903107775,0.12118411046823185,0.1314695530735758,-0.010285442605343947,0.24319965126416743,0.25505166876134616,-0.011852017497178735,0.16315384846391784,0.19966852173621077,-0.036514673272292936,106.05999999999999,101.67999999999999,4.3799999999999955,102.82000000000001,115.74000000000001,-12.920000000000002,0.8,0.1,0.7000000000000001,2.555555555555556,-8.7,11.255555555555555,0.5071865728139378,0.5268382491596509,-0.019651676345713187,0.11159084718551131,0.14809628363092162,-0.03650543644541031,0.28922625266640545,0.2724310016447113,0.016795251021694158,0.16870949236804816,0.23438564503750117,-0.06567615266945301,106.85,105.68999999999998,1.1600000000000108,104.22,117.27000000000001,-13.050000000000011,test,2024-12-29,2025-02-26
S45G01N201,2024-2025,2025-03-02,10,울산 현대모비스,06,수원 KT,0,93,94,39,40,2.0,2.0,0.0,0.0,0.0,0.0,0.0,0.0,0.0,0.0,0.0,0.0,0.0,0.0,0.0,0.0,2.0,-2.0,1.0,0.0,1.0,1539.9251262823018,1551.3635231678934,-11.438396885591601,0.5764764509464598,0.42352354905354017,0.15295290189291966,-11.438396885591601,0.5764764509464598,0.6666666666666666,0.6666666666666666,0.0,7.0,3.0,4.0,0.5243386243386242,0.4409279378575553,0.08341068648106892,0.16464188640922658,0.09819175694157656,0.06645012946765003,0.4085195849901732,0.40339918018489446,0.005120404805278755,0.2708994708994709,0.14115848093809022,0.1297409899613807,109.76666666666667,103.3,6.466666666666669,101.66666666666667,96.36666666666667,5.299999999999997,0.6,0.6,0.0,4.2,2.2,2.0,0.5189285714285714,0.45907731065973867,0.05985126076883274,0.1464049218540367,0.09801349022750343,0.04839143162653327,0.3666640725464255,0.36399072762313184,0.0026733449232936857,0.2504761904761905,0.13303683333574526,0.11743935714044526,108.0,104.44000000000001,3.559999999999988,103.2,100.36,2.8400000000000034,0.4,0.7,-0.29999999999999993,1.0000000000000004,1.4,-0.39999999999999947,0.5122631216402895,0.47702974594050096,0.03523337569978857,0.1534538595219459,0.11647965520130807,0.03697420432063783,0.37582362448126955,0.3482291300453321,0.027594494435937422,0.2299627450973957,0.15799868447432408,0.07196406062307162,105.87,104.75,1.1200000000000045,105.21,102.32000000000001,2.8899999999999864,test,2024-12-29,2025-02-26
S45G01N202,2024-2025,2025-03-02,66,고양 소노,64,대구 한국가스공사,0,94,93,40,39,1.0,1.0,0.0,1.0,1.0,0.0,0.0,0.0,0.0,0.0,0.0,0.0,0.0,0.0,0.0,2.0,1.0,1.0,0.0,0.0,0.0,1415.1454756179246,1498.6839126030059,-83.53843698508126,0.47334633471490434,0.5266536652850957,-0.05330733057019138,-83.53843698508126,0.47334633471490434,0.6666666666666666,0.3333333333333333,0.3333333333333333,-0.7037037037037036,-3.0,2.2962962962962963,0.5420285742810452,0.47175447101917706,0.07027410326186817,0.13520452124715218,0.15346022793939537,-0.01825570669224319,0.2979674796747968,0.30638397017707364,-0.00841649050227683,0.18007892344635887,0.2684873949579831,-0.08840847151162426,110.20000000000003,97.23333333333333,12.966666666666697,111.73333333333333,101.03333333333336,10.699999999999974,0.6,0.6,0.0,-0.6222222222222229,0.6,-1.2222222222222228,0.49192073340336345,0.49818088773971125,-0.006260154336347801,0.1277747060045636,0.14785781734990353,-0.020083111345339938,0.268780487804878,0.2660287094658619,0.002751778339016131,0.22612444755474487,0.286220642102995,-0.06009619454825016,102.26000000000002,101.53999999999999,0.7200000000000273,104.16,100.76,3.3999999999999915,0.4,0.5,-0.09999999999999998,-5.4111111111111105,1.2,-6.611111111111111,0.47456101142403,0.48723146951088125,-0.012670458086851244,0.14632370132973066,0.12917722794367578,0.017146473386054878,0.25517870466684206,0.2767841960027722,-0.02160549133593015,0.21898443592018327,0.25479835523953176,-0.03581391931934849,96.38,102.97999999999999,-6.599999999999994,103.57000000000001,101.75,1.8200000000000074,test,2024-12-29,2025-02-26
S45G01N203,2024-2025,2025-03-03,16,원주 DB,50,창원 LG,1,94,94,40,40,2.0,2.0,0.0,0.0,0.0,0.0,0.0,0.0,0.0,0.0,0.0,0.0,0.0,0.0,0.0,0.0,0.0,0.0,1.0,1.0,0.0,1494.8645210822344,1603.279707447629,-108.41518636539467,0.4378437062504909,0.562156293749509,-0.12431258749901813,-108.41518636539467,0.4378437062504909,0.6666666666666666,0.6666666666666666,0.0,4.37037037037037,2.0,2.3703703703703702,0.5416145081046381,0.4389317889317888,0.10268271917284927,0.11972097184964542,0.13470341131040792,-0.014982439460762498,0.22271324354657687,0.3755555555555556,-0.15284231200897871,0.22004493660728608,0.14399369188101582,0.07605124472627026,110.60000000000001,93.7,16.900000000000006,104.56666666666666,93.2,11.36666666666666,0.4,0.8,-0.4,0.42222222222222217,4.2,-3.777777777777778,0.5291419958007797,0.49362822449778976,0.03551377130298994,0.12836280549165707,0.12507861581061563,0.0032841896810414384,0.2631826019983915,0.40176430976430977,-0.13858170776591827,0.19728928310904575,0.1382388652321292,0.05905041787691656,107.96,105.75999999999999,2.200000000000003,107.05999999999999,99.02,8.039999999999992,0.4,0.8,-0.4,-0.9888888888888889,3.8,-4.788888888888889,0.5239478769004305,0.4939689629951635,0.029978913905267024,0.13082207493712678,0.1354826997122805,-0.004660624775153721,0.3118743263009757,0.35368473489420404,-0.04181040859322832,0.18152235241017492,0.14288568201423502,0.038636670395939904,109.35999999999999,102.80999999999999,6.549999999999997,110.3,96.75,13.549999999999997,test,2024-12-29,2025-02-26
S45G01N204,2024-2025,2025-03-03,35,서울 삼성,70,안양 정관장,0,93,94,39,40,2.0,2.0,0.0,0.0,0.0,0.0,0.0,0.0,0.0,0.0,0.0,0.0,0.0,0.0,0.0,0.0,1.0,-1.0,3.0,0.0,3.0,1381.8448569375416,1439.8866193178826,-58.04176238034097,0.5100123702756924,0.48998762972430765,0.0200247405513847,-58.04176238034097,0.5100123702756924,0.0,0.6666666666666666,-0.6666666666666666,-9.333333333333334,5.666666666666667,-15.0,0.40602503912363064,0.4015533247240563,0.004471714399574334,0.1329721121935754,0.09197961187290733,0.04099250032066808,0.33019564414913244,0.31205751205751203,0.018138132091620407,0.2157397375707235,0.1557426313523875,0.05999710621833601,91.16666666666667,92.33333333333333,-1.1666666666666572,100.2666666666667,86.2666666666667,14.0,0.2,0.6,-0.39999999999999997,-4.6,3.6888888888888887,-8.288888888888888,0.4494758293349843,0.4552985106715379,-0.0058226813365536145,0.17052688845656291,0.1074768830545906,0.06305000540197231,0.3094286978007908,0.2859318252421701,0.023496872558620707,0.2631434762420678,0.17051948529710365,0.09262399094496415,92.66,97.82000000000001,-5.160000000000011,96.88,93.17999999999999,3.700000000000003,0.1,0.7,-0.6,-5.7,7.544444444444444,-13.244444444444444,0.469683988494163,0.49124687797268507,-0.021562889478522085,0.15828949743155746,0.11528276339028334,0.043006734041274114,0.29527912899310627,0.3159517930197561,-0.020672664026649856,0.24241935754141455,0.19494291145099785,0.04747644609041671,96.37,105.02000000000001,-8.650000000000006,103.41,95.4,8.009999999999991,test,2024-12-29,2025-02-26
S45G01N205,2024-2025,2025-03-04,06,수원 KT,64,대구 한국가스공사,1,95,94,41,40,2.0,2.0,0.0,0.0,0.0,0.0,0.0,0.0,0.0,0.0,0.0,0.0,0.0,0.0,0.0,3.0,2.0,1.0,0.0,0.0,0.0,1562.8930521868226,1508.150839297304,54.74221288951867,0.6658093180070281,0.33419068199297186,0.3316186360140563,54.74221288951867,0.6658093180070281,1.0,0.6666666666666666,0.33333333333333337,8.666666666666666,1.0,7.666666666666666,0.40997555690517434,0.5538057530704591,-0.14383019616528475,0.10854128732872804,0.18177952078337845,-0.0732382334546504,0.45223922902494335,0.27243335289312304,0.1798058761318203,0.11002841697220535,0.1710514975220857,-0.06102308054988036,99.2,105.10000000000001,-5.900000000000006,83.89999999999999,103.70000000000005,-19.800000000000054,0.8,0.6,0.20000000000000007,4.4,1.8,2.6000000000000005,0.4459853341431046,0.5261296056884291,-0.08014427154532455,0.10336979771433437,0.15621383848960077,-0.0528440407752664,0.3911684279715638,0.2504970487729109,0.1406713791986529,0.12552215623202706,0.24109243697478994,-0.11557028074276288,103.02000000000001,104.0,-0.9799999999999898,95.2,101.64,-6.439999999999998,0.8,0.5,0.30000000000000004,4.1,1.9,2.1999999999999997,0.47196938376746267,0.5010776233570351,-0.029108239589572427,0.11331881406932136,0.13710109681110144,-0.023782282741780084,0.36108627290247497,0.2610434552620315,0.10004281764044348,0.1496687045950484,0.2409522013933779,-0.09128349679832948,105.08,103.12,1.9599999999999937,98.84,100.91,-2.069999999999993,test,2024-12-29,2025-02-26
S45G01N206,2024-2025,2025-03-05,35,서울 삼성,55,서울 SK,0,94,95,40,41,2.0,3.0,-1.0,0.0,0.0,0.0,0.0,0.0,0.0,0.0,0.0,0.0,0.0,0.0,0.0,0.0,2.0,-2.0,4.0,0.0,4.0,1371.6446095320277,1661.630741972431,-289.98613244040325,0.21498673507759983,0.7850132649224002,-0.5700265298448004,-289.98613244040325,0.21498673507759983,0.0,0.6666666666666666,-0.6666666666666666,-9.333333333333334,0.6666666666666666,-10.0,0.44401709401709394,0.5068493150684933,-0.06283222105139935,0.14593628753425356,0.11164563694166885,0.03429065059258471,0.30192183462532296,0.2736352651463008,0.02828656947902214,0.22606837606837613,0.1858515640973216,0.040216811971054534,95.16666666666667,104.36666666666666,-9.199999999999989,108.2666666666667,101.86666666666667,6.40000000000002,0.2,0.8,-0.6000000000000001,-5.4,3.3111111111111113,-8.711111111111112,0.43716813702729196,0.5190349621754242,-0.08186682514813226,0.14772576492293948,0.11730427893431852,0.03042148598862096,0.32632684594893896,0.27364061854724,0.05268622740169898,0.26468193778052934,0.19223408329757735,0.07244785448295199,94.22,107.14000000000001,-12.920000000000016,101.1,101.9,-0.8000000000000114,0.1,0.8,-0.7000000000000001,-6.1,2.155555555555556,-8.255555555555556,0.47943140525650507,0.5064635895567079,-0.02703218430020282,0.16157402631044399,0.11676261237705139,0.044811413933392594,0.29822555756453484,0.29975256845587916,-0.001527010891344327,0.24301637246678762,0.1794400859753541,0.06357628649143351,97.71000000000001,106.25,-8.539999999999992,105.85999999999999,104.05,1.809999999999988,test,2024-12-29,2025-02-26
S45G01N207,2024-2025,2025-03-06,10,울산 현대모비스,16,원주 DB,1,94,95,40,41,4.0,3.0,1.0,0.0,0.0,0.0,0.0,0.0,0.0,0.0,0.0,0.0,0.0,0.0,0.0,0.0,1.0,-1.0,2.0,0.0,2.0,1528.3955972633726,1506.1076469572247,22.287950306147877,0.6230395753173088,0.3769604246826912,0.2460791506346176,22.287950306147877,0.6230395753173088,0.3333333333333333,0.6666666666666666,-0.3333333333333333,4.0,1.3703703703703702,2.6296296296296298,0.49894179894179874,0.4985156186281707,0.0004261803136280662,0.14996798857742363,0.1305425122804664,0.019425476296957234,0.3949664714370597,0.22765151515151516,0.16731495628554455,0.19153439153439156,0.237672294266373,-0.046137902731981456,106.83333333333333,100.33333333333333,6.5,103.89999999999999,99.33333333333333,4.566666666666663,0.4,0.6,-0.19999999999999996,1.2,2.022222222222222,-0.8222222222222222,0.5086507936507937,0.5231606045734868,-0.0145098109226931,0.15784272200748792,0.1316352064839335,0.02620751552355441,0.3421080879904409,0.25055102305102306,0.09155706493941784,0.24492063492063493,0.22599996100005154,0.018920673920583386,103.52000000000001,105.8,-2.279999999999987,103.28,102.24000000000001,1.039999999999992,0.4,0.4,0.0,1.6000000000000003,-1.288888888888889,2.8888888888888893,0.5099509150675196,0.5229842083138112,-0.013033293246291655,0.15421900136615962,0.12901719174152398,0.02520180962463564,0.35131234628578084,0.2807115356033013,0.07060081068247953,0.22843692350115155,0.19182363730162372,0.036613286199527834,104.24000000000001,107.35999999999999,-3.119999999999976,102.7,108.63999999999999,-5.9399999999999835,test,2024-12-29,2025-02-26
S45G01N208,2024-2025,2025-03-07,64,대구 한국가스공사,50,창원 LG,0,95,95,41,41,3.0,4.0,-1.0,0.0,0.0,0.0,0.0,0.0,0.0,0.0,0.0,0.0,0.0,0.0,0.0,0.0,0.0,0.0,1.0,2.0,-1.0,1501.4670256574445,1592.0365815726389,-90.56955591519431,0.46326874222242215,0.5367312577775778,-0.07346251555515565,-90.56955591519431,0.46326874222242215,0.6666666666666666,0.3333333333333333,0.3333333333333333,3.6666666666666665,-2.3333333333333335,6.0,0.5603952741247825,0.3954480796586059,0.16494719446617662,0.1845240971806609,0.13210832258847666,0.052415774592184244,0.275436355896126,0.37777777777777777,-0.1023414218816518,0.15650633519485976,0.13985835353515116,0.0166479816597086,106.63333333333333,86.89999999999999,19.733333333333334,99.50000000000004,93.10000000000002,6.40000000000002,0.4,0.6,-0.19999999999999996,-0.2,1.4,-1.5999999999999999,0.5175041328006612,0.4458402763665921,0.07166385643406908,0.16559612110816557,0.11315869694377005,0.05243742416439552,0.2801266784025405,0.3660606060606061,-0.08593392765806557,0.21213909523456292,0.13820072640680497,0.07393836882775795,102.1,98.61999999999999,3.480000000000004,101.08,96.54,4.539999999999992,0.4,0.7,-0.29999999999999993,-0.2,2.9,-3.1,0.5121495022977665,0.4854654280383686,0.02668407425939784,0.14320368628825797,0.13100750246899778,0.012196183819260187,0.2768767885953648,0.36482759203706117,-0.08795080344169637,0.21724476129249512,0.14392653040386583,0.0733182308886293,104.39000000000001,102.51999999999998,1.870000000000033,104.05,97.41999999999999,6.63000000000001,test,2024-12-29,2025-02-26
S45G01N209,2024-2025,2025-03-07,66,고양 소노,55,서울 SK,0,95,96,41,42,5.0,2.0,3.0,0.0,0.0,0.0,0.0,0.0,0.0,0.0,0.0,0.0,0.0,0.0,0.0,0.0,3.0,-3.0,1.0,0.0,1.0,1405.6785489236265,1665.930476673983,-260.2519277503566,0.2452774007476064,0.7547225992523936,-0.5094451985047872,-260.2519277503566,0.2452774007476064,0.6666666666666666,1.0,-0.33333333333333337,3.2962962962962963,6.666666666666667,-3.3703703703703707,0.5343397456966943,0.5097694967686879,0.02457024892800641,0.14527055878453923,0.11049526209921628,0.03477529668532295,0.25384983261597327,0.2809847198641766,-0.027134887248203343,0.17419923099950227,0.19378292180155401,-0.019583690802051745,106.36666666666669,106.69999999999999,-0.3333333333333002,103.3,94.03333333333335,9.266666666666652,0.6,0.8,-0.20000000000000007,0.37777777777777716,4.4,-4.022222222222223,0.5247767237220404,0.5103393100015112,0.014437413720529202,0.1365579255095986,0.1062674815653412,0.03029044394425741,0.2423098995695839,0.25102326435093836,-0.008713364781354455,0.21301432250432129,0.1849264694988429,0.02808785300547839,105.74000000000001,105.97999999999999,-0.23999999999998067,106.7,98.62,8.079999999999998,0.4,0.9,-0.5,-5.811111111111111,4.7555555555555555,-10.566666666666666,0.48477083188693293,0.5089907634697515,-0.024219931582818544,0.1486134868417958,0.11122498254677807,0.03738850429501772,0.23873828234406677,0.2744236210874581,-0.03568533874339133,0.2209095927447561,0.1884799410478179,0.032429651696938205,97.7,106.85999999999999,-9.159999999999982,105.74000000000001,100.53999999999999,5.200000000000017,test,2024-12-29,2025-02-26
S45G01N210,2024-2025,2025-03-08,16,원주 DB,35,서울 삼성,0,96,95,42,41,2.0,3.0,-1.0,0.0,0.0,0.0,0.0,0.0,0.0,0.0,0.0,0.0,0.0,0.0,0.0,0.0,0.0,0.0,1.0,5.0,-4.0,1498.5684384635708,1367.3448748304756,131.22356363309518,0.7557565139235177,0.24424348607648227,0.5115130278470355,131.22356363309518,0.7557565139235177,0.3333333333333333,0.0,0.3333333333333333,-4.62962962962963,-8.333333333333334,3.703703703703704,0.4565073501115986,0.4365836041892379,0.01992374592236068,0.11215272776443348,0.1566909645359044,-0.04453823677147091,0.2603896103896104,0.34285750713994284,-0.08246789675033245,0.30557223120141613,0.21018418201516798,0.09538804918624816,97.83333333333333,92.93333333333334,4.8999999999999915,106.63333333333333,108.00000000000001,-1.3666666666666885,0.6,0.0,0.6,1.6222222222222222,-10.0,11.622222222222222,0.518873114929742,0.42556518598772125,0.09330792894202072,0.1174621480866829,0.14954954341887122,-0.03208739533218832,0.23077080327080327,0.32476212333158483,-0.09399132006078156,0.2553703006852214,0.20324665944384254,0.05212364124137883,106.54,91.22,15.320000000000007,105.03999999999999,104.74000000000001,0.29999999999998295,0.3,0.1,0.19999999999999998,-2.888888888888889,-6.3,3.411111111111111,0.5111590909429191,0.4590195401263301,0.052139550816589,0.13094057620662858,0.16703672144943055,-0.03609614524280197,0.27594963084139656,0.3013664743726842,-0.025416843531287647,0.20479312086969886,0.23567535667506764,-0.03088223580536878,104.69000000000001,93.5,11.190000000000012,108.83,102.07,6.760000000000005,test,2024-12-29,2025-02-26
S45G01N211,2024-2025,2025-03-08,70,안양 정관장,10,울산 현대모비스,0,95,95,41,41,5.0,2.0,3.0,0.0,0.0,0.0,0.0,0.0,0.0,0.0,0.0,0.0,0.0,0.0,0.0,2.0,1.0,1.0,0.0,0.0,0.0,1450.0868667233965,1535.9348057570264,-85.84793903362993,0.47003336153548264,0.5299666384645174,-0.05993327692903477,-85.84793903362993,0.47003336153548264,0.6666666666666666,0.3333333333333333,0.3333333333333333,7.0,0.0,7.0,0.46582238899312056,0.5063100827185333,-0.04048769372541272,0.09683453693242383,0.14508587614299226,-0.04825133921056843,0.2852768852768853,0.3454715219421101,-0.06019463666522484,0.17079424640400256,0.15071540353230495,0.020078842871697616,99.86666666666667,103.83333333333333,-3.9666666666666544,88.63333333333334,104.06666666666668,-15.433333333333337,0.6,0.6,0.0,5.288888888888889,4.8,0.48888888888888893,0.464008917911357,0.5212463670914376,-0.05723744918008056,0.10693243874094358,0.15653097673782362,-0.04959853799688005,0.3044994644994645,0.364159370041723,-0.05965990554225847,0.15395839932425298,0.2158260675162084,-0.06186766819195541,100.0,107.28,-7.280000000000001,92.7,101.53999999999999,-8.83999999999999,0.8,0.5,0.30000000000000004,9.544444444444444,2.8000000000000003,6.744444444444444,0.5132104407257214,0.5237933446449843,-0.010582903919262865,0.11420768108185089,0.14819304762948404,-0.03398536654763315,0.2952787160966792,0.34555477052820505,-0.05027605443152583,0.18751376165342698,0.22174678265608114,-0.03423302100265416,107.27000000000001,107.15,0.12000000000000455,94.32000000000001,103.46,-9.139999999999986,test,2024-12-29,2025-02-26
S45G01N212,2024-2025,2025-03-09,55,서울 SK,64,대구 한국가스공사,1,97,96,43,42,2.0,2.0,0.0,0.0,0.0,0.0,0.0,0.0,0.0,0.0,0.0,0.0,0.0,0.0,0.0,4.0,0.0,4.0,0.0,2.0,-2.0,1670.8360246889351,1492.2016508129961,178.634373875939,0.8025758952906449,0.19742410470935512,0.6051517905812898,178.634373875939,0.8025758952906449,1.0,0.3333333333333333,0.6666666666666667,10.666666666666666,0.3333333333333333,10.333333333333332,0.4842920453162725,0.5502762265057348,-0.06598418118946231,0.11825949377067364,0.1516708363784097,-0.03341134260773605,0.2953216374269006,0.24382716049382713,0.05149447693307346,0.23960221244511046,0.11841109709962165,0.1211911153454888,103.26666666666665,107.16666666666667,-3.90000000000002,85.89999999999999,106.33333333333337,-20.43333333333338,0.8,0.4,0.4,5.2,-1.0,6.2,0.4905752271897635,0.5378338031303317,-0.047258575940568204,0.12012570648976632,0.162011222860346,-0.041885516370579676,0.267689931017605,0.28012667840254046,-0.012436747384935443,0.20047774537751403,0.15213909523456293,0.048338650142951106,102.16,105.38000000000002,-3.2200000000000273,93.56000000000002,106.47999999999999,-12.919999999999973,0.9,0.4,0.5,5.855555555555556,-0.3,6.155555555555556,0.5101428372024703,0.5086177562660205,0.001525080936449874,0.11792356561306896,0.1384375159435194,-0.020513950330450448,0.269295415959253,0.2618767885953648,0.007418627363888208,0.18410206086348607,0.21196698351471738,-0.027864922651231305,105.92999999999999,103.84,2.089999999999989,98.30999999999999,103.67999999999999,-5.3700000000000045,test,2024-12-29,2025-02-26
S45G01N213,2024-2025,2025-03-09,50,창원 LG,66,고양 소노,1,96,96,42,42,2.0,2.0,0.0,0.0,0.0,0.0,0.0,0.0,0.0,0.0,0.0,0.0,0.0,0.0,0.0,1.0,0.0,1.0,0.0,2.0,-2.0,1601.3019564170872,1400.7730009086745,200.52895550841276,0.8217878440817934,0.1782121559182066,0.6435756881635868,200.52895550841276,0.8217878440817934,0.3333333333333333,0.3333333333333333,0.0,-4.0,-5.037037037037037,1.0370370370370372,0.40788589060387953,0.4864286164116128,-0.07854272580773325,0.1398842785283015,0.15071375149218474,-0.010829472963883258,0.4285714285714286,0.21575459452073517,0.21281683405069343,0.16697628500456463,0.10113987026890864,0.06583641473565599,92.69999999999999,95.36666666666669,-2.6666666666667,97.7,100.56666666666666,-2.86666666666666,0.6,0.4,0.19999999999999996,1.8,-5.222222222222223,7.022222222222223,0.44187439150518487,0.5132768460611644,-0.07140245455597954,0.13116739140112657,0.14835400033698048,-0.017186608935853914,0.39047619047619053,0.25945275671244106,0.13102343376374948,0.15414955369891586,0.14088317496333772,0.01326637873557815,96.61999999999999,101.66,-5.040000000000006,94.70000000000002,108.85999999999999,-14.159999999999968,0.7,0.4,0.29999999999999993,3.3,-5.311111111111111,8.61111111111111,0.4860717713219507,0.491315975023708,-0.005244203701757322,0.1250582258340025,0.1451869196543132,-0.02012869382031071,0.36928137354966617,0.24111923472501914,0.12816213882464703,0.1508295154784927,0.1930407402857397,-0.04221122480724701,103.97999999999999,98.38000000000001,5.59999999999998,97.98,106.03999999999999,-8.059999999999988,test,2024-12-29,2025-02-26
S45G01N214,2024-2025,2025-03-10,70,안양 정관장,16,원주 DB,1,96,97,42,43,2.0,2.0,0.0,0.0,0.0,0.0,0.0,0.0,0.0,0.0,0.0,0.0,0.0,0.0,0.0,0.0,0.0,0.0,1.0,2.0,-1.0,1440.686199492687,1483.4533081851005,-42.76710869241356,0.5319521009115201,0.4680478990884799,0.06390420182304024,-42.76710869241356,0.5319521009115201,0.6666666666666666,0.3333333333333333,0.3333333333333333,7.0,-4.037037037037037,11.037037037037038,0.5067790656831751,0.4684731620774105,0.03830590360576458,0.09873980605504963,0.11822557188262302,-0.019485765827573387,0.2555651336139141,0.273015873015873,-0.017450739401958903,0.2001404987706358,0.2525807782099631,-0.0524402794393273,107.03333333333335,98.2666666666667,8.766666666666652,95.20000000000003,104.83333333333333,-9.633333333333297,0.6,0.4,0.19999999999999996,4.6,-2.4,7.0,0.45115328039818514,0.4834719569479389,-0.03231867654975373,0.09433114824421135,0.11943977693920557,-0.025108628694994223,0.291924938754207,0.2604004329004329,0.03152450585377409,0.16737603191996778,0.23841413856776894,-0.07103810664780116,99.78,100.92,-1.1400000000000006,93.66,105.43999999999998,-11.779999999999987,0.7,0.3,0.39999999999999997,6.7444444444444445,-2.7,9.444444444444445,0.492662495520242,0.49321037299420123,-0.0005478774739592351,0.10503884353633061,0.12764645841348782,-0.022607614877157206,0.2874041516367489,0.2737990932069879,0.013605058429760952,0.19847266576301603,0.20658799266457067,-0.008115326901554643,105.45,101.74000000000001,3.7099999999999937,96.26,106.21,-9.949999999999989,test,2024-12-29,2025-02-26
S45G01N215,2024-2025,2025-03-11,10,울산 현대모비스,35,서울 삼성,1,96,96,42,42,3.0,3.0,0.0,0.0,0.0,0.0,0.0,0.0,0.0,0.0,0.0,0.0,0.0,0.0,0.0,2.0,1.0,1.0,0.0,0.0,0.0,1545.335472987736,1382.460005108946,162.87546787879,0.7878069565998933,0.2121930434001067,0.5756139131997866,162.87546787879,0.7878069565998933,0.6666666666666666,0.3333333333333333,0.3333333333333333,3.3333333333333335,-4.962962962962963,8.296296296296296,0.5085078849163355,0.4595002708559046,0.04900761406043086,0.12496455849026449,0.13787539897610554,-0.012910840485841055,0.27132936507936506,0.30198365231259966,-0.0306542872332346,0.19650294931985077,0.1855046948356808,0.010998254484169967,105.39999999999999,95.2,10.199999999999989,100.06666666666668,105.60000000000002,-5.533333333333346,0.6,0.2,0.39999999999999997,5.6,-5.977777777777778,11.577777777777778,0.5161364769815474,0.4390334958468761,0.07710298113467129,0.12609942461366982,0.13338664290252547,-0.007287218288855646,0.35406321619556913,0.29359329216275365,0.06046992403281548,0.21615573784587871,0.2069438425424341,0.009211895303444628,111.16,94.14000000000001,17.019999999999982,103.78,103.44000000000001,0.3399999999999892,0.6,0.2,0.39999999999999997,4.1,-4.488888888888889,8.588888888888889,0.5230241138757535,0.45589454012633013,0.06712957374942341,0.13588899063836932,0.1540118432928267,-0.018122852654457372,0.338397512463689,0.3043967774029873,0.03400073506070167,0.22782496676705213,0.23255035667506765,-0.00472538990801552,108.71,94.45,14.259999999999991,103.69000000000001,100.72999999999999,2.960000000000022,test,2024-12-29,2025-02-26
S45G01N216,2024-2025,2025-03-12,64,대구 한국가스공사,70,안양 정관장,1,97,97,43,43,3.0,2.0,1.0,0.0,0.0,0.0,0.0,0.0,0.0,0.0,0.0,0.0,0.0,0.0,0.0,0.0,1.0,-1.0,3.0,0.0,3.0,1488.253168718809,1450.0471574744565,38.20601124435257,0.6443056790686029,0.3556943209313971,0.28861135813720584,38.20601124435257,0.6443056790686029,0.0,0.6666666666666666,-0.6666666666666666,-9.333333333333334,4.666666666666667,-14.0,0.4771220714238689,0.49322595213006154,-0.01610388070619262,0.12652935385298206,0.0931563331348933,0.03337302071808876,0.31209150326797386,0.28086703125623724,0.031224472011736615,0.09857791823029821,0.15496345359359062,-0.05638553536329241,100.10000000000001,105.83333333333333,-5.73333333333332,111.7666666666667,99.46666666666668,12.300000000000011,0.4,0.6,-0.19999999999999996,-3.2,4.3999999999999995,-7.6,0.5126743417554201,0.4446597739046787,0.06801456785074145,0.15117107771238442,0.0907747077989042,0.06039636991348021,0.2858500488317933,0.29353250376602735,-0.007682454934234029,0.12354235533378335,0.17083923538317125,-0.047296880049387896,102.26,98.54,3.719999999999999,105.83999999999999,92.78,13.059999999999988,0.4,0.7,-0.29999999999999993,-2.1,6.444444444444445,-8.544444444444444,0.5061220591920101,0.4855196383773849,0.020602420814625266,0.1402158290401769,0.10365689766938387,0.03655893137079304,0.2614566205281379,0.28908648711423524,-0.02762986658609734,0.2025005463374368,0.17961809690844718,0.02288244942898962,102.77000000000001,104.28,-1.509999999999991,105.04,95.8,9.240000000000009,test,2024-12-29,2025-02-26
S45G01N217,2024-2025,2025-03-13,60,부산 KCC,35,서울 삼성,0,96,97,42,43,11.0,2.0,9.0,0.0,0.0,0.0,0.0,0.0,0.0,0.0,0.0,0.0,0.0,0.0,0.0,0.0,0.0,0.0,10.0,1.0,9.0,1413.3755155711556,1378.2161442409438,35.1593713302118,0.6402763283763735,0.3597236716236265,0.280552656752747,35.1593713302118,0.6402763283763735,0.0,0.3333333333333333,-0.3333333333333333,-10.333333333333334,-1.2962962962962965,-9.037037037037038,0.4991280672732287,0.40025951161514534,0.09886855565808339,0.1637114414887476,0.11940404386668524,0.04430739762206237,0.24147691334598353,0.2866910991211103,-0.04521418577512676,0.17399595625402084,0.15779906713005307,0.016196889123967773,99.23333333333333,87.5,11.733333333333334,113.43333333333334,90.70000000000003,22.733333333333306,0.0,0.2,-0.2,-10.6,-3.977777777777778,-6.622222222222222,0.48265656386624134,0.42323263004601036,0.05942393382023098,0.1442274426306317,0.1327910979425179,0.011436344688113803,0.25622813934958144,0.3198344269145267,-0.06360628756494524,0.2031994170703848,0.18698713258572414,0.016212284484660666,98.4,91.82000000000001,6.579999999999998,112.82000000000001,99.52000000000001,13.299999999999997,0.0,0.2,-0.2,-10.1,-4.288888888888889,-5.811111111111111,0.5102997876211893,0.43889154312333306,0.07140824449785627,0.1487021934402098,0.1513106308679936,-0.0026084374277837996,0.2638525702721623,0.30192594692941144,-0.038073376657249136,0.2374625681144243,0.22577712990184082,0.011685438212583471,103.2,91.95,11.25,117.66,97.85,19.810000000000002,test,2024-12-29,2025-02-26
S45G01N218,2024-2025,2025-03-13,06,수원 KT,66,고양 소노,1,96,97,42,43,9.0,4.0,5.0,0.0,0.0,0.0,0.0,0.0,0.0,0.0,0.0,0.0,0.0,0.0,0.0,4.0,0.0,4.0,0.0,3.0,-3.0,1569.576865826682,1397.2087577903103,172.36810803637172,0.7967980048152916,0.20320199518470838,0.5935960096305832,172.36810803637172,0.7967980048152916,1.0,0.0,1.0,6.666666666666667,-12.0,18.666666666666668,0.44597582161300303,0.48565505804311776,-0.03967923643011473,0.1046339864758201,0.15749917952932246,-0.05286519305350236,0.4229497354497354,0.20308123249299725,0.21986850295673815,0.0952047785630994,0.1769485903814262,-0.08174381181832681,104.26666666666667,94.9666666666667,9.299999999999969,94.86666666666667,111.39999999999999,-16.533333333333317,0.8,0.4,0.4,3.2,-3.422222222222223,6.622222222222224,0.44018823269382923,0.5075192703035887,-0.06733103760975945,0.11087761827025625,0.1510159212532864,-0.040138302983030144,0.3999760160474446,0.2506292273006764,0.1493467887467682,0.13951910512600113,0.17785287193303465,-0.038333766807033515,101.5,101.26,0.23999999999999488,95.78,106.84,-11.060000000000002,0.8,0.4,0.4,3.6,-4.011111111111111,7.611111111111111,0.4749918856744039,0.4992326416903746,-0.0242407560159707,0.11170927813399585,0.14142216064525512,-0.029712882511259267,0.363106474922677,0.23147491187960192,0.13163156304307508,0.14482507377887757,0.21720740695240637,-0.0723823331735288,106.02000000000001,100.36000000000001,5.659999999999997,100.38000000000001,106.55,-6.1699999999999875,test,2024-12-29,2025-02-26
S45G01N219,2024-2025,2025-03-14,50,창원 LG,10,울산 현대모비스,1,97,97,43,43,5.0,3.0,2.0,0.0,0.0,0.0,0.0,0.0,0.0,0.0,0.0,0.0,0.0,0.0,0.0,2.0,3.0,-1.0,0.0,0.0,0.0,1604.8661995354514,1549.5793338557382,55.28686567971317,0.6665065761058806,0.3334934238941194,0.3330131522117612,55.28686567971317,0.6665065761058806,0.6666666666666666,1.0,-0.33333333333333337,5.0,6.0,-1.0,0.5045962373142262,0.477026403434854,0.02756983387937223,0.12823514882622147,0.11035535740380027,0.0178797914224212,0.38276497695852535,0.29658816425120776,0.08617681270731758,0.17857879660707623,0.24279924561614705,-0.06422044900907081,109.03333333333335,105.0,4.033333333333346,100.36666666666667,94.83333333333333,5.533333333333346,0.6,0.6,0.0,2.4,1.8,0.5999999999999999,0.468973958604752,0.47169203253710296,-0.0027180739323509617,0.13418935013195407,0.13437899886273083,-0.00018964873077675914,0.3883256528417819,0.3119024783826574,0.0764231744591245,0.16211492166428382,0.19948907117921205,-0.037374149514928234,100.5,100.06,0.4399999999999977,97.84,97.4,0.4399999999999977,0.7,0.6,0.09999999999999998,4.3,2.6000000000000005,1.6999999999999993,0.49819298344316276,0.4952463360979758,0.002946647345186959,0.12662512841426118,0.14045165957231348,-0.013826531158052296,0.377297013823371,0.3368322950723846,0.040464718750986395,0.1495587432399785,0.23476941121149658,-0.08521066797151808,106.45,104.22,2.230000000000004,98.75999999999999,100.97,-2.210000000000008,test,2024-12-29,2025-02-26
S45G01N220,2024-2025,2025-03-14,55,서울 SK,16,원주 DB,0,98,98,44,44,5.0,4.0,1.0,0.0,0.0,0.0,0.0,0.0,0.0,0.0,0.0,0.0,0.0,0.0,0.0,5.0,0.0,5.0,0.0,3.0,-3.0,1674.7845067831222,1474.0923502033309,200.69215657979134,0.8219253889645388,0.17807461103546118,0.6438507779290776,200.69215657979134,0.8219253889645388,1.0,0.0,1.0,14.666666666666666,-8.037037037037036,22.703703703703702,0.5040127785569583,0.45878612780021233,0.04522665075674592,0.1306900993648044,0.10887890771909735,0.021811191645707065,0.26626461988304095,0.24801587301587302,0.01824874686716793,0.22557269752220663,0.23544217910415088,-0.009869481581944256,103.90000000000002,97.50000000000001,6.400000000000006,83.63333333333333,108.26666666666667,-24.63333333333334,1.0,0.2,0.8,11.0,-5.8,16.8,0.5169650173693006,0.45199298815553723,0.06497202921376333,0.12547119763839318,0.116810489871871,0.008660707766522183,0.2915074985851726,0.2479004329004329,0.04360706568473971,0.2110336614493289,0.25700301238052337,-0.045969350931194475,106.66,95.25999999999999,11.400000000000006,90.16,103.7,-13.540000000000006,0.9,0.3,0.6000000000000001,7.355555555555556,-3.3,10.655555555555555,0.5135683971497693,0.49100866844874674,0.022559728701022574,0.12035735162747471,0.1261995213257157,-0.005842169698241001,0.27075374929258633,0.2559960629039576,0.014757686388628732,0.19213895150907237,0.20744026539184338,-0.015301313882771006,105.97,100.93,5.039999999999992,96.2,105.25,-9.049999999999997,test,2024-12-29,2025-02-26
S45G01N221,2024-2025,2025-03-15,64,대구 한국가스공사,60,부산 KCC,1,98,97,44,43,3.0,2.0,1.0,0.0,0.0,0.0,0.0,0.0,0.0,0.0,0.0,0.0,0.0,0.0,0.0,1.0,0.0,1.0,0.0,11.0,-11.0,1495.367055137437,1400.569989003628,94.79706613380904,0.7150147721397204,0.2849852278602796,0.43002954427944085,94.79706613380904,0.7150147721397204,0.3333333333333333,0.0,0.3333333333333333,-5.0,-9.0,4.0,0.4894642609848261,0.4801063281427938,0.00935793284203229,0.11227440481225626,0.16126585199355847,-0.04899144718130222,0.24695740365111565,0.22086287825826423,0.026094525392851425,0.2160642570281124,0.19613766317833645,0.019926593849775964,101.53333333333335,95.53333333333335,6.0,108.4666666666667,112.80000000000001,-4.333333333333314,0.4,0.0,0.4,-1.4,-10.0,8.6,0.5281300067800507,0.4850876064094858,0.04304240037056495,0.1408846272318821,0.14415652613158586,-0.0032718988997037513,0.24447073848696563,0.24600257543980703,-0.0015318369528413978,0.1806852124766405,0.19085720108160503,-0.010171988604964544,104.67999999999999,99.0,5.679999999999993,105.54,114.67999999999999,-9.139999999999986,0.5,0.0,0.5,-0.4,-9.0,8.6,0.5131554472598809,0.5014527186183774,0.011702728641503568,0.1443712222908928,0.14966586761662307,-0.005294645325730263,0.25524972397641377,0.27454335974584654,-0.01929363576943277,0.23345292728981776,0.25160922612870074,-0.018156298838882978,103.11000000000001,102.38,0.7300000000000182,103.15,116.31000000000002,-13.16000000000001,test,2024-12-29,2025-02-26
S45G01N222,2024-2025,2025-03-15,35,서울 삼성,06,수원 KT,1,98,97,44,43,2.0,2.0,0.0,0.0,0.0,0.0,0.0,0.0,0.0,0.0,0.0,0.0,0.0,0.0,0.0,1.0,5.0,-4.0,0.0,0.0,0.0,1391.0216708084713,1573.6409057303763,-182.619234921905,0.33691539578723817,0.6630846042127618,-0.32616920842552366,-182.619234921905,0.33691539578723817,0.6666666666666666,1.0,-0.33333333333333337,3.7037037037037037,4.333333333333333,-0.6296296296296293,0.4378862381579773,0.42742231297919214,0.010463925178785138,0.11722747192074168,0.13274283114655636,-0.015515359225814679,0.31632599717706095,0.42989417989417983,-0.11356818271711888,0.16426297132818876,0.17356514176049612,-0.009302170432307355,97.13333333333333,97.83333333333333,-0.7000000000000028,89.9666666666667,92.86666666666667,-2.8999999999999773,0.4,1.0,-0.6,-2.177777777777778,6.6,-8.777777777777779,0.4446819054083292,0.4210101505020484,0.023671754906280817,0.140102759255171,0.11641508356154118,0.02368767569362981,0.3164403351483419,0.44356575963718825,-0.12712542448884634,0.17236059969832168,0.15301327809676374,0.019347321601557943,94.8,99.62,-4.820000000000007,98.56,89.88000000000001,8.679999999999993,0.3,0.8,-0.5,-3.3888888888888884,4.0,-7.388888888888888,0.44707886737165675,0.463864383040052,-0.016785515668395257,0.15531482385586695,0.11281523666320878,0.04249958719265817,0.3129345164745664,0.3816779034941056,-0.06874338701953919,0.21775203797019477,0.1571749157177606,0.06057712225243417,93.73,105.09,-11.36,97.72,99.55999999999999,-1.8399999999999892,test,2024-12-29,2025-02-26
S45G01N223,2024-2025,2025-03-15,66,고양 소노,70,안양 정관장,0,98,98,44,44,2.0,3.0,-1.0,0.0,0.0,0.0,0.0,0.0,0.0,0.0,0.0,0.0,0.0,0.0,0.0,0.0,0.0,0.0,4.0,1.0,3.0,1393.144717886616,1442.9332710558285,-49.78855316921249,0.5218770549997597,0.47812294500024033,0.04375410999951934,-49.78855316921249,0.5218770549997597,0.0,0.3333333333333333,-0.3333333333333333,-11.0,-3.6666666666666665,-7.333333333333334,0.4570283503119324,0.4392116604108518,0.017816689901080596,0.16406427703286164,0.11629956171819265,0.047764715314668985,0.25910364145658266,0.27061062099982697,-0.011506979543244311,0.16984126984126982,0.22869191092860533,-0.05885064108733551,92.00000000000001,95.93333333333334,-3.933333333333323,106.73333333333333,103.73333333333335,2.999999999999986,0.2,0.6,-0.39999999999999997,-6.622222222222223,3.3999999999999995,-10.022222222222222,0.48249209048188835,0.4881423808618958,-0.005650290380007472,0.15228145126136933,0.11310005378496446,0.03918139747640487,0.2277720844435335,0.257168867402391,-0.029396782958857476,0.16258868406610708,0.20798437732639394,-0.04539569326028686,96.42,102.28,-5.859999999999999,104.54,97.53999999999999,7.000000000000014,0.4,0.6,-0.19999999999999996,-4.111111111111111,2.7444444444444445,-6.855555555555555,0.4928834353411683,0.47219996624623733,0.020683469094930962,0.14361651286750607,0.1090139960138691,0.034602516853636966,0.24280496114068567,0.2890864871142353,-0.04628152597354962,0.20315978790478734,0.18435682641664392,0.01880296148814342,99.44000000000001,101.75,-2.309999999999988,105.28999999999999,98.38,6.909999999999997,test,2024-12-29,2025-02-26
S45G01N224,2024-2025,2025-03-16,06,수원 KT,50,창원 LG,1,98,98,44,44,1.0,2.0,-1.0,1.0,0.0,1.0,0.0,0.0,0.0,0.0,0.0,0.0,0.0,0.0,0.0,0.0,3.0,-3.0,1.0,0.0,1.0,1560.3792136461211,1611.5360680133338,-51.156854367212645,0.5199113524990457,0.48008864750095426,0.039822704998091485,-51.156854367212645,0.5199113524990457,0.6666666666666666,1.0,-0.33333333333333337,-1.0,7.222222222222222,-8.222222222222221,0.4559592349943751,0.5400213385288012,-0.08406210353442611,0.13256483122487636,0.1171366159450346,0.015428215279841756,0.3572124756335282,0.3527649769585253,0.004447498675002881,0.18847197405863278,0.19016224240104837,-0.0016902683424155907,98.46666666666665,114.66666666666667,-16.200000000000017,101.8,105.80000000000001,-4.000000000000014,0.8,0.6,0.20000000000000007,3.2,0.5333333333333333,2.666666666666667,0.44695813541370216,0.4612816509124443,-0.014323515498742112,0.11871211403873702,0.12588392478598465,-0.007171810747247626,0.395875104427736,0.3716589861751152,0.024216118252620766,0.13252489215274946,0.1754771462941141,-0.04295225414136464,100.72,101.08,-0.35999999999999943,96.22,101.56,-5.340000000000003,0.7,0.7,0.0,2.5,3.066666666666667,-0.5666666666666669,0.4667629337646898,0.4921080236268597,-0.02534508986216988,0.11248223507485404,0.12417222264896573,-0.011689987574111688,0.35773053507305297,0.377297013823371,-0.019566478750318028,0.14413143745689103,0.15407462536780095,-0.009943187910909923,103.72999999999999,105.96,-2.230000000000004,100.53,100.92999999999999,-0.3999999999999915,test,2024-12-29,2025-02-26
S45G01N225,2024-2025,2025-03-16,10,울산 현대모비스,60,부산 KCC,0,98,98,44,44,2.0,1.0,1.0,0.0,1.0,-1.0,0.0,0.0,0.0,0.0,0.0,0.0,0.0,0.0,0.0,0.0,0.0,0.0,1.0,12.0,-11.0,1542.909465377856,1394.8702844464224,148.03918093143352,0.7731794697615064,0.22682053023849358,0.5463589395230128,148.03918093143352,0.7731794697615064,0.6666666666666666,0.0,0.6666666666666666,2.111111111111111,-9.0,11.11111111111111,0.44167905363557525,0.450007614939903,-0.008328561304327742,0.11361742673228635,0.16254532187741352,-0.04892789514512717,0.27085717009916094,0.24801341589267287,0.02284375420648807,0.2735538213799083,0.25131129265127844,0.022242528728629862,98.76666666666667,91.06666666666666,7.700000000000003,92.33333333333333,107.0,-14.666666666666671,0.6,0.0,0.6,1.8666666666666667,-10.0,11.866666666666667,0.4716506246696081,0.472558332404802,-0.0009077077351938856,0.12591630093165945,0.15922437765439984,-0.03330807672274039,0.28156192110711564,0.25251772695495855,0.029044194152157088,0.21741867780447083,0.2090305031893333,0.008388174615137522,100.67999999999999,95.08000000000001,5.59999999999998,95.94,109.84,-13.900000000000006,0.6,0.0,0.6,3.033333333333333,-9.2,12.233333333333333,0.4952895980490898,0.48398953440053916,0.011300063648550629,0.1361606113928481,0.14877457584172382,-0.01261396444887572,0.3241129968267705,0.26655948877810454,0.05755350804866599,0.23394743414033065,0.2405505987322017,-0.006603164591871047,104.34,98.8,5.540000000000006,99.57000000000001,113.42,-13.849999999999994,test,2024-12-29,2025-02-26
S45G01N226,2024-2025,2025-03-16,16,원주 DB,55,서울 SK,0,99,99,45,45,2.0,2.0,0.0,0.0,0.0,0.0,0.0,0.0,0.0,0.0,0.0,0.0,0.0,0.0,0.0,1.0,0.0,1.0,0.0,1.0,-1.0,1490.5308579826217,1658.3459990038314,-167.81514102120968,0.3562101407522349,0.6437898592477651,-0.2875797184955302,-167.81514102120968,0.3562101407522349,0.3333333333333333,0.6666666666666666,-0.3333333333333333,-2.3703703703703702,9.0,-11.37037037037037,0.4697309634809635,0.5138106964993954,-0.04407973301843188,0.12187333904633861,0.12664133210758374,-0.004767993061245132,0.28456072351421186,0.25115740740740744,0.033403316106804415,0.14359945609945604,0.2142778754496748,-0.07067841935021876,99.43333333333335,105.13333333333334,-5.699999999999989,100.26666666666667,94.73333333333333,5.533333333333331,0.4,0.8,-0.4,-2.422222222222222,8.8,-11.222222222222223,0.4757429881555373,0.5037003547668201,-0.027957366611282786,0.11875356840469879,0.11304219044220869,0.005711377962490105,0.26787929125138427,0.2612207602339181,0.006658531017466163,0.20950301238052335,0.22394095596267763,-0.014437943582154278,99.84,105.2,-5.359999999999999,102.46,92.38000000000001,10.079999999999984,0.4,0.8,-0.4,-1.0,5.7555555555555555,-6.7555555555555555,0.5024424919781585,0.5114557210934314,-0.009013229115272914,0.12355818694817795,0.11711315045522028,0.006445036492957676,0.2655309466248879,0.2522102057490428,0.013320740875845116,0.20339614774478454,0.19354740221329772,0.009848745531486819,103.9,105.63,-1.7299999999999898,104.75999999999999,97.6,7.159999999999997,test,2024-12-29,2025-02-26
S45G01N227,2024-2025,2025-03-17,64,대구 한국가스공사,70,안양 정관장,0,99,99,45,45,2.0,2.0,0.0,0.0,0.0,0.0,0.0,0.0,0.0,0.0,0.0,0.0,0.0,0.0,0.0,2.0,1.0,1.0,0.0,0.0,0.0,1501.0667596946428,1453.3708121558236,47.695947538819155,0.6567242190197654,0.3432757809802346,0.3134484380395308,47.695947538819155,0.6567242190197654,0.6666666666666666,0.6666666666666666,0.0,1.6666666666666667,-0.6666666666666666,2.3333333333333335,0.4610515625721277,0.4898901606359467,-0.028838598063819,0.11624945845618408,0.1249385199843064,-0.008689061528122322,0.3013052297380721,0.28089278264497286,0.02041244709309925,0.24939759036144574,0.20283815827570162,0.04655943208574412,99.89999999999999,102.03333333333335,-2.133333333333354,96.70000000000005,104.56666666666668,-7.866666666666632,0.4,0.6,-0.19999999999999996,-0.6,0.7999999999999993,-1.3999999999999992,0.4821812888313328,0.5041553819453194,-0.02197409311398657,0.12269318546402937,0.11410649311105081,0.008586692352978556,0.29744980450951,0.27322610110668355,0.024223703402826424,0.19914675093817896,0.19563334807395621,0.0035134028642227477,102.26,105.6,-3.339999999999989,102.28,104.64000000000001,-2.3600000000000136,0.5,0.6,-0.09999999999999998,0.6,2.2444444444444445,-1.6444444444444444,0.5041554472598809,0.47972694630842866,0.02442850095145227,0.13945351197681505,0.11079168808282072,0.028661823893994326,0.27397342664121044,0.2795789631744268,-0.005605536533216382,0.22011959395648445,0.18307641668552993,0.03704317727095452,103.13,101.71,1.4200000000000017,101.96000000000001,98.91,3.0500000000000114,test,2024-12-29,2025-02-26
S45G01N228,2024-2025,2025-03-18,10,울산 현대모비스,60,부산 KCC,1,99,99,45,45,2.0,2.0,0.0,0.0,0.0,0.0,0.0,0.0,0.0,0.0,0.0,0.0,0.0,0.0,0.0,0.0,1.0,-1.0,2.0,0.0,2.0,1527.4458759826257,1410.3338738416526,117.11200214097312,0.7404523458370711,0.2595476541629289,0.4809046916741422,117.11200214097312,0.7404523458370711,0.3333333333333333,0.3333333333333333,0.0,-8.888888888888888,2.3333333333333335,-11.222222222222221,0.43250606699779987,0.49851481550189797,-0.0660087485040981,0.1329586464047078,0.1319517837250447,0.0010068626796631008,0.3119755911517925,0.2984335839598998,0.013542007191892746,0.23158921321811707,0.24744757645879512,-0.015858363240678047,95.23333333333333,102.8,-7.566666666666663,103.39999999999999,102.46666666666665,0.9333333333333371,0.6,0.2,0.39999999999999997,-2.1333333333333333,-2.8,0.6666666666666665,0.476275037815148,0.4944190629984092,-0.018144025183261192,0.11589381931004035,0.14701599068383092,-0.031122171373790572,0.3042686880244089,0.25894629838352995,0.045322389640878924,0.24018863085611403,0.21397723073880065,0.026211400117313377,104.2,99.74,4.460000000000008,103.47999999999999,106.94000000000001,-3.460000000000022,0.5,0.1,0.4,-0.46666666666666645,-6.1,5.633333333333333,0.49246291573297085,0.5017329627604059,-0.009270047027435058,0.13686827065876414,0.14352884024614726,-0.0066605695873831194,0.3231883880074249,0.2672737744923903,0.05591461351503457,0.24255463288837448,0.23273867722165004,0.00981595566672444,103.85999999999999,101.59,2.269999999999982,103.38,111.92,-8.540000000000006,test,2024-12-29,2025-02-26
S45G01N229,2024-2025,2025-03-19,06,수원 KT,55,서울 SK,0,99,100,45,46,3.0,3.0,0.0,0.0,0.0,0.0,0.0,0.0,0.0,0.0,0.0,0.0,0.0,0.0,0.0,1.0,1.0,0.0,0.0,0.0,0.0,1569.9809865961402,1665.4702018188761,-95.489215222736,0.4562347790590617,0.5437652209409383,-0.08753044188187659,-95.489215222736,0.4562347790590617,0.6666666666666666,0.6666666666666666,0.0,8.0,8.0,0.0,0.49951937582791306,0.5075894983427134,-0.008070122514800326,0.1353496346639017,0.10182983503985156,0.03351979962405015,0.30930587337909987,0.22947719060523944,0.07982868277386043,0.25561354451634183,0.20029938082601886,0.055314163690322965,104.06666666666668,106.23333333333333,-2.166666666666657,95.36666666666667,95.39999999999999,-0.03333333333331723,0.8,0.8,0.0,6.2,9.6,-3.3999999999999995,0.47534309547604386,0.4910193371542956,-0.015676241678251712,0.13317234490365135,0.11423622534867595,0.0189361195549754,0.34352003196396785,0.2411950862929682,0.10232494567099965,0.2081921432729521,0.2091464354147324,-0.0009542921417803052,101.96,103.28,-1.3200000000000074,95.17999999999999,89.68,5.499999999999986,0.7,0.8,-0.10000000000000009,4.2,6.455555555555556,-2.2555555555555555,0.46721020306789124,0.50502714966486,-0.037816946596968715,0.1155929175655774,0.1157702521414972,-0.00017733457591981305,0.3537553797935499,0.25741785242010407,0.09633752737344581,0.17061448830434867,0.2006902593561549,-0.030075771051806227,103.2,105.21,-2.009999999999991,97.77000000000001,95.78999999999999,1.9800000000000182,test,2024-12-29,2025-02-26
S45G01N230,2024-2025,2025-03-20,66,고양 소노,64,대구 한국가스공사,1,99,100,45,46,5.0,3.0,2.0,0.0,0.0,0.0,0.0,0.0,0.0,0.0,0.0,0.0,0.0,0.0,0.0,0.0,0.0,0.0,5.0,1.0,4.0,1382.707176786621,1487.9322753142474,-105.22509852762641,0.442368703320772,0.5576312966792281,-0.11526259335845607,-105.22509852762641,0.442368703320772,0.0,0.6666666666666666,-0.6666666666666666,-6.666666666666667,6.666666666666667,-13.333333333333334,0.4988842880147228,0.47010315355142956,0.028781134463293223,0.1391117220318073,0.12142380573579452,0.01768791629601278,0.25581956920699317,0.2693724566288284,-0.013552887421835247,0.22781228433402345,0.33076923076923076,-0.10295694643520731,102.53333333333336,100.40000000000002,2.13333333333334,112.26666666666667,91.33333333333337,20.933333333333294,0.0,0.4,-0.4,-8.8,-1.4,-7.4,0.48739027430137105,0.4584990694114084,0.028891204889962663,0.1506983208077736,0.11331090284546455,0.037387417962309044,0.2341640104317589,0.2822117092714147,-0.04804769883965579,0.16952319149593648,0.22810009267840595,-0.05857690118246947,97.06,98.52000000000001,-1.460000000000008,109.17999999999999,100.94,8.239999999999995,0.3,0.4,-0.10000000000000003,-4.71111111111111,-0.8,-3.9111111111111105,0.4896555038523672,0.48800160110603485,0.0016539027463323697,0.13923651340616858,0.13945351197681508,-0.0002169985706464983,0.25147224911831845,0.28116919383697764,-0.02969694471865919,0.19782381952534067,0.22011959395648445,-0.022295774431143778,99.66,100.31,-0.6500000000000057,106.67,101.01000000000002,5.659999999999982,test,2024-12-29,2025-02-26
S45G01N231,2024-2025,2025-03-20,50,창원 LG,16,원주 DB,1,99,100,45,46,4.0,4.0,0.0,0.0,0.0,0.0,0.0,0.0,0.0,0.0,0.0,0.0,0.0,0.0,0.0,0.0,0.0,0.0,1.0,1.0,0.0,1601.9342950633147,1483.406655167577,118.52763989573782,0.7420153837265442,0.2579846162734558,0.4840307674530884,118.52763989573782,0.7420153837265442,0.6666666666666666,0.3333333333333333,0.3333333333333333,-4.444444444444444,-4.0,-0.44444444444444375,0.501128501128501,0.4637353007688829,0.03739320035961813,0.1260389855650624,0.14348212392019552,-0.017443138355133114,0.30468135326514556,0.27871277029783764,0.025968582967307918,0.19955969955969954,0.15131727725011304,0.0482424223095865,105.63333333333333,95.46666666666668,10.166666666666643,112.03333333333335,100.10000000000001,11.933333333333337,0.6,0.2,0.39999999999999997,-2.0666666666666664,-5.622222222222222,3.5555555555555554,0.47919241882321223,0.4626037662323662,0.01658865259084602,0.12596873595391928,0.12720354392304303,-0.001234807969123758,0.3479516691019445,0.29103718598822637,0.05691448311371816,0.1874891583061261,0.18660112835801296,0.0008880299481131559,103.78,98.0,5.780000000000001,106.0,105.9,0.09999999999999432,0.7,0.4,0.29999999999999993,1.066666666666667,-1.8,2.866666666666667,0.48641032166050097,0.4928821854029265,-0.006471863742425532,0.12552367588226745,0.12941937520348828,-0.00389569932122083,0.3748579894331271,0.27079410451962477,0.10406388491350232,0.16286401176912763,0.20630054467903225,-0.043436532909904624,104.77000000000001,101.9,2.8700000000000045,102.50999999999999,104.07000000000001,-1.5600000000000165,test,2024-12-29,2025-02-26
S45G01N232,2024-2025,2025-03-21,55,서울 SK,10,울산 현대모비스,1,101,100,47,46,2.0,3.0,-1.0,0.0,0.0,0.0,0.0,0.0,0.0,0.0,0.0,0.0,0.0,0.0,0.0,2.0,1.0,1.0,0.0,0.0,0.0,1674.5948974000573,1532.6368290658843,141.95806833417305,0.7669817816603482,0.23301821833965175,0.5339635633206965,141.95806833417305,0.7669817816603482,0.6666666666666666,0.3333333333333333,0.3333333333333333,1.6666666666666667,-8.888888888888888,10.555555555555554,0.4863957941195562,0.5008449282471089,-0.01444913412755272,0.1016428814838947,0.14156922626055943,-0.03992634477666472,0.1894906314654545,0.3355263157894737,-0.14603568432401917,0.21440254429804628,0.19234100979080915,0.022061534507237135,103.13333333333333,104.7,-1.566666666666677,100.26666666666667,112.69999999999999,-12.433333333333323,0.8,0.6,0.20000000000000007,8.0,-3.5333333333333328,11.533333333333333,0.5029407957798215,0.4684129398542483,0.034527855925573225,0.12015976926920025,0.13226900893327115,-0.012109239664070903,0.2366110455459393,0.3059353546910755,-0.06932430914513621,0.22340543494722426,0.22446443493431456,-0.0010589999870903033,104.52000000000001,100.58,3.940000000000012,93.9,102.58,-8.679999999999993,0.8,0.6,0.20000000000000007,6.2,0.6333333333333335,5.566666666666666,0.5066400528906664,0.49482965347284286,0.011810399417823525,0.11321362541727073,0.14439999283554736,-0.031186367418276628,0.24381715494843884,0.33504736236639926,-0.09123020741796042,0.20416595222303355,0.22014525122526146,-0.015979299002227915,105.25,103.92999999999999,1.3200000000000074,96.26,102.06,-5.799999999999997,test,2024-12-29,2025-02-26
S45G01N233,2024-2025,2025-03-21,70,안양 정관장,60,부산 KCC,1,100,100,46,46,4.0,3.0,1.0,0.0,0.0,0.0,0.0,0.0,0.0,0.0,0.0,0.0,0.0,0.0,0.0,2.0,0.0,2.0,0.0,1.0,-1.0,1466.505296536219,1405.142920758394,61.36237577782504,0.6742345287903523,0.3257654712096477,0.34846905758070457,61.36237577782504,0.6742345287903523,0.6666666666666666,0.3333333333333333,0.3333333333333333,-1.6666666666666667,3.6666666666666665,-5.333333333333333,0.5191641653197875,0.5080668576626359,0.011097307657151556,0.1701543347522699,0.12072482083171915,0.049429513920550755,0.3078431372549019,0.2996031746031746,0.008239962651727328,0.253059339644424,0.23119812542673537,0.021861214217688635,102.8,105.76666666666665,-2.9666666666666544,105.00000000000001,101.46666666666668,3.5333333333333314,0.6,0.2,0.39999999999999997,-0.8000000000000007,-0.6,-0.20000000000000073,0.47666483970067886,0.49451681470906417,-0.017851975008385312,0.13476658649081186,0.13787916361165925,-0.003112577120847393,0.3070722549528374,0.27356995429750847,0.03350230065532894,0.22019829132742408,0.23704663445336563,-0.01684834312594155,100.3,101.82,-1.519999999999996,102.6,105.52000000000001,-2.920000000000016,0.6,0.1,0.5,2.2444444444444445,-5.3,7.544444444444444,0.47033687880601793,0.49504318361299954,-0.024706304806981605,0.12084951261587773,0.13467435834261748,-0.013824845726739754,0.30578585972615097,0.26431081152942737,0.041475048196723596,0.18707834532583853,0.21835757809478823,-0.0312792327689497,100.15,101.75,-1.5999999999999943,97.65,110.63,-12.97999999999999,test,2024-12-29,2025-02-26
S45G01N234,2024-2025,2025-03-22,50,창원 LG,06,수원 KT,0,100,100,46,46,2.0,3.0,-1.0,0.0,0.0,0.0,0.0,0.0,0.0,0.0,0.0,0.0,0.0,0.0,0.0,1.0,0.0,1.0,0.0,1.0,-1.0,1607.093987388784,1560.856291014959,46.237696373824974,0.654829331624817,0.34517066837518295,0.3096586632496341,46.237696373824974,0.654829331624817,0.6666666666666666,0.3333333333333333,0.3333333333333333,-4.111111111111111,5.666666666666667,-9.777777777777779,0.48636548636548627,0.5363848069318614,-0.05001932056637515,0.13486943399524357,0.13364474967121123,0.0012246843240323324,0.2724232887490165,0.21471127878450533,0.057712009964511174,0.1749287749287749,0.21263744996893377,-0.03770867504015887,100.16666666666667,106.53333333333335,-6.366666666666674,107.90000000000002,100.66666666666667,7.2333333333333485,0.8,0.6,0.20000000000000007,1.3333333333333333,4.8,-3.466666666666667,0.5235244026288802,0.49685570051806066,0.026668702110819564,0.1358460169760142,0.13147716096703105,0.004368856008983152,0.3251129594245251,0.3010489894929254,0.024063969931599705,0.1831571745004581,0.21457869789480083,-0.03142152339434273,108.46,104.02000000000001,4.4399999999999835,106.72,99.94000000000001,6.779999999999987,0.7,0.7,0.0,1.3666666666666667,4.6,-3.233333333333333,0.48468233949773626,0.47142051733058266,0.013261822167153603,0.12450235695989213,0.11742347934068273,0.007078877619209403,0.3455867827425656,0.34610870873224464,-0.0005219259896790396,0.1606789504536315,0.17005042706341394,-0.009371476609782436,103.54,103.52000000000001,0.01999999999999602,101.63000000000001,97.57,4.0600000000000165,test,2024-12-29,2025-02-26
S45G01N235,2024-2025,2025-03-22,64,대구 한국가스공사,16,원주 DB,0,101,101,47,47,2.0,2.0,0.0,0.0,0.0,0.0,0.0,0.0,0.0,0.0,0.0,0.0,0.0,0.0,0.0,0.0,0.0,0.0,2.0,2.0,0.0,1476.7796493806627,1478.2469628421077,-1.4673134614449737,0.5904252327541901,0.4095747672458099,0.18085046550838024,-1.4673134614449737,0.5904252327541901,0.3333333333333333,0.3333333333333333,0.0,1.0,-5.666666666666667,6.666666666666667,0.45438835470085487,0.48426316000641956,-0.02987480530556469,0.12033207208611142,0.1796535011553799,-0.059321429069268475,0.30182681768359515,0.3418080083930757,-0.03998119070948053,0.26826923076923076,0.09706507783662328,0.1712041529326075,100.03333333333335,97.43333333333334,2.6000000000000085,99.43333333333335,104.46666666666665,-5.033333333333303,0.4,0.2,0.2,-1.0,-6.4222222222222225,5.4222222222222225,0.4705972836971227,0.46864647409242977,0.0019508096046929602,0.12208136865650317,0.15731095390643884,-0.03522958524993568,0.2792705328008265,0.29675147170251204,-0.01748093890168556,0.27060009267840596,0.13189872036164765,0.1387013723167583,100.4,95.02,5.38000000000001,101.4,102.4,-1.0,0.4,0.4,0.0,-1.0,-2.4,1.4,0.5042155434137271,0.4937597945110859,0.010455748902641171,0.14204629575842456,0.13738655099656086,0.0046597447618637045,0.27969860560168347,0.26376113748665764,0.015937468115025832,0.21136959395648444,0.1936345105234345,0.017735083433049942,102.89000000000001,100.78,2.1100000000000136,103.94000000000001,103.72,0.22000000000001307,test,2024-12-29,2025-02-26
S45G01N236,2024-2025,2025-03-22,66,고양 소노,35,서울 삼성,1,100,99,46,45,2.0,7.0,-5.0,0.0,0.0,0.0,0.0,0.0,0.0,0.0,0.0,0.0,0.0,0.0,0.0,1.0,2.0,-1.0,0.0,0.0,0.0,1393.8598027202056,1404.2833628927265,-10.423560172520865,0.5779021103491455,0.4220978896508545,0.15580422069829103,-10.423560172520865,0.5779021103491455,0.3333333333333333,0.6666666666666666,-0.3333333333333333,-1.0,4.666666666666667,-5.666666666666667,0.5147573038877387,0.4605578067854282,0.05419949710231048,0.13881141534593594,0.16297642791238653,-0.024165012566450594,0.3269770644631602,0.3971340779851418,-0.07015701352198156,0.1770186335403727,0.18019434387720837,-0.0031757103368356687,106.46666666666668,98.7,7.76666666666668,107.93333333333332,90.30000000000003,17.633333333333297,0.2,0.6,-0.39999999999999997,-6.0,2.422222222222222,-8.422222222222222,0.49576980521821534,0.4489579235078767,0.04681188171033862,0.14714043519012443,0.14361072712940526,0.003529708060719172,0.2945055664089885,0.35072063817864485,-0.056215071769656344,0.17954451345755693,0.17941942322773344,0.00012509022982348794,101.32,96.26,5.059999999999988,109.62,92.66,16.960000000000008,0.4,0.4,0.0,-2.811111111111111,-1.488888888888889,-1.322222222222222,0.5102732644701279,0.4430630302675843,0.06721023420254357,0.14184918034986152,0.14566824602617237,-0.003819065676310851,0.2684077329892862,0.33852374206379193,-0.07011600907450571,0.19627941798093912,0.2220506805041314,-0.025771262523192284,103.53,95.24000000000001,8.289999999999992,108.16,96.88000000000001,11.279999999999987,test,2024-12-29,2025-02-26
S45G01N237,2024-2025,2025-03-23,55,서울 SK,60,부산 KCC,0,102,101,48,47,2.0,2.0,0.0,0.0,0.0,0.0,0.0,0.0,0.0,0.0,0.0,0.0,0.0,0.0,0.0,3.0,0.0,3.0,0.0,2.0,-2.0,1679.2552617668505,1398.627611334201,280.6276504326495,0.8797000393419373,0.1202999606580627,0.7594000786838746,280.6276504326495,0.8797000393419373,1.0,0.3333333333333333,0.6666666666666667,6.333333333333333,1.0,5.333333333333333,0.4955350742447518,0.5523479957821007,-0.056812921537348904,0.1143838057955075,0.1395076194021342,-0.025123813606626688,0.2572294228884564,0.2808531746031746,-0.0236237517147182,0.1980645161290322,0.2357204544261701,-0.0376559382971379,105.86666666666667,109.33333333333333,-3.4666666666666544,96.2,108.03333333333335,-11.833333333333343,0.8,0.2,0.6000000000000001,6.2,-3.2,9.4,0.5104461721239075,0.5044902895101252,0.005955882613782326,0.110716777657109,0.1447020844024318,-0.033985306745322796,0.2383654315108516,0.2761434837092732,-0.03777805219842162,0.1990183381730307,0.24606520209262292,-0.04704686391959223,106.75999999999999,101.14000000000001,5.619999999999976,98.56,106.6,-8.039999999999992,0.8,0.1,0.7000000000000001,5.7,-6.9,12.600000000000001,0.5005106996568356,0.4935734266881832,0.006937272968652375,0.11542124207343767,0.14446476351653176,-0.029043521443094092,0.2530276812642283,0.26618581152942733,-0.01315813026519902,0.19974804177527236,0.22463230958150388,-0.024884267806231514,104.46000000000001,99.77,4.690000000000012,96.06,109.71,-13.649999999999991,test,2024-12-29,2025-02-26
S45G01N238,2024-2025,2025-03-23,70,안양 정관장,10,울산 현대모비스,1,101,101,47,47,2.0,2.0,0.0,0.0,0.0,0.0,0.0,0.0,0.0,0.0,0.0,0.0,0.0,0.0,0.0,3.0,0.0,3.0,0.0,1.0,-1.0,1473.020605960412,1527.9764646990911,-54.955858738679126,0.5144506557191425,0.4855493442808575,0.028901311438285004,-54.955858738679126,0.5144506557191425,1.0,0.3333333333333333,0.6666666666666667,9.333333333333334,-9.999999999999998,19.333333333333332,0.5427297390902792,0.5010462164918754,0.0416835225984038,0.13144885213854376,0.13022820740466612,0.001220644733877646,0.3201238390092879,0.31046365914786966,0.009660179861418261,0.1424719079504349,0.1792572738809863,-0.0367853659305514,110.40000000000002,103.3,7.100000000000023,97.96666666666668,115.43333333333334,-17.466666666666654,0.8,0.4,0.4,4.799999999999999,-6.133333333333333,10.933333333333332,0.5097127849061582,0.4671736236149321,0.042539161291226146,0.13272548143506097,0.12907449028030046,0.0036509911547605023,0.29590409063961537,0.3050424975482184,-0.009138406908603014,0.17338322283427338,0.20707127254115215,-0.033688049706878775,104.3,99.41999999999999,4.88000000000001,99.2,105.16,-5.959999999999994,0.7,0.5,0.19999999999999996,4.7,-0.26666666666666644,4.966666666666667,0.48043303265217174,0.4916550502982398,-0.011222017646068061,0.11352831483963614,0.12758695744698514,-0.014058642607349,0.2939145146969112,0.3295528568718938,-0.035638342174982574,0.1703796273771206,0.21161350519351543,-0.04123387781639484,102.04,105.29,-3.25,96.43,104.47,-8.039999999999992,test,2024-12-29,2025-02-26
S45G01N239,2024-2025,2025-03-23,50,창원 LG,64,대구 한국가스공사,1,101,102,47,48,1.0,1.0,0.0,1.0,1.0,0.0,0.0,0.0,0.0,0.0,0.0,0.0,0.0,0.0,0.0,0.0,0.0,0.0,1.0,3.0,-2.0,1593.9974007562876,1464.9711447255788,129.02625603070874,0.7534141581873646,0.24658584181263543,0.5068283163747291,129.02625603070874,0.7534141581873646,0.3333333333333333,0.0,0.3333333333333333,-6.333333333333333,-5.0,-1.333333333333333,0.46383246383246374,0.47167907007376203,-0.007846606241298293,0.15862800612205055,0.12194171152687668,0.03668629459517388,0.32862483913661344,0.2535765525722484,0.07504828656436502,0.21610981610981608,0.24726466455918505,-0.03115484844936897,97.13333333333333,100.13333333333333,-3.0,107.63333333333334,108.03333333333336,-0.4000000000000199,0.6,0.4,0.19999999999999996,-0.8666666666666668,2.0,-2.8666666666666667,0.4948495948495949,0.4789154880212686,0.0159341068283263,0.1371301613422341,0.11994060006836613,0.017189561273867976,0.31169103251422614,0.26234083409207465,0.04935019842215149,0.20495726495726493,0.28835879873551107,-0.08340153377824613,103.74000000000001,102.28,1.460000000000008,107.52000000000001,100.03999999999999,7.480000000000018,0.6,0.4,0.19999999999999996,0.4666666666666668,-0.6,1.0666666666666669,0.4683619931773898,0.4957949148883444,-0.027432921710954572,0.13414877637168035,0.13555583889037526,-0.001407062518694907,0.3510836114952083,0.274095441461934,0.0769881700332743,0.17955340932809039,0.2059505770346472,-0.026397167706556812,100.17999999999999,102.27000000000001,-2.0900000000000176,101.11,102.94000000000001,-1.8300000000000125,test,2024-12-29,2025-02-26
S45G01N240,2024-2025,2025-03-24,35,서울 삼성,06,수원 KT,0,100,101,46,47,2.0,2.0,0.0,0.0,0.0,0.0,0.0,0.0,0.0,0.0,0.0,0.0,0.0,0.0,0.0,0.0,1.0,-1.0,1.0,0.0,1.0,1395.8414050997094,1573.9528776474554,-178.11147254774596,0.342736747081532,0.657263252918468,-0.314526505836936,-178.11147254774596,0.342736747081532,0.6666666666666666,0.6666666666666666,0.0,-3.0,10.333333333333334,-13.333333333333334,0.48342036089798235,0.5420053940741877,-0.05858503317620534,0.1927775881321854,0.1330667465773183,0.05971084155486711,0.35189735189735183,0.2417580624102363,0.11013928948711552,0.1881083049161694,0.3101848301250096,-0.12207652520884019,97.23333333333333,110.46666666666665,-13.23333333333332,98.06666666666668,95.8,2.26666666666668,0.6,0.6,0.0,-0.7777777777777779,5.4,-6.177777777777778,0.451334684071257,0.504575878890413,-0.05324119481915601,0.15444307210028652,0.13577177009963598,0.018671302000650536,0.3252583337689721,0.28716010060403657,0.03809823316493555,0.173741606326325,0.26151292308989554,-0.08777131676357056,94.4,104.44000000000001,-10.040000000000006,93.55999999999999,96.78,-3.220000000000013,0.3,0.7,-0.39999999999999997,-5.388888888888888,4.3,-9.688888888888888,0.4384499350294891,0.4723820557921211,-0.03393212076263202,0.15199630775957887,0.12332469418494611,0.028671613574632757,0.3250102285502784,0.34356805832574056,-0.018557829775462165,0.18849413288508376,0.20051601410794834,-0.012021881222864572,92.81,102.97,-10.159999999999997,99.15,96.28,2.8700000000000045,test,2024-12-29,2025-02-26
S45G01N241,2024-2025,2025-03-25,70,안양 정관장,66,고양 소노,1,102,101,48,47,2.0,3.0,-1.0,0.0,0.0,0.0,0.0,0.0,0.0,0.0,0.0,0.0,0.0,0.0,0.0,4.0,2.0,2.0,0.0,0.0,0.0,1482.7315928460291,1402.3017605132227,80.42983233280643,0.6978670395553949,0.30213296044460514,0.3957340791107897,80.42983233280643,0.6978670395553949,1.0,0.6666666666666666,0.33333333333333337,9.666666666666666,9.333333333333334,0.33333333333333215,0.535186703096539,0.5295922111277092,0.005594491968829884,0.11551618925888602,0.12951900112280226,-0.014002811863916248,0.30394736842105263,0.34285008033617603,-0.0389027119151234,0.1528005464480875,0.16315486018292844,-0.010354313734840942,110.16666666666667,111.2,-1.0333333333333314,99.50000000000001,100.26666666666667,-0.7666666666666515,0.8,0.4,0.4,3.7999999999999994,1.9999999999999993,1.8,0.5293318325252059,0.5083902473115461,0.02094158521365974,0.12752240678544643,0.13956460103973983,-0.012042194254293398,0.2870743034055728,0.30402937593279805,-0.01695507252722528,0.19433560378665432,0.19979767801451895,-0.005462074227864627,108.2,105.92,2.280000000000001,104.66,104.35999999999999,0.30000000000001137,0.7,0.4,0.29999999999999993,4.1,-1.6111111111111107,5.71111111111111,0.4869958032149423,0.5108335466863553,-0.023837743471412987,0.10914855729217532,0.14395930068836016,-0.03481074339618484,0.2903034035858001,0.2817410663226195,0.008562337263180564,0.18258741958491279,0.17034042648892833,0.012246993095984454,103.37,103.79,-0.4200000000000017,98.72,106.60999999999999,-7.889999999999986,test,2024-12-29,2025-02-26
S45G01N242,2024-2025,2025-03-26,35,서울 삼성,50,창원 LG,0,101,102,47,48,2.0,3.0,-1.0,0.0,0.0,0.0,0.0,0.0,0.0,0.0,0.0,0.0,0.0,0.0,0.0,0.0,1.0,-1.0,2.0,0.0,2.0,1388.9866701580788,1598.9291175925403,-209.94244743446143,0.30272484830720575,0.6972751516927942,-0.39455030338558844,-209.94244743446143,0.30272484830720575,0.3333333333333333,0.6666666666666666,-0.3333333333333333,-11.0,4.333333333333334,-15.333333333333334,0.42972285067873295,0.5140970140970139,-0.08437416341828097,0.177398491918859,0.12807365552680017,0.04932483639205884,0.3091045591045591,0.318970367591898,-0.009865808487338923,0.20222944947209656,0.2531468531468531,-0.05091740367475653,86.06666666666666,108.8,-22.733333333333334,103.90000000000002,107.03333333333335,-3.1333333333333258,0.4,0.6,-0.19999999999999996,-5.8,-2.4666666666666672,-3.3333333333333326,0.4268154533020262,0.4848928848928849,-0.05807743159085871,0.1638166150208231,0.1258718399742665,0.037944775046556606,0.32071287922351754,0.309674903481968,0.011037975741549522,0.18239545248017114,0.23222999222999224,-0.049834539749821105,89.32,103.63999999999999,-14.319999999999993,97.53999999999999,110.0,-12.460000000000008,0.3,0.6,-0.3,-5.888888888888888,-0.033333333333333215,-5.855555555555555,0.43292447457445116,0.4769334217488185,-0.04400894717436732,0.14860162896167428,0.13003059505311027,0.018571033908564016,0.3071530856931356,0.34900027816187495,-0.04184719246873936,0.19466964751130264,0.19717245694713803,-0.0025028094358353903,91.73,102.07,-10.33999999999999,100.49,103.92,-3.430000000000007,test,2024-12-29,2025-02-26
S45G01N243,2024-2025,2025-03-27,06,수원 KT,66,고양 소노,1,102,102,48,48,3.0,2.0,1.0,0.0,0.0,0.0,0.0,0.0,0.0,0.0,0.0,0.0,0.0,0.0,0.0,2.0,0.0,2.0,0.0,1.0,-1.0,1580.807612589086,1396.2591013043307,184.54851128475525,0.8079146636422017,0.19208533635779834,0.6158293272844033,184.54851128475525,0.8079146636422017,0.6666666666666666,0.6666666666666666,0.0,7.0,7.0,0.0,0.5106323415146945,0.48963649454155783,0.020995846973136667,0.12457270668951105,0.1319628648178919,-0.007390158128380855,0.3026276276276276,0.3671751271151122,-0.06454749948748456,0.2408473879062115,0.23481347531980445,0.006033912586407036,107.93333333333334,108.86666666666669,-0.9333333333333513,91.8,100.83333333333333,-9.033333333333331,0.6,0.4,0.19999999999999996,7.8,2.599999999999999,5.200000000000001,0.5252691125973452,0.48977913620043506,0.03548997639691015,0.12827027022942414,0.13537653198091523,-0.007106261751491094,0.26716010060403655,0.33262034720502787,-0.06546024660099131,0.24856149096038122,0.2042421224589634,0.04431936850141782,108.02000000000001,105.4,2.6200000000000045,94.53999999999999,102.84,-8.300000000000011,0.8,0.4,0.4,7.2,-0.4111111111111107,7.611111111111111,0.47313963154969685,0.4986492032520119,-0.025509571702315048,0.12234267689548266,0.1431962266171008,-0.02085354972161814,0.3553629301206124,0.2916247872528521,0.06373814286776025,0.2007873845285725,0.19104749719599903,0.009739887332573471,103.82000000000001,103.33,0.4900000000000091,92.21000000000001,104.84,-12.629999999999995,test,2024-12-29,2025-02-26
S45G01N244,2024-2025,2025-03-27,16,원주 DB,10,울산 현대모비스,0,102,102,48,48,5.0,4.0,1.0,0.0,0.0,0.0,0.0,0.0,0.0,0.0,0.0,0.0,0.0,0.0,0.0,1.0,0.0,1.0,0.0,2.0,-2.0,1490.0554674971916,1518.265477813474,-28.210010316282478,0.5527480487599394,0.44725195124006056,0.10549609751987887,-28.210010316282478,0.5527480487599394,0.3333333333333333,0.3333333333333333,0.0,-6.666666666666667,-2.333333333333332,-4.333333333333335,0.49624232667308615,0.5405610834715312,-0.04431875679844505,0.1892592101711965,0.1335814192657503,0.05567779090544622,0.2960465680329857,0.31071428571428567,-0.014667717681299985,0.1439400778366233,0.17413563495653048,-0.03019555711990718,94.66666666666667,109.2,-14.533333333333331,103.10000000000001,110.23333333333333,-7.133333333333326,0.4,0.2,0.2,-4.0,-7.133333333333333,3.133333333333333,0.49240448691294264,0.5143958458371543,-0.021991358924211613,0.16137375137784285,0.12982945642721036,0.03154429495063249,0.28169770826165186,0.31274436090225566,-0.0310466526406038,0.14431859215651946,0.1989904644603441,-0.05467187230382464,97.67999999999999,106.72,-9.040000000000006,101.41999999999999,112.72,-11.300000000000011,0.4,0.4,0.0,-3.2,-2.6666666666666665,-0.5333333333333337,0.48793822193044073,0.49304393918712863,-0.005105717256687903,0.1404067641585242,0.1321042276449706,0.008302536513553616,0.27104907058104233,0.3123234196424565,-0.041274349061414195,0.1913663653621442,0.19923976781977806,-0.007873402457633877,99.3,103.38999999999999,-4.089999999999989,103.42999999999999,105.06000000000002,-1.6300000000000239,test,2024-12-29,2025-02-26
S45G01N245,2024-2025,2025-03-28,60,부산 KCC,64,대구 한국가스공사,0,102,103,48,49,5.0,5.0,0.0,0.0,0.0,0.0,0.0,0.0,0.0,0.0,0.0,0.0,0.0,0.0,0.0,1.0,0.0,1.0,0.0,4.0,-4.0,1416.2216121210397,1460.0394278893261,-43.81781576828644,0.5304459003762235,0.4695540996237765,0.060891800752447045,-43.81781576828644,0.5304459003762235,0.3333333333333333,0.0,0.3333333333333333,-4.333333333333333,-4.666666666666667,0.3333333333333339,0.521223902309095,0.490189783105023,0.031034119204072008,0.1637864891564639,0.10922750188122404,0.05455898727523986,0.24751984126984125,0.32233381157340985,-0.0748139703035686,0.20187677997008627,0.20918949771689496,-0.007312717746808695,101.06666666666666,109.93333333333332,-8.86666666666666,105.16666666666667,116.93333333333335,-11.76666666666668,0.4,0.2,0.2,0.0,-1.2,1.2,0.51908960749819,0.45893438268352654,0.060155224814663455,0.14852837298157417,0.11148276108684523,0.03704561189472895,0.27494047619047624,0.32743755402479124,-0.05249707783431501,0.21742070081385054,0.22397523709167544,-0.006554536277824902,103.06000000000002,103.55999999999999,-0.4999999999999716,102.36,106.02000000000001,-3.660000000000011,0.2,0.3,-0.09999999999999998,-5.0,-1.3,-3.7,0.502088606953838,0.49353219473178866,0.008556412222049281,0.14634244955658,0.12618369415936365,0.020158755397216344,0.2604715258151416,0.28595414625587845,-0.025482620440736847,0.20413895094772777,0.202330224784158,0.0018087261635697793,101.03,104.12,-3.0900000000000034,108.52000000000001,105.78,2.740000000000009,test,2024-12-29,2025-02-26
S45G01N246,2024-2025,2025-03-28,55,서울 SK,50,창원 LG,1,103,103,49,49,5.0,2.0,3.0,0.0,0.0,0.0,0.0,0.0,0.0,0.0,0.0,0.0,0.0,0.0,0.0,0.0,2.0,-2.0,1.0,0.0,1.0,1661.6612609800118,1604.9836145586844,56.67764642132738,0.6682837307162189,0.33171626928378106,0.3365674614324379,56.67764642132738,0.6682837307162189,0.6666666666666666,0.6666666666666666,0.0,-1.0,7.666666666666667,-8.666666666666668,0.5022450309547085,0.5139189514189513,-0.01167392046424276,0.14786218782625923,0.12884276406367914,0.01901942376258009,0.24860660938759413,0.3750146817007282,-0.12640807231313408,0.176852394916911,0.2723063973063973,-0.09545400238948629,101.66666666666667,111.03333333333335,-9.366666666666674,104.16666666666667,104.2,-0.03333333333333144,0.6,0.6,0.0,0.2,1.6,-1.4000000000000001,0.4899586885929457,0.5078629703629703,-0.01790428177002462,0.12453947842554887,0.14286970584720093,-0.018330227421652065,0.2306002799957001,0.33846278226984683,-0.10786250227414673,0.17991425385155507,0.23244366744366746,-0.052529413592112384,101.94,106.28,-4.340000000000003,102.0,105.75999999999999,-3.759999999999991,0.8,0.6,0.20000000000000007,5.6,1.0666666666666669,4.533333333333333,0.5034618529811231,0.4845723106377074,0.01888954234341572,0.12500533803197103,0.1343768153165928,-0.00937147728462176,0.2610538892904363,0.35506088422248105,-0.09400699493204473,0.19547395765044198,0.20396040686889078,-0.008486449218448794,104.3,103.67999999999999,0.6200000000000045,96.08000000000001,103.66,-7.579999999999984,test,2024-12-29,2025-02-26
S45G01N247,2024-2025,2025-03-29,10,울산 현대모비스,66,고양 소노,1,103,103,49,49,2.0,2.0,0.0,0.0,0.0,0.0,0.0,0.0,0.0,0.0,0.0,0.0,0.0,0.0,0.0,1.0,0.0,1.0,0.0,2.0,-2.0,1529.3204387886728,1392.4173945771747,136.90304421149813,0.7617408301146025,0.23825916988539753,0.523481660229205,136.90304421149813,0.7617408301146025,0.3333333333333333,0.3333333333333333,0.0,1.1842378929335002e-15,2.3333333333333335,-2.333333333333332,0.5009259259259259,0.478789933694997,0.02213599223092888,0.10517142819766308,0.13157525253892277,-0.026403824341259693,0.282010582010582,0.3732235142118863,-0.09121293220130433,0.18819865319865317,0.25862299912932823,-0.07042434593067506,104.8,108.9666666666667,-4.1666666666667,102.76666666666667,103.66666666666667,-0.9000000000000057,0.4,0.4,0.0,-4.8,1.9999999999999993,-6.799999999999999,0.5039610632284587,0.5088267552480541,-0.004865692019595413,0.12720140981249717,0.1276470204937611,-0.00044561068126391934,0.31262740183792814,0.3629774900621707,-0.050350088224242584,0.17325133402556148,0.23281355103039197,-0.0595622170048305,104.2,111.5,-7.299999999999997,108.84,107.78,1.0600000000000023,0.5,0.3,0.2,-1.4666666666666663,-2.311111111111111,0.8444444444444446,0.4878058439490334,0.4956594228649712,-0.007853578915937798,0.1265588553720783,0.1399642358775652,-0.013405380505486897,0.2970946614725219,0.29537478725285216,0.001719874219669737,0.19533500591501615,0.19770111754824954,-0.0023661116332333865,102.44000000000001,103.96,-1.5199999999999818,102.39000000000001,106.16,-3.769999999999982,test,2024-12-29,2025-02-26
S45G01N248,2024-2025,2025-03-29,35,서울 삼성,70,안양 정관장,0,102,103,48,49,3.0,4.0,-1.0,0.0,0.0,0.0,0.0,0.0,0.0,0.0,0.0,0.0,0.0,0.0,0.0,0.0,5.0,-5.0,3.0,0.0,3.0,1382.9321731919347,1488.7742520549211,-105.84207886298645,0.44149277369961876,0.5585072263003812,-0.11701445260076243,-105.84207886298645,0.44149277369961876,0.0,1.0,-1.0,-22.0,11.0,-33.0,0.3981442772203641,0.5650757575757575,-0.16693148035539335,0.16046230768537112,0.09974877400211879,0.06071353368325233,0.18866943866943864,0.25394736842105264,-0.065277929751614,0.16727633779264217,0.1415404040404041,0.025735933752238066,78.93333333333334,116.7,-37.766666666666666,110.73333333333335,104.30000000000003,6.433333333333323,0.4,1.0,-0.6,-10.0,8.0,-18.0,0.447688782871008,0.5521832979996222,-0.10449451512861418,0.16824568542061677,0.12483611386116755,0.04340957155944922,0.29190764190764196,0.2970743034055728,-0.0051666614979308245,0.1851057856252869,0.16790738719450332,0.01719839843078358,91.11999999999999,112.75999999999999,-21.64,104.67999999999999,102.94000000000001,1.7399999999999807,0.3,0.8,-0.5,-6.988888888888889,5.7,-12.68888888888889,0.43546070645850915,0.520162839430759,-0.08470213297224988,0.15051839168156733,0.118968083823066,0.031550307858501325,0.3058710344110843,0.2771215854039819,0.028749449007102412,0.18604645910550552,0.18794588226044864,-0.001899423154943125,91.47,107.52000000000001,-16.05000000000001,102.1,100.24,1.8599999999999994,test,2024-12-29,2025-02-26
S45G01N249,2024-2025,2025-03-29,06,수원 KT,16,원주 DB,1,103,103,49,49,2.0,2.0,0.0,0.0,0.0,0.0,0.0,0.0,0.0,0.0,0.0,0.0,0.0,0.0,0.0,3.0,0.0,3.0,0.0,1.0,-1.0,1584.6493193162419,1479.0005065219927,105.64881279424912,0.7275709944704969,0.2724290055295031,0.4551419889409938,105.64881279424912,0.7275709944704969,1.0,0.3333333333333333,0.6666666666666667,10.333333333333334,-5.666666666666667,16.0,0.5326911650441063,0.4882519753991528,0.04443918964495347,0.1328102153838486,0.17375998062150136,-0.04094976523765276,0.38611111111111107,0.2715914909463297,0.1145196201647814,0.27516111339640753,0.14476926523297487,0.13039184816343266,113.69999999999999,94.93333333333334,18.76666666666665,96.66666666666667,100.56666666666666,-3.8999999999999915,0.8,0.4,0.4,11.6,-4.2,15.8,0.5428948585478994,0.48028327479173055,0.06261158375616888,0.13162439146241442,0.16613218766448545,-0.034507796202071034,0.3183881707794751,0.3051825567465004,0.01320561403297471,0.26659218149746566,0.13219738003530734,0.13439480146215832,113.16,96.46000000000001,16.69999999999999,96.85999999999999,101.28,-4.420000000000016,0.8,0.3,0.5,7.4,-5.0,12.4,0.49492649698080077,0.46613813147363387,0.028788365507166902,0.12516825275057572,0.14147133876817822,-0.016303086017602497,0.35713163760360556,0.2765414948234666,0.08059014278013893,0.19955853682510755,0.19460019620791533,0.0049583406171922195,106.93999999999998,95.86,11.079999999999984,96.53999999999999,102.49000000000001,-5.950000000000017,test,2024-12-29,2025-02-26
S45G01N250,2024-2025,2025-03-30,60,부산 KCC,50,창원 LG,0,103,104,49,50,2.0,2.0,0.0,0.0,0.0,0.0,0.0,0.0,0.0,0.0,0.0,0.0,0.0,0.0,0.0,0.0,0.0,0.0,1.0,1.0,0.0,1405.6126941135153,1598.3492891730089,-192.73659505949354,0.3240303599235982,0.6759696400764018,-0.3519392801528036,-192.73659505949354,0.3240303599235982,0.3333333333333333,0.6666666666666666,-0.3333333333333333,-13.333333333333334,8.666666666666666,-22.0,0.5207729643581571,0.5704365079365078,-0.04966354357835068,0.1804417704199662,0.12280071360249428,0.05764105681747192,0.1816194581280788,0.27849055066797,-0.09687109253989121,0.22045542354872985,0.21891534391534392,0.0015400796333859268,96.76666666666667,115.63333333333333,-18.86666666666666,111.90000000000002,103.66666666666667,8.233333333333348,0.4,0.6,-0.19999999999999996,-3.2,7.0,-10.2,0.5369760243600166,0.5364343989343989,0.0005416254256176423,0.14861703273719087,0.13518719816469324,0.013429834572497634,0.23373357963875202,0.2959765509559208,-0.06224297131716877,0.21853311299183648,0.21657065157065153,0.0019624614211849467,105.24000000000001,109.73999999999998,-4.499999999999972,108.46,102.5,5.959999999999994,0.2,0.6,-0.39999999999999997,-6.6,2.466666666666667,-9.066666666666666,0.5047671783824093,0.5078134088788056,-0.003046230496396296,0.15392070519579534,0.13057796705930627,0.023342738136489072,0.24312565329685532,0.32196411002893266,-0.07883845673207734,0.21378180809058495,0.20202990493838882,0.011751903152196125,100.16,106.75999999999999,-6.599999999999994,109.15,104.25,4.900000000000006,test,2024-12-29,2025-02-26
S45G01N251,2024-2025,2025-03-30,64,대구 한국가스공사,55,서울 SK,1,104,104,50,50,2.0,2.0,0.0,0.0,0.0,0.0,0.0,0.0,0.0,0.0,0.0,0.0,0.0,0.0,0.0,1.0,1.0,0.0,0.0,0.0,0.0,1470.6483458968505,1668.2955863656873,-197.6472404688368,0.31786975390457595,0.682130246095424,-0.3642604921908481,-197.6472404688368,0.31786975390457595,0.3333333333333333,0.6666666666666666,-0.3333333333333333,6.666666666666667,-1.0,7.666666666666667,0.4989080802064722,0.49686868686868707,0.0020393933377851337,0.08933887817398457,0.13759354138687355,-0.048254663212888974,0.3406766325727773,0.2759242496084602,0.06475238296431712,0.20164118853815097,0.10797706797706792,0.09366412056108304,115.33333333333333,101.8,13.533333333333331,108.03333333333336,105.36666666666667,2.6666666666666856,0.2,0.8,-0.6000000000000001,2.0,2.0,0.0,0.49331119427772946,0.4927755900013964,0.0005356042763330349,0.10593502048718346,0.12673109483677414,-0.020796074349590674,0.3028933745016496,0.25147115086657096,0.051422223635078645,0.24194625158442906,0.15962495046366015,0.08232130112076891,109.66,102.52000000000001,7.139999999999986,108.2,100.28,7.920000000000002,0.3,0.8,-0.5,0.7,5.4,-4.7,0.48774624155453106,0.4982379723841082,-0.010491730829577162,0.1143141029756064,0.1198866426394914,-0.005572539663885004,0.30017158950557976,0.2563459555502446,0.043825633955335175,0.220546501261304,0.1917829532131689,0.028763548048135107,105.96,103.86000000000001,2.09999999999998,105.24000000000001,96.33,8.91000000000001,test,2024-12-29,2025-02-26
S45G01N252,2024-2025,2025-03-30,35,서울 삼성,16,원주 DB,0,103,104,49,50,1.0,1.0,0.0,1.0,1.0,0.0,0.0,0.0,0.0,0.0,0.0,0.0,0.0,0.0,0.0,0.0,0.0,0.0,4.0,2.0,2.0,1374.1023177179422,1473.5519264114027,-99.4496086934605,0.4505848635240906,0.5494151364759094,-0.09883027295181884,-99.4496086934605,0.4505848635240906,0.0,0.3333333333333333,-0.3333333333333333,-17.0,-2.0,-15.0,0.4293942772203641,0.4568339646464647,-0.02743968742610059,0.13480979115436312,0.13836542958519885,-0.003555638430835728,0.1668734491315136,0.27516291951775823,-0.10828947038624462,0.19143958915876239,0.20659722222222218,-0.015157633063459797,86.76666666666665,96.16666666666667,-9.40000000000002,112.13333333333337,96.10000000000001,16.03333333333336,0.2,0.2,0.0,-13.2,-6.2,-6.999999999999999,0.4462395075086891,0.46090827479173047,-0.01466876728304134,0.16499246364045939,0.16720620822975496,-0.0022137445892955743,0.23558680494164363,0.2911127893046399,-0.05552598436299627,0.19004757702466918,0.16969738003530735,0.02035019698936183,88.17999999999999,93.05999999999999,-4.8799999999999955,106.85999999999999,99.9,6.9599999999999795,0.3,0.3,0.0,-7.688888888888888,-4.311111111111112,-3.3777777777777764,0.4454607064585091,0.4683256314736338,-0.022864925015124715,0.1525476114478152,0.14297988831722688,0.009567723130588318,0.2760135700449927,0.2794960402780121,-0.003482470233019397,0.18120408836149543,0.18960019620791532,-0.008396107846419892,91.49,96.45,-4.960000000000008,102.71,101.18,1.529999999999987,test,2024-12-29,2025-02-26
S45G01N253,2024-2025,2025-03-31,70,안양 정관장,06,수원 KT,0,104,104,50,50,2.0,2.0,0.0,0.0,0.0,0.0,0.0,0.0,0.0,0.0,0.0,0.0,0.0,0.0,0.0,6.0,4.0,2.0,0.0,0.0,0.0,1497.6041075289136,1590.0978994268319,-92.4937918979183,0.4605156369777899,0.5394843630222101,-0.07896872604442023,-92.4937918979183,0.4605156369777899,1.0,1.0,0.0,7.333333333333333,9.666666666666666,-2.333333333333333,0.5486868686868686,0.5083592762755978,0.04032759241127071,0.11088921697193353,0.12185226289005487,-0.010963045918121334,0.26027131782945734,0.38644986449864493,-0.1261785466691876,0.17292929292929302,0.18108382917827825,-0.008154536248985239,113.26666666666667,109.89999999999999,3.3666666666666742,105.73333333333335,98.46666666666665,7.266666666666694,1.0,0.8,0.19999999999999996,9.6,6.4,3.1999999999999993,0.5449908097367113,0.5098798191590237,0.03511099057768763,0.12429589962763721,0.12767334703532784,-0.003377447407690637,0.283531211750306,0.33344649527576353,-0.04991528352545754,0.15543790362642823,0.21679509388705745,-0.06135719026062922,111.04,107.94000000000001,3.0999999999999943,99.9,98.63999999999999,1.2600000000000193,0.8,0.8,0.0,5.2,6.3,-1.0999999999999996,0.5245730958410154,0.49261145731753375,0.03196163852348166,0.11920119636934401,0.13042284596948958,-0.011221649600145572,0.2783786564284948,0.33848326361986575,-0.06010460719137095,0.17553562585019222,0.21249361858000473,-0.03695799272981251,108.32000000000001,104.95,3.3700000000000045,102.27,96.91,5.359999999999999,test,2024-12-29,2025-02-26
S45G01N254,2024-2025,2025-04-01,35,서울 삼성,64,대구 한국가스공사,0,104,105,50,51,2.0,2.0,0.0,0.0,0.0,0.0,0.0,0.0,0.0,0.0,0.0,0.0,0.0,0.0,0.0,0.0,2.0,-2.0,5.0,0.0,5.0,1365.0906204474604,1484.290950818759,-119.2003303712986,0.42262610436759557,0.5773738956324044,-0.1547477912648088,-119.2003303712986,0.42262610436759557,0.0,0.6666666666666666,-0.6666666666666666,-14.0,8.666666666666666,-22.666666666666664,0.45794905577514267,0.5052681584843587,-0.04731910270921602,0.12181375368345694,0.08663714906735635,0.03517660461610059,0.15191618417424865,0.30252778954588555,-0.1506116053716369,0.23572863344780667,0.2131219452243871,0.022606688223419574,94.86666666666667,114.96666666666665,-20.09999999999998,113.63333333333334,103.60000000000002,10.033333333333317,0.0,0.4,-0.4,-17.0,3.2,-20.2,0.4252502026958549,0.500014490981026,-0.07476428828517112,0.13911901048346534,0.09906860606730324,0.0400504044161621,0.17358214293698165,0.28223403384230894,-0.10865189090532729,0.2157160262225301,0.2177704274086049,-0.002054401186074778,87.02000000000001,111.01999999999998,-23.99999999999997,111.54,107.4,4.140000000000001,0.3,0.4,-0.10000000000000003,-7.288888888888889,0.9,-8.188888888888888,0.4371040631018658,0.4792567801962173,-0.04215271709435153,0.14136486880643528,0.1061897544563839,0.035175114350051384,0.2621513905578133,0.2822228715568619,-0.020071480999048597,0.1975677247251318,0.22293526004350542,-0.02536753531837363,91.64000000000001,104.77000000000001,-13.129999999999995,102.1,104.17,-2.0700000000000074,test,2024-12-29,2025-02-26
S45G01N255,2024-2025,2025-04-02,60,부산 KCC,66,고양 소노,1,104,104,50,50,3.0,4.0,-1.0,0.0,0.0,0.0,0.0,0.0,0.0,0.0,0.0,0.0,0.0,0.0,0.0,0.0,0.0,0.0,2.0,3.0,-1.0,1399.1320869150434,1387.6522111794668,11.47987573557657,0.6083194460393194,0.3916805539606806,0.21663889207863885,11.47987573557657,0.6083194460393194,0.3333333333333333,0.0,0.3333333333333333,-14.666666666666666,-11.0,-3.666666666666666,0.5092787114845939,0.4827035886818496,0.026575122802744322,0.1582876355606522,0.12277673703599745,0.03551089852465475,0.19441707717569787,0.32461240310077527,-0.1301953259250774,0.1867024587612823,0.2828387393604785,-0.09613628059919618,99.93333333333332,108.2666666666667,-8.333333333333371,118.03333333333335,119.3,-1.2666666666666515,0.2,0.4,-0.2,-13.4,-0.6000000000000008,-12.799999999999999,0.5109486270997426,0.49868182771182223,0.012266799387920413,0.16050359550379628,0.1297636100422539,0.030739985461542385,0.21373357963875206,0.34530507626906726,-0.1315714966303152,0.20961813147411523,0.23281355103039197,-0.023195419556276742,99.42,109.35999999999999,-9.939999999999984,115.94000000000001,108.58,7.360000000000014,0.2,0.2,0.0,-8.1,-4.7,-3.3999999999999995,0.5026838450490759,0.4930360510065966,0.00964779404247934,0.15375979309381363,0.14023096542501373,0.013528827668799898,0.236339939011141,0.2897345433504131,-0.053394604339272095,0.21179768110645797,0.20116837126316423,0.010629309843293744,99.58000000000001,103.21,-3.6299999999999812,111.44000000000001,108.88,2.5600000000000165,test,2024-12-29,2025-02-26
S45G01N256,2024-2025,2025-04-03,50,창원 LG,70,안양 정관장,1,105,105,51,51,4.0,3.0,1.0,0.0,0.0,0.0,0.0,0.0,0.0,0.0,0.0,0.0,0.0,0.0,0.0,1.0,0.0,1.0,0.0,1.0,-1.0,1604.8298963714808,1488.3937947893578,116.436101582123,0.7397039029407411,0.26029609705925894,0.47940780588148213,116.436101582123,0.7397039029407411,0.6666666666666666,0.6666666666666666,0.0,15.666666666666666,5.333333333333333,10.333333333333332,0.5747655122655121,0.5397979797979796,0.03496753246753248,0.11652846487114533,0.12926591583909477,-0.01273745096794944,0.32138270753071513,0.26860465116279064,0.052778056367924486,0.1510942760942761,0.17570707070707078,-0.024612794612794697,119.40000000000002,111.89999999999999,7.500000000000028,97.66666666666667,104.06666666666668,-6.400000000000006,0.6,0.8,-0.20000000000000007,9.4,8.0,1.4000000000000004,0.5379329004329004,0.5417121212121212,-0.003779220779220771,0.11486725849980754,0.10298935543754136,0.011877903062266187,0.3390505547509872,0.263531211750306,0.0755193430006812,0.21792929292929292,0.14792424242424243,0.07000505050505049,115.17999999999999,113.66,1.519999999999996,103.85999999999999,104.1,-0.2400000000000091,0.7,0.7,0.0,5.366666666666667,3.6,1.766666666666667,0.5307286515308902,0.5091884804564,0.021540171074490244,0.12535663773791086,0.11887797096417659,0.006478666773734279,0.3320817570877562,0.28530173335157166,0.04678002373618456,0.2005432337148755,0.18406126687583324,0.016481966839042267,111.82000000000001,106.97999999999999,4.840000000000018,105.29,103.35,1.940000000000012,test,2024-12-29,2025-02-26
S45G01N257,2024-2025,2025-04-03,10,울산 현대모비스,06,수원 KT,1,104,105,50,51,5.0,3.0,2.0,0.0,0.0,0.0,0.0,0.0,0.0,0.0,0.0,0.0,0.0,0.0,0.0,2.0,5.0,-3.0,0.0,0.0,0.0,1534.0856221863808,1599.3082121663876,-65.22258998000689,0.4996796673126935,0.5003203326873065,-0.000640665374612992,-65.22258998000689,0.4996796673126935,0.6666666666666666,1.0,-0.33333333333333337,7.000000000000001,4.666666666666667,2.333333333333334,0.5263888888888888,0.5349345528508743,-0.008545663961985528,0.11902641467144488,0.1540634394521899,-0.03503702478074501,0.32169312169312164,0.39104756564807025,-0.06935444395494861,0.18819865319865317,0.24217089026533936,-0.05397223706668619,110.3,109.03333333333332,1.26666666666668,99.59999999999998,109.60000000000001,-10.000000000000028,0.6,1.0,-0.4,3.4,7.2,-3.8000000000000003,0.5235033167495855,0.524398960148753,-0.0008956433991674784,0.12071515124034271,0.14052148409801135,-0.01980633285766864,0.31087301587301586,0.3729618727221755,-0.06208885684915966,0.18103693652947386,0.2662815551382246,-0.08524461860875074,108.46,109.52000000000001,-1.0600000000000165,102.88,99.9,2.9799999999999898,0.6,0.8,-0.20000000000000007,0.6333333333333335,6.0,-5.366666666666666,0.49988917728236676,0.5106273303334069,-0.010738153051040145,0.11830448527519152,0.1359993225325212,-0.017694837257329676,0.30757085194871236,0.33700543110755043,-0.02943457915883807,0.21061278369279393,0.2404301265165127,-0.029817342823718757,106.33,106.77000000000001,-0.44000000000001194,103.17999999999999,99.91999999999999,3.260000000000005,test,2024-12-29,2025-02-26
S45G01N258,2024-2025,2025-04-04,60,부산 KCC,35,서울 삼성,0,105,105,51,51,2.0,3.0,-1.0,0.0,0.0,0.0,0.0,0.0,0.0,0.0,0.0,0.0,0.0,0.0,0.0,1.0,0.0,1.0,0.0,6.0,-6.0,1406.965697994257,1356.6380983601084,50.327599634148555,0.6601312195108187,0.33986878048918134,0.3202624390216373,50.327599634148555,0.6601312195108187,0.3333333333333333,0.0,0.3333333333333333,-13.666666666666666,-16.666666666666668,3.0000000000000018,0.5343372423596304,0.44023569023569015,0.09410155212394028,0.14198090524762882,0.10384391011148303,0.038136995136145796,0.2006568144499179,0.1756341328921974,0.0250226815577205,0.26191463318328995,0.21539852072638963,0.04651611245690032,105.93333333333334,93.86666666666667,12.066666666666663,126.63333333333337,115.36666666666669,11.26666666666668,0.4,0.0,0.4,-10.4,-18.2,7.799999999999999,0.5348518383163867,0.4217779804736327,0.11307385784275403,0.16128202363112,0.11488547860819534,0.046396545022924646,0.21557266009852216,0.18614971050454923,0.02942294959397293,0.23585060546778328,0.201479915111419,0.03437069035636428,103.16,89.1,14.060000000000002,117.46,115.06000000000002,2.3999999999999773,0.3,0.3,0.0,-5.5,-9.488888888888889,3.988888888888889,0.5146843265127254,0.4365563322724448,0.07812799424028066,0.14958059362138962,0.13466427535424091,0.014916318267148704,0.2445713071980153,0.2557040221367607,-0.011132714938745403,0.23644861996057448,0.187610760718872,0.048837859241702475,102.49000000000001,91.75,10.740000000000009,111.49000000000001,104.31000000000002,7.179999999999993,test,2024-12-29,2025-02-26
S45G01N259,2024-2025,2025-04-04,66,고양 소노,16,원주 DB,1,105,105,51,51,2.0,5.0,-3.0,0.0,0.0,0.0,0.0,0.0,0.0,0.0,0.0,0.0,0.0,0.0,0.0,0.0,1.0,-1.0,4.0,0.0,4.0,1379.8186001002532,1482.5636236818846,-102.74502358163136,0.44589324074361397,0.554106759256386,-0.108213518512772,-102.74502358163136,0.44589324074361397,0.0,0.3333333333333333,-0.3333333333333333,-12.333333333333334,-0.6666666666666666,-11.666666666666668,0.5213940648723258,0.4609928576812905,0.060401207191035255,0.1272249247032179,0.14378251308218512,-0.01655758837896723,0.3295454545454546,0.3446969696969697,-0.015151515151515138,0.29077524729698645,0.19361525704809282,0.09715999024889363,111.96666666666668,99.86666666666667,12.100000000000009,121.43333333333334,97.36666666666667,24.066666666666663,0.2,0.4,-0.2,-4.200000000000001,-2.0,-2.200000000000001,0.4937611927911873,0.4907590210603872,0.003002171730800085,0.12842463759528439,0.16155398487503664,-0.03312934727975225,0.33416138125440453,0.3212882279011311,0.012873153353273437,0.2724960907129316,0.16969738003530735,0.10279871067762428,108.7,100.32,8.38000000000001,110.94000000000001,99.78,11.16000000000001,0.2,0.3,-0.09999999999999998,-5.1,-3.8111111111111113,-1.2888888888888883,0.49476549900470135,0.4766813936463767,0.018084105358324665,0.1377825363927044,0.1443787643990398,-0.006596228006335386,0.3143334738316965,0.30616270694467873,0.008170766887017789,0.22602030208524432,0.17814925419666014,0.04787104788858418,105.00999999999999,99.16,5.849999999999994,110.28,102.84,7.439999999999998,test,2024-12-29,2025-02-26
S45G01N260,2024-2025,2025-04-05,10,울산 현대모비스,50,창원 LG,0,105,106,51,52,2.0,2.0,0.0,0.0,0.0,0.0,0.0,0.0,0.0,0.0,0.0,0.0,0.0,0.0,0.0,3.0,2.0,1.0,0.0,0.0,0.0,1544.0920288401269,1610.035818312666,-65.94378947253904,0.4986417811093003,0.5013582188906998,-0.002716437781399461,-65.94378947253904,0.4986417811093003,1.0,0.6666666666666666,0.33333333333333337,14.666666666666666,13.0,1.666666666666666,0.5348429951690821,0.5469215969215968,-0.01207860175251474,0.11802154336454018,0.1146163389345883,0.0034052044299518885,0.36296296296296293,0.33712839974699554,0.025834563215967388,0.1710708534621578,0.15281385281385282,0.01825700064830499,113.73333333333333,115.3,-1.5666666666666629,93.40000000000002,97.13333333333333,-3.733333333333306,0.6,0.8,-0.20000000000000007,7.0,13.2,-6.199999999999999,0.5347946859903383,0.5577164502164502,-0.022921764226111918,0.11570084668959882,0.11646270553472356,-0.0007618588451247382,0.32920634920634917,0.34356491863607613,-0.014358569429726964,0.18622837066315326,0.19446608946608945,-0.008237718802936195,112.13999999999999,117.17999999999999,-5.040000000000006,101.14000000000001,99.46,1.680000000000021,0.6,0.7,-0.09999999999999998,1.7333333333333336,6.166666666666667,-4.433333333333334,0.5016038129222933,0.5262830225330225,-0.024679209610729225,0.12398492781143496,0.12679643343847885,-0.002811505627043895,0.3175708519487123,0.3276279755751511,-0.010057123626438791,0.2053464027987339,0.1997116772116772,0.005634725587056688,106.35999999999999,110.46,-4.1000000000000085,101.86,103.49000000000001,-1.6300000000000097,test,2024-12-29,2025-02-26
S45G01N261,2024-2025,2025-04-05,70,안양 정관장,55,서울 SK,1,106,105,52,51,2.0,6.0,-4.0,0.0,0.0,0.0,0.0,0.0,0.0,0.0,0.0,0.0,0.0,0.0,0.0,0.0,0.0,0.0,2.0,1.0,1.0,1483.1878728481727,1654.6529814437788,-171.46510859560613,0.35140651578954923,0.6485934842104508,-0.2971869684209016,-171.46510859560613,0.35140651578954923,0.3333333333333333,0.3333333333333333,0.0,-2.6666666666666665,-3.3333333333333335,0.666666666666667,0.4725816993464051,0.4764425072644252,-0.003860807918020126,0.11495635964945905,0.1476476937291973,-0.03269133407973826,0.2852713178294573,0.2759242496084602,0.009347068220997123,0.1736274509803922,0.11820537847935104,0.055422072501041156,100.96666666666665,96.3,4.666666666666657,103.56666666666668,103.26666666666667,0.30000000000001137,0.6,0.6,0.0,0.7999999999999993,-0.6,1.3999999999999992,0.5100944741532978,0.49175797747693456,0.018336496676363223,0.11494061836771671,0.13820749287071643,-0.023266874502999718,0.2761627906976744,0.2662336669127841,0.009929123784890304,0.18660071301247774,0.14976193676503,0.036838776247447746,107.1,100.8,6.299999999999997,106.3,103.28,3.019999999999996,0.7,0.7,0.0,2.8,4.5,-1.7000000000000002,0.509903629529728,0.4913886573156151,0.018514972214112912,0.12383304990138884,0.12622185910969622,-0.002388809208307377,0.2860334406686449,0.2537143766028761,0.03231906406576879,0.17999196792337557,0.17945418608988123,0.000537781833494344,105.7,102.04,3.6599999999999966,102.75,96.47999999999999,6.27000000000001,test,2024-12-29,2025-02-26
S45G01N262,2024-2025,2025-04-05,64,대구 한국가스공사,06,수원 KT,1,106,106,52,52,4.0,2.0,2.0,0.0,0.0,0.0,0.0,0.0,0.0,0.0,0.0,0.0,0.0,0.0,0.0,3.0,0.0,3.0,0.0,1.0,-1.0,1492.743472906111,1589.3018055126415,-96.55833260653048,0.4547083993852538,0.5452916006147461,-0.09058320122949232,-96.55833260653048,0.4547083993852538,1.0,0.6666666666666666,0.33333333333333337,20.333333333333332,-5.0,25.333333333333332,0.5329825166781689,0.47193773250111287,0.061044784177056,0.10388566005490307,0.12086266309726067,-0.016977003042357594,0.2985938792390405,0.3243808989814036,-0.025787019742363082,0.20931677018633535,0.23620904606820103,-0.026892275881865685,115.3,101.0,14.299999999999997,89.83333333333336,112.0,-22.166666666666643,0.6,0.8,-0.20000000000000007,10.4,2.4,8.0,0.506090879869915,0.5008542616040546,0.0052366182658604155,0.1016149138681202,0.12430194137437985,-0.022687027506259644,0.3254977909580584,0.3679618727221755,-0.04246408176411709,0.18860376074193821,0.22220671106338047,-0.033602950321442254,112.72,107.47999999999999,5.240000000000009,100.26,106.58,-6.319999999999993,0.5,0.7,-0.19999999999999996,4.7,3.9,0.8000000000000003,0.4883440817835189,0.5027150702472337,-0.014370988463714818,0.11184814126231168,0.1300368557370079,-0.01818871447469622,0.3023841618794425,0.327560986663106,-0.02517682478366351,0.22960192671017204,0.241859817076638,-0.012257890366465962,106.55999999999999,105.96,0.5999999999999943,100.83000000000001,101.67999999999999,-0.8499999999999801,test,2024-12-29,2025-02-26
S45G01N263,2024-2025,2025-04-06,55,서울 SK,66,고양 소노,0,106,106,52,52,1.0,2.0,-1.0,1.0,0.0,1.0,0.0,0.0,0.0,0.0,0.0,0.0,0.0,0.0,0.0,0.0,1.0,-1.0,2.0,0.0,2.0,1641.6811117595698,1390.900735285381,250.78037647418887,0.8602992872429194,0.13970071275708063,0.7205985744858387,250.78037647418887,0.8602992872429194,0.3333333333333333,0.3333333333333333,0.0,-1.6666666666666667,-4.0,2.333333333333333,0.46866738764720034,0.5045620542903152,-0.03589466664311486,0.11971926067289429,0.1232156063709033,-0.0034963456980090096,0.3034495021337127,0.31704545454545463,-0.01359595241174194,0.10783855232305121,0.2538704853922245,-0.14603193306917328,99.43333333333334,107.9666666666667,-8.53333333333336,103.73333333333335,111.7,-7.966666666666654,0.4,0.2,0.2,-1.8,-6.0,4.2,0.47932164470953226,0.4938086611456177,-0.014487016436085465,0.1353853059389486,0.1238649836426217,0.011520322296326893,0.29897560239665505,0.34749471458773784,-0.04851911219108279,0.11597585866655802,0.28724292615596964,-0.17126706748941162,99.72,109.55999999999999,-9.83999999999999,104.08000000000001,114.64000000000001,-10.560000000000002,0.6,0.3,0.3,3.1,-1.9999999999999996,5.1,0.4911312202446768,0.5010994542285819,-0.009968233983905117,0.12777253760407442,0.13171479234118078,-0.003942254737106354,0.2677933239712972,0.325762045260268,-0.05796872128897079,0.1696906468068911,0.24352030208524428,-0.07382965527835317,102.12,107.74000000000001,-5.6200000000000045,98.99000000000001,109.5,-10.509999999999991,test,2024-12-29,2025-02-26
S45G01N264,2024-2025,2025-04-06,10,울산 현대모비스,35,서울 삼성,1,106,106,52,52,1.0,2.0,-1.0,1.0,0.0,1.0,0.0,0.0,0.0,0.0,0.0,0.0,0.0,0.0,0.0,0.0,1.0,-1.0,1.0,0.0,1.0,1534.1191932179408,1369.8407227503249,164.278470467616,0.7891539158418345,0.21084608415816553,0.578307831683669,164.278470467616,0.7891539158418345,0.6666666666666666,0.3333333333333333,0.3333333333333333,9.333333333333334,-10.666666666666666,20.0,0.5451604554865424,0.48382543382543375,0.0613350216611086,0.10797860963783763,0.09073175341746294,0.017246856220374696,0.3373737373737374,0.23226495726495722,0.10510878010878016,0.19837244076374513,0.20589873089873093,-0.007526290134985791,115.86666666666667,104.90000000000002,10.966666666666654,103.89999999999999,117.80000000000001,-13.90000000000002,0.6,0.2,0.39999999999999997,6.8,-13.0,19.8,0.5304296066252588,0.47870105739670954,0.0517285492285493,0.11385165115240008,0.11299242053962175,0.0008592306127783306,0.3287734487734487,0.18948304383788256,0.13929040493556616,0.18472043415521675,0.1922491458806498,-0.007528711725433068,111.74000000000001,99.48,12.260000000000005,101.91999999999999,115.2,-13.280000000000015,0.5,0.3,0.2,0.3333333333333336,-9.4,9.733333333333334,0.49880161512009547,0.4527582553493679,0.04604335977072754,0.12146307071635028,0.13840451778022242,-0.016941447063872142,0.3169079731608336,0.2550979615307,0.061810011630133554,0.19589585334818446,0.18732229918041046,0.008573554167774,105.58,94.4,11.179999999999993,103.54,106.37,-2.8299999999999983,test,2024-12-29,2025-02-26
S45G01N265,2024-2025,2025-04-06,16,원주 DB,60,부산 KCC,1,106,106,52,52,2.0,2.0,0.0,0.0,0.0,0.0,0.0,0.0,0.0,0.0,0.0,0.0,0.0,0.0,0.0,0.0,0.0,0.0,1.0,1.0,0.0,1471.4814884967568,1393.7630736040405,77.71841489271628,0.6945659496125327,0.3054340503874673,0.3891318992250654,77.71841489271628,0.6945659496125327,0.3333333333333333,0.3333333333333333,0.0,-3.0,-6.666666666666667,3.666666666666667,0.502406999095432,0.5593722563652327,-0.05696525726980073,0.17087354525900356,0.13625432260508058,0.034619222653922976,0.2996031746031746,0.2887794198139026,0.010823754789272,0.22896879240162818,0.21184460517208545,0.01712418722954273,102.73333333333335,113.33333333333333,-10.59999999999998,101.5,127.03333333333335,-25.533333333333346,0.4,0.4,0.0,-2.6,-7.8,5.199999999999999,0.491169578245138,0.5411905807098959,-0.05002100246475788,0.16086421412665966,0.14666505465895868,0.014199159467700978,0.27985965647255967,0.2384893267651888,0.04137032970737087,0.2113396087743103,0.20420760343938568,0.007132005334924613,99.64000000000001,107.64000000000001,-8.0,99.5,119.85999999999999,-20.359999999999985,0.3,0.3,0.0,-4.511111111111111,-5.5,0.9888888888888889,0.47990802616878386,0.5228404351100105,-0.042932408941226685,0.15908758401654924,0.14568356953069522,0.013404014485854016,0.2883055640875359,0.257316405237231,0.0309891588503049,0.17161916456797896,0.22513640276600433,-0.05351723819802537,97.33000000000001,104.39000000000001,-7.060000000000002,100.95,113.22999999999999,-12.279999999999987,test,2024-12-29,2025-02-26
S45G01N266,2024-2025,2025-04-08,06,수원 KT,60,부산 KCC,1,107,107,53,53,3.0,2.0,1.0,0.0,0.0,0.0,0.0,0.0,0.0,0.0,0.0,0.0,0.0,0.0,0.0,0.0,0.0,0.0,2.0,2.0,0.0,1578.3959735003466,1387.6543925962912,190.74158090405535,0.8133865176604956,0.18661348233950437,0.6267730353209913,190.74158090405535,0.8133865176604956,0.3333333333333333,0.3333333333333333,0.0,-8.666666666666666,-1.0,-7.666666666666666,0.4682897182897183,0.5645004614934378,-0.09621074320371947,0.11236137298116854,0.13078248961745653,-0.018421116636287996,0.31253420908593316,0.30110434978589135,0.011429859300041811,0.24331474331474334,0.22543841876589907,0.017876324548844275,101.16666666666667,114.56666666666666,-13.399999999999991,116.13333333333333,121.2,-5.066666666666677,0.6,0.2,0.39999999999999997,-3.0,-11.4,8.4,0.48447424522403815,0.5369145626103483,-0.052440317386310165,0.12034654681032234,0.14070119578039186,-0.020354648970069528,0.33939044415074693,0.24588428474838211,0.09350615940236481,0.21827550713217655,0.2237551147516029,-0.005479607619426341,103.88,107.52000000000001,-3.640000000000015,113.24000000000001,125.56000000000002,-12.320000000000007,0.6,0.3,0.3,2.4,-5.7,8.1,0.5048716789106917,0.5280020850542692,-0.02313040614357742,0.12430840851987324,0.14461478438098302,-0.020306375861109782,0.3032752723773917,0.2604123804694291,0.04286289190796261,0.23341849904627893,0.22058790778272672,0.01283059126355221,105.95,105.29,0.6599999999999966,103.89000000000001,113.96,-10.069999999999979,test,2024-12-29,2025-02-26
S45G01N267,2024-2025,2025-04-08,16,원주 DB,70,안양 정관장,0,107,107,53,53,2.0,3.0,-1.0,0.0,0.0,0.0,0.0,0.0,0.0,0.0,0.0,0.0,0.0,0.0,0.0,1.0,1.0,0.0,0.0,0.0,0.0,1477.590169504506,1496.1597425323816,-18.56957302787555,0.5664238050511928,0.43357619494880717,0.13284761010238566,-18.56957302787555,0.5664238050511928,0.6666666666666666,0.3333333333333333,0.3333333333333333,0.3333333333333333,-4.333333333333333,4.666666666666666,0.530829618143051,0.48803775241439845,0.04279186572865251,0.15721843490757745,0.1391443362477253,0.018074098659852156,0.3326839826839827,0.30101010101010095,0.03167388167388174,0.23134974478258055,0.1778728904497123,0.05347685433286825,109.36666666666667,101.0,8.366666666666674,104.83333333333333,104.53333333333335,0.29999999999998295,0.4,0.6,-0.19999999999999996,-2.0,1.1999999999999993,-3.1999999999999993,0.4816606496737094,0.516701439327427,-0.03504078965371754,0.14798174307158354,0.1384727878209408,0.009508955250642742,0.31309523809523815,0.281768851303735,0.031326386791503125,0.2221431802028817,0.1704813100274031,0.0516618701754786,101.88,105.53999999999999,-3.6599999999999966,100.94000000000001,102.91999999999999,-1.9799999999999756,0.4,0.7,-0.29999999999999993,-2.9999999999999996,2.5,-5.5,0.48703256829332603,0.5230166359263164,-0.03598406763299039,0.1546777472247132,0.13299759730319363,0.021680149921519565,0.297396473178445,0.2844215773546539,0.012974895823791077,0.18323088617970057,0.18240845690702873,0.000822429272671843,99.78,106.87,-7.090000000000003,101.18,103.79,-2.6099999999999994,test,2024-12-29,2025-02-26
S45G01N268,2024-2025,2025-04-08,55,서울 SK,35,서울 삼성,1,107,107,53,53,2.0,2.0,0.0,0.0,0.0,0.0,0.0,0.0,0.0,0.0,0.0,0.0,0.0,0.0,0.0,0.0,0.0,0.0,3.0,1.0,2.0,1624.4751260147113,1365.6238010671616,258.85132494754976,0.8657901667908213,0.13420983320917867,0.7315803335816427,258.85132494754976,0.8657901667908213,0.0,0.3333333333333333,-0.3333333333333333,-10.333333333333334,-11.0,0.6666666666666661,0.46617982545814557,0.49266381766381756,-0.02648399220567199,0.13993241551009697,0.11002304817326676,0.02990936733683021,0.2736504723346829,0.26706349206349206,0.006586980271190868,0.1251170248254043,0.16801994301994305,-0.04290291819453876,94.93333333333334,103.86666666666667,-8.933333333333337,107.03333333333332,115.16666666666669,-8.133333333333368,0.2,0.2,0.0,-8.0,-10.4,2.4000000000000004,0.47516244072943276,0.48196192696192697,-0.006799486232494212,0.14206026066552782,0.1088554547762027,0.03320480588932512,0.2613237805343068,0.22061857497341367,0.04070520556089316,0.1158564556814834,0.21616218935891066,-0.10030573367742726,95.96000000000001,101.98,-6.019999999999996,106.78,114.2,-7.420000000000002,0.5,0.3,0.2,-0.9,-10.2,9.299999999999999,0.4928043064266701,0.4648253549164674,0.027978951510202688,0.12638851916131838,0.13855057009840974,-0.012162050937091357,0.24984460602257927,0.2562631084405278,-0.0064185024179485295,0.15743739692725706,0.20063398749209876,-0.04319659056484171,101.36,96.55,4.810000000000002,102.67,109.44000000000001,-6.77000000000001,test,2024-12-29,2025-02-26
S45G01N269,2024-2025,2025-04-08,64,대구 한국가스공사,10,울산 현대모비스,0,107,107,53,53,3.0,2.0,1.0,0.0,0.0,0.0,0.0,0.0,0.0,0.0,0.0,0.0,0.0,0.0,0.0,4.0,1.0,3.0,0.0,0.0,0.0,1503.649304918406,1538.336114901104,-34.68680998269815,0.5435138300162261,0.4564861699837739,0.08702766003245221,-34.68680998269815,0.5435138300162261,1.0,0.6666666666666666,0.33333333333333337,13.666666666666666,7.666666666666668,5.999999999999998,0.518285639764513,0.543934965290464,-0.025649325525951006,0.1350611433983778,0.13017053400951323,0.00489060938886457,0.34996783383880153,0.3337895079830564,0.016178325855745135,0.16434160518667557,0.18339422725611984,-0.019052622069444275,109.5,112.73333333333333,-3.2333333333333343,91.00000000000004,103.2,-12.19999999999996,0.8,0.8,0.0,13.2,9.4,3.799999999999999,0.5212751360921801,0.5255276458409451,-0.00425250974876501,0.1138066796100841,0.11866862008660048,-0.004861940476516377,0.3607281432615815,0.3247181492342783,0.036009994027303205,0.19219241596092335,0.18659209190922743,0.005600324051695915,115.28,110.58,4.700000000000003,97.97999999999999,98.66,-0.6800000000000068,0.6,0.5,0.09999999999999998,7.6,1.1333333333333335,6.466666666666666,0.5000953120567243,0.5199617458390497,-0.019866433782325443,0.11687363983922512,0.1242490382569054,-0.0073753984176802845,0.3115344886768281,0.31873125506826694,-0.007196766391438847,0.24027560734821723,0.19279127818478578,0.047484329163431455,108.78,108.65,0.12999999999999545,99.01,105.69000000000001,-6.680000000000007,test,2024-12-29,2025-02-26
S45G01N270,2024-2025,2025-04-08,66,고양 소노,50,창원 LG,1,107,107,53,53,2.0,3.0,-1.0,0.0,0.0,0.0,0.0,0.0,0.0,0.0,0.0,0.0,0.0,0.0,0.0,2.0,3.0,-1.0,0.0,0.0,0.0,1408.1067210302394,1620.008653934852,-211.90193290461252,0.30034921126370173,0.6996507887362983,-0.39930157747259654,-211.90193290461252,0.30034921126370173,0.6666666666666666,1.0,-0.33333333333333337,9.333333333333334,15.666666666666666,-6.333333333333332,0.5219347781847782,0.5303872053872052,-0.008452427202427004,0.11906563870368782,0.10555037096451075,0.013515267739177064,0.3598086124401914,0.4160688665710186,-0.05626025413082719,0.25572853072853075,0.17463924963924962,0.08108928108928112,113.2666666666667,117.76666666666667,-4.499999999999972,102.3,95.86666666666667,6.433333333333323,0.4,0.8,-0.4,0.7999999999999993,13.8,-13.000000000000002,0.5180607978977545,0.5462085137085138,-0.028147715810759255,0.12202527437373145,0.12167322742731956,0.00035204694641188805,0.34088516746411485,0.3542356503433932,-0.01335048287927837,0.24536258427562774,0.1694660894660895,0.07589649480953825,112.0,115.12,-3.1200000000000045,109.46000000000001,95.8,13.66000000000001,0.4,0.7,-0.29999999999999993,1.7000000000000004,5.666666666666667,-3.966666666666667,0.5039199670490948,0.5155506993006993,-0.011630732251604492,0.12870090317732336,0.12377253370079302,0.004928369476530331,0.33675275733457133,0.3319552769126807,0.004797480421890654,0.2248023533672956,0.2008480408480408,0.023954312519254783,108.7,109.38,-0.6799999999999926,106.15,102.9,3.25,test,2024-12-29,2025-02-26
