sample_index,target_game_id,target_date,season,home_team_code,home_team,away_team_code,away_team,y_home_win,window,sequence_mode,crosses_season_boundary,home_history_start,home_history_end,away_history_start,away_history_end,split,train_end_date,validation_end_date
0,S23G01N16,2013-10-18,2013-2014,06,부산KT,50,창원LG,0,3,carryover,0,2013-10-12,2013-10-16,2013-10-12,2013-10-16,train,2021-04-06,2023-03-29
1,S23G01N17,2013-10-18,2013-2014,60,전주KCC,70,안양 KGC,1,3,carryover,0,2013-10-12,2013-10-15,2013-10-12,2013-10-16,train,2021-04-06,2023-03-29
2,S23G01N19,2013-10-19,2013-2014,35,서울삼성,65,인천전자랜드,0,3,carryover,0,2013-10-12,2013-10-17,2013-10-12,2013-10-17,train,2021-04-06,2023-03-29
3,S23G01N18,2013-10-19,2013-2014,16,원주동부,55,서울SK,0,3,carryover,0,2013-10-12,2013-10-16,2013-10-12,2013-10-17,train,2021-04-06,2023-03-29
4,S23G01N20,2013-10-19,2013-2014,10,울산모비스,30,고양오리온스,1,3,carryover,0,2013-10-12,2013-10-15,2013-10-12,2013-10-17,train,2021-04-06,2023-03-29
5,S23G01N21,2013-10-20,2013-2014,35,서울삼성,50,창원LG,0,3,carryover,0,2013-10-13,2013-10-19,2013-10-13,2013-10-18,train,2021-04-06,2023-03-29
6,S23G01N22,2013-10-20,2013-2014,60,전주KCC,06,부산KT,0,3,carryover,0,2013-10-13,2013-10-18,2013-10-13,2013-10-18,train,2021-04-06,2023-03-29
7,S23G01N23,2013-10-20,2013-2014,70,안양 KGC,30,고양오리온스,0,3,carryover,0,2013-10-13,2013-10-18,2013-10-13,2013-10-19,train,2021-04-06,2023-03-29
8,S23G01N24,2013-10-22,2013-2014,35,서울삼성,16,원주동부,0,3,carryover,0,2013-10-17,2013-10-20,2013-10-13,2013-10-19,train,2021-04-06,2023-03-29
9,S23G01N25,2013-10-23,2013-2014,06,부산KT,65,인천전자랜드,1,3,carryover,0,2013-10-16,2013-10-20,2013-10-13,2013-10-19,train,2021-04-06,2023-03-29
10,S23G01N26,2013-10-23,2013-2014,70,안양 KGC,10,울산모비스,1,3,carryover,0,2013-10-16,2013-10-20,2013-10-13,2013-10-19,train,2021-04-06,2023-03-29
11,S23G01N28,2013-10-24,2013-2014,30,고양오리온스,55,서울SK,0,3,carryover,0,2013-10-17,2013-10-20,2013-10-13,2013-10-19,train,2021-04-06,2023-03-29
12,S23G01N27,2013-10-24,2013-2014,50,창원LG,60,전주KCC,1,3,carryover,0,2013-10-16,2013-10-20,2013-10-15,2013-10-20,train,2021-04-06,2023-03-29
13,S23G01N30,2013-10-25,2013-2014,16,원주동부,06,부산KT,0,3,carryover,0,2013-10-16,2013-10-22,2013-10-18,2013-10-23,train,2021-04-06,2023-03-29
14,S23G01N29,2013-10-25,2013-2014,10,울산모비스,65,인천전자랜드,0,3,carryover,0,2013-10-15,2013-10-23,2013-10-17,2013-10-23,train,2021-04-06,2023-03-29
15,S23G01N31,2013-10-26,2013-2014,70,안양 KGC,55,서울SK,0,3,carryover,0,2013-10-18,2013-10-23,2013-10-17,2013-10-24,train,2021-04-06,2023-03-29
16,S23G01N32,2013-10-26,2013-2014,30,고양오리온스,50,창원LG,0,3,carryover,0,2013-10-19,2013-10-24,2013-10-18,2013-10-24,train,2021-04-06,2023-03-29
17,S23G01N33,2013-10-26,2013-2014,60,전주KCC,35,서울삼성,1,3,carryover,0,2013-10-18,2013-10-24,2013-10-19,2013-10-22,train,2021-04-06,2023-03-29
18,S23G01N34,2013-10-27,2013-2014,65,인천전자랜드,16,원주동부,1,3,carryover,0,2013-10-19,2013-10-25,2013-10-19,2013-10-25,train,2021-04-06,2023-03-29
19,S23G01N35,2013-10-27,2013-2014,55,서울SK,10,울산모비스,1,3,carryover,0,2013-10-19,2013-10-26,2013-10-19,2013-10-25,train,2021-04-06,2023-03-29
20,S23G01N36,2013-10-27,2013-2014,06,부산KT,35,서울삼성,1,3,carryover,0,2013-10-20,2013-10-25,2013-10-20,2013-10-26,train,2021-04-06,2023-03-29
21,S23G01N37,2013-10-29,2013-2014,50,창원LG,10,울산모비스,0,3,carryover,0,2013-10-20,2013-10-26,2013-10-23,2013-10-27,train,2021-04-06,2023-03-29
22,S23G01N38,2013-10-30,2013-2014,65,인천전자랜드,70,안양 KGC,1,3,carryover,0,2013-10-23,2013-10-27,2013-10-20,2013-10-26,train,2021-04-06,2023-03-29
23,S23G01N39,2013-10-30,2013-2014,60,전주KCC,16,원주동부,1,3,carryover,0,2013-10-20,2013-10-26,2013-10-22,2013-10-27,train,2021-04-06,2023-03-29
24,S23G01N40,2013-10-31,2013-2014,55,서울SK,06,부산KT,1,3,carryover,0,2013-10-24,2013-10-27,2013-10-23,2013-10-27,train,2021-04-06,2023-03-29
25,S23G01N41,2013-10-31,2013-2014,30,고양오리온스,35,서울삼성,1,3,carryover,0,2013-10-20,2013-10-26,2013-10-22,2013-10-27,train,2021-04-06,2023-03-29
26,S23G01N43,2013-11-01,2013-2014,50,창원LG,70,안양 KGC,0,3,carryover,0,2013-10-24,2013-10-29,2013-10-23,2013-10-30,train,2021-04-06,2023-03-29
27,S23G01N42,2013-11-01,2013-2014,10,울산모비스,16,원주동부,1,3,carryover,0,2013-10-25,2013-10-29,2013-10-25,2013-10-30,train,2021-04-06,2023-03-29
28,S23G01N44,2013-11-02,2013-2014,30,고양오리온스,60,전주KCC,0,3,carryover,0,2013-10-24,2013-10-31,2013-10-24,2013-10-30,train,2021-04-06,2023-03-29
29,S23G01N45,2013-11-02,2013-2014,65,인천전자랜드,55,서울SK,0,3,carryover,0,2013-10-25,2013-10-30,2013-10-26,2013-10-31,train,2021-04-06,2023-03-29
30,S23G01N46,2013-11-02,2013-2014,06,부산KT,35,서울삼성,1,3,carryover,0,2013-10-25,2013-10-31,2013-10-26,2013-10-31,train,2021-04-06,2023-03-29
31,S23G01N47,2013-11-03,2013-2014,10,울산모비스,70,안양 KGC,1,3,carryover,0,2013-10-27,2013-11-01,2013-10-26,2013-11-01,train,2021-04-06,2023-03-29
32,S23G01N48,2013-11-03,2013-2014,16,원주동부,30,고양오리온스,0,3,carryover,0,2013-10-27,2013-11-01,2013-10-26,2013-11-02,train,2021-04-06,2023-03-29
33,S23G01N49,2013-11-03,2013-2014,50,창원LG,55,서울SK,1,3,carryover,0,2013-10-26,2013-11-01,2013-10-27,2013-11-02,train,2021-04-06,2023-03-29
34,S23G01N50,2013-11-05,2013-2014,65,인천전자랜드,50,창원LG,0,3,carryover,0,2013-10-27,2013-11-02,2013-10-29,2013-11-03,train,2021-04-06,2023-03-29
35,S23G01N51,2013-11-06,2013-2014,60,전주KCC,16,원주동부,1,3,carryover,0,2013-10-26,2013-11-02,2013-10-30,2013-11-03,train,2021-04-06,2023-03-29
36,S23G01N52,2013-11-06,2013-2014,10,울산모비스,06,부산KT,1,3,carryover,0,2013-10-29,2013-11-03,2013-10-27,2013-11-02,train,2021-04-06,2023-03-29
37,S23G01N53,2013-11-07,2013-2014,70,안양 KGC,55,서울SK,0,3,carryover,0,2013-10-30,2013-11-03,2013-10-31,2013-11-03,train,2021-04-06,2023-03-29
38,S23G01N54,2013-11-07,2013-2014,35,서울삼성,30,고양오리온스,1,3,carryover,0,2013-10-27,2013-11-02,2013-10-31,2013-11-03,train,2021-04-06,2023-03-29
39,S23G01N55,2013-11-08,2013-2014,06,부산KT,60,전주KCC,1,3,carryover,0,2013-10-31,2013-11-06,2013-10-30,2013-11-06,train,2021-04-06,2023-03-29
40,S23G01N56,2013-11-08,2013-2014,65,인천전자랜드,10,울산모비스,0,3,carryover,0,2013-10-30,2013-11-05,2013-11-01,2013-11-06,train,2021-04-06,2023-03-29
41,S23G01N57,2013-11-09,2013-2014,35,서울삼성,55,서울SK,1,3,carryover,0,2013-10-31,2013-11-07,2013-11-02,2013-11-07,train,2021-04-06,2023-03-29
42,S23G01N58,2013-11-09,2013-2014,50,창원LG,16,원주동부,1,3,carryover,0,2013-11-01,2013-11-05,2013-11-01,2013-11-06,train,2021-04-06,2023-03-29
43,S23G01N59,2013-11-09,2013-2014,30,고양오리온스,70,안양 KGC,1,3,carryover,0,2013-11-02,2013-11-07,2013-11-01,2013-11-07,train,2021-04-06,2023-03-29
44,S23G01N61,2013-11-10,2013-2014,60,전주KCC,65,인천전자랜드,0,3,carryover,0,2013-11-02,2013-11-08,2013-11-02,2013-11-08,train,2021-04-06,2023-03-29
45,S23G01N60,2013-11-10,2013-2014,06,부산KT,55,서울SK,0,3,carryover,0,2013-11-02,2013-11-08,2013-11-03,2013-11-09,train,2021-04-06,2023-03-29
46,S23G01N62,2013-11-10,2013-2014,16,원주동부,70,안양 KGC,0,3,carryover,0,2013-11-03,2013-11-09,2013-11-03,2013-11-09,train,2021-04-06,2023-03-29
47,S23G01N63,2013-11-12,2013-2014,65,인천전자랜드,35,서울삼성,0,3,carryover,0,2013-11-05,2013-11-10,2013-11-02,2013-11-09,train,2021-04-06,2023-03-29
48,S23G01N64,2013-11-13,2013-2014,16,원주동부,10,울산모비스,0,3,carryover,0,2013-11-06,2013-11-10,2013-11-03,2013-11-08,train,2021-04-06,2023-03-29
49,S23G01N65,2013-11-13,2013-2014,50,창원LG,70,안양 KGC,1,3,carryover,0,2013-11-03,2013-11-09,2013-11-07,2013-11-10,train,2021-04-06,2023-03-29
50,S23G01N66,2013-11-14,2013-2014,60,전주KCC,55,서울SK,0,3,carryover,0,2013-11-06,2013-11-10,2013-11-07,2013-11-10,train,2021-04-06,2023-03-29
51,S23G01N67,2013-11-14,2013-2014,30,고양오리온스,06,부산KT,1,3,carryover,0,2013-11-03,2013-11-09,2013-11-06,2013-11-10,train,2021-04-06,2023-03-29
52,S23G01N69,2013-11-15,2013-2014,16,원주동부,35,서울삼성,0,3,carryover,0,2013-11-09,2013-11-13,2013-11-07,2013-11-12,train,2021-04-06,2023-03-29
53,S23G01N68,2013-11-15,2013-2014,70,안양 KGC,65,인천전자랜드,1,3,carryover,0,2013-11-09,2013-11-13,2013-11-08,2013-11-12,train,2021-04-06,2023-03-29
54,S23G01N71,2013-11-16,2013-2014,06,부산KT,50,창원LG,1,3,carryover,0,2013-11-08,2013-11-14,2013-11-05,2013-11-13,train,2021-04-06,2023-03-29
55,S23G01N70,2013-11-16,2013-2014,60,전주KCC,30,고양오리온스,0,3,carryover,0,2013-11-08,2013-11-14,2013-11-07,2013-11-14,train,2021-04-06,2023-03-29
56,S23G01N72,2013-11-16,2013-2014,10,울산모비스,55,서울SK,0,3,carryover,0,2013-11-06,2013-11-13,2013-11-09,2013-11-14,train,2021-04-06,2023-03-29
57,S23G01N73,2013-11-17,2013-2014,35,서울삼성,60,전주KCC,1,3,carryover,0,2013-11-09,2013-11-15,2013-11-10,2013-11-16,train,2021-04-06,2023-03-29
58,S23G01N74,2013-11-17,2013-2014,30,고양오리온스,65,인천전자랜드,1,3,carryover,0,2013-11-09,2013-11-16,2013-11-10,2013-11-15,train,2021-04-06,2023-03-29
59,S23G01N75,2013-11-17,2013-2014,50,창원LG,10,울산모비스,1,3,carryover,0,2013-11-09,2013-11-16,2013-11-08,2013-11-16,train,2021-04-06,2023-03-29
60,S23G01N76,2013-11-19,2013-2014,16,원주동부,65,인천전자랜드,0,3,carryover,0,2013-11-10,2013-11-15,2013-11-12,2013-11-17,train,2021-04-06,2023-03-29
61,S23G01N77,2013-11-20,2013-2014,70,안양 KGC,06,부산KT,1,3,carryover,0,2013-11-10,2013-11-15,2013-11-10,2013-11-16,train,2021-04-06,2023-03-29
62,S23G01N78,2013-11-20,2013-2014,55,서울SK,30,고양오리온스,1,3,carryover,0,2013-11-10,2013-11-16,2013-11-14,2013-11-17,train,2021-04-06,2023-03-29
63,S23G01N79,2013-11-21,2013-2014,60,전주KCC,10,울산모비스,1,3,carryover,0,2013-11-14,2013-11-17,2013-11-13,2013-11-17,train,2021-04-06,2023-03-29
64,S23G01N80,2013-11-21,2013-2014,50,창원LG,35,서울삼성,0,3,carryover,0,2013-11-13,2013-11-17,2013-11-12,2013-11-17,train,2021-04-06,2023-03-29
65,S23G01N81,2013-11-22,2013-2014,06,부산KT,16,원주동부,1,3,carryover,0,2013-11-14,2013-11-20,2013-11-13,2013-11-19,train,2021-04-06,2023-03-29
66,S23G01N82,2013-11-22,2013-2014,65,인천전자랜드,55,서울SK,0,3,carryover,0,2013-11-15,2013-11-19,2013-11-14,2013-11-20,train,2021-04-06,2023-03-29
67,S23G01N83,2013-11-23,2013-2014,70,안양 KGC,60,전주KCC,0,3,carryover,0,2013-11-13,2013-11-20,2013-11-16,2013-11-21,train,2021-04-06,2023-03-29
68,S23G01N84,2013-11-23,2013-2014,10,울산모비스,35,서울삼성,1,3,carryover,0,2013-11-16,2013-11-21,2013-11-15,2013-11-21,train,2021-04-06,2023-03-29
69,S23G01N85,2013-11-23,2013-2014,30,고양오리온스,50,창원LG,0,3,carryover,0,2013-11-16,2013-11-20,2013-11-16,2013-11-21,train,2021-04-06,2023-03-29
70,S23G01N86,2013-11-24,2013-2014,55,서울SK,16,원주동부,0,3,carryover,0,2013-11-16,2013-11-22,2013-11-15,2013-11-22,train,2021-04-06,2023-03-29
71,S23G01N87,2013-11-24,2013-2014,35,서울삼성,70,안양 KGC,1,3,carryover,0,2013-11-17,2013-11-23,2013-11-15,2013-11-23,train,2021-04-06,2023-03-29
72,S23G01N88,2013-11-24,2013-2014,65,인천전자랜드,06,부산KT,1,3,carryover,0,2013-11-17,2013-11-22,2013-11-16,2013-11-22,train,2021-04-06,2023-03-29
73,S23G01N89,2013-11-26,2013-2014,60,전주KCC,50,창원LG,0,3,carryover,0,2013-11-17,2013-11-23,2013-11-17,2013-11-23,train,2021-04-06,2023-03-29
74,S23G01N90,2013-11-27,2013-2014,10,울산모비스,30,고양오리온스,1,3,carryover,0,2013-11-17,2013-11-23,2013-11-17,2013-11-23,train,2021-04-06,2023-03-29
75,S23G01N91,2013-11-28,2013-2014,50,창원LG,16,원주동부,1,3,carryover,0,2013-11-21,2013-11-26,2013-11-19,2013-11-24,train,2021-04-06,2023-03-29
76,S23G01N92,2013-11-29,2013-2014,06,부산KT,70,안양 KGC,1,3,carryover,0,2013-11-20,2013-11-24,2013-11-20,2013-11-24,train,2021-04-06,2023-03-29
77,S23G01N93,2013-11-30,2013-2014,30,고양오리온스,60,전주KCC,1,3,carryover,0,2013-11-20,2013-11-27,2013-11-21,2013-11-26,train,2021-04-06,2023-03-29
78,S23G01N94,2013-11-30,2013-2014,55,서울SK,65,인천전자랜드,1,3,carryover,0,2013-11-20,2013-11-24,2013-11-19,2013-11-24,train,2021-04-06,2023-03-29
79,S23G01N95,2013-11-30,2013-2014,10,울산모비스,35,서울삼성,1,3,carryover,0,2013-11-21,2013-11-27,2013-11-21,2013-11-24,train,2021-04-06,2023-03-29
80,S23G01N97,2013-12-01,2013-2014,60,전주KCC,50,창원LG,0,3,carryover,0,2013-11-23,2013-11-30,2013-11-23,2013-11-28,train,2021-04-06,2023-03-29
81,S23G01N96,2013-12-01,2013-2014,06,부산KT,55,서울SK,1,3,carryover,0,2013-11-22,2013-11-29,2013-11-22,2013-11-30,train,2021-04-06,2023-03-29
82,S23G01N98,2013-12-01,2013-2014,70,안양 KGC,65,인천전자랜드,0,3,carryover,0,2013-11-23,2013-11-29,2013-11-22,2013-11-30,train,2021-04-06,2023-03-29
83,S23G01N99,2013-12-03,2013-2014,06,부산KT,35,서울삼성,0,3,carryover,0,2013-11-24,2013-12-01,2013-11-23,2013-11-30,train,2021-04-06,2023-03-29
84,S23G01N100,2013-12-04,2013-2014,55,서울SK,30,고양오리온스,1,3,carryover,0,2013-11-24,2013-12-01,2013-11-23,2013-11-30,train,2021-04-06,2023-03-29
85,S23G01N101,2013-12-04,2013-2014,65,인천전자랜드,50,창원LG,1,3,carryover,0,2013-11-24,2013-12-01,2013-11-26,2013-12-01,train,2021-04-06,2023-03-29
86,S23G01N102,2013-12-05,2013-2014,10,울산모비스,70,안양 KGC,1,3,carryover,0,2013-11-23,2013-11-30,2013-11-24,2013-12-01,train,2021-04-06,2023-03-29
87,S23G01N103,2013-12-05,2013-2014,16,원주동부,60,전주KCC,1,3,carryover,0,2013-11-22,2013-11-28,2013-11-26,2013-12-01,train,2021-04-06,2023-03-29
88,S23G01N104,2013-12-06,2013-2014,35,서울삼성,30,고양오리온스,1,3,carryover,0,2013-11-24,2013-12-03,2013-11-27,2013-12-04,train,2021-04-06,2023-03-29
89,S23G01N105,2013-12-06,2013-2014,65,인천전자랜드,06,부산KT,0,3,carryover,0,2013-11-30,2013-12-04,2013-11-29,2013-12-03,train,2021-04-06,2023-03-29
90,S23G01N107,2013-12-07,2013-2014,70,안양 KGC,50,창원LG,0,3,carryover,0,2013-11-29,2013-12-05,2013-11-28,2013-12-04,train,2021-04-06,2023-03-29
91,S23G01N106,2013-12-07,2013-2014,16,원주동부,55,서울SK,1,3,carryover,0,2013-11-24,2013-12-05,2013-11-30,2013-12-04,train,2021-04-06,2023-03-29
92,S23G01N108,2013-12-07,2013-2014,60,전주KCC,10,울산모비스,0,3,carryover,0,2013-11-30,2013-12-05,2013-11-27,2013-12-05,train,2021-04-06,2023-03-29
93,S23G01N109,2013-12-08,2013-2014,16,원주동부,35,서울삼성,0,3,carryover,0,2013-11-28,2013-12-07,2013-11-30,2013-12-06,train,2021-04-06,2023-03-29
94,S23G01N110,2013-12-08,2013-2014,50,창원LG,55,서울SK,1,3,carryover,0,2013-12-01,2013-12-07,2013-12-01,2013-12-07,train,2021-04-06,2023-03-29
95,S23G01N111,2013-12-08,2013-2014,30,고양오리온스,10,울산모비스,1,3,carryover,0,2013-11-30,2013-12-06,2013-11-30,2013-12-07,train,2021-04-06,2023-03-29
96,S23G01N112,2013-12-10,2013-2014,35,서울삼성,65,인천전자랜드,0,3,carryover,0,2013-12-03,2013-12-08,2013-12-01,2013-12-06,train,2021-04-06,2023-03-29
97,S23G01N113,2013-12-11,2013-2014,16,원주동부,06,부산KT,0,3,carryover,0,2013-12-05,2013-12-08,2013-12-01,2013-12-06,train,2021-04-06,2023-03-29
98,S23G01N114,2013-12-11,2013-2014,50,창원LG,30,고양오리온스,1,3,carryover,0,2013-12-04,2013-12-08,2013-12-04,2013-12-08,train,2021-04-06,2023-03-29
99,S23G01N115,2013-12-12,2013-2014,70,안양 KGC,60,전주KCC,0,3,carryover,0,2013-12-01,2013-12-07,2013-12-01,2013-12-07,train,2021-04-06,2023-03-29
100,S23G01N116,2013-12-12,2013-2014,55,서울SK,10,울산모비스,1,3,carryover,0,2013-12-04,2013-12-08,2013-12-05,2013-12-08,train,2021-04-06,2023-03-29
101,S23G01N118,2013-12-13,2013-2014,16,원주동부,65,인천전자랜드,1,3,carryover,0,2013-12-07,2013-12-11,2013-12-04,2013-12-10,train,2021-04-06,2023-03-29
102,S23G01N117,2013-12-13,2013-2014,06,부산KT,30,고양오리온스,0,3,carryover,0,2013-12-03,2013-12-11,2013-12-06,2013-12-11,train,2021-04-06,2023-03-29
103,S23G01N119,2013-12-14,2013-2014,70,안양 KGC,35,서울삼성,0,3,carryover,0,2013-12-05,2013-12-12,2013-12-06,2013-12-10,train,2021-04-06,2023-03-29
104,S23G01N120,2013-12-14,2013-2014,50,창원LG,10,울산모비스,0,3,carryover,0,2013-12-07,2013-12-11,2013-12-07,2013-12-12,train,2021-04-06,2023-03-29
105,S23G01N121,2013-12-14,2013-2014,55,서울SK,60,전주KCC,1,3,carryover,0,2013-12-07,2013-12-12,2013-12-05,2013-12-12,train,2021-04-06,2023-03-29
106,S23G01N122,2013-12-15,2013-2014,16,원주동부,70,안양 KGC,0,3,carryover,0,2013-12-08,2013-12-13,2013-12-07,2013-12-14,train,2021-04-06,2023-03-29
107,S23G01N123,2013-12-15,2013-2014,10,울산모비스,06,부산KT,1,3,carryover,0,2013-12-08,2013-12-14,2013-12-06,2013-12-13,train,2021-04-06,2023-03-29
108,S23G01N124,2013-12-15,2013-2014,65,인천전자랜드,30,고양오리온스,1,3,carryover,0,2013-12-06,2013-12-13,2013-12-08,2013-12-13,train,2021-04-06,2023-03-29
109,S23G01N125,2013-12-17,2013-2014,60,전주KCC,35,서울삼성,1,3,carryover,0,2013-12-07,2013-12-14,2013-12-08,2013-12-14,train,2021-04-06,2023-03-29
110,S23G01N126,2013-12-18,2013-2014,65,인천전자랜드,10,울산모비스,0,3,carryover,0,2013-12-10,2013-12-15,2013-12-12,2013-12-15,train,2021-04-06,2023-03-29
111,S23G01N127,2013-12-18,2013-2014,55,서울SK,70,안양 KGC,0,3,carryover,0,2013-12-08,2013-12-14,2013-12-12,2013-12-15,train,2021-04-06,2023-03-29
112,S23G01N129,2013-12-24,2013-2014,16,원주동부,10,울산모비스,0,3,carryover,0,2013-12-11,2013-12-15,2013-12-14,2013-12-18,train,2021-04-06,2023-03-29
113,S23G01N128,2013-12-24,2013-2014,70,안양 KGC,30,고양오리온스,0,3,carryover,0,2013-12-14,2013-12-18,2013-12-11,2013-12-15,train,2021-04-06,2023-03-29
114,S23G01N131,2013-12-25,2013-2014,65,인천전자랜드,60,전주KCC,1,3,carryover,0,2013-12-13,2013-12-18,2013-12-12,2013-12-17,train,2021-04-06,2023-03-29
115,S23G01N130,2013-12-25,2013-2014,55,서울SK,35,서울삼성,1,3,carryover,0,2013-12-12,2013-12-18,2013-12-10,2013-12-17,train,2021-04-06,2023-03-29
116,S23G01N132,2013-12-25,2013-2014,50,창원LG,06,부산KT,1,3,carryover,0,2013-12-08,2013-12-14,2013-12-11,2013-12-15,train,2021-04-06,2023-03-29
117,S23G01N133,2013-12-26,2013-2014,30,고양오리온스,16,원주동부,0,3,carryover,0,2013-12-13,2013-12-24,2013-12-13,2013-12-24,train,2021-04-06,2023-03-29
118,S23G01N134,2013-12-27,2013-2014,35,서울삼성,50,창원LG,0,3,carryover,0,2013-12-14,2013-12-25,2013-12-11,2013-12-25,train,2021-04-06,2023-03-29
119,S23G01N135,2013-12-28,2013-2014,06,부산KT,60,전주KCC,0,3,carryover,0,2013-12-13,2013-12-25,2013-12-14,2013-12-25,train,2021-04-06,2023-03-29
120,S23G01N136,2013-12-28,2013-2014,30,고양오리온스,55,서울SK,0,3,carryover,0,2013-12-15,2013-12-26,2013-12-14,2013-12-25,train,2021-04-06,2023-03-29
121,S23G01N137,2013-12-28,2013-2014,65,인천전자랜드,70,안양 KGC,1,3,carryover,0,2013-12-15,2013-12-25,2013-12-15,2013-12-24,train,2021-04-06,2023-03-29
122,S23G01N139,2013-12-29,2013-2014,50,창원LG,60,전주KCC,1,3,carryover,0,2013-12-14,2013-12-27,2013-12-17,2013-12-28,train,2021-04-06,2023-03-29
123,S23G01N138,2013-12-29,2013-2014,10,울산모비스,06,부산KT,1,3,carryover,0,2013-12-15,2013-12-24,2013-12-15,2013-12-28,train,2021-04-06,2023-03-29
124,S23G01N140,2013-12-29,2013-2014,16,원주동부,35,서울삼성,0,3,carryover,0,2013-12-15,2013-12-26,2013-12-17,2013-12-27,train,2021-04-06,2023-03-29
125,S23G01N141,2013-12-31,2013-2014,60,전주KCC,70,안양 KGC,0,3,carryover,0,2013-12-25,2013-12-29,2013-12-18,2013-12-28,train,2021-04-06,2023-03-29
126,S23G01N142,2013-12-31,2013-2014,30,고양오리온스,10,울산모비스,1,3,carryover,0,2013-12-24,2013-12-28,2013-12-18,2013-12-29,train,2021-04-06,2023-03-29
127,S23G01N143,2014-01-01,2013-2014,16,원주동부,50,창원LG,0,3,carryover,0,2013-12-24,2013-12-29,2013-12-25,2013-12-29,train,2021-04-06,2023-03-29
128,S23G01N144,2014-01-01,2013-2014,35,서울삼성,55,서울SK,0,3,carryover,0,2013-12-25,2013-12-29,2013-12-18,2013-12-28,train,2021-04-06,2023-03-29
129,S23G01N145,2014-01-01,2013-2014,06,부산KT,65,인천전자랜드,1,3,carryover,0,2013-12-25,2013-12-29,2013-12-18,2013-12-28,train,2021-04-06,2023-03-29
130,S23G01N146,2014-01-02,2013-2014,10,울산모비스,60,전주KCC,1,3,carryover,0,2013-12-24,2013-12-31,2013-12-28,2013-12-31,train,2021-04-06,2023-03-29
131,S23G01N147,2014-01-03,2013-2014,55,서울SK,16,원주동부,1,3,carryover,0,2013-12-25,2014-01-01,2013-12-26,2014-01-01,train,2021-04-06,2023-03-29
132,S23G01N148,2014-01-04,2013-2014,50,창원LG,65,인천전자랜드,0,3,carryover,0,2013-12-27,2014-01-01,2013-12-25,2014-01-01,train,2021-04-06,2023-03-29
133,S23G01N149,2014-01-04,2013-2014,70,안양 KGC,35,서울삼성,1,3,carryover,0,2013-12-24,2013-12-31,2013-12-27,2014-01-01,train,2021-04-06,2023-03-29
134,S23G01N150,2014-01-04,2013-2014,06,부산KT,30,고양오리온스,1,3,carryover,0,2013-12-28,2014-01-01,2013-12-26,2013-12-31,train,2021-04-06,2023-03-29
135,S23G01N151,2014-01-05,2013-2014,10,울산모비스,65,인천전자랜드,1,3,carryover,0,2013-12-29,2014-01-02,2013-12-28,2014-01-04,train,2021-04-06,2023-03-29
136,S23G01N152,2014-01-05,2013-2014,35,서울삼성,60,전주KCC,1,3,carryover,0,2013-12-29,2014-01-04,2013-12-29,2014-01-02,train,2021-04-06,2023-03-29
137,S23G01N153,2014-01-05,2013-2014,30,고양오리온스,50,창원LG,1,3,carryover,0,2013-12-28,2014-01-04,2013-12-29,2014-01-04,train,2021-04-06,2023-03-29
138,S23G01N154,2014-01-07,2013-2014,70,안양 KGC,10,울산모비스,0,3,carryover,0,2013-12-28,2014-01-04,2013-12-31,2014-01-05,train,2021-04-06,2023-03-29
139,S23G01N155,2014-01-08,2013-2014,35,서울삼성,30,고양오리온스,0,3,carryover,0,2014-01-01,2014-01-05,2013-12-31,2014-01-05,train,2021-04-06,2023-03-29
140,S23G01N156,2014-01-08,2013-2014,50,창원LG,06,부산KT,0,3,carryover,0,2014-01-01,2014-01-05,2013-12-29,2014-01-04,train,2021-04-06,2023-03-29
141,S23G01N157,2014-01-09,2013-2014,16,원주동부,60,전주KCC,0,3,carryover,0,2013-12-29,2014-01-03,2013-12-31,2014-01-05,train,2021-04-06,2023-03-29
142,S23G01N158,2014-01-09,2013-2014,65,인천전자랜드,55,서울SK,1,3,carryover,0,2014-01-01,2014-01-05,2013-12-28,2014-01-03,train,2021-04-06,2023-03-29
143,S23G01N159,2014-01-10,2013-2014,50,창원LG,70,안양 KGC,1,3,carryover,0,2014-01-04,2014-01-08,2013-12-31,2014-01-07,train,2021-04-06,2023-03-29
144,S23G01N160,2014-01-10,2013-2014,35,서울삼성,10,울산모비스,0,3,carryover,0,2014-01-04,2014-01-08,2014-01-02,2014-01-07,train,2021-04-06,2023-03-29
145,S23G01N162,2014-01-11,2013-2014,55,서울SK,06,부산KT,1,3,carryover,0,2014-01-01,2014-01-09,2014-01-01,2014-01-08,train,2021-04-06,2023-03-29
146,S23G01N161,2014-01-11,2013-2014,16,원주동부,65,인천전자랜드,0,3,carryover,0,2014-01-01,2014-01-09,2014-01-04,2014-01-09,train,2021-04-06,2023-03-29
147,S23G01N163,2014-01-11,2013-2014,60,전주KCC,30,고양오리온스,1,3,carryover,0,2014-01-02,2014-01-09,2014-01-04,2014-01-08,train,2021-04-06,2023-03-29
148,S23G01N165,2014-01-12,2013-2014,06,부산KT,16,원주동부,1,3,carryover,0,2014-01-04,2014-01-11,2014-01-03,2014-01-11,train,2021-04-06,2023-03-29
149,S23G01N164,2014-01-12,2013-2014,65,인천전자랜드,35,서울삼성,1,3,carryover,0,2014-01-05,2014-01-11,2014-01-05,2014-01-10,train,2021-04-06,2023-03-29
150,S23G01N166,2014-01-12,2013-2014,70,안양 KGC,55,서울SK,1,3,carryover,0,2014-01-04,2014-01-10,2014-01-03,2014-01-11,train,2021-04-06,2023-03-29
151,S23G01N167,2014-01-14,2013-2014,10,울산모비스,16,원주동부,1,3,carryover,0,2014-01-05,2014-01-10,2014-01-09,2014-01-12,train,2021-04-06,2023-03-29
152,S23G01N168,2014-01-15,2013-2014,55,서울SK,50,창원LG,0,3,carryover,0,2014-01-09,2014-01-12,2014-01-05,2014-01-10,train,2021-04-06,2023-03-29
153,S23G01N169,2014-01-15,2013-2014,30,고양오리온스,70,안양 KGC,1,3,carryover,0,2014-01-05,2014-01-11,2014-01-07,2014-01-12,train,2021-04-06,2023-03-29
154,S23G01N170,2014-01-16,2013-2014,35,서울삼성,06,부산KT,0,3,carryover,0,2014-01-08,2014-01-12,2014-01-08,2014-01-12,train,2021-04-06,2023-03-29
155,S23G01N171,2014-01-16,2013-2014,60,전주KCC,65,인천전자랜드,0,3,carryover,0,2014-01-05,2014-01-11,2014-01-09,2014-01-12,train,2021-04-06,2023-03-29
156,S23G01N172,2014-01-17,2013-2014,70,안양 KGC,16,원주동부,1,3,carryover,0,2014-01-10,2014-01-15,2014-01-11,2014-01-14,train,2021-04-06,2023-03-29
157,S23G01N173,2014-01-17,2013-2014,10,울산모비스,55,서울SK,0,3,carryover,0,2014-01-07,2014-01-14,2014-01-11,2014-01-15,train,2021-04-06,2023-03-29
158,S23G01N174,2014-01-18,2013-2014,60,전주KCC,06,부산KT,0,3,carryover,0,2014-01-09,2014-01-16,2014-01-11,2014-01-16,train,2021-04-06,2023-03-29
159,S23G01N175,2014-01-18,2013-2014,65,인천전자랜드,30,고양오리온스,1,3,carryover,0,2014-01-11,2014-01-16,2014-01-08,2014-01-15,train,2021-04-06,2023-03-29
160,S23G01N176,2014-01-18,2013-2014,35,서울삼성,50,창원LG,0,3,carryover,0,2014-01-10,2014-01-16,2014-01-08,2014-01-15,train,2021-04-06,2023-03-29
161,S23G01N177,2014-01-19,2013-2014,06,부산KT,70,안양 KGC,1,3,carryover,0,2014-01-12,2014-01-18,2014-01-12,2014-01-17,train,2021-04-06,2023-03-29
162,S23G01N178,2014-01-19,2013-2014,30,고양오리온스,16,원주동부,1,3,carryover,0,2014-01-11,2014-01-18,2014-01-12,2014-01-17,train,2021-04-06,2023-03-29
163,S23G01N179,2014-01-19,2013-2014,55,서울SK,60,전주KCC,1,3,carryover,0,2014-01-12,2014-01-17,2014-01-11,2014-01-18,train,2021-04-06,2023-03-29
164,S23G01N180,2014-01-21,2013-2014,10,울산모비스,50,창원LG,0,3,carryover,0,2014-01-10,2014-01-17,2014-01-10,2014-01-18,train,2021-04-06,2023-03-29
165,S23G01N181,2014-01-22,2013-2014,30,고양오리온스,35,서울삼성,1,3,carryover,0,2014-01-15,2014-01-19,2014-01-12,2014-01-18,train,2021-04-06,2023-03-29
166,S23G01N182,2014-01-22,2013-2014,16,원주동부,55,서울SK,0,3,carryover,0,2014-01-14,2014-01-19,2014-01-15,2014-01-19,train,2021-04-06,2023-03-29
167,S23G01N183,2014-01-23,2013-2014,10,울산모비스,70,안양 KGC,1,3,carryover,0,2014-01-14,2014-01-21,2014-01-15,2014-01-19,train,2021-04-06,2023-03-29
168,S23G01N184,2014-01-23,2013-2014,50,창원LG,60,전주KCC,1,3,carryover,0,2014-01-15,2014-01-21,2014-01-16,2014-01-19,train,2021-04-06,2023-03-29
169,S23G01N185,2014-01-24,2013-2014,06,부산KT,30,고양오리온스,0,3,carryover,0,2014-01-16,2014-01-19,2014-01-18,2014-01-22,train,2021-04-06,2023-03-29
170,S23G01N186,2014-01-24,2013-2014,55,서울SK,65,인천전자랜드,1,3,carryover,0,2014-01-17,2014-01-22,2014-01-12,2014-01-18,train,2021-04-06,2023-03-29
171,S23G01N188,2014-01-25,2013-2014,70,안양 KGC,60,전주KCC,1,3,carryover,0,2014-01-17,2014-01-23,2014-01-18,2014-01-23,train,2021-04-06,2023-03-29
172,S23G01N187,2014-01-25,2013-2014,35,서울삼성,10,울산모비스,0,3,carryover,0,2014-01-16,2014-01-22,2014-01-17,2014-01-23,train,2021-04-06,2023-03-29
173,S23G01N189,2014-01-25,2013-2014,16,원주동부,50,창원LG,0,3,carryover,0,2014-01-17,2014-01-22,2014-01-18,2014-01-23,train,2021-04-06,2023-03-29
174,S23G01N190,2014-01-26,2013-2014,06,부산KT,65,인천전자랜드,0,3,carryover,0,2014-01-18,2014-01-24,2014-01-16,2014-01-24,train,2021-04-06,2023-03-29
175,S23G01N191,2014-01-26,2013-2014,60,전주KCC,35,서울삼성,1,3,carryover,0,2014-01-19,2014-01-25,2014-01-18,2014-01-25,train,2021-04-06,2023-03-29
176,S23G01N192,2014-01-26,2013-2014,55,서울SK,50,창원LG,1,3,carryover,0,2014-01-19,2014-01-24,2014-01-21,2014-01-25,train,2021-04-06,2023-03-29
177,S23G01N193,2014-01-28,2013-2014,16,원주동부,70,안양 KGC,0,3,carryover,0,2014-01-19,2014-01-25,2014-01-19,2014-01-25,train,2021-04-06,2023-03-29
178,S23G01N194,2014-01-29,2013-2014,06,부산KT,60,전주KCC,1,3,carryover,0,2014-01-19,2014-01-26,2014-01-23,2014-01-26,train,2021-04-06,2023-03-29
179,S23G01N195,2014-01-29,2013-2014,30,고양오리온스,65,인천전자랜드,1,3,carryover,0,2014-01-19,2014-01-24,2014-01-18,2014-01-26,train,2021-04-06,2023-03-29
180,S23G01N196,2014-01-30,2013-2014,55,서울SK,10,울산모비스,0,3,carryover,0,2014-01-22,2014-01-26,2014-01-21,2014-01-25,train,2021-04-06,2023-03-29
181,S23G01N197,2014-01-30,2013-2014,50,창원LG,35,서울삼성,0,3,carryover,0,2014-01-23,2014-01-26,2014-01-22,2014-01-26,train,2021-04-06,2023-03-29
182,S23G01N198,2014-01-31,2013-2014,65,인천전자랜드,60,전주KCC,1,3,carryover,0,2014-01-24,2014-01-29,2014-01-25,2014-01-29,train,2021-04-06,2023-03-29
183,S23G01N199,2014-01-31,2013-2014,30,고양오리온스,16,원주동부,1,3,carryover,0,2014-01-22,2014-01-29,2014-01-22,2014-01-28,train,2021-04-06,2023-03-29
184,S23G01N200,2014-01-31,2013-2014,70,안양 KGC,06,부산KT,1,3,carryover,0,2014-01-23,2014-01-28,2014-01-24,2014-01-29,train,2021-04-06,2023-03-29
185,S23G01N201,2014-02-01,2013-2014,55,서울SK,35,서울삼성,1,3,carryover,0,2014-01-24,2014-01-30,2014-01-25,2014-01-30,train,2021-04-06,2023-03-29
186,S23G01N202,2014-02-01,2013-2014,10,울산모비스,50,창원LG,1,3,carryover,0,2014-01-23,2014-01-30,2014-01-25,2014-01-30,train,2021-04-06,2023-03-29
187,S23G01N203,2014-02-02,2013-2014,16,원주동부,06,부산KT,0,3,carryover,0,2014-01-25,2014-01-31,2014-01-26,2014-01-31,train,2021-04-06,2023-03-29
188,S23G01N204,2014-02-02,2013-2014,60,전주KCC,30,고양오리온스,0,3,carryover,0,2014-01-26,2014-01-31,2014-01-24,2014-01-31,train,2021-04-06,2023-03-29
189,S23G01N205,2014-02-02,2013-2014,70,안양 KGC,65,인천전자랜드,1,3,carryover,0,2014-01-25,2014-01-31,2014-01-26,2014-01-31,train,2021-04-06,2023-03-29
190,S23G01N206,2014-02-04,2013-2014,35,서울삼성,65,인천전자랜드,0,3,carryover,0,2014-01-26,2014-02-01,2014-01-29,2014-02-02,train,2021-04-06,2023-03-29
191,S23G01N208,2014-02-05,2013-2014,06,부산KT,50,창원LG,0,3,carryover,0,2014-01-29,2014-02-02,2014-01-26,2014-02-01,train,2021-04-06,2023-03-29
192,S23G01N207,2014-02-05,2013-2014,70,안양 KGC,30,고양오리온스,0,3,carryover,0,2014-01-28,2014-02-02,2014-01-29,2014-02-02,train,2021-04-06,2023-03-29
193,S23G01N210,2014-02-06,2013-2014,60,전주KCC,55,서울SK,1,3,carryover,0,2014-01-29,2014-02-02,2014-01-26,2014-02-01,train,2021-04-06,2023-03-29
194,S23G01N209,2014-02-06,2013-2014,16,원주동부,10,울산모비스,1,3,carryover,0,2014-01-28,2014-02-02,2014-01-25,2014-02-01,train,2021-04-06,2023-03-29
195,S23G01N211,2014-02-07,2013-2014,35,서울삼성,70,안양 KGC,0,3,carryover,0,2014-01-30,2014-02-04,2014-01-31,2014-02-05,train,2021-04-06,2023-03-29
196,S23G01N212,2014-02-07,2013-2014,50,창원LG,65,인천전자랜드,1,3,carryover,0,2014-01-30,2014-02-05,2014-01-31,2014-02-04,train,2021-04-06,2023-03-29
197,S23G01N214,2014-02-08,2013-2014,55,서울SK,06,부산KT,1,3,carryover,0,2014-01-30,2014-02-06,2014-01-31,2014-02-05,train,2021-04-06,2023-03-29
198,S23G01N213,2014-02-08,2013-2014,30,고양오리온스,10,울산모비스,1,3,carryover,0,2014-01-31,2014-02-05,2014-01-30,2014-02-06,train,2021-04-06,2023-03-29
199,S23G01N215,2014-02-08,2013-2014,60,전주KCC,16,원주동부,0,3,carryover,0,2014-01-31,2014-02-06,2014-01-31,2014-02-06,train,2021-04-06,2023-03-29
200,S23G01N216,2014-02-09,2013-2014,70,안양 KGC,50,창원LG,0,3,carryover,0,2014-02-02,2014-02-07,2014-02-01,2014-02-07,train,2021-04-06,2023-03-29
201,S23G01N217,2014-02-09,2013-2014,10,울산모비스,65,인천전자랜드,1,3,carryover,0,2014-02-01,2014-02-08,2014-02-02,2014-02-07,train,2021-04-06,2023-03-29
202,S23G01N218,2014-02-09,2013-2014,35,서울삼성,16,원주동부,1,3,carryover,0,2014-02-01,2014-02-07,2014-02-02,2014-02-08,train,2021-04-06,2023-03-29
203,S23G01N219,2014-02-11,2013-2014,55,서울SK,30,고양오리온스,1,3,carryover,0,2014-02-01,2014-02-08,2014-02-02,2014-02-08,train,2021-04-06,2023-03-29
204,S23G01N220,2014-02-12,2013-2014,35,서울삼성,06,부산KT,0,3,carryover,0,2014-02-04,2014-02-09,2014-02-02,2014-02-08,train,2021-04-06,2023-03-29
205,S23G01N221,2014-02-12,2013-2014,10,울산모비스,60,전주KCC,1,3,carryover,0,2014-02-06,2014-02-09,2014-02-02,2014-02-08,train,2021-04-06,2023-03-29
206,S23G01N222,2014-02-13,2013-2014,65,인천전자랜드,16,원주동부,0,3,carryover,0,2014-02-04,2014-02-09,2014-02-06,2014-02-09,train,2021-04-06,2023-03-29
207,S23G01N223,2014-02-13,2013-2014,50,창원LG,30,고양오리온스,1,3,carryover,0,2014-02-05,2014-02-09,2014-02-05,2014-02-11,train,2021-04-06,2023-03-29
208,S23G01N224,2014-02-14,2013-2014,06,부산KT,10,울산모비스,0,3,carryover,0,2014-02-05,2014-02-12,2014-02-08,2014-02-12,train,2021-04-06,2023-03-29
209,S23G01N225,2014-02-14,2013-2014,55,서울SK,70,안양 KGC,1,3,carryover,0,2014-02-06,2014-02-11,2014-02-05,2014-02-09,train,2021-04-06,2023-03-29
210,S23G01N227,2014-02-15,2013-2014,65,인천전자랜드,50,창원LG,0,3,carryover,0,2014-02-07,2014-02-13,2014-02-07,2014-02-13,train,2021-04-06,2023-03-29
211,S23G01N226,2014-02-15,2013-2014,30,고양오리온스,60,전주KCC,1,3,carryover,0,2014-02-08,2014-02-13,2014-02-06,2014-02-12,train,2021-04-06,2023-03-29
212,S23G01N228,2014-02-15,2013-2014,35,서울삼성,16,원주동부,1,3,carryover,0,2014-02-07,2014-02-12,2014-02-08,2014-02-13,train,2021-04-06,2023-03-29
213,S23G01N229,2014-02-16,2013-2014,06,부산KT,55,서울SK,0,3,carryover,0,2014-02-08,2014-02-14,2014-02-08,2014-02-14,train,2021-04-06,2023-03-29
214,S23G01N230,2014-02-16,2013-2014,70,안양 KGC,10,울산모비스,0,3,carryover,0,2014-02-07,2014-02-14,2014-02-09,2014-02-14,train,2021-04-06,2023-03-29
215,S23G01N231,2014-02-16,2013-2014,35,서울삼성,60,전주KCC,1,3,carryover,0,2014-02-09,2014-02-15,2014-02-08,2014-02-15,train,2021-04-06,2023-03-29
216,S23G01N232,2014-02-18,2013-2014,70,안양 KGC,06,부산KT,1,3,carryover,0,2014-02-09,2014-02-16,2014-02-12,2014-02-16,train,2021-04-06,2023-03-29
217,S23G01N233,2014-02-19,2013-2014,30,고양오리온스,55,서울SK,0,3,carryover,0,2014-02-11,2014-02-15,2014-02-11,2014-02-16,train,2021-04-06,2023-03-29
218,S23G01N234,2014-02-19,2013-2014,60,전주KCC,50,창원LG,0,3,carryover,0,2014-02-12,2014-02-16,2014-02-09,2014-02-15,train,2021-04-06,2023-03-29
219,S23G01N235,2014-02-20,2013-2014,35,서울삼성,10,울산모비스,0,3,carryover,0,2014-02-12,2014-02-16,2014-02-12,2014-02-16,train,2021-04-06,2023-03-29
220,S23G01N236,2014-02-20,2013-2014,65,인천전자랜드,16,원주동부,0,3,carryover,0,2014-02-09,2014-02-15,2014-02-09,2014-02-15,train,2021-04-06,2023-03-29
221,S23G01N238,2014-02-21,2013-2014,30,고양오리온스,06,부산KT,0,3,carryover,0,2014-02-13,2014-02-19,2014-02-14,2014-02-18,train,2021-04-06,2023-03-29
222,S23G01N237,2014-02-21,2013-2014,70,안양 KGC,50,창원LG,0,3,carryover,0,2014-02-14,2014-02-18,2014-02-13,2014-02-19,train,2021-04-06,2023-03-29
223,S23G01N239,2014-02-22,2013-2014,65,인천전자랜드,35,서울삼성,1,3,carryover,0,2014-02-13,2014-02-20,2014-02-15,2014-02-20,train,2021-04-06,2023-03-29
224,S23G01N240,2014-02-22,2013-2014,16,원주동부,60,전주KCC,0,3,carryover,0,2014-02-13,2014-02-20,2014-02-15,2014-02-19,train,2021-04-06,2023-03-29
225,S23G01N241,2014-02-22,2013-2014,10,울산모비스,55,서울SK,1,3,carryover,0,2014-02-14,2014-02-20,2014-02-14,2014-02-19,train,2021-04-06,2023-03-29
226,S23G01N243,2014-02-23,2013-2014,65,인천전자랜드,70,안양 KGC,1,3,carryover,0,2014-02-15,2014-02-22,2014-02-16,2014-02-21,train,2021-04-06,2023-03-29
227,S23G01N242,2014-02-23,2013-2014,50,창원LG,30,고양오리온스,1,3,carryover,0,2014-02-15,2014-02-21,2014-02-15,2014-02-21,train,2021-04-06,2023-03-29
228,S23G01N244,2014-02-23,2013-2014,06,부산KT,10,울산모비스,0,3,carryover,0,2014-02-16,2014-02-21,2014-02-16,2014-02-22,train,2021-04-06,2023-03-29
229,S23G01N245,2014-02-25,2013-2014,70,안양 KGC,35,서울삼성,1,3,carryover,0,2014-02-18,2014-02-23,2014-02-16,2014-02-22,train,2021-04-06,2023-03-29
230,S23G01N246,2014-02-26,2013-2014,55,서울SK,60,전주KCC,1,3,carryover,0,2014-02-16,2014-02-22,2014-02-16,2014-02-22,train,2021-04-06,2023-03-29
231,S23G01N247,2014-02-26,2013-2014,16,원주동부,50,창원LG,0,3,carryover,0,2014-02-15,2014-02-22,2014-02-19,2014-02-23,train,2021-04-06,2023-03-29
232,S23G01N248,2014-02-27,2013-2014,65,인천전자랜드,06,부산KT,1,3,carryover,0,2014-02-20,2014-02-23,2014-02-18,2014-02-23,train,2021-04-06,2023-03-29
233,S23G01N249,2014-02-27,2013-2014,10,울산모비스,30,고양오리온스,1,3,carryover,0,2014-02-20,2014-02-23,2014-02-19,2014-02-23,train,2021-04-06,2023-03-29
234,S23G01N250,2014-02-28,2013-2014,55,서울SK,70,안양 KGC,1,3,carryover,0,2014-02-19,2014-02-26,2014-02-21,2014-02-25,train,2021-04-06,2023-03-29
235,S23G01N251,2014-02-28,2013-2014,50,창원LG,35,서울삼성,1,3,carryover,0,2014-02-21,2014-02-26,2014-02-20,2014-02-25,train,2021-04-06,2023-03-29
236,S23G01N253,2014-03-01,2013-2014,60,전주KCC,06,부산KT,1,3,carryover,0,2014-02-19,2014-02-26,2014-02-21,2014-02-27,train,2021-04-06,2023-03-29
237,S23G01N252,2014-03-01,2013-2014,65,인천전자랜드,10,울산모비스,0,3,carryover,0,2014-02-22,2014-02-27,2014-02-22,2014-02-27,train,2021-04-06,2023-03-29
238,S23G01N254,2014-03-01,2013-2014,16,원주동부,30,고양오리온스,0,3,carryover,0,2014-02-20,2014-02-26,2014-02-21,2014-02-27,train,2021-04-06,2023-03-29
239,S23G01N255,2014-03-02,2013-2014,35,서울삼성,06,부산KT,0,3,carryover,0,2014-02-22,2014-02-28,2014-02-23,2014-03-01,train,2021-04-06,2023-03-29
240,S23G01N256,2014-03-02,2013-2014,50,창원LG,55,서울SK,1,3,carryover,0,2014-02-23,2014-02-28,2014-02-22,2014-02-28,train,2021-04-06,2023-03-29
241,S23G01N257,2014-03-02,2013-2014,10,울산모비스,16,원주동부,1,3,carryover,0,2014-02-23,2014-03-01,2014-02-22,2014-03-01,train,2021-04-06,2023-03-29
242,S23G01N258,2014-03-04,2013-2014,60,전주KCC,65,인천전자랜드,1,3,carryover,0,2014-02-22,2014-03-01,2014-02-23,2014-03-01,train,2021-04-06,2023-03-29
243,S23G01N259,2014-03-04,2013-2014,30,고양오리온스,70,안양 KGC,1,3,carryover,0,2014-02-23,2014-03-01,2014-02-23,2014-02-28,train,2021-04-06,2023-03-29
244,S23G01N260,2014-03-05,2013-2014,55,서울SK,35,서울삼성,0,3,carryover,0,2014-02-26,2014-03-02,2014-02-25,2014-03-02,train,2021-04-06,2023-03-29
245,S23G01N261,2014-03-05,2013-2014,06,부산KT,16,원주동부,1,3,carryover,0,2014-02-27,2014-03-02,2014-02-26,2014-03-02,train,2021-04-06,2023-03-29
246,S23G01N262,2014-03-06,2013-2014,65,인천전자랜드,30,고양오리온스,1,3,carryover,0,2014-02-27,2014-03-04,2014-02-27,2014-03-04,train,2021-04-06,2023-03-29
247,S23G01N263,2014-03-06,2013-2014,60,전주KCC,70,안양 KGC,1,3,carryover,0,2014-02-26,2014-03-04,2014-02-25,2014-03-04,train,2021-04-06,2023-03-29
248,S23G01N264,2014-03-07,2013-2014,55,서울SK,16,원주동부,1,3,carryover,0,2014-02-28,2014-03-05,2014-03-01,2014-03-05,train,2021-04-06,2023-03-29
249,S23G01N265,2014-03-07,2013-2014,10,울산모비스,50,창원LG,0,3,carryover,0,2014-02-27,2014-03-02,2014-02-26,2014-03-02,train,2021-04-06,2023-03-29
250,S23G01N267,2014-03-09,2013-2014,70,안양 KGC,16,원주동부,1,3,carryover,0,2014-02-28,2014-03-06,2014-03-02,2014-03-07,train,2021-04-06,2023-03-29
251,S23G01N266,2014-03-09,2013-2014,55,서울SK,65,인천전자랜드,0,3,carryover,0,2014-03-02,2014-03-07,2014-03-01,2014-03-06,train,2021-04-06,2023-03-29
252,S23G01N268,2014-03-09,2013-2014,30,고양오리온스,35,서울삼성,1,3,carryover,0,2014-03-01,2014-03-06,2014-02-28,2014-03-05,train,2021-04-06,2023-03-29
253,S23G01N270,2014-03-09,2013-2014,10,울산모비스,60,전주KCC,1,3,carryover,0,2014-03-01,2014-03-07,2014-03-01,2014-03-06,train,2021-04-06,2023-03-29
254,S23G01N269,2014-03-09,2013-2014,50,창원LG,06,부산KT,1,3,carryover,0,2014-02-28,2014-03-07,2014-03-01,2014-03-05,train,2021-04-06,2023-03-29
255,S25G01N2,2014-10-11,2014-2015,06,부산KT,70,안양 KGC,1,3,carryover,1,2014-03-02,2014-03-09,2014-03-04,2014-03-09,train,2021-04-06,2023-03-29
256,S25G01N1,2014-10-11,2014-2015,10,울산모비스,50,창원LG,0,3,carryover,1,2014-03-02,2014-03-09,2014-03-02,2014-03-09,train,2021-04-06,2023-03-29
257,S25G01N4,2014-10-11,2014-2015,60,전주KCC,16,원주동부,0,3,carryover,1,2014-03-04,2014-03-09,2014-03-05,2014-03-09,train,2021-04-06,2023-03-29
258,S25G01N3,2014-10-11,2014-2015,30,고양오리온스,35,서울삼성,1,3,carryover,1,2014-03-04,2014-03-09,2014-03-02,2014-03-09,train,2021-04-06,2023-03-29
259,S25G01N5,2014-10-12,2014-2015,70,안양 KGC,10,울산모비스,0,3,carryover,1,2014-03-06,2014-10-11,2014-03-07,2014-10-11,train,2021-04-06,2023-03-29
260,S25G01N6,2014-10-12,2014-2015,06,부산KT,65,인천전자랜드,0,3,carryover,1,2014-03-05,2014-10-11,2014-03-04,2014-03-09,train,2021-04-06,2023-03-29
261,S25G01N7,2014-10-12,2014-2015,50,창원LG,60,전주KCC,0,3,carryover,1,2014-03-07,2014-10-11,2014-03-06,2014-10-11,train,2021-04-06,2023-03-29
262,S25G01N9,2014-10-12,2014-2015,16,원주동부,30,고양오리온스,0,3,carryover,1,2014-03-07,2014-10-11,2014-03-06,2014-10-11,train,2021-04-06,2023-03-29
263,S25G01N8,2014-10-12,2014-2015,35,서울삼성,55,서울SK,0,3,carryover,1,2014-03-05,2014-10-11,2014-03-05,2014-03-09,train,2021-04-06,2023-03-29
264,S25G01N11,2014-10-14,2014-2015,10,울산모비스,60,전주KCC,1,3,carryover,1,2014-03-09,2014-10-12,2014-03-09,2014-10-12,train,2021-04-06,2023-03-29
265,S25G01N10,2014-10-14,2014-2015,55,서울SK,30,고양오리온스,0,3,carryover,1,2014-03-07,2014-10-12,2014-03-09,2014-10-12,train,2021-04-06,2023-03-29
266,S25G01N12,2014-10-15,2014-2015,70,안양 KGC,35,서울삼성,0,3,carryover,1,2014-03-09,2014-10-12,2014-03-09,2014-10-12,train,2021-04-06,2023-03-29
267,S25G01N13,2014-10-15,2014-2015,50,창원LG,06,부산KT,0,3,carryover,1,2014-03-09,2014-10-12,2014-03-09,2014-10-12,train,2021-04-06,2023-03-29
268,S25G01N14,2014-10-16,2014-2015,60,전주KCC,65,인천전자랜드,0,3,carryover,1,2014-10-11,2014-10-14,2014-03-06,2014-10-12,train,2021-04-06,2023-03-29
269,S25G01N15,2014-10-16,2014-2015,10,울산모비스,55,서울SK,1,3,carryover,1,2014-10-11,2014-10-14,2014-03-09,2014-10-14,train,2021-04-06,2023-03-29
270,S25G01N17,2014-10-17,2014-2015,16,원주동부,06,부산KT,0,3,carryover,1,2014-03-09,2014-10-12,2014-10-11,2014-10-15,train,2021-04-06,2023-03-29
271,S25G01N16,2014-10-17,2014-2015,30,고양오리온스,50,창원LG,1,3,carryover,0,2014-10-11,2014-10-14,2014-10-11,2014-10-15,train,2021-04-06,2023-03-29
272,S25G01N18,2014-10-18,2014-2015,35,서울삼성,60,전주KCC,0,3,carryover,0,2014-10-11,2014-10-15,2014-10-12,2014-10-16,train,2021-04-06,2023-03-29
273,S25G01N19,2014-10-18,2014-2015,70,안양 KGC,65,인천전자랜드,1,3,carryover,1,2014-10-11,2014-10-15,2014-03-09,2014-10-16,train,2021-04-06,2023-03-29
274,S25G01N21,2014-10-19,2014-2015,30,고양오리온스,10,울산모비스,1,3,carryover,0,2014-10-12,2014-10-17,2014-10-12,2014-10-16,train,2021-04-06,2023-03-29
275,S25G01N20,2014-10-19,2014-2015,06,부산KT,55,서울SK,0,3,carryover,0,2014-10-12,2014-10-17,2014-10-12,2014-10-16,train,2021-04-06,2023-03-29
276,S25G01N22,2014-10-19,2014-2015,50,창원LG,16,원주동부,0,3,carryover,0,2014-10-12,2014-10-17,2014-10-11,2014-10-17,train,2021-04-06,2023-03-29
277,S25G01N23,2014-10-20,2014-2015,35,서울삼성,65,인천전자랜드,0,3,carryover,0,2014-10-12,2014-10-18,2014-10-12,2014-10-18,train,2021-04-06,2023-03-29
278,S25G01N24,2014-10-21,2014-2015,70,안양 KGC,55,서울SK,0,3,carryover,0,2014-10-12,2014-10-18,2014-10-14,2014-10-19,train,2021-04-06,2023-03-29
279,S25G01N26,2014-10-22,2014-2015,10,울산모비스,16,원주동부,1,3,carryover,0,2014-10-14,2014-10-19,2014-10-12,2014-10-19,train,2021-04-06,2023-03-29
280,S25G01N25,2014-10-22,2014-2015,60,전주KCC,06,부산KT,1,3,carryover,0,2014-10-14,2014-10-18,2014-10-15,2014-10-19,train,2021-04-06,2023-03-29
281,S25G01N27,2014-10-23,2014-2015,30,고양오리온스,65,인천전자랜드,1,3,carryover,0,2014-10-14,2014-10-19,2014-10-16,2014-10-20,train,2021-04-06,2023-03-29
282,S25G01N28,2014-10-23,2014-2015,70,안양 KGC,50,창원LG,0,3,carryover,0,2014-10-15,2014-10-21,2014-10-15,2014-10-19,train,2021-04-06,2023-03-29
283,S25G01N29,2014-10-24,2014-2015,16,원주동부,55,서울SK,1,3,carryover,0,2014-10-17,2014-10-22,2014-10-16,2014-10-21,train,2021-04-06,2023-03-29
284,S25G01N30,2014-10-24,2014-2015,35,서울삼성,10,울산모비스,0,3,carryover,0,2014-10-15,2014-10-20,2014-10-16,2014-10-22,train,2021-04-06,2023-03-29
285,S25G01N31,2014-10-25,2014-2015,60,전주KCC,70,안양 KGC,1,3,carryover,0,2014-10-16,2014-10-22,2014-10-18,2014-10-23,train,2021-04-06,2023-03-29
286,S25G01N32,2014-10-25,2014-2015,06,부산KT,30,고양오리온스,0,3,carryover,0,2014-10-17,2014-10-22,2014-10-17,2014-10-23,train,2021-04-06,2023-03-29
287,S25G01N33,2014-10-26,2014-2015,55,서울SK,50,창원LG,1,3,carryover,0,2014-10-19,2014-10-24,2014-10-17,2014-10-23,train,2021-04-06,2023-03-29
288,S25G01N34,2014-10-26,2014-2015,16,원주동부,35,서울삼성,1,3,carryover,0,2014-10-19,2014-10-24,2014-10-18,2014-10-24,train,2021-04-06,2023-03-29
289,S25G01N35,2014-10-26,2014-2015,10,울산모비스,65,인천전자랜드,1,3,carryover,0,2014-10-19,2014-10-24,2014-10-18,2014-10-23,train,2021-04-06,2023-03-29
290,S25G01N36,2014-10-27,2014-2015,30,고양오리온스,60,전주KCC,1,3,carryover,0,2014-10-19,2014-10-25,2014-10-18,2014-10-25,train,2021-04-06,2023-03-29
291,S25G01N37,2014-10-28,2014-2015,50,창원LG,65,인천전자랜드,1,3,carryover,0,2014-10-19,2014-10-26,2014-10-20,2014-10-26,train,2021-04-06,2023-03-29
292,S25G01N39,2014-10-29,2014-2015,06,부산KT,35,서울삼성,0,3,carryover,0,2014-10-19,2014-10-25,2014-10-20,2014-10-26,train,2021-04-06,2023-03-29
293,S25G01N38,2014-10-29,2014-2015,60,전주KCC,55,서울SK,0,3,carryover,0,2014-10-22,2014-10-27,2014-10-21,2014-10-26,train,2021-04-06,2023-03-29
294,S25G01N41,2014-10-30,2014-2015,70,안양 KGC,30,고양오리온스,1,3,carryover,0,2014-10-21,2014-10-25,2014-10-23,2014-10-27,train,2021-04-06,2023-03-29
295,S25G01N40,2014-10-30,2014-2015,16,원주동부,65,인천전자랜드,1,3,carryover,0,2014-10-22,2014-10-26,2014-10-23,2014-10-28,train,2021-04-06,2023-03-29
296,S25G01N42,2014-10-31,2014-2015,10,울산모비스,06,부산KT,1,3,carryover,0,2014-10-22,2014-10-26,2014-10-22,2014-10-29,train,2021-04-06,2023-03-29
297,S25G01N43,2014-10-31,2014-2015,35,서울삼성,50,창원LG,1,3,carryover,0,2014-10-24,2014-10-29,2014-10-23,2014-10-28,train,2021-04-06,2023-03-29
298,S25G01N44,2014-11-01,2014-2015,70,안양 KGC,16,원주동부,0,3,carryover,0,2014-10-23,2014-10-30,2014-10-24,2014-10-30,train,2021-04-06,2023-03-29
299,S25G01N45,2014-11-01,2014-2015,55,서울SK,30,고양오리온스,1,3,carryover,0,2014-10-24,2014-10-29,2014-10-25,2014-10-30,train,2021-04-06,2023-03-29
300,S25G01N47,2014-11-02,2014-2015,50,창원LG,06,부산KT,1,3,carryover,0,2014-10-26,2014-10-31,2014-10-25,2014-10-31,train,2021-04-06,2023-03-29
301,S25G01N46,2014-11-02,2014-2015,65,인천전자랜드,10,울산모비스,0,3,carryover,0,2014-10-26,2014-10-30,2014-10-24,2014-10-31,train,2021-04-06,2023-03-29
302,S25G01N48,2014-11-02,2014-2015,60,전주KCC,35,서울삼성,0,3,carryover,0,2014-10-25,2014-10-29,2014-10-26,2014-10-31,train,2021-04-06,2023-03-29
303,S25G01N49,2014-11-03,2014-2015,30,고양오리온스,16,원주동부,0,3,carryover,0,2014-10-27,2014-11-01,2014-10-26,2014-11-01,train,2021-04-06,2023-03-29
304,S25G01N50,2014-11-04,2014-2015,60,전주KCC,65,인천전자랜드,1,3,carryover,0,2014-10-27,2014-11-02,2014-10-28,2014-11-02,train,2021-04-06,2023-03-29
305,S25G01N52,2014-11-05,2014-2015,10,울산모비스,70,안양 KGC,1,3,carryover,0,2014-10-26,2014-11-02,2014-10-25,2014-11-01,train,2021-04-06,2023-03-29
306,S25G01N51,2014-11-05,2014-2015,55,서울SK,06,부산KT,1,3,carryover,0,2014-10-26,2014-11-01,2014-10-29,2014-11-02,train,2021-04-06,2023-03-29
307,S25G01N53,2014-11-06,2014-2015,35,서울삼성,16,원주동부,0,3,carryover,0,2014-10-29,2014-11-02,2014-10-30,2014-11-03,train,2021-04-06,2023-03-29
308,S25G01N54,2014-11-06,2014-2015,50,창원LG,65,인천전자랜드,1,3,carryover,0,2014-10-28,2014-11-02,2014-10-30,2014-11-04,train,2021-04-06,2023-03-29
309,S25G01N55,2014-11-07,2014-2015,30,고양오리온스,60,전주KCC,1,3,carryover,0,2014-10-30,2014-11-03,2014-10-29,2014-11-04,train,2021-04-06,2023-03-29
310,S25G01N56,2014-11-07,2014-2015,70,안양 KGC,55,서울SK,1,3,carryover,0,2014-10-30,2014-11-05,2014-10-29,2014-11-05,train,2021-04-06,2023-03-29
311,S25G01N57,2014-11-08,2014-2015,06,부산KT,10,울산모비스,0,3,carryover,0,2014-10-31,2014-11-05,2014-10-31,2014-11-05,train,2021-04-06,2023-03-29
312,S25G01N58,2014-11-08,2014-2015,16,원주동부,65,인천전자랜드,1,3,carryover,0,2014-11-01,2014-11-06,2014-11-02,2014-11-06,train,2021-04-06,2023-03-29
313,S25G01N60,2014-11-09,2014-2015,30,고양오리온스,35,서울삼성,1,3,carryover,0,2014-11-01,2014-11-07,2014-10-31,2014-11-06,train,2021-04-06,2023-03-29
314,S25G01N59,2014-11-09,2014-2015,50,창원LG,70,안양 KGC,0,3,carryover,0,2014-10-31,2014-11-06,2014-11-01,2014-11-07,train,2021-04-06,2023-03-29
315,S25G01N61,2014-11-09,2014-2015,55,서울SK,60,전주KCC,1,3,carryover,0,2014-11-01,2014-11-07,2014-11-02,2014-11-07,train,2021-04-06,2023-03-29
316,S25G01N62,2014-11-10,2014-2015,16,원주동부,10,울산모비스,0,3,carryover,0,2014-11-03,2014-11-08,2014-11-02,2014-11-08,train,2021-04-06,2023-03-29
317,S25G01N63,2014-11-11,2014-2015,60,전주KCC,50,창원LG,0,3,carryover,0,2014-11-04,2014-11-09,2014-11-02,2014-11-09,train,2021-04-06,2023-03-29
318,S25G01N64,2014-11-12,2014-2015,35,서울삼성,06,부산KT,0,3,carryover,0,2014-11-02,2014-11-09,2014-11-02,2014-11-08,train,2021-04-06,2023-03-29
319,S25G01N65,2014-11-12,2014-2015,65,인천전자랜드,55,서울SK,0,3,carryover,0,2014-11-04,2014-11-08,2014-11-05,2014-11-09,train,2021-04-06,2023-03-29
320,S25G01N66,2014-11-13,2014-2015,70,안양 KGC,30,고양오리온스,0,3,carryover,0,2014-11-05,2014-11-09,2014-11-03,2014-11-09,train,2021-04-06,2023-03-29
321,S25G01N67,2014-11-13,2014-2015,10,울산모비스,50,창원LG,1,3,carryover,0,2014-11-05,2014-11-10,2014-11-06,2014-11-11,train,2021-04-06,2023-03-29
322,S25G01N68,2014-11-14,2014-2015,65,인천전자랜드,06,부산KT,1,3,carryover,0,2014-11-06,2014-11-12,2014-11-05,2014-11-12,train,2021-04-06,2023-03-29
323,S25G01N69,2014-11-14,2014-2015,55,서울SK,35,서울삼성,1,3,carryover,0,2014-11-07,2014-11-12,2014-11-06,2014-11-12,train,2021-04-06,2023-03-29
324,S25G01N70,2014-11-15,2014-2015,60,전주KCC,16,원주동부,0,3,carryover,0,2014-11-07,2014-11-11,2014-11-06,2014-11-10,train,2021-04-06,2023-03-29
325,S25G01N71,2014-11-15,2014-2015,30,고양오리온스,10,울산모비스,0,3,carryover,0,2014-11-07,2014-11-13,2014-11-08,2014-11-13,train,2021-04-06,2023-03-29
326,S25G01N72,2014-11-16,2014-2015,50,창원LG,55,서울SK,0,3,carryover,0,2014-11-09,2014-11-13,2014-11-09,2014-11-14,train,2021-04-06,2023-03-29
327,S25G01N73,2014-11-16,2014-2015,70,안양 KGC,06,부산KT,0,3,carryover,0,2014-11-07,2014-11-13,2014-11-08,2014-11-14,train,2021-04-06,2023-03-29
328,S25G01N74,2014-11-16,2014-2015,65,인천전자랜드,35,서울삼성,1,3,carryover,0,2014-11-08,2014-11-14,2014-11-09,2014-11-14,train,2021-04-06,2023-03-29
329,S25G01N75,2014-11-17,2014-2015,60,전주KCC,10,울산모비스,0,3,carryover,0,2014-11-09,2014-11-15,2014-11-10,2014-11-15,train,2021-04-06,2023-03-29
330,S25G01N76,2014-11-18,2014-2015,06,부산KT,30,고양오리온스,1,3,carryover,0,2014-11-12,2014-11-16,2014-11-09,2014-11-15,train,2021-04-06,2023-03-29
331,S25G01N77,2014-11-19,2014-2015,70,안양 KGC,35,서울삼성,1,3,carryover,0,2014-11-09,2014-11-16,2014-11-12,2014-11-16,train,2021-04-06,2023-03-29
332,S25G01N78,2014-11-19,2014-2015,50,창원LG,16,원주동부,0,3,carryover,0,2014-11-11,2014-11-16,2014-11-08,2014-11-15,train,2021-04-06,2023-03-29
333,S25G01N79,2014-11-20,2014-2015,30,고양오리온스,65,인천전자랜드,0,3,carryover,0,2014-11-13,2014-11-18,2014-11-12,2014-11-16,train,2021-04-06,2023-03-29
334,S25G01N80,2014-11-20,2014-2015,55,서울SK,10,울산모비스,1,3,carryover,0,2014-11-12,2014-11-16,2014-11-13,2014-11-17,train,2021-04-06,2023-03-29
335,S25G01N81,2014-11-21,2014-2015,06,부산KT,16,원주동부,0,3,carryover,0,2014-11-14,2014-11-18,2014-11-10,2014-11-19,train,2021-04-06,2023-03-29
336,S25G01N82,2014-11-21,2014-2015,60,전주KCC,70,안양 KGC,0,3,carryover,0,2014-11-11,2014-11-17,2014-11-13,2014-11-19,train,2021-04-06,2023-03-29
337,S25G01N83,2014-11-22,2014-2015,10,울산모비스,35,서울삼성,1,3,carryover,0,2014-11-15,2014-11-20,2014-11-14,2014-11-19,train,2021-04-06,2023-03-29
338,S25G01N84,2014-11-22,2014-2015,50,창원LG,30,고양오리온스,0,3,carryover,0,2014-11-13,2014-11-19,2014-11-15,2014-11-20,train,2021-04-06,2023-03-29
339,S25G01N85,2014-11-23,2014-2015,65,인천전자랜드,70,안양 KGC,1,3,carryover,0,2014-11-14,2014-11-20,2014-11-16,2014-11-21,train,2021-04-06,2023-03-29
340,S25G01N86,2014-11-23,2014-2015,06,부산KT,60,전주KCC,1,3,carryover,0,2014-11-16,2014-11-21,2014-11-15,2014-11-21,train,2021-04-06,2023-03-29
341,S25G01N87,2014-11-23,2014-2015,55,서울SK,16,원주동부,1,3,carryover,0,2014-11-14,2014-11-20,2014-11-15,2014-11-21,train,2021-04-06,2023-03-29
342,S25G01N88,2014-11-24,2014-2015,35,서울삼성,50,창원LG,0,3,carryover,0,2014-11-16,2014-11-22,2014-11-16,2014-11-22,train,2021-04-06,2023-03-29
343,S25G01N89,2014-11-25,2014-2015,16,원주동부,70,안양 KGC,0,3,carryover,0,2014-11-19,2014-11-23,2014-11-19,2014-11-23,train,2021-04-06,2023-03-29
344,S25G01N91,2014-11-26,2014-2015,35,서울삼성,55,서울SK,0,3,carryover,0,2014-11-19,2014-11-24,2014-11-16,2014-11-23,train,2021-04-06,2023-03-29
345,S25G01N90,2014-11-26,2014-2015,30,고양오리온스,06,부산KT,0,3,carryover,0,2014-11-18,2014-11-22,2014-11-18,2014-11-23,train,2021-04-06,2023-03-29
346,S25G01N92,2014-11-27,2014-2015,10,울산모비스,60,전주KCC,1,3,carryover,0,2014-11-17,2014-11-22,2014-11-17,2014-11-23,train,2021-04-06,2023-03-29
347,S25G01N93,2014-11-27,2014-2015,65,인천전자랜드,50,창원LG,1,3,carryover,0,2014-11-16,2014-11-23,2014-11-19,2014-11-24,train,2021-04-06,2023-03-29
348,S25G01N96,2014-11-28,2014-2015,35,서울삼성,30,고양오리온스,1,3,carryover,0,2014-11-22,2014-11-26,2014-11-20,2014-11-26,train,2021-04-06,2023-03-29
349,S25G01N94,2014-11-28,2014-2015,06,부산KT,16,원주동부,1,3,carryover,0,2014-11-21,2014-11-26,2014-11-21,2014-11-25,train,2021-04-06,2023-03-29
350,S25G01N95,2014-11-28,2014-2015,70,안양 KGC,55,서울SK,0,3,carryover,0,2014-11-21,2014-11-25,2014-11-20,2014-11-26,train,2021-04-06,2023-03-29
351,S25G01N97,2014-11-29,2014-2015,10,울산모비스,65,인천전자랜드,0,3,carryover,0,2014-11-20,2014-11-27,2014-11-20,2014-11-27,train,2021-04-06,2023-03-29
352,S25G01N98,2014-11-29,2014-2015,50,창원LG,60,전주KCC,1,3,carryover,0,2014-11-22,2014-11-27,2014-11-21,2014-11-27,train,2021-04-06,2023-03-29
353,S25G01N99,2014-11-30,2014-2015,35,서울삼성,30,고양오리온스,0,3,carryover,0,2014-11-24,2014-11-28,2014-11-22,2014-11-28,train,2021-04-06,2023-03-29
354,S25G01N100,2014-11-30,2014-2015,16,원주동부,55,서울SK,1,3,carryover,0,2014-11-23,2014-11-28,2014-11-23,2014-11-28,train,2021-04-06,2023-03-29
355,S25G01N101,2014-11-30,2014-2015,70,안양 KGC,06,부산KT,1,3,carryover,0,2014-11-23,2014-11-28,2014-11-23,2014-11-28,train,2021-04-06,2023-03-29
356,S25G01N102,2014-12-01,2014-2015,50,창원LG,10,울산모비스,0,3,carryover,0,2014-11-24,2014-11-29,2014-11-22,2014-11-29,train,2021-04-06,2023-03-29
357,S25G01N103,2014-12-02,2014-2015,65,인천전자랜드,60,전주KCC,0,3,carryover,0,2014-11-23,2014-11-29,2014-11-23,2014-11-29,train,2021-04-06,2023-03-29
358,S25G01N104,2014-12-03,2014-2015,30,고양오리온스,70,안양 KGC,0,3,carryover,0,2014-11-26,2014-11-30,2014-11-25,2014-11-30,train,2021-04-06,2023-03-29
359,S25G01N105,2014-12-03,2014-2015,06,부산KT,35,서울삼성,1,3,carryover,0,2014-11-26,2014-11-30,2014-11-26,2014-11-30,train,2021-04-06,2023-03-29
360,S25G01N107,2014-12-04,2014-2015,16,원주동부,50,창원LG,1,3,carryover,0,2014-11-25,2014-11-30,2014-11-27,2014-12-01,train,2021-04-06,2023-03-29
361,S25G01N106,2014-12-04,2014-2015,55,서울SK,65,인천전자랜드,1,3,carryover,0,2014-11-26,2014-11-30,2014-11-27,2014-12-02,train,2021-04-06,2023-03-29
362,S25G01N108,2014-12-05,2014-2015,60,전주KCC,30,고양오리온스,0,3,carryover,0,2014-11-27,2014-12-02,2014-11-28,2014-12-03,train,2021-04-06,2023-03-29
363,S25G01N109,2014-12-05,2014-2015,10,울산모비스,35,서울삼성,1,3,carryover,0,2014-11-27,2014-12-01,2014-11-28,2014-12-03,train,2021-04-06,2023-03-29
364,S25G01N110,2014-12-06,2014-2015,70,안양 KGC,65,인천전자랜드,0,3,carryover,0,2014-11-28,2014-12-03,2014-11-29,2014-12-04,train,2021-04-06,2023-03-29
365,S25G01N111,2014-12-06,2014-2015,06,부산KT,50,창원LG,1,3,carryover,0,2014-11-28,2014-12-03,2014-11-29,2014-12-04,train,2021-04-06,2023-03-29
366,S25G01N113,2014-12-07,2014-2015,60,전주KCC,35,서울삼성,1,3,carryover,0,2014-11-29,2014-12-05,2014-11-30,2014-12-05,train,2021-04-06,2023-03-29
367,S25G01N112,2014-12-07,2014-2015,30,고양오리온스,55,서울SK,0,3,carryover,0,2014-11-30,2014-12-05,2014-11-28,2014-12-04,train,2021-04-06,2023-03-29
368,S25G01N114,2014-12-07,2014-2015,10,울산모비스,16,원주동부,1,3,carryover,0,2014-11-29,2014-12-05,2014-11-28,2014-12-04,train,2021-04-06,2023-03-29
369,S25G01N115,2014-12-08,2014-2015,70,안양 KGC,50,창원LG,0,3,carryover,0,2014-11-30,2014-12-06,2014-12-01,2014-12-06,train,2021-04-06,2023-03-29
370,S25G01N116,2014-12-09,2014-2015,55,서울SK,60,전주KCC,0,3,carryover,0,2014-11-30,2014-12-07,2014-12-02,2014-12-07,train,2021-04-06,2023-03-29
371,S25G01N118,2014-12-10,2014-2015,65,인천전자랜드,16,원주동부,1,3,carryover,0,2014-12-02,2014-12-06,2014-11-30,2014-12-07,train,2021-04-06,2023-03-29
372,S25G01N117,2014-12-10,2014-2015,10,울산모비스,06,부산KT,1,3,carryover,0,2014-12-01,2014-12-07,2014-11-30,2014-12-06,train,2021-04-06,2023-03-29
373,S25G01N119,2014-12-11,2014-2015,35,서울삼성,70,안양 KGC,0,3,carryover,0,2014-12-03,2014-12-07,2014-12-03,2014-12-08,train,2021-04-06,2023-03-29
374,S25G01N120,2014-12-11,2014-2015,50,창원LG,30,고양오리온스,1,3,carryover,0,2014-12-04,2014-12-08,2014-12-03,2014-12-07,train,2021-04-06,2023-03-29
375,S25G01N121,2014-12-12,2014-2015,16,원주동부,60,전주KCC,1,3,carryover,0,2014-12-04,2014-12-10,2014-12-05,2014-12-09,train,2021-04-06,2023-03-29
376,S25G01N122,2014-12-12,2014-2015,06,부산KT,55,서울SK,0,3,carryover,0,2014-12-03,2014-12-10,2014-12-04,2014-12-09,train,2021-04-06,2023-03-29
377,S25G01N123,2014-12-13,2014-2015,70,안양 KGC,10,울산모비스,1,3,carryover,0,2014-12-06,2014-12-11,2014-12-05,2014-12-10,train,2021-04-06,2023-03-29
378,S25G01N124,2014-12-13,2014-2015,65,인천전자랜드,30,고양오리온스,1,3,carryover,0,2014-12-04,2014-12-10,2014-12-05,2014-12-11,train,2021-04-06,2023-03-29
379,S25G01N126,2014-12-14,2014-2015,06,부산KT,60,전주KCC,1,3,carryover,0,2014-12-06,2014-12-12,2014-12-07,2014-12-12,train,2021-04-06,2023-03-29
380,S25G01N125,2014-12-14,2014-2015,55,서울SK,50,창원LG,1,3,carryover,0,2014-12-07,2014-12-12,2014-12-06,2014-12-11,train,2021-04-06,2023-03-29
381,S25G01N127,2014-12-14,2014-2015,35,서울삼성,16,원주동부,0,3,carryover,0,2014-12-05,2014-12-11,2014-12-07,2014-12-12,train,2021-04-06,2023-03-29
382,S25G01N128,2014-12-15,2014-2015,10,울산모비스,30,고양오리온스,0,3,carryover,0,2014-12-07,2014-12-13,2014-12-07,2014-12-13,train,2021-04-06,2023-03-29
383,S25G01N129,2014-12-16,2014-2015,35,서울삼성,65,인천전자랜드,1,3,carryover,0,2014-12-07,2014-12-14,2014-12-06,2014-12-13,train,2021-04-06,2023-03-29
384,S25G01N130,2014-12-17,2014-2015,55,서울SK,10,울산모비스,0,3,carryover,0,2014-12-09,2014-12-14,2014-12-10,2014-12-15,train,2021-04-06,2023-03-29
385,S25G01N131,2014-12-17,2014-2015,16,원주동부,70,안양 KGC,1,3,carryover,0,2014-12-10,2014-12-14,2014-12-08,2014-12-13,train,2021-04-06,2023-03-29
386,S25G01N132,2014-12-18,2014-2015,35,서울삼성,50,창원LG,1,3,carryover,0,2014-12-11,2014-12-16,2014-12-08,2014-12-14,train,2021-04-06,2023-03-29
387,S25G01N133,2014-12-18,2014-2015,65,인천전자랜드,06,부산KT,1,3,carryover,0,2014-12-10,2014-12-16,2014-12-10,2014-12-14,train,2021-04-06,2023-03-29
388,S25G01N134,2014-12-19,2014-2015,30,고양오리온스,16,원주동부,0,3,carryover,0,2014-12-11,2014-12-15,2014-12-12,2014-12-17,train,2021-04-06,2023-03-29
389,S25G01N135,2014-12-19,2014-2015,70,안양 KGC,60,전주KCC,1,3,carryover,0,2014-12-11,2014-12-17,2014-12-09,2014-12-14,train,2021-04-06,2023-03-29
390,S25G01N136,2014-12-20,2014-2015,55,서울SK,65,인천전자랜드,1,3,carryover,0,2014-12-12,2014-12-17,2014-12-13,2014-12-18,train,2021-04-06,2023-03-29
391,S25G01N137,2014-12-20,2014-2015,50,창원LG,06,부산KT,1,3,carryover,0,2014-12-11,2014-12-18,2014-12-12,2014-12-18,train,2021-04-06,2023-03-29
392,S25G01N138,2014-12-21,2014-2015,70,안양 KGC,30,고양오리온스,0,3,carryover,0,2014-12-13,2014-12-19,2014-12-13,2014-12-19,train,2021-04-06,2023-03-29
393,S25G01N139,2014-12-21,2014-2015,16,원주동부,35,서울삼성,1,3,carryover,0,2014-12-14,2014-12-19,2014-12-14,2014-12-18,train,2021-04-06,2023-03-29
394,S25G01N140,2014-12-21,2014-2015,10,울산모비스,60,전주KCC,1,3,carryover,0,2014-12-13,2014-12-17,2014-12-12,2014-12-19,train,2021-04-06,2023-03-29
395,S25G01N141,2014-12-22,2014-2015,50,창원LG,55,서울SK,0,3,carryover,0,2014-12-14,2014-12-20,2014-12-14,2014-12-20,train,2021-04-06,2023-03-29
396,S25G01N142,2014-12-23,2014-2015,65,인천전자랜드,35,서울삼성,1,3,carryover,0,2014-12-16,2014-12-20,2014-12-16,2014-12-21,train,2021-04-06,2023-03-29
397,S25G01N144,2014-12-24,2014-2015,16,원주동부,06,부산KT,0,3,carryover,0,2014-12-17,2014-12-21,2014-12-14,2014-12-20,train,2021-04-06,2023-03-29
398,S25G01N143,2014-12-24,2014-2015,60,전주KCC,70,안양 KGC,0,3,carryover,0,2014-12-14,2014-12-21,2014-12-17,2014-12-21,train,2021-04-06,2023-03-29
399,S25G01N145,2014-12-25,2014-2015,10,울산모비스,50,창원LG,1,3,carryover,0,2014-12-15,2014-12-21,2014-12-18,2014-12-22,train,2021-04-06,2023-03-29
400,S25G01N146,2014-12-25,2014-2015,65,인천전자랜드,30,고양오리온스,0,3,carryover,0,2014-12-18,2014-12-23,2014-12-15,2014-12-21,train,2021-04-06,2023-03-29
401,S25G01N147,2014-12-25,2014-2015,55,서울SK,35,서울삼성,1,3,carryover,0,2014-12-17,2014-12-22,2014-12-18,2014-12-23,train,2021-04-06,2023-03-29
402,S25G01N149,2014-12-26,2014-2015,70,안양 KGC,06,부산KT,0,3,carryover,0,2014-12-19,2014-12-24,2014-12-18,2014-12-24,train,2021-04-06,2023-03-29
403,S25G01N148,2014-12-26,2014-2015,16,원주동부,60,전주KCC,1,3,carryover,0,2014-12-19,2014-12-24,2014-12-19,2014-12-24,train,2021-04-06,2023-03-29
404,S25G01N150,2014-12-27,2014-2015,10,울산모비스,55,서울SK,1,3,carryover,0,2014-12-17,2014-12-25,2014-12-20,2014-12-25,train,2021-04-06,2023-03-29
405,S25G01N151,2014-12-28,2014-2015,16,원주동부,50,창원LG,0,3,carryover,0,2014-12-21,2014-12-26,2014-12-20,2014-12-25,train,2021-04-06,2023-03-29
406,S25G01N152,2014-12-28,2014-2015,65,인천전자랜드,06,부산KT,0,3,carryover,0,2014-12-20,2014-12-25,2014-12-20,2014-12-26,train,2021-04-06,2023-03-29
407,S25G01N153,2014-12-29,2014-2015,60,전주KCC,55,서울SK,0,3,carryover,0,2014-12-21,2014-12-26,2014-12-22,2014-12-27,train,2021-04-06,2023-03-29
408,S25G01N154,2014-12-30,2014-2015,70,안양 KGC,35,서울삼성,0,3,carryover,0,2014-12-21,2014-12-26,2014-12-21,2014-12-25,train,2021-04-06,2023-03-29
409,S25G01N155,2014-12-31,2014-2015,30,고양오리온스,10,울산모비스,0,3,carryover,0,2014-12-19,2014-12-25,2014-12-21,2014-12-27,train,2021-04-06,2023-03-29
410,S25G01N156,2014-12-31,2014-2015,50,창원LG,65,인천전자랜드,0,3,carryover,0,2014-12-22,2014-12-28,2014-12-23,2014-12-28,train,2021-04-06,2023-03-29
411,S25G01N157,2015-01-01,2014-2015,06,부산KT,55,서울SK,0,3,carryover,0,2014-12-24,2014-12-28,2014-12-25,2014-12-29,train,2021-04-06,2023-03-29
412,S25G01N158,2015-01-01,2014-2015,16,원주동부,70,안양 KGC,1,3,carryover,0,2014-12-24,2014-12-28,2014-12-24,2014-12-30,train,2021-04-06,2023-03-29
413,S25G01N159,2015-01-01,2014-2015,35,서울삼성,60,전주KCC,0,3,carryover,0,2014-12-23,2014-12-30,2014-12-24,2014-12-29,train,2021-04-06,2023-03-29
414,S25G01N161,2015-01-02,2014-2015,50,창원LG,30,고양오리온스,1,3,carryover,0,2014-12-25,2014-12-31,2014-12-21,2014-12-31,train,2021-04-06,2023-03-29
415,S25G01N160,2015-01-02,2014-2015,10,울산모비스,65,인천전자랜드,0,3,carryover,0,2014-12-25,2014-12-31,2014-12-25,2014-12-31,train,2021-04-06,2023-03-29
416,S25G01N162,2015-01-03,2014-2015,55,서울SK,70,안양 KGC,1,3,carryover,0,2014-12-27,2015-01-01,2014-12-26,2015-01-01,train,2021-04-06,2023-03-29
417,S25G01N163,2015-01-03,2014-2015,06,부산KT,35,서울삼성,1,3,carryover,0,2014-12-26,2015-01-01,2014-12-25,2015-01-01,train,2021-04-06,2023-03-29
418,S25G01N164,2015-01-04,2014-2015,30,고양오리온스,16,원주동부,0,3,carryover,0,2014-12-25,2015-01-02,2014-12-26,2015-01-01,train,2021-04-06,2023-03-29
419,S25G01N165,2015-01-04,2014-2015,60,전주KCC,50,창원LG,0,3,carryover,0,2014-12-26,2015-01-01,2014-12-28,2015-01-02,train,2021-04-06,2023-03-29
420,S25G01N166,2015-01-04,2014-2015,55,서울SK,65,인천전자랜드,1,3,carryover,0,2014-12-29,2015-01-03,2014-12-28,2015-01-02,train,2021-04-06,2023-03-29
421,S25G01N167,2015-01-05,2014-2015,06,부산KT,10,울산모비스,1,3,carryover,0,2014-12-28,2015-01-03,2014-12-27,2015-01-02,train,2021-04-06,2023-03-29
422,S25G01N168,2015-01-06,2014-2015,65,인천전자랜드,16,원주동부,1,3,carryover,0,2014-12-31,2015-01-04,2014-12-28,2015-01-04,train,2021-04-06,2023-03-29
423,S25G01N169,2015-01-07,2014-2015,60,전주KCC,30,고양오리온스,0,3,carryover,0,2014-12-29,2015-01-04,2014-12-31,2015-01-04,train,2021-04-06,2023-03-29
424,S25G01N170,2015-01-07,2014-2015,70,안양 KGC,50,창원LG,0,3,carryover,0,2014-12-30,2015-01-03,2014-12-31,2015-01-04,train,2021-04-06,2023-03-29
425,S25G01N172,2015-01-13,2014-2015,35,서울삼성,10,울산모비스,0,3,carryover,0,2014-12-30,2015-01-03,2014-12-31,2015-01-05,train,2021-04-06,2023-03-29
426,S25G01N171,2015-01-13,2014-2015,60,전주KCC,06,부산KT,0,3,carryover,0,2015-01-01,2015-01-07,2015-01-01,2015-01-05,train,2021-04-06,2023-03-29
427,S25G01N174,2015-01-14,2014-2015,55,서울SK,30,고양오리온스,1,3,carryover,0,2015-01-01,2015-01-04,2015-01-02,2015-01-07,train,2021-04-06,2023-03-29
428,S25G01N173,2015-01-14,2014-2015,65,인천전자랜드,70,안양 KGC,1,3,carryover,0,2015-01-02,2015-01-06,2015-01-01,2015-01-07,train,2021-04-06,2023-03-29
429,S25G01N175,2015-01-15,2014-2015,16,원주동부,10,울산모비스,1,3,carryover,0,2015-01-01,2015-01-06,2015-01-02,2015-01-13,train,2021-04-06,2023-03-29
430,S25G01N176,2015-01-15,2014-2015,50,창원LG,35,서울삼성,1,3,carryover,0,2015-01-02,2015-01-07,2015-01-01,2015-01-13,train,2021-04-06,2023-03-29
431,S25G01N177,2015-01-16,2014-2015,30,고양오리온스,06,부산KT,1,3,carryover,0,2015-01-04,2015-01-14,2015-01-03,2015-01-13,train,2021-04-06,2023-03-29
432,S25G01N178,2015-01-16,2014-2015,65,인천전자랜드,60,전주KCC,0,3,carryover,0,2015-01-04,2015-01-14,2015-01-04,2015-01-13,train,2021-04-06,2023-03-29
433,S25G01N179,2015-01-17,2014-2015,55,서울SK,16,원주동부,1,3,carryover,0,2015-01-03,2015-01-14,2015-01-04,2015-01-15,train,2021-04-06,2023-03-29
434,S25G01N180,2015-01-17,2014-2015,10,울산모비스,70,안양 KGC,1,3,carryover,0,2015-01-05,2015-01-15,2015-01-03,2015-01-14,train,2021-04-06,2023-03-29
435,S25G01N181,2015-01-18,2014-2015,35,서울삼성,65,인천전자랜드,0,3,carryover,0,2015-01-03,2015-01-15,2015-01-06,2015-01-16,train,2021-04-06,2023-03-29
436,S25G01N182,2015-01-18,2014-2015,30,고양오리온스,60,전주KCC,1,3,carryover,0,2015-01-07,2015-01-16,2015-01-07,2015-01-16,train,2021-04-06,2023-03-29
437,S25G01N183,2015-01-18,2014-2015,06,부산KT,50,창원LG,0,3,carryover,0,2015-01-05,2015-01-16,2015-01-04,2015-01-15,train,2021-04-06,2023-03-29
438,S25G01N184,2015-01-19,2014-2015,55,서울SK,70,안양 KGC,0,3,carryover,0,2015-01-04,2015-01-17,2015-01-07,2015-01-17,train,2021-04-06,2023-03-29
439,S25G01N185,2015-01-20,2014-2015,30,고양오리온스,50,창원LG,0,3,carryover,0,2015-01-14,2015-01-18,2015-01-07,2015-01-18,train,2021-04-06,2023-03-29
440,S25G01N187,2015-01-21,2014-2015,35,서울삼성,70,안양 KGC,0,3,carryover,0,2015-01-13,2015-01-18,2015-01-14,2015-01-19,train,2021-04-06,2023-03-29
441,S25G01N186,2015-01-21,2014-2015,65,인천전자랜드,16,원주동부,0,3,carryover,0,2015-01-14,2015-01-18,2015-01-06,2015-01-17,train,2021-04-06,2023-03-29
442,S25G01N188,2015-01-22,2014-2015,06,부산KT,60,전주KCC,1,3,carryover,0,2015-01-13,2015-01-18,2015-01-13,2015-01-18,train,2021-04-06,2023-03-29
443,S25G01N189,2015-01-22,2014-2015,55,서울SK,10,울산모비스,0,3,carryover,0,2015-01-14,2015-01-19,2015-01-13,2015-01-17,train,2021-04-06,2023-03-29
444,S25G01N191,2015-01-23,2014-2015,50,창원LG,35,서울삼성,1,3,carryover,0,2015-01-15,2015-01-20,2015-01-15,2015-01-21,train,2021-04-06,2023-03-29
445,S25G01N190,2015-01-23,2014-2015,65,인천전자랜드,30,고양오리온스,0,3,carryover,0,2015-01-16,2015-01-21,2015-01-16,2015-01-20,train,2021-04-06,2023-03-29
446,S25G01N192,2015-01-24,2014-2015,60,전주KCC,55,서울SK,0,3,carryover,0,2015-01-16,2015-01-22,2015-01-17,2015-01-22,train,2021-04-06,2023-03-29
447,S25G01N193,2015-01-24,2014-2015,16,원주동부,06,부산KT,1,3,carryover,0,2015-01-15,2015-01-21,2015-01-16,2015-01-22,train,2021-04-06,2023-03-29
448,S25G01N195,2015-01-25,2014-2015,50,창원LG,70,안양 KGC,1,3,carryover,0,2015-01-18,2015-01-23,2015-01-17,2015-01-21,train,2021-04-06,2023-03-29
449,S25G01N194,2015-01-25,2014-2015,65,인천전자랜드,10,울산모비스,0,3,carryover,0,2015-01-18,2015-01-23,2015-01-15,2015-01-22,train,2021-04-06,2023-03-29
450,S25G01N196,2015-01-25,2014-2015,35,서울삼성,30,고양오리온스,0,3,carryover,0,2015-01-18,2015-01-23,2015-01-18,2015-01-23,train,2021-04-06,2023-03-29
451,S25G01N197,2015-01-26,2014-2015,55,서울SK,06,부산KT,1,3,carryover,0,2015-01-19,2015-01-24,2015-01-18,2015-01-24,train,2021-04-06,2023-03-29
452,S25G01N198,2015-01-27,2014-2015,50,창원LG,10,울산모비스,1,3,carryover,0,2015-01-20,2015-01-25,2015-01-17,2015-01-25,train,2021-04-06,2023-03-29
453,S25G01N200,2015-01-28,2014-2015,16,원주동부,30,고양오리온스,1,3,carryover,0,2015-01-17,2015-01-24,2015-01-20,2015-01-25,train,2021-04-06,2023-03-29
454,S25G01N199,2015-01-28,2014-2015,70,안양 KGC,60,전주KCC,0,3,carryover,0,2015-01-19,2015-01-25,2015-01-18,2015-01-24,train,2021-04-06,2023-03-29
455,S25G01N201,2015-01-29,2014-2015,06,부산KT,65,인천전자랜드,0,3,carryover,0,2015-01-22,2015-01-26,2015-01-21,2015-01-25,train,2021-04-06,2023-03-29
456,S25G01N202,2015-01-29,2014-2015,55,서울SK,35,서울삼성,1,3,carryover,0,2015-01-22,2015-01-26,2015-01-21,2015-01-25,train,2021-04-06,2023-03-29
457,S25G01N203,2015-01-30,2014-2015,60,전주KCC,16,원주동부,0,3,carryover,0,2015-01-22,2015-01-28,2015-01-21,2015-01-28,train,2021-04-06,2023-03-29
458,S25G01N204,2015-01-30,2014-2015,10,울산모비스,70,안양 KGC,0,3,carryover,0,2015-01-22,2015-01-27,2015-01-21,2015-01-28,train,2021-04-06,2023-03-29
459,S25G01N205,2015-01-31,2014-2015,30,고양오리온스,55,서울SK,0,3,carryover,0,2015-01-23,2015-01-28,2015-01-24,2015-01-29,train,2021-04-06,2023-03-29
460,S25G01N206,2015-01-31,2014-2015,65,인천전자랜드,50,창원LG,0,3,carryover,0,2015-01-23,2015-01-29,2015-01-23,2015-01-27,train,2021-04-06,2023-03-29
461,S25G01N208,2015-02-01,2014-2015,35,서울삼성,06,부산KT,0,3,carryover,0,2015-01-23,2015-01-29,2015-01-24,2015-01-29,train,2021-04-06,2023-03-29
462,S25G01N207,2015-02-01,2014-2015,70,안양 KGC,16,원주동부,1,3,carryover,0,2015-01-25,2015-01-30,2015-01-24,2015-01-30,train,2021-04-06,2023-03-29
463,S25G01N209,2015-02-01,2014-2015,60,전주KCC,10,울산모비스,0,3,carryover,0,2015-01-24,2015-01-30,2015-01-25,2015-01-30,train,2021-04-06,2023-03-29
464,S25G01N210,2015-02-02,2014-2015,55,서울SK,50,창원LG,0,3,carryover,0,2015-01-26,2015-01-31,2015-01-25,2015-01-31,train,2021-04-06,2023-03-29
465,S25G01N211,2015-02-03,2014-2015,10,울산모비스,30,고양오리온스,1,3,carryover,0,2015-01-27,2015-02-01,2015-01-25,2015-01-31,train,2021-04-06,2023-03-29
466,S25G01N213,2015-02-04,2014-2015,16,원주동부,35,서울삼성,1,3,carryover,0,2015-01-28,2015-02-01,2015-01-25,2015-02-01,train,2021-04-06,2023-03-29
467,S25G01N212,2015-02-04,2014-2015,65,인천전자랜드,60,전주KCC,1,3,carryover,0,2015-01-25,2015-01-31,2015-01-28,2015-02-01,train,2021-04-06,2023-03-29
468,S25G01N214,2015-02-05,2014-2015,06,부산KT,10,울산모비스,0,3,carryover,0,2015-01-26,2015-02-01,2015-01-30,2015-02-03,train,2021-04-06,2023-03-29
469,S25G01N215,2015-02-05,2014-2015,30,고양오리온스,70,안양 KGC,1,3,carryover,0,2015-01-28,2015-02-03,2015-01-28,2015-02-01,train,2021-04-06,2023-03-29
470,S25G01N216,2015-02-06,2014-2015,35,서울삼성,60,전주KCC,1,3,carryover,0,2015-01-29,2015-02-04,2015-01-30,2015-02-04,train,2021-04-06,2023-03-29
471,S25G01N217,2015-02-06,2014-2015,50,창원LG,16,원주동부,0,3,carryover,0,2015-01-27,2015-02-02,2015-01-30,2015-02-04,train,2021-04-06,2023-03-29
472,S25G01N218,2015-02-07,2014-2015,65,인천전자랜드,70,안양 KGC,1,3,carryover,0,2015-01-29,2015-02-04,2015-01-30,2015-02-05,train,2021-04-06,2023-03-29
473,S25G01N219,2015-02-07,2014-2015,30,고양오리온스,06,부산KT,1,3,carryover,0,2015-01-31,2015-02-05,2015-01-29,2015-02-05,train,2021-04-06,2023-03-29
474,S25G01N220,2015-02-08,2014-2015,55,서울SK,16,원주동부,0,3,carryover,0,2015-01-29,2015-02-02,2015-02-01,2015-02-06,train,2021-04-06,2023-03-29
475,S25G01N221,2015-02-08,2014-2015,10,울산모비스,35,서울삼성,1,3,carryover,0,2015-02-01,2015-02-05,2015-02-01,2015-02-06,train,2021-04-06,2023-03-29
476,S25G01N222,2015-02-08,2014-2015,60,전주KCC,50,창원LG,0,3,carryover,0,2015-02-01,2015-02-06,2015-01-31,2015-02-06,train,2021-04-06,2023-03-29
477,S25G01N223,2015-02-09,2014-2015,06,부산KT,70,안양 KGC,0,3,carryover,0,2015-02-01,2015-02-07,2015-02-01,2015-02-07,train,2021-04-06,2023-03-29
478,S25G01N224,2015-02-10,2014-2015,16,원주동부,10,울산모비스,1,3,carryover,0,2015-02-04,2015-02-08,2015-02-03,2015-02-08,train,2021-04-06,2023-03-29
479,S25G01N226,2015-02-11,2014-2015,60,전주KCC,30,고양오리온스,0,3,carryover,0,2015-02-04,2015-02-08,2015-02-03,2015-02-07,train,2021-04-06,2023-03-29
480,S25G01N225,2015-02-11,2014-2015,65,인천전자랜드,55,서울SK,1,3,carryover,0,2015-01-31,2015-02-07,2015-01-31,2015-02-08,train,2021-04-06,2023-03-29
481,S25G01N227,2015-02-12,2014-2015,35,서울삼성,70,안양 KGC,0,3,carryover,0,2015-02-04,2015-02-08,2015-02-05,2015-02-09,train,2021-04-06,2023-03-29
482,S25G01N228,2015-02-12,2014-2015,06,부산KT,50,창원LG,0,3,carryover,0,2015-02-05,2015-02-09,2015-02-02,2015-02-08,train,2021-04-06,2023-03-29
483,S25G01N229,2015-02-13,2014-2015,60,전주KCC,10,울산모비스,0,3,carryover,0,2015-02-06,2015-02-11,2015-02-05,2015-02-10,train,2021-04-06,2023-03-29
484,S25G01N230,2015-02-13,2014-2015,16,원주동부,30,고양오리온스,1,3,carryover,0,2015-02-06,2015-02-10,2015-02-05,2015-02-11,train,2021-04-06,2023-03-29
485,S25G01N231,2015-02-14,2014-2015,65,인천전자랜드,35,서울삼성,1,3,carryover,0,2015-02-04,2015-02-11,2015-02-06,2015-02-12,train,2021-04-06,2023-03-29
486,S25G01N232,2015-02-14,2014-2015,06,부산KT,70,안양 KGC,0,3,carryover,0,2015-02-07,2015-02-12,2015-02-07,2015-02-12,train,2021-04-06,2023-03-29
487,S25G01N234,2015-02-15,2014-2015,16,원주동부,60,전주KCC,1,3,carryover,0,2015-02-08,2015-02-13,2015-02-08,2015-02-13,train,2021-04-06,2023-03-29
488,S25G01N233,2015-02-15,2014-2015,30,고양오리온스,50,창원LG,1,3,carryover,0,2015-02-07,2015-02-13,2015-02-06,2015-02-12,train,2021-04-06,2023-03-29
489,S25G01N235,2015-02-15,2014-2015,10,울산모비스,55,서울SK,1,3,carryover,0,2015-02-08,2015-02-13,2015-02-02,2015-02-11,train,2021-04-06,2023-03-29
490,S25G01N236,2015-02-16,2014-2015,06,부산KT,65,인천전자랜드,1,3,carryover,0,2015-02-09,2015-02-14,2015-02-07,2015-02-14,train,2021-04-06,2023-03-29
491,S25G01N237,2015-02-17,2014-2015,50,창원LG,70,안양 KGC,1,3,carryover,0,2015-02-08,2015-02-15,2015-02-09,2015-02-14,train,2021-04-06,2023-03-29
492,S25G01N238,2015-02-18,2014-2015,35,서울삼성,55,서울SK,1,3,carryover,0,2015-02-08,2015-02-14,2015-02-08,2015-02-15,train,2021-04-06,2023-03-29
493,S25G01N239,2015-02-18,2014-2015,30,고양오리온스,65,인천전자랜드,1,3,carryover,0,2015-02-11,2015-02-15,2015-02-11,2015-02-16,train,2021-04-06,2023-03-29
494,S25G01N240,2015-02-19,2014-2015,50,창원LG,10,울산모비스,1,3,carryover,0,2015-02-12,2015-02-17,2015-02-10,2015-02-15,train,2021-04-06,2023-03-29
495,S25G01N241,2015-02-19,2014-2015,70,안양 KGC,16,원주동부,0,3,carryover,0,2015-02-12,2015-02-17,2015-02-10,2015-02-15,train,2021-04-06,2023-03-29
496,S25G01N242,2015-02-20,2014-2015,60,전주KCC,35,서울삼성,0,3,carryover,0,2015-02-11,2015-02-15,2015-02-12,2015-02-18,train,2021-04-06,2023-03-29
497,S25G01N243,2015-02-20,2014-2015,55,서울SK,06,부산KT,1,3,carryover,0,2015-02-11,2015-02-18,2015-02-12,2015-02-16,train,2021-04-06,2023-03-29
498,S25G01N244,2015-02-21,2014-2015,10,울산모비스,30,고양오리온스,0,3,carryover,0,2015-02-13,2015-02-19,2015-02-13,2015-02-18,train,2021-04-06,2023-03-29
499,S25G01N245,2015-02-21,2014-2015,16,원주동부,65,인천전자랜드,1,3,carryover,0,2015-02-13,2015-02-19,2015-02-14,2015-02-18,train,2021-04-06,2023-03-29
500,S25G01N246,2015-02-22,2014-2015,35,서울삼성,06,부산KT,0,3,carryover,0,2015-02-14,2015-02-20,2015-02-14,2015-02-20,train,2021-04-06,2023-03-29
501,S25G01N247,2015-02-22,2014-2015,50,창원LG,55,서울SK,1,3,carryover,0,2015-02-15,2015-02-19,2015-02-15,2015-02-20,train,2021-04-06,2023-03-29
502,S25G01N248,2015-02-22,2014-2015,70,안양 KGC,60,전주KCC,1,3,carryover,0,2015-02-14,2015-02-19,2015-02-13,2015-02-20,train,2021-04-06,2023-03-29
503,S25G01N249,2015-02-23,2014-2015,10,울산모비스,16,원주동부,1,3,carryover,0,2015-02-15,2015-02-21,2015-02-15,2015-02-21,train,2021-04-06,2023-03-29
504,S25G01N250,2015-02-24,2014-2015,65,인천전자랜드,55,서울SK,1,3,carryover,0,2015-02-16,2015-02-21,2015-02-18,2015-02-22,train,2021-04-06,2023-03-29
505,S25G01N251,2015-02-25,2014-2015,30,고양오리온스,35,서울삼성,1,3,carryover,0,2015-02-15,2015-02-21,2015-02-18,2015-02-22,train,2021-04-06,2023-03-29
506,S25G01N252,2015-02-25,2014-2015,70,안양 KGC,10,울산모비스,1,3,carryover,0,2015-02-17,2015-02-22,2015-02-19,2015-02-23,train,2021-04-06,2023-03-29
507,S25G01N254,2015-02-26,2014-2015,16,원주동부,50,창원LG,0,3,carryover,0,2015-02-19,2015-02-23,2015-02-17,2015-02-22,train,2021-04-06,2023-03-29
508,S25G01N253,2015-02-26,2014-2015,60,전주KCC,65,인천전자랜드,1,3,carryover,0,2015-02-15,2015-02-22,2015-02-18,2015-02-24,train,2021-04-06,2023-03-29
509,S25G01N256,2015-02-27,2014-2015,55,서울SK,70,안양 KGC,1,3,carryover,0,2015-02-20,2015-02-24,2015-02-19,2015-02-25,train,2021-04-06,2023-03-29
510,S25G01N255,2015-02-27,2014-2015,06,부산KT,30,고양오리온스,0,3,carryover,0,2015-02-16,2015-02-22,2015-02-18,2015-02-25,train,2021-04-06,2023-03-29
511,S25G01N257,2015-02-28,2014-2015,65,인천전자랜드,50,창원LG,0,3,carryover,0,2015-02-21,2015-02-26,2015-02-19,2015-02-26,train,2021-04-06,2023-03-29
512,S25G01N258,2015-02-28,2014-2015,35,서울삼성,10,울산모비스,0,3,carryover,0,2015-02-20,2015-02-25,2015-02-21,2015-02-25,train,2021-04-06,2023-03-29
513,S25G01N260,2015-03-01,2014-2015,16,원주동부,55,서울SK,0,3,carryover,0,2015-02-21,2015-02-26,2015-02-22,2015-02-27,train,2021-04-06,2023-03-29
514,S25G01N259,2015-03-01,2014-2015,60,전주KCC,06,부산KT,0,3,carryover,0,2015-02-20,2015-02-26,2015-02-20,2015-02-27,train,2021-04-06,2023-03-29
515,S25G01N261,2015-03-01,2014-2015,30,고양오리온스,70,안양 KGC,1,3,carryover,0,2015-02-21,2015-02-27,2015-02-22,2015-02-27,train,2021-04-06,2023-03-29
516,S25G01N262,2015-03-02,2014-2015,65,인천전자랜드,10,울산모비스,0,3,carryover,0,2015-02-24,2015-02-28,2015-02-23,2015-02-28,train,2021-04-06,2023-03-29
517,S25G01N263,2015-03-02,2014-2015,50,창원LG,35,서울삼성,1,3,carryover,0,2015-02-22,2015-02-28,2015-02-22,2015-02-28,train,2021-04-06,2023-03-29
518,S25G01N265,2015-03-03,2014-2015,55,서울SK,60,전주KCC,1,3,carryover,0,2015-02-24,2015-03-01,2015-02-22,2015-03-01,train,2021-04-06,2023-03-29
519,S25G01N264,2015-03-03,2014-2015,06,부산KT,16,원주동부,0,3,carryover,0,2015-02-22,2015-03-01,2015-02-23,2015-03-01,train,2021-04-06,2023-03-29
520,S25G01N268,2015-03-05,2014-2015,35,서울삼성,16,원주동부,0,3,carryover,0,2015-02-25,2015-03-02,2015-02-26,2015-03-03,train,2021-04-06,2023-03-29
521,S25G01N266,2015-03-05,2014-2015,70,안양 KGC,65,인천전자랜드,1,3,carryover,0,2015-02-25,2015-03-01,2015-02-26,2015-03-02,train,2021-04-06,2023-03-29
522,S25G01N269,2015-03-05,2014-2015,10,울산모비스,06,부산KT,1,3,carryover,0,2015-02-25,2015-03-02,2015-02-27,2015-03-03,train,2021-04-06,2023-03-29
523,S25G01N270,2015-03-05,2014-2015,30,고양오리온스,55,서울SK,0,3,carryover,0,2015-02-25,2015-03-01,2015-02-27,2015-03-03,train,2021-04-06,2023-03-29
524,S25G01N267,2015-03-05,2014-2015,50,창원LG,60,전주KCC,1,3,carryover,0,2015-02-26,2015-03-02,2015-02-26,2015-03-03,train,2021-04-06,2023-03-29
525,S27G01N1,2015-09-12,2015-2016,10,울산모비스,16,원주동부,0,3,carryover,1,2015-02-28,2015-03-05,2015-03-01,2015-03-05,train,2021-04-06,2023-03-29
526,S27G01N2,2015-09-12,2015-2016,55,서울SK,60,전주KCC,1,3,carryover,1,2015-03-01,2015-03-05,2015-03-01,2015-03-05,train,2021-04-06,2023-03-29
527,S27G01N3,2015-09-12,2015-2016,30,고양오리온,70,안양KGC,1,3,carryover,1,2015-02-27,2015-03-05,2015-02-27,2015-03-05,train,2021-04-06,2023-03-29
528,S27G01N4,2015-09-12,2015-2016,65,인천전자랜드,06,부산KT,1,3,carryover,1,2015-02-28,2015-03-05,2015-03-01,2015-03-05,train,2021-04-06,2023-03-29
529,S27G01N5,2015-09-12,2015-2016,50,창원LG,35,서울삼성,1,3,carryover,1,2015-02-28,2015-03-05,2015-02-28,2015-03-05,train,2021-04-06,2023-03-29
530,S27G01N6,2015-09-13,2015-2016,55,서울SK,10,울산모비스,0,3,carryover,1,2015-03-03,2015-09-12,2015-03-02,2015-09-12,train,2021-04-06,2023-03-29
531,S27G01N7,2015-09-13,2015-2016,16,원주동부,30,고양오리온,0,3,carryover,1,2015-03-03,2015-09-12,2015-03-01,2015-09-12,train,2021-04-06,2023-03-29
532,S27G01N10,2015-09-13,2015-2016,50,창원LG,65,인천전자랜드,0,3,carryover,1,2015-03-02,2015-09-12,2015-03-02,2015-09-12,train,2021-04-06,2023-03-29
533,S27G01N9,2015-09-13,2015-2016,06,부산KT,35,서울삼성,0,3,carryover,1,2015-03-03,2015-09-12,2015-03-02,2015-09-12,train,2021-04-06,2023-03-29
534,S27G01N8,2015-09-13,2015-2016,60,전주KCC,70,안양KGC,1,3,carryover,1,2015-03-03,2015-09-12,2015-03-01,2015-09-12,train,2021-04-06,2023-03-29
535,S27G01N11,2015-09-15,2015-2016,30,고양오리온,55,서울SK,1,3,carryover,1,2015-03-05,2015-09-13,2015-03-05,2015-09-13,train,2021-04-06,2023-03-29
536,S27G01N12,2015-09-16,2015-2016,60,전주KCC,06,부산KT,0,3,carryover,1,2015-03-05,2015-09-13,2015-03-05,2015-09-13,train,2021-04-06,2023-03-29
537,S27G01N13,2015-09-17,2015-2016,16,원주동부,50,창원LG,1,3,carryover,1,2015-03-05,2015-09-13,2015-03-05,2015-09-13,train,2021-04-06,2023-03-29
538,S27G01N14,2015-09-18,2015-2016,10,울산모비스,65,인천전자랜드,0,3,carryover,1,2015-03-05,2015-09-13,2015-03-05,2015-09-13,train,2021-04-06,2023-03-29
539,S27G01N15,2015-09-19,2015-2016,16,원주동부,35,서울삼성,0,3,carryover,1,2015-09-12,2015-09-17,2015-03-05,2015-09-13,train,2021-04-06,2023-03-29
540,S27G01N16,2015-09-19,2015-2016,60,전주KCC,30,고양오리온,0,3,carryover,0,2015-09-12,2015-09-16,2015-09-12,2015-09-15,train,2021-04-06,2023-03-29
541,S27G01N17,2015-09-19,2015-2016,50,창원LG,55,서울SK,0,3,carryover,0,2015-09-12,2015-09-17,2015-09-12,2015-09-15,train,2021-04-06,2023-03-29
542,S27G01N18,2015-09-20,2015-2016,10,울산모비스,70,안양KGC,1,3,carryover,1,2015-09-12,2015-09-18,2015-03-05,2015-09-13,train,2021-04-06,2023-03-29
543,S27G01N19,2015-09-20,2015-2016,65,인천전자랜드,35,서울삼성,1,3,carryover,0,2015-09-12,2015-09-18,2015-09-12,2015-09-19,train,2021-04-06,2023-03-29
544,S27G01N20,2015-09-20,2015-2016,30,고양오리온,06,부산KT,1,3,carryover,0,2015-09-13,2015-09-19,2015-09-12,2015-09-16,train,2021-04-06,2023-03-29
545,S27G01N21,2015-09-22,2015-2016,55,서울SK,35,서울삼성,0,3,carryover,0,2015-09-13,2015-09-19,2015-09-13,2015-09-20,train,2021-04-06,2023-03-29
546,S27G01N22,2015-09-23,2015-2016,50,창원LG,70,안양KGC,1,3,carryover,0,2015-09-13,2015-09-19,2015-09-12,2015-09-20,train,2021-04-06,2023-03-29
547,S27G01N23,2015-09-24,2015-2016,06,부산KT,16,원주동부,1,3,carryover,0,2015-09-13,2015-09-20,2015-09-13,2015-09-19,train,2021-04-06,2023-03-29
548,S27G01N25,2015-09-25,2015-2016,55,서울SK,65,인천전자랜드,1,3,carryover,0,2015-09-15,2015-09-22,2015-09-13,2015-09-20,train,2021-04-06,2023-03-29
549,S27G01N24,2015-09-25,2015-2016,10,울산모비스,60,전주KCC,0,3,carryover,0,2015-09-13,2015-09-20,2015-09-13,2015-09-19,train,2021-04-06,2023-03-29
550,S27G01N26,2015-09-26,2015-2016,50,창원LG,06,부산KT,0,3,carryover,0,2015-09-17,2015-09-23,2015-09-16,2015-09-24,train,2021-04-06,2023-03-29
551,S27G01N27,2015-09-26,2015-2016,16,원주동부,70,안양KGC,0,3,carryover,0,2015-09-17,2015-09-24,2015-09-13,2015-09-23,train,2021-04-06,2023-03-29
552,S27G01N28,2015-09-27,2015-2016,60,전주KCC,50,창원LG,1,3,carryover,0,2015-09-16,2015-09-25,2015-09-19,2015-09-26,train,2021-04-06,2023-03-29
553,S27G01N29,2015-09-27,2015-2016,06,부산KT,10,울산모비스,0,3,carryover,0,2015-09-20,2015-09-26,2015-09-18,2015-09-25,train,2021-04-06,2023-03-29
554,S27G01N30,2015-09-27,2015-2016,30,고양오리온,35,서울삼성,0,3,carryover,0,2015-09-15,2015-09-20,2015-09-19,2015-09-22,train,2021-04-06,2023-03-29
555,S27G01N31,2015-09-28,2015-2016,55,서울SK,70,안양KGC,0,3,carryover,0,2015-09-19,2015-09-25,2015-09-20,2015-09-26,train,2021-04-06,2023-03-29
556,S27G01N32,2015-09-28,2015-2016,65,인천전자랜드,16,원주동부,0,3,carryover,0,2015-09-18,2015-09-25,2015-09-19,2015-09-26,train,2021-04-06,2023-03-29
557,S27G01N33,2015-09-29,2015-2016,60,전주KCC,35,서울삼성,1,3,carryover,0,2015-09-19,2015-09-27,2015-09-20,2015-09-27,train,2021-04-06,2023-03-29
558,S27G01N34,2015-09-29,2015-2016,10,울산모비스,30,고양오리온,0,3,carryover,0,2015-09-20,2015-09-27,2015-09-19,2015-09-27,train,2021-04-06,2023-03-29
559,S27G01N35,2015-09-30,2015-2016,65,인천전자랜드,70,안양KGC,1,3,carryover,0,2015-09-20,2015-09-28,2015-09-23,2015-09-28,train,2021-04-06,2023-03-29
560,S27G01N36,2015-10-01,2015-2016,06,부산KT,55,서울SK,0,3,carryover,0,2015-09-24,2015-09-27,2015-09-22,2015-09-28,train,2021-04-06,2023-03-29
561,S27G01N37,2015-10-02,2015-2016,30,고양오리온,50,창원LG,1,3,carryover,0,2015-09-20,2015-09-29,2015-09-23,2015-09-27,train,2021-04-06,2023-03-29
562,S27G01N38,2015-10-03,2015-2016,10,울산모비스,35,서울삼성,1,3,carryover,0,2015-09-25,2015-09-29,2015-09-22,2015-09-29,train,2021-04-06,2023-03-29
563,S27G01N39,2015-10-03,2015-2016,16,원주동부,60,전주KCC,0,3,carryover,0,2015-09-24,2015-09-28,2015-09-25,2015-09-29,train,2021-04-06,2023-03-29
564,S27G01N40,2015-10-03,2015-2016,70,안양KGC,06,부산KT,1,3,carryover,0,2015-09-26,2015-09-30,2015-09-26,2015-10-01,train,2021-04-06,2023-03-29
565,S27G01N41,2015-10-04,2015-2016,50,창원LG,10,울산모비스,0,3,carryover,0,2015-09-26,2015-10-02,2015-09-27,2015-10-03,train,2021-04-06,2023-03-29
566,S27G01N42,2015-10-04,2015-2016,55,서울SK,16,원주동부,0,3,carryover,0,2015-09-25,2015-10-01,2015-09-26,2015-10-03,train,2021-04-06,2023-03-29
567,S27G01N43,2015-10-04,2015-2016,65,인천전자랜드,30,고양오리온,0,3,carryover,0,2015-09-25,2015-09-30,2015-09-27,2015-10-02,train,2021-04-06,2023-03-29
568,S27G01N44,2015-10-06,2015-2016,60,전주KCC,65,인천전자랜드,1,3,carryover,0,2015-09-27,2015-10-03,2015-09-28,2015-10-04,train,2021-04-06,2023-03-29
569,S27G01N45,2015-10-07,2015-2016,70,안양KGC,35,서울삼성,1,3,carryover,0,2015-09-28,2015-10-03,2015-09-27,2015-10-03,train,2021-04-06,2023-03-29
570,S27G01N46,2015-10-08,2015-2016,06,부산KT,60,전주KCC,1,3,carryover,0,2015-09-27,2015-10-03,2015-09-29,2015-10-06,train,2021-04-06,2023-03-29
571,S27G01N47,2015-10-09,2015-2016,35,서울삼성,16,원주동부,1,3,carryover,0,2015-09-29,2015-10-07,2015-09-28,2015-10-04,train,2021-04-06,2023-03-29
572,S27G01N48,2015-10-09,2015-2016,30,고양오리온,70,안양KGC,1,3,carryover,0,2015-09-29,2015-10-04,2015-09-30,2015-10-07,train,2021-04-06,2023-03-29
573,S27G01N49,2015-10-10,2015-2016,10,울산모비스,65,인천전자랜드,1,3,carryover,0,2015-09-29,2015-10-04,2015-09-30,2015-10-06,train,2021-04-06,2023-03-29
574,S27G01N50,2015-10-10,2015-2016,06,부산KT,50,창원LG,1,3,carryover,0,2015-10-01,2015-10-08,2015-09-27,2015-10-04,train,2021-04-06,2023-03-29
575,S27G01N51,2015-10-10,2015-2016,55,서울SK,60,전주KCC,1,3,carryover,0,2015-09-28,2015-10-04,2015-10-03,2015-10-08,train,2021-04-06,2023-03-29
576,S27G01N52,2015-10-11,2015-2016,30,고양오리온,16,원주동부,1,3,carryover,0,2015-10-02,2015-10-09,2015-10-03,2015-10-09,train,2021-04-06,2023-03-29
577,S27G01N53,2015-10-11,2015-2016,50,창원LG,70,안양KGC,0,3,carryover,0,2015-10-02,2015-10-10,2015-10-03,2015-10-09,train,2021-04-06,2023-03-29
578,S27G01N54,2015-10-11,2015-2016,35,서울삼성,55,서울SK,1,3,carryover,0,2015-10-03,2015-10-09,2015-10-01,2015-10-10,train,2021-04-06,2023-03-29
579,S27G01N55,2015-10-13,2015-2016,55,서울SK,50,창원LG,1,3,carryover,0,2015-10-04,2015-10-11,2015-10-04,2015-10-11,train,2021-04-06,2023-03-29
580,S27G01N56,2015-10-14,2015-2016,16,원주동부,10,울산모비스,0,3,carryover,0,2015-10-04,2015-10-11,2015-10-03,2015-10-10,train,2021-04-06,2023-03-29
581,S27G01N57,2015-10-15,2015-2016,65,인천전자랜드,35,서울삼성,0,3,carryover,0,2015-10-04,2015-10-10,2015-10-07,2015-10-11,train,2021-04-06,2023-03-29
582,S27G01N58,2015-10-16,2015-2016,50,창원LG,60,전주KCC,1,3,carryover,0,2015-10-10,2015-10-13,2015-10-06,2015-10-10,train,2021-04-06,2023-03-29
583,S27G01N59,2015-10-17,2015-2016,65,인천전자랜드,55,서울SK,1,3,carryover,0,2015-10-06,2015-10-15,2015-10-10,2015-10-13,train,2021-04-06,2023-03-29
584,S27G01N60,2015-10-17,2015-2016,70,안양KGC,16,원주동부,1,3,carryover,0,2015-10-07,2015-10-11,2015-10-09,2015-10-14,train,2021-04-06,2023-03-29
585,S27G01N61,2015-10-17,2015-2016,06,부산KT,30,고양오리온,0,3,carryover,0,2015-10-03,2015-10-10,2015-10-04,2015-10-11,train,2021-04-06,2023-03-29
586,S27G01N62,2015-10-18,2015-2016,35,서울삼성,10,울산모비스,0,3,carryover,0,2015-10-09,2015-10-15,2015-10-04,2015-10-14,train,2021-04-06,2023-03-29
587,S27G01N63,2015-10-18,2015-2016,60,전주KCC,70,안양KGC,1,3,carryover,0,2015-10-08,2015-10-16,2015-10-09,2015-10-17,train,2021-04-06,2023-03-29
588,S27G01N64,2015-10-18,2015-2016,16,원주동부,50,창원LG,0,3,carryover,0,2015-10-11,2015-10-17,2015-10-11,2015-10-16,train,2021-04-06,2023-03-29
589,S27G01N65,2015-10-20,2015-2016,60,전주KCC,16,원주동부,0,3,carryover,0,2015-10-10,2015-10-18,2015-10-14,2015-10-18,train,2021-04-06,2023-03-29
590,S27G01N66,2015-10-21,2015-2016,70,안양KGC,06,부산KT,1,3,carryover,0,2015-10-11,2015-10-18,2015-10-08,2015-10-17,train,2021-04-06,2023-03-29
591,S27G01N67,2015-10-22,2015-2016,30,고양오리온,50,창원LG,1,3,carryover,0,2015-10-09,2015-10-17,2015-10-13,2015-10-18,train,2021-04-06,2023-03-29
592,S27G01N68,2015-10-23,2015-2016,06,부산KT,55,서울SK,1,3,carryover,0,2015-10-10,2015-10-21,2015-10-11,2015-10-17,train,2021-04-06,2023-03-29
593,S27G01N69,2015-10-24,2015-2016,30,고양오리온,60,전주KCC,0,3,carryover,0,2015-10-11,2015-10-22,2015-10-16,2015-10-20,train,2021-04-06,2023-03-29
594,S27G01N70,2015-10-24,2015-2016,50,창원LG,10,울산모비스,0,3,carryover,0,2015-10-16,2015-10-22,2015-10-10,2015-10-18,train,2021-04-06,2023-03-29
595,S27G01N71,2015-10-24,2015-2016,70,안양KGC,35,서울삼성,1,3,carryover,0,2015-10-17,2015-10-21,2015-10-11,2015-10-18,train,2021-04-06,2023-03-29
596,S27G01N72,2015-10-25,2015-2016,06,부산KT,65,인천전자랜드,1,3,carryover,0,2015-10-17,2015-10-23,2015-10-10,2015-10-17,train,2021-04-06,2023-03-29
597,S27G01N73,2015-10-25,2015-2016,55,서울SK,16,원주동부,0,3,carryover,0,2015-10-13,2015-10-23,2015-10-17,2015-10-20,train,2021-04-06,2023-03-29
598,S27G01N74,2015-10-25,2015-2016,10,울산모비스,70,안양KGC,1,3,carryover,0,2015-10-14,2015-10-24,2015-10-18,2015-10-24,train,2021-04-06,2023-03-29
599,S27G01N75,2015-10-27,2015-2016,30,고양오리온,65,인천전자랜드,1,3,carryover,0,2015-10-17,2015-10-24,2015-10-15,2015-10-25,train,2021-04-06,2023-03-29
600,S27G01N76,2015-10-28,2015-2016,35,서울삼성,50,창원LG,1,3,carryover,0,2015-10-15,2015-10-24,2015-10-18,2015-10-24,train,2021-04-06,2023-03-29
601,S27G01N77,2015-10-30,2015-2016,35,서울삼성,60,전주KCC,1,3,carryover,0,2015-10-18,2015-10-28,2015-10-18,2015-10-24,train,2021-04-06,2023-03-29
602,S27G01N78,2015-10-31,2015-2016,65,인천전자랜드,50,창원LG,1,3,carryover,0,2015-10-17,2015-10-27,2015-10-22,2015-10-28,train,2021-04-06,2023-03-29
603,S27G01N79,2015-10-31,2015-2016,10,울산모비스,06,부산KT,1,3,carryover,0,2015-10-18,2015-10-25,2015-10-21,2015-10-25,train,2021-04-06,2023-03-29
604,S27G01N80,2015-10-31,2015-2016,70,안양KGC,55,서울SK,1,3,carryover,0,2015-10-21,2015-10-25,2015-10-17,2015-10-25,train,2021-04-06,2023-03-29
605,S27G01N81,2015-11-01,2015-2016,16,원주동부,65,인천전자랜드,1,3,carryover,0,2015-10-18,2015-10-25,2015-10-25,2015-10-31,train,2021-04-06,2023-03-29
606,S27G01N82,2015-11-01,2015-2016,35,서울삼성,30,고양오리온,0,3,carryover,0,2015-10-24,2015-10-30,2015-10-22,2015-10-27,train,2021-04-06,2023-03-29
607,S27G01N83,2015-11-01,2015-2016,60,전주KCC,10,울산모비스,1,3,carryover,0,2015-10-20,2015-10-30,2015-10-24,2015-10-31,train,2021-04-06,2023-03-29
608,S27G01N84,2015-11-03,2015-2016,65,인천전자랜드,70,안양KGC,0,3,carryover,0,2015-10-27,2015-11-01,2015-10-24,2015-10-31,train,2021-04-06,2023-03-29
609,S27G01N85,2015-11-04,2015-2016,16,원주동부,06,부산KT,1,3,carryover,0,2015-10-20,2015-11-01,2015-10-23,2015-10-31,train,2021-04-06,2023-03-29
610,S27G01N86,2015-11-05,2015-2016,30,고양오리온,10,울산모비스,1,3,carryover,0,2015-10-24,2015-11-01,2015-10-25,2015-11-01,train,2021-04-06,2023-03-29
611,S27G01N87,2015-11-06,2015-2016,65,인천전자랜드,60,전주KCC,0,3,carryover,0,2015-10-31,2015-11-03,2015-10-24,2015-11-01,train,2021-04-06,2023-03-29
612,S27G01N88,2015-11-07,2015-2016,06,부산KT,35,서울삼성,1,3,carryover,0,2015-10-25,2015-11-04,2015-10-28,2015-11-01,train,2021-04-06,2023-03-29
613,S27G01N89,2015-11-07,2015-2016,70,안양KGC,30,고양오리온,1,3,carryover,0,2015-10-25,2015-11-03,2015-10-27,2015-11-05,train,2021-04-06,2023-03-29
614,S27G01N90,2015-11-07,2015-2016,55,서울SK,10,울산모비스,0,3,carryover,0,2015-10-23,2015-10-31,2015-10-31,2015-11-05,train,2021-04-06,2023-03-29
615,S27G01N91,2015-11-08,2015-2016,50,창원LG,06,부산KT,0,3,carryover,0,2015-10-24,2015-10-31,2015-10-31,2015-11-07,train,2021-04-06,2023-03-29
616,S27G01N92,2015-11-08,2015-2016,30,고양오리온,65,인천전자랜드,1,3,carryover,0,2015-11-01,2015-11-07,2015-11-01,2015-11-06,train,2021-04-06,2023-03-29
617,S27G01N93,2015-11-08,2015-2016,16,원주동부,60,전주KCC,0,3,carryover,0,2015-10-25,2015-11-04,2015-10-30,2015-11-06,train,2021-04-06,2023-03-29
618,S27G01N94,2015-11-10,2015-2016,70,안양KGC,60,전주KCC,1,3,carryover,0,2015-10-31,2015-11-07,2015-11-01,2015-11-08,train,2021-04-06,2023-03-29
619,S27G01N95,2015-11-11,2015-2016,50,창원LG,35,서울삼성,1,3,carryover,0,2015-10-28,2015-11-08,2015-10-30,2015-11-07,train,2021-04-06,2023-03-29
620,S27G01N97,2015-11-12,2015-2016,55,서울SK,30,고양오리온,0,3,carryover,0,2015-10-25,2015-11-07,2015-11-05,2015-11-08,train,2021-04-06,2023-03-29
621,S27G01N96,2015-11-12,2015-2016,65,인천전자랜드,10,울산모비스,0,3,carryover,0,2015-11-03,2015-11-08,2015-11-01,2015-11-07,train,2021-04-06,2023-03-29
622,S27G01N98,2015-11-13,2015-2016,50,창원LG,16,원주동부,0,3,carryover,0,2015-10-31,2015-11-11,2015-11-01,2015-11-08,train,2021-04-06,2023-03-29
623,S27G01N99,2015-11-14,2015-2016,60,전주KCC,65,인천전자랜드,1,3,carryover,0,2015-11-06,2015-11-10,2015-11-06,2015-11-12,train,2021-04-06,2023-03-29
624,S27G01N100,2015-11-14,2015-2016,35,서울삼성,70,안양KGC,0,3,carryover,0,2015-11-01,2015-11-11,2015-11-03,2015-11-10,train,2021-04-06,2023-03-29
625,S27G01N101,2015-11-14,2015-2016,10,울산모비스,55,서울SK,1,3,carryover,0,2015-11-05,2015-11-12,2015-10-31,2015-11-12,train,2021-04-06,2023-03-29
626,S27G01N102,2015-11-15,2015-2016,65,인천전자랜드,50,창원LG,1,3,carryover,0,2015-11-08,2015-11-14,2015-11-08,2015-11-13,train,2021-04-06,2023-03-29
627,S27G01N103,2015-11-15,2015-2016,06,부산KT,16,원주동부,0,3,carryover,0,2015-11-04,2015-11-08,2015-11-04,2015-11-13,train,2021-04-06,2023-03-29
628,S27G01N104,2015-11-15,2015-2016,30,고양오리온,60,전주KCC,1,3,carryover,0,2015-11-07,2015-11-12,2015-11-08,2015-11-14,train,2021-04-06,2023-03-29
629,S27G01N105,2015-11-17,2015-2016,16,원주동부,35,서울삼성,0,3,carryover,0,2015-11-08,2015-11-15,2015-11-07,2015-11-14,train,2021-04-06,2023-03-29
630,S27G01N106,2015-11-18,2015-2016,55,서울SK,30,고양오리온,1,3,carryover,0,2015-11-07,2015-11-14,2015-11-08,2015-11-15,train,2021-04-06,2023-03-29
631,S27G01N107,2015-11-19,2015-2016,10,울산모비스,60,전주KCC,1,3,carryover,0,2015-11-07,2015-11-14,2015-11-10,2015-11-15,train,2021-04-06,2023-03-29
632,S27G01N108,2015-11-20,2015-2016,70,안양KGC,65,인천전자랜드,1,3,carryover,0,2015-11-07,2015-11-14,2015-11-12,2015-11-15,train,2021-04-06,2023-03-29
633,S27G01N109,2015-11-21,2015-2016,50,창원LG,30,고양오리온,0,3,carryover,0,2015-11-11,2015-11-15,2015-11-12,2015-11-18,train,2021-04-06,2023-03-29
634,S27G01N110,2015-11-21,2015-2016,16,원주동부,55,서울SK,1,3,carryover,0,2015-11-13,2015-11-17,2015-11-12,2015-11-18,train,2021-04-06,2023-03-29
635,S27G01N111,2015-11-21,2015-2016,35,서울삼성,06,부산KT,1,3,carryover,0,2015-11-11,2015-11-17,2015-11-07,2015-11-15,train,2021-04-06,2023-03-29
636,S27G01N112,2015-11-22,2015-2016,70,안양KGC,10,울산모비스,1,3,carryover,0,2015-11-10,2015-11-20,2015-11-12,2015-11-19,train,2021-04-06,2023-03-29
637,S27G01N113,2015-11-22,2015-2016,60,전주KCC,50,창원LG,1,3,carryover,0,2015-11-14,2015-11-19,2015-11-13,2015-11-21,train,2021-04-06,2023-03-29
638,S27G01N114,2015-11-22,2015-2016,55,서울SK,06,부산KT,0,3,carryover,0,2015-11-14,2015-11-21,2015-11-08,2015-11-21,train,2021-04-06,2023-03-29
639,S27G01N115,2015-11-24,2015-2016,10,울산모비스,50,창원LG,1,3,carryover,0,2015-11-14,2015-11-22,2015-11-15,2015-11-22,train,2021-04-06,2023-03-29
640,S27G01N116,2015-11-25,2015-2016,65,인천전자랜드,06,부산KT,0,3,carryover,0,2015-11-14,2015-11-20,2015-11-15,2015-11-22,train,2021-04-06,2023-03-29
641,S27G01N117,2015-11-26,2015-2016,35,서울삼성,10,울산모비스,0,3,carryover,0,2015-11-14,2015-11-21,2015-11-19,2015-11-24,train,2021-04-06,2023-03-29
642,S27G01N118,2015-11-27,2015-2016,60,전주KCC,55,서울SK,1,3,carryover,0,2015-11-15,2015-11-22,2015-11-18,2015-11-22,train,2021-04-06,2023-03-29
643,S27G01N119,2015-11-28,2015-2016,70,안양KGC,50,창원LG,1,3,carryover,0,2015-11-14,2015-11-22,2015-11-21,2015-11-24,train,2021-04-06,2023-03-29
644,S27G01N120,2015-11-28,2015-2016,30,고양오리온,35,서울삼성,0,3,carryover,0,2015-11-15,2015-11-21,2015-11-17,2015-11-26,train,2021-04-06,2023-03-29
645,S27G01N121,2015-11-28,2015-2016,65,인천전자랜드,16,원주동부,0,3,carryover,0,2015-11-15,2015-11-25,2015-11-15,2015-11-21,train,2021-04-06,2023-03-29
646,S27G01N122,2015-11-29,2015-2016,06,부산KT,60,전주KCC,0,3,carryover,0,2015-11-21,2015-11-25,2015-11-19,2015-11-27,train,2021-04-06,2023-03-29
647,S27G01N123,2015-11-29,2015-2016,10,울산모비스,30,고양오리온,1,3,carryover,0,2015-11-22,2015-11-26,2015-11-18,2015-11-28,train,2021-04-06,2023-03-29
648,S27G01N124,2015-11-29,2015-2016,35,서울삼성,55,서울SK,1,3,carryover,0,2015-11-21,2015-11-28,2015-11-21,2015-11-27,train,2021-04-06,2023-03-29
649,S27G01N125,2015-12-01,2015-2016,55,서울SK,70,안양KGC,1,3,carryover,0,2015-11-22,2015-11-29,2015-11-20,2015-11-28,train,2021-04-06,2023-03-29
650,S27G01N126,2015-12-02,2015-2016,16,원주동부,10,울산모비스,1,3,carryover,0,2015-11-17,2015-11-28,2015-11-24,2015-11-29,train,2021-04-06,2023-03-29
651,S27G01N127,2015-12-03,2015-2016,06,부산KT,30,고양오리온,1,3,carryover,0,2015-11-22,2015-11-29,2015-11-21,2015-11-29,train,2021-04-06,2023-03-29
652,S27G01N128,2015-12-04,2015-2016,35,서울삼성,65,인천전자랜드,1,3,carryover,0,2015-11-26,2015-11-29,2015-11-20,2015-11-28,train,2021-04-06,2023-03-29
653,S27G01N129,2015-12-05,2015-2016,16,원주동부,30,고양오리온,1,3,carryover,0,2015-11-21,2015-12-02,2015-11-28,2015-12-03,train,2021-04-06,2023-03-29
654,S27G01N130,2015-12-05,2015-2016,10,울산모비스,06,부산KT,1,3,carryover,0,2015-11-26,2015-12-02,2015-11-25,2015-12-03,train,2021-04-06,2023-03-29
655,S27G01N131,2015-12-05,2015-2016,50,창원LG,55,서울SK,1,3,carryover,0,2015-11-22,2015-11-28,2015-11-27,2015-12-01,train,2021-04-06,2023-03-29
656,S27G01N132,2015-12-06,2015-2016,70,안양KGC,16,원주동부,1,3,carryover,0,2015-11-22,2015-12-01,2015-11-28,2015-12-05,train,2021-04-06,2023-03-29
657,S27G01N133,2015-12-06,2015-2016,60,전주KCC,35,서울삼성,1,3,carryover,0,2015-11-22,2015-11-29,2015-11-28,2015-12-04,train,2021-04-06,2023-03-29
658,S27G01N134,2015-12-06,2015-2016,55,서울SK,65,인천전자랜드,0,3,carryover,0,2015-11-29,2015-12-05,2015-11-25,2015-12-04,train,2021-04-06,2023-03-29
659,S27G01N135,2015-12-08,2015-2016,06,부산KT,70,안양KGC,0,3,carryover,0,2015-11-29,2015-12-05,2015-11-28,2015-12-06,train,2021-04-06,2023-03-29
660,S27G01N137,2015-12-09,2015-2016,30,고양오리온,60,전주KCC,1,3,carryover,0,2015-11-29,2015-12-05,2015-11-27,2015-12-06,train,2021-04-06,2023-03-29
661,S27G01N136,2015-12-09,2015-2016,65,인천전자랜드,10,울산모비스,0,3,carryover,0,2015-11-28,2015-12-06,2015-11-29,2015-12-05,train,2021-04-06,2023-03-29
662,S27G01N138,2015-12-10,2015-2016,06,부산KT,55,서울SK,0,3,carryover,0,2015-12-03,2015-12-08,2015-12-01,2015-12-06,train,2021-04-06,2023-03-29
663,S27G01N139,2015-12-10,2015-2016,35,서울삼성,70,안양KGC,1,3,carryover,0,2015-11-29,2015-12-06,2015-12-01,2015-12-08,train,2021-04-06,2023-03-29
664,S27G01N140,2015-12-11,2015-2016,10,울산모비스,30,고양오리온,1,3,carryover,0,2015-12-02,2015-12-09,2015-12-03,2015-12-09,train,2021-04-06,2023-03-29
665,S27G01N141,2015-12-11,2015-2016,16,원주동부,60,전주KCC,1,3,carryover,0,2015-12-02,2015-12-06,2015-11-29,2015-12-09,train,2021-04-06,2023-03-29
666,S27G01N142,2015-12-12,2015-2016,35,서울삼성,50,창원LG,1,3,carryover,0,2015-12-04,2015-12-10,2015-11-24,2015-12-05,train,2021-04-06,2023-03-29
667,S27G01N143,2015-12-12,2015-2016,06,부산KT,65,인천전자랜드,0,3,carryover,0,2015-12-05,2015-12-10,2015-12-04,2015-12-09,train,2021-04-06,2023-03-29
668,S27G01N144,2015-12-12,2015-2016,70,안양KGC,55,서울SK,0,3,carryover,0,2015-12-06,2015-12-10,2015-12-05,2015-12-10,train,2021-04-06,2023-03-29
669,S27G01N145,2015-12-13,2015-2016,10,울산모비스,16,원주동부,1,3,carryover,0,2015-12-05,2015-12-11,2015-12-05,2015-12-11,train,2021-04-06,2023-03-29
670,S27G01N146,2015-12-13,2015-2016,65,인천전자랜드,60,전주KCC,1,3,carryover,0,2015-12-06,2015-12-12,2015-12-06,2015-12-11,train,2021-04-06,2023-03-29
671,S27G01N147,2015-12-13,2015-2016,30,고양오리온,50,창원LG,0,3,carryover,0,2015-12-05,2015-12-11,2015-11-28,2015-12-12,train,2021-04-06,2023-03-29
672,S27G01N148,2015-12-15,2015-2016,55,서울SK,35,서울삼성,0,3,carryover,0,2015-12-06,2015-12-12,2015-12-06,2015-12-12,train,2021-04-06,2023-03-29
673,S27G01N149,2015-12-16,2015-2016,16,원주동부,06,부산KT,1,3,carryover,0,2015-12-06,2015-12-13,2015-12-08,2015-12-12,train,2021-04-06,2023-03-29
674,S27G01N150,2015-12-16,2015-2016,60,전주KCC,70,안양KGC,1,3,carryover,0,2015-12-09,2015-12-13,2015-12-08,2015-12-12,train,2021-04-06,2023-03-29
675,S27G01N151,2015-12-17,2015-2016,10,울산모비스,35,서울삼성,0,3,carryover,0,2015-12-09,2015-12-13,2015-12-10,2015-12-15,train,2021-04-06,2023-03-29
676,S27G01N152,2015-12-17,2015-2016,50,창원LG,65,인천전자랜드,1,3,carryover,0,2015-12-05,2015-12-13,2015-12-09,2015-12-13,train,2021-04-06,2023-03-29
677,S27G01N153,2015-12-18,2015-2016,70,안양KGC,30,고양오리온,1,3,carryover,0,2015-12-10,2015-12-16,2015-12-09,2015-12-13,train,2021-04-06,2023-03-29
678,S27G01N154,2015-12-18,2015-2016,16,원주동부,55,서울SK,1,3,carryover,0,2015-12-11,2015-12-16,2015-12-10,2015-12-15,train,2021-04-06,2023-03-29
679,S27G01N155,2015-12-19,2015-2016,60,전주KCC,06,부산KT,1,3,carryover,0,2015-12-11,2015-12-16,2015-12-10,2015-12-16,train,2021-04-06,2023-03-29
680,S27G01N156,2015-12-19,2015-2016,50,창원LG,10,울산모비스,0,3,carryover,0,2015-12-12,2015-12-17,2015-12-11,2015-12-17,train,2021-04-06,2023-03-29
681,S27G01N157,2015-12-20,2015-2016,60,전주KCC,55,서울SK,1,3,carryover,0,2015-12-13,2015-12-19,2015-12-12,2015-12-18,train,2021-04-06,2023-03-29
682,S27G01N159,2015-12-20,2015-2016,16,원주동부,70,안양KGC,1,3,carryover,0,2015-12-13,2015-12-18,2015-12-12,2015-12-18,train,2021-04-06,2023-03-29
683,S27G01N158,2015-12-20,2015-2016,30,고양오리온,06,부산KT,1,3,carryover,0,2015-12-11,2015-12-18,2015-12-12,2015-12-19,train,2021-04-06,2023-03-29
684,S27G01N160,2015-12-20,2015-2016,35,서울삼성,65,인천전자랜드,1,3,carryover,0,2015-12-12,2015-12-17,2015-12-12,2015-12-17,train,2021-04-06,2023-03-29
685,S27G01N161,2015-12-22,2015-2016,50,창원LG,55,서울SK,0,3,carryover,0,2015-12-13,2015-12-19,2015-12-15,2015-12-20,train,2021-04-06,2023-03-29
686,S27G01N162,2015-12-23,2015-2016,30,고양오리온,35,서울삼성,1,3,carryover,0,2015-12-13,2015-12-20,2015-12-15,2015-12-20,train,2021-04-06,2023-03-29
687,S27G01N163,2015-12-23,2015-2016,70,안양KGC,10,울산모비스,0,3,carryover,0,2015-12-16,2015-12-20,2015-12-13,2015-12-19,train,2021-04-06,2023-03-29
688,S27G01N165,2015-12-24,2015-2016,60,전주KCC,50,창원LG,0,3,carryover,0,2015-12-16,2015-12-20,2015-12-17,2015-12-22,train,2021-04-06,2023-03-29
689,S27G01N164,2015-12-24,2015-2016,65,인천전자랜드,16,원주동부,0,3,carryover,0,2015-12-13,2015-12-20,2015-12-16,2015-12-20,train,2021-04-06,2023-03-29
690,S27G01N166,2015-12-25,2015-2016,10,울산모비스,06,부산KT,0,3,carryover,0,2015-12-17,2015-12-23,2015-12-16,2015-12-20,train,2021-04-06,2023-03-29
691,S27G01N167,2015-12-25,2015-2016,55,서울SK,30,고양오리온,1,3,carryover,0,2015-12-18,2015-12-22,2015-12-18,2015-12-23,train,2021-04-06,2023-03-29
692,S27G01N168,2015-12-26,2015-2016,70,안양KGC,65,인천전자랜드,1,3,carryover,0,2015-12-18,2015-12-23,2015-12-17,2015-12-24,train,2021-04-06,2023-03-29
693,S27G01N169,2015-12-26,2015-2016,60,전주KCC,35,서울삼성,1,3,carryover,0,2015-12-19,2015-12-24,2015-12-17,2015-12-23,train,2021-04-06,2023-03-29
694,S27G01N170,2015-12-26,2015-2016,16,원주동부,50,창원LG,1,3,carryover,0,2015-12-18,2015-12-24,2015-12-19,2015-12-24,train,2021-04-06,2023-03-29
695,S27G01N171,2015-12-27,2015-2016,06,부산KT,70,안양KGC,0,3,carryover,0,2015-12-19,2015-12-25,2015-12-20,2015-12-26,train,2021-04-06,2023-03-29
696,S27G01N172,2015-12-27,2015-2016,10,울산모비스,55,서울SK,1,3,carryover,0,2015-12-19,2015-12-25,2015-12-20,2015-12-25,train,2021-04-06,2023-03-29
697,S27G01N173,2015-12-27,2015-2016,65,인천전자랜드,30,고양오리온,0,3,carryover,0,2015-12-20,2015-12-26,2015-12-20,2015-12-25,train,2021-04-06,2023-03-29
698,S27G01N174,2015-12-29,2015-2016,06,부산KT,35,서울삼성,1,3,carryover,0,2015-12-20,2015-12-27,2015-12-20,2015-12-26,train,2021-04-06,2023-03-29
699,S27G01N175,2015-12-30,2015-2016,30,고양오리온,16,원주동부,0,3,carryover,0,2015-12-23,2015-12-27,2015-12-20,2015-12-26,train,2021-04-06,2023-03-29
700,S27G01N176,2015-12-30,2015-2016,70,안양KGC,50,창원LG,0,3,carryover,0,2015-12-23,2015-12-27,2015-12-22,2015-12-26,train,2021-04-06,2023-03-29
701,S27G01N177,2015-12-31,2015-2016,60,전주KCC,10,울산모비스,1,3,carryover,0,2015-12-20,2015-12-26,2015-12-23,2015-12-27,train,2021-04-06,2023-03-29
702,S27G01N178,2015-12-31,2015-2016,65,인천전자랜드,55,서울SK,0,3,carryover,0,2015-12-24,2015-12-27,2015-12-22,2015-12-27,train,2021-04-06,2023-03-29
703,S27G01N179,2016-01-01,2015-2016,50,창원LG,06,부산KT,1,3,carryover,0,2015-12-24,2015-12-30,2015-12-25,2015-12-29,train,2021-04-06,2023-03-29
704,S27G01N180,2016-01-01,2015-2016,35,서울삼성,16,원주동부,1,3,carryover,0,2015-12-23,2015-12-29,2015-12-24,2015-12-30,train,2021-04-06,2023-03-29
705,S27G01N181,2016-01-02,2015-2016,30,고양오리온,70,안양KGC,1,3,carryover,0,2015-12-25,2015-12-30,2015-12-26,2015-12-30,train,2021-04-06,2023-03-29
706,S27G01N182,2016-01-02,2015-2016,55,서울SK,10,울산모비스,1,3,carryover,0,2015-12-25,2015-12-31,2015-12-25,2015-12-31,train,2021-04-06,2023-03-29
707,S27G01N183,2016-01-02,2015-2016,60,전주KCC,65,인천전자랜드,1,3,carryover,0,2015-12-24,2015-12-31,2015-12-26,2015-12-31,train,2021-04-06,2023-03-29
708,S27G01N184,2016-01-03,2015-2016,50,창원LG,16,원주동부,1,3,carryover,0,2015-12-26,2016-01-01,2015-12-26,2016-01-01,train,2021-04-06,2023-03-29
709,S27G01N185,2016-01-03,2015-2016,10,울산모비스,35,서울삼성,1,3,carryover,0,2015-12-27,2016-01-02,2015-12-26,2016-01-01,train,2021-04-06,2023-03-29
710,S27G01N186,2016-01-03,2015-2016,60,전주KCC,06,부산KT,1,3,carryover,0,2015-12-26,2016-01-02,2015-12-27,2016-01-01,train,2021-04-06,2023-03-29
711,S27G01N187,2016-01-05,2015-2016,16,원주동부,06,부산KT,1,3,carryover,0,2015-12-30,2016-01-03,2015-12-29,2016-01-03,train,2021-04-06,2023-03-29
712,S27G01N188,2016-01-05,2015-2016,70,안양KGC,65,인천전자랜드,1,3,carryover,0,2015-12-27,2016-01-02,2015-12-27,2016-01-02,train,2021-04-06,2023-03-29
713,S27G01N190,2016-01-06,2015-2016,30,고양오리온,55,서울SK,1,3,carryover,0,2015-12-27,2016-01-02,2015-12-27,2016-01-02,train,2021-04-06,2023-03-29
714,S27G01N191,2016-01-06,2015-2016,35,서울삼성,60,전주KCC,1,3,carryover,0,2015-12-29,2016-01-03,2015-12-31,2016-01-03,train,2021-04-06,2023-03-29
715,S27G01N189,2016-01-06,2015-2016,10,울산모비스,50,창원LG,1,3,carryover,0,2015-12-31,2016-01-03,2015-12-30,2016-01-03,train,2021-04-06,2023-03-29
716,S27G01N192,2016-01-13,2015-2016,35,서울삼성,55,서울SK,1,3,carryover,0,2016-01-01,2016-01-06,2015-12-31,2016-01-06,train,2021-04-06,2023-03-29
717,S27G01N194,2016-01-13,2015-2016,06,부산KT,10,울산모비스,1,3,carryover,0,2016-01-01,2016-01-05,2016-01-02,2016-01-06,train,2021-04-06,2023-03-29
718,S27G01N193,2016-01-13,2015-2016,70,안양KGC,60,전주KCC,0,3,carryover,0,2015-12-30,2016-01-05,2016-01-02,2016-01-06,train,2021-04-06,2023-03-29
719,S27G01N195,2016-01-14,2015-2016,50,창원LG,30,고양오리온,1,3,carryover,0,2016-01-01,2016-01-06,2015-12-30,2016-01-06,train,2021-04-06,2023-03-29
720,S27G01N196,2016-01-14,2015-2016,16,원주동부,65,인천전자랜드,0,3,carryover,0,2016-01-01,2016-01-05,2015-12-31,2016-01-05,train,2021-04-06,2023-03-29
721,S27G01N197,2016-01-15,2015-2016,60,전주KCC,10,울산모비스,0,3,carryover,0,2016-01-03,2016-01-13,2016-01-03,2016-01-13,train,2021-04-06,2023-03-29
722,S27G01N198,2016-01-15,2015-2016,55,서울SK,70,안양KGC,0,3,carryover,0,2016-01-02,2016-01-13,2016-01-02,2016-01-13,train,2021-04-06,2023-03-29
723,S27G01N199,2016-01-16,2015-2016,65,인천전자랜드,35,서울삼성,0,3,carryover,0,2016-01-02,2016-01-14,2016-01-03,2016-01-13,train,2021-04-06,2023-03-29
724,S27G01N200,2016-01-16,2015-2016,16,원주동부,30,고양오리온,0,3,carryover,0,2016-01-03,2016-01-14,2016-01-02,2016-01-14,train,2021-04-06,2023-03-29
725,S27G01N201,2016-01-16,2015-2016,06,부산KT,50,창원LG,1,3,carryover,0,2016-01-03,2016-01-13,2016-01-03,2016-01-14,train,2021-04-06,2023-03-29
726,S27G01N202,2016-01-17,2015-2016,55,서울SK,60,전주KCC,1,3,carryover,0,2016-01-06,2016-01-15,2016-01-06,2016-01-15,train,2021-04-06,2023-03-29
727,S27G01N203,2016-01-17,2015-2016,70,안양KGC,10,울산모비스,1,3,carryover,0,2016-01-05,2016-01-15,2016-01-06,2016-01-15,train,2021-04-06,2023-03-29
728,S27G01N204,2016-01-17,2015-2016,35,서울삼성,16,원주동부,1,3,carryover,0,2016-01-06,2016-01-16,2016-01-05,2016-01-16,train,2021-04-06,2023-03-29
729,S27G01N205,2016-01-19,2015-2016,65,인천전자랜드,06,부산KT,1,3,carryover,0,2016-01-05,2016-01-16,2016-01-05,2016-01-16,train,2021-04-06,2023-03-29
730,S27G01N206,2016-01-20,2015-2016,35,서울삼성,50,창원LG,0,3,carryover,0,2016-01-13,2016-01-17,2016-01-06,2016-01-16,train,2021-04-06,2023-03-29
731,S27G01N207,2016-01-20,2015-2016,60,전주KCC,30,고양오리온,1,3,carryover,0,2016-01-13,2016-01-17,2016-01-06,2016-01-16,train,2021-04-06,2023-03-29
732,S27G01N208,2016-01-21,2015-2016,55,서울SK,16,원주동부,1,3,carryover,0,2016-01-13,2016-01-17,2016-01-14,2016-01-17,train,2021-04-06,2023-03-29
733,S27G01N209,2016-01-21,2015-2016,70,안양KGC,06,부산KT,0,3,carryover,0,2016-01-13,2016-01-17,2016-01-13,2016-01-19,train,2021-04-06,2023-03-29
734,S27G01N211,2016-01-22,2015-2016,50,창원LG,60,전주KCC,0,3,carryover,0,2016-01-14,2016-01-20,2016-01-15,2016-01-20,train,2021-04-06,2023-03-29
735,S27G01N210,2016-01-22,2015-2016,30,고양오리온,65,인천전자랜드,1,3,carryover,0,2016-01-14,2016-01-20,2016-01-14,2016-01-19,train,2021-04-06,2023-03-29
736,S27G01N212,2016-01-23,2015-2016,70,안양KGC,35,서울삼성,1,3,carryover,0,2016-01-15,2016-01-21,2016-01-16,2016-01-20,train,2021-04-06,2023-03-29
737,S27G01N213,2016-01-23,2015-2016,55,서울SK,06,부산KT,0,3,carryover,0,2016-01-15,2016-01-21,2016-01-16,2016-01-21,train,2021-04-06,2023-03-29
738,S27G01N214,2016-01-23,2015-2016,10,울산모비스,16,원주동부,0,3,carryover,0,2016-01-13,2016-01-17,2016-01-16,2016-01-21,train,2021-04-06,2023-03-29
739,S27G01N215,2016-01-24,2015-2016,35,서울삼성,30,고양오리온,0,3,carryover,0,2016-01-17,2016-01-23,2016-01-16,2016-01-22,train,2021-04-06,2023-03-29
740,S27G01N216,2016-01-24,2015-2016,65,인천전자랜드,50,창원LG,0,3,carryover,0,2016-01-16,2016-01-22,2016-01-16,2016-01-22,train,2021-04-06,2023-03-29
741,S27G01N217,2016-01-24,2015-2016,16,원주동부,70,안양KGC,0,3,carryover,0,2016-01-17,2016-01-23,2016-01-17,2016-01-23,train,2021-04-06,2023-03-29
742,S27G01N218,2016-01-26,2015-2016,06,부산KT,30,고양오리온,0,3,carryover,0,2016-01-19,2016-01-23,2016-01-20,2016-01-24,train,2021-04-06,2023-03-29
743,S27G01N219,2016-01-27,2015-2016,55,서울SK,50,창원LG,1,3,carryover,0,2016-01-17,2016-01-23,2016-01-20,2016-01-24,train,2021-04-06,2023-03-29
744,S27G01N220,2016-01-27,2015-2016,10,울산모비스,65,인천전자랜드,1,3,carryover,0,2016-01-15,2016-01-23,2016-01-19,2016-01-24,train,2021-04-06,2023-03-29
745,S27G01N221,2016-01-28,2015-2016,60,전주KCC,16,원주동부,1,3,carryover,0,2016-01-17,2016-01-22,2016-01-21,2016-01-24,train,2021-04-06,2023-03-29
746,S27G01N222,2016-01-28,2015-2016,35,서울삼성,06,부산KT,1,3,carryover,0,2016-01-20,2016-01-24,2016-01-21,2016-01-26,train,2021-04-06,2023-03-29
747,S27G01N223,2016-01-29,2015-2016,65,인천전자랜드,55,서울SK,0,3,carryover,0,2016-01-22,2016-01-27,2016-01-21,2016-01-27,train,2021-04-06,2023-03-29
748,S27G01N224,2016-01-29,2015-2016,50,창원LG,70,안양KGC,1,3,carryover,0,2016-01-22,2016-01-27,2016-01-21,2016-01-24,train,2021-04-06,2023-03-29
749,S27G01N225,2016-01-30,2015-2016,30,고양오리온,10,울산모비스,0,3,carryover,0,2016-01-22,2016-01-26,2016-01-17,2016-01-27,train,2021-04-06,2023-03-29
750,S27G01N226,2016-01-30,2015-2016,35,서울삼성,60,전주KCC,0,3,carryover,0,2016-01-23,2016-01-28,2016-01-20,2016-01-28,train,2021-04-06,2023-03-29
751,S27G01N227,2016-01-30,2015-2016,06,부산KT,16,원주동부,1,3,carryover,0,2016-01-23,2016-01-28,2016-01-23,2016-01-28,train,2021-04-06,2023-03-29
752,S27G01N228,2016-01-31,2015-2016,50,창원LG,30,고양오리온,1,3,carryover,0,2016-01-24,2016-01-29,2016-01-24,2016-01-30,train,2021-04-06,2023-03-29
753,S27G01N229,2016-01-31,2015-2016,70,안양KGC,55,서울SK,1,3,carryover,0,2016-01-23,2016-01-29,2016-01-23,2016-01-29,train,2021-04-06,2023-03-29
754,S27G01N230,2016-01-31,2015-2016,65,인천전자랜드,60,전주KCC,0,3,carryover,0,2016-01-24,2016-01-29,2016-01-22,2016-01-30,train,2021-04-06,2023-03-29
755,S27G01N231,2016-02-02,2015-2016,35,서울삼성,10,울산모비스,1,3,carryover,0,2016-01-24,2016-01-30,2016-01-23,2016-01-30,train,2021-04-06,2023-03-29
756,S27G01N232,2016-02-03,2015-2016,50,창원LG,16,원주동부,1,3,carryover,0,2016-01-27,2016-01-31,2016-01-24,2016-01-30,train,2021-04-06,2023-03-29
757,S27G01N233,2016-02-03,2015-2016,06,부산KT,65,인천전자랜드,1,3,carryover,0,2016-01-26,2016-01-30,2016-01-27,2016-01-31,train,2021-04-06,2023-03-29
758,S27G01N235,2016-02-04,2015-2016,55,서울SK,35,서울삼성,1,3,carryover,0,2016-01-27,2016-01-31,2016-01-28,2016-02-02,train,2021-04-06,2023-03-29
759,S27G01N234,2016-02-04,2015-2016,70,안양KGC,30,고양오리온,1,3,carryover,0,2016-01-24,2016-01-31,2016-01-26,2016-01-31,train,2021-04-06,2023-03-29
760,S27G01N236,2016-02-05,2015-2016,06,부산KT,50,창원LG,0,3,carryover,0,2016-01-28,2016-02-03,2016-01-29,2016-02-03,train,2021-04-06,2023-03-29
761,S27G01N237,2016-02-05,2015-2016,10,울산모비스,60,전주KCC,0,3,carryover,0,2016-01-27,2016-02-02,2016-01-28,2016-01-31,train,2021-04-06,2023-03-29
762,S27G01N238,2016-02-06,2015-2016,16,원주동부,55,서울SK,1,3,carryover,0,2016-01-28,2016-02-03,2016-01-29,2016-02-04,train,2021-04-06,2023-03-29
763,S27G01N239,2016-02-06,2015-2016,35,서울삼성,70,안양KGC,1,3,carryover,0,2016-01-30,2016-02-04,2016-01-29,2016-02-04,train,2021-04-06,2023-03-29
764,S27G01N240,2016-02-06,2015-2016,65,인천전자랜드,30,고양오리온,0,3,carryover,0,2016-01-29,2016-02-03,2016-01-30,2016-02-04,train,2021-04-06,2023-03-29
765,S27G01N241,2016-02-07,2015-2016,10,울산모비스,50,창원LG,1,3,carryover,0,2016-01-30,2016-02-05,2016-01-31,2016-02-05,train,2021-04-06,2023-03-29
766,S27G01N242,2016-02-07,2015-2016,06,부산KT,60,전주KCC,0,3,carryover,0,2016-01-30,2016-02-05,2016-01-30,2016-02-05,train,2021-04-06,2023-03-29
767,S27G01N243,2016-02-07,2015-2016,55,서울SK,65,인천전자랜드,0,3,carryover,0,2016-01-31,2016-02-06,2016-01-31,2016-02-06,train,2021-04-06,2023-03-29
768,S27G01N244,2016-02-08,2015-2016,35,서울삼성,30,고양오리온,1,3,carryover,0,2016-02-02,2016-02-06,2016-01-31,2016-02-06,train,2021-04-06,2023-03-29
769,S27G01N245,2016-02-08,2015-2016,70,안양KGC,16,원주동부,0,3,carryover,0,2016-01-31,2016-02-06,2016-01-30,2016-02-06,train,2021-04-06,2023-03-29
770,S27G01N246,2016-02-09,2015-2016,06,부산KT,10,울산모비스,1,3,carryover,0,2016-02-03,2016-02-07,2016-02-02,2016-02-07,train,2021-04-06,2023-03-29
771,S27G01N247,2016-02-09,2015-2016,50,창원LG,60,전주KCC,0,3,carryover,0,2016-02-03,2016-02-07,2016-01-31,2016-02-07,train,2021-04-06,2023-03-29
772,S27G01N248,2016-02-10,2015-2016,16,원주동부,65,인천전자랜드,0,3,carryover,0,2016-02-03,2016-02-08,2016-02-03,2016-02-07,train,2021-04-06,2023-03-29
773,S27G01N249,2016-02-10,2015-2016,30,고양오리온,55,서울SK,1,3,carryover,0,2016-02-04,2016-02-08,2016-02-04,2016-02-07,train,2021-04-06,2023-03-29
774,S27G01N250,2016-02-12,2015-2016,70,안양KGC,50,창원LG,1,3,carryover,0,2016-02-04,2016-02-08,2016-02-05,2016-02-09,train,2021-04-06,2023-03-29
775,S27G01N251,2016-02-12,2015-2016,55,서울SK,06,부산KT,0,3,carryover,0,2016-02-06,2016-02-10,2016-02-05,2016-02-09,train,2021-04-06,2023-03-29
776,S27G01N252,2016-02-13,2015-2016,60,전주KCC,16,원주동부,1,3,carryover,0,2016-02-05,2016-02-09,2016-02-06,2016-02-10,train,2021-04-06,2023-03-29
777,S27G01N254,2016-02-13,2015-2016,30,고양오리온,10,울산모비스,0,3,carryover,0,2016-02-06,2016-02-10,2016-02-05,2016-02-09,train,2021-04-06,2023-03-29
778,S27G01N253,2016-02-13,2015-2016,35,서울삼성,65,인천전자랜드,0,3,carryover,0,2016-02-04,2016-02-08,2016-02-06,2016-02-10,train,2021-04-06,2023-03-29
779,S27G01N255,2016-02-14,2015-2016,06,부산KT,70,안양KGC,0,3,carryover,0,2016-02-07,2016-02-12,2016-02-06,2016-02-12,train,2021-04-06,2023-03-29
780,S27G01N256,2016-02-14,2015-2016,50,창원LG,35,서울삼성,1,3,carryover,0,2016-02-07,2016-02-12,2016-02-06,2016-02-13,train,2021-04-06,2023-03-29
781,S27G01N257,2016-02-14,2015-2016,10,울산모비스,55,서울SK,1,3,carryover,0,2016-02-07,2016-02-13,2016-02-07,2016-02-12,train,2021-04-06,2023-03-29
782,S27G01N259,2016-02-16,2015-2016,60,전주KCC,30,고양오리온,1,3,carryover,0,2016-02-07,2016-02-13,2016-02-08,2016-02-13,train,2021-04-06,2023-03-29
783,S27G01N258,2016-02-16,2015-2016,16,원주동부,10,울산모비스,0,3,carryover,0,2016-02-08,2016-02-13,2016-02-09,2016-02-14,train,2021-04-06,2023-03-29
784,S27G01N261,2016-02-17,2015-2016,35,서울삼성,06,부산KT,1,3,carryover,0,2016-02-08,2016-02-14,2016-02-09,2016-02-14,train,2021-04-06,2023-03-29
785,S27G01N260,2016-02-17,2015-2016,65,인천전자랜드,70,안양KGC,1,3,carryover,0,2016-02-07,2016-02-13,2016-02-08,2016-02-14,train,2021-04-06,2023-03-29
786,S27G01N262,2016-02-18,2015-2016,30,고양오리온,16,원주동부,1,3,carryover,0,2016-02-10,2016-02-16,2016-02-10,2016-02-16,train,2021-04-06,2023-03-29
787,S27G01N263,2016-02-18,2015-2016,60,전주KCC,55,서울SK,1,3,carryover,0,2016-02-09,2016-02-16,2016-02-10,2016-02-14,train,2021-04-06,2023-03-29
788,S27G01N264,2016-02-19,2015-2016,10,울산모비스,70,안양KGC,1,3,carryover,0,2016-02-13,2016-02-16,2016-02-12,2016-02-17,train,2021-04-06,2023-03-29
789,S27G01N265,2016-02-19,2015-2016,50,창원LG,65,인천전자랜드,1,3,carryover,0,2016-02-09,2016-02-14,2016-02-10,2016-02-17,train,2021-04-06,2023-03-29
790,S27G01N267,2016-02-21,2015-2016,55,서울SK,50,창원LG,1,3,carryover,0,2016-02-12,2016-02-18,2016-02-12,2016-02-19,train,2021-04-06,2023-03-29
791,S27G01N270,2016-02-21,2015-2016,30,고양오리온,06,부산KT,0,3,carryover,0,2016-02-13,2016-02-18,2016-02-12,2016-02-17,train,2021-04-06,2023-03-29
792,S27G01N266,2016-02-21,2015-2016,65,인천전자랜드,10,울산모비스,0,3,carryover,0,2016-02-13,2016-02-19,2016-02-14,2016-02-19,train,2021-04-06,2023-03-29
793,S27G01N268,2016-02-21,2015-2016,16,원주동부,35,서울삼성,1,3,carryover,0,2016-02-13,2016-02-18,2016-02-13,2016-02-17,train,2021-04-06,2023-03-29
794,S27G01N269,2016-02-21,2015-2016,70,안양KGC,60,전주KCC,0,3,carryover,0,2016-02-14,2016-02-19,2016-02-13,2016-02-18,train,2021-04-06,2023-03-29
795,S29G01N1,2016-10-22,2016-2017,30,고양오리온,60,전주KCC,1,3,carryover,1,2016-02-16,2016-02-21,2016-02-16,2016-02-21,train,2021-04-06,2023-03-29
796,S29G01N3,2016-10-22,2016-2017,70,안양KGC,55,서울SK,1,3,carryover,1,2016-02-17,2016-02-21,2016-02-14,2016-02-21,train,2021-04-06,2023-03-29
797,S29G01N2,2016-10-22,2016-2017,10,울산모비스,65,인천전자랜드,0,3,carryover,1,2016-02-16,2016-02-21,2016-02-17,2016-02-21,train,2021-04-06,2023-03-29
798,S29G01N4,2016-10-23,2016-2017,16,원주동부,06,부산KT,1,3,carryover,1,2016-02-16,2016-02-21,2016-02-14,2016-02-21,train,2021-04-06,2023-03-29
799,S29G01N5,2016-10-23,2016-2017,35,서울삼성,10,울산모비스,1,3,carryover,1,2016-02-14,2016-02-21,2016-02-19,2016-10-22,train,2021-04-06,2023-03-29
800,S29G01N6,2016-10-23,2016-2017,60,전주KCC,50,창원LG,0,3,carryover,1,2016-02-18,2016-10-22,2016-02-14,2016-02-21,train,2021-04-06,2023-03-29
801,S29G01N7,2016-10-25,2016-2017,35,서울삼성,70,안양KGC,1,3,carryover,1,2016-02-17,2016-10-23,2016-02-19,2016-10-22,train,2021-04-06,2023-03-29
802,S29G01N8,2016-10-26,2016-2017,16,원주동부,50,창원LG,1,3,carryover,1,2016-02-18,2016-10-23,2016-02-19,2016-10-23,train,2021-04-06,2023-03-29
803,S29G01N9,2016-10-26,2016-2017,10,울산모비스,60,전주KCC,0,3,carryover,1,2016-02-21,2016-10-23,2016-02-21,2016-10-23,train,2021-04-06,2023-03-29
804,S29G01N10,2016-10-27,2016-2017,30,고양오리온,06,부산KT,1,3,carryover,1,2016-02-18,2016-10-22,2016-02-17,2016-10-23,train,2021-04-06,2023-03-29
805,S29G01N11,2016-10-28,2016-2017,60,전주KCC,16,원주동부,0,3,carryover,1,2016-10-22,2016-10-26,2016-02-21,2016-10-26,train,2021-04-06,2023-03-29
806,S29G01N12,2016-10-28,2016-2017,70,안양KGC,65,인천전자랜드,1,3,carryover,1,2016-02-21,2016-10-25,2016-02-19,2016-10-22,train,2021-04-06,2023-03-29
807,S29G01N13,2016-10-29,2016-2017,06,부산KT,35,서울삼성,1,3,carryover,1,2016-02-21,2016-10-27,2016-02-21,2016-10-25,train,2021-04-06,2023-03-29
808,S29G01N14,2016-10-29,2016-2017,50,창원LG,10,울산모비스,1,3,carryover,1,2016-02-21,2016-10-26,2016-10-22,2016-10-26,train,2021-04-06,2023-03-29
809,S29G01N15,2016-10-29,2016-2017,55,서울SK,30,고양오리온,0,3,carryover,1,2016-02-18,2016-10-22,2016-02-21,2016-10-27,train,2021-04-06,2023-03-29
810,S29G01N16,2016-10-30,2016-2017,65,인천전자랜드,16,원주동부,1,3,carryover,1,2016-02-21,2016-10-28,2016-10-23,2016-10-28,train,2021-04-06,2023-03-29
811,S29G01N17,2016-10-30,2016-2017,70,안양KGC,60,전주KCC,1,3,carryover,0,2016-10-22,2016-10-28,2016-10-23,2016-10-28,train,2021-04-06,2023-03-29
812,S29G01N18,2016-10-30,2016-2017,55,서울SK,50,창원LG,1,3,carryover,1,2016-02-21,2016-10-29,2016-10-23,2016-10-29,train,2021-04-06,2023-03-29
813,S29G01N19,2016-11-01,2016-2017,65,인천전자랜드,06,부산KT,1,3,carryover,0,2016-10-22,2016-10-30,2016-10-23,2016-10-29,train,2021-04-06,2023-03-29
814,S29G01N20,2016-11-02,2016-2017,16,원주동부,10,울산모비스,0,3,carryover,0,2016-10-26,2016-10-30,2016-10-23,2016-10-29,train,2021-04-06,2023-03-29
815,S29G01N21,2016-11-02,2016-2017,35,서울삼성,30,고양오리온,1,3,carryover,0,2016-10-23,2016-10-29,2016-10-22,2016-10-29,train,2021-04-06,2023-03-29
816,S29G01N22,2016-11-03,2016-2017,06,부산KT,70,안양KGC,0,3,carryover,0,2016-10-27,2016-11-01,2016-10-25,2016-10-30,train,2021-04-06,2023-03-29
817,S29G01N24,2016-11-04,2016-2017,35,서울삼성,65,인천전자랜드,1,3,carryover,0,2016-10-25,2016-11-02,2016-10-28,2016-11-01,train,2021-04-06,2023-03-29
818,S29G01N23,2016-11-04,2016-2017,30,고양오리온,10,울산모비스,1,3,carryover,0,2016-10-27,2016-11-02,2016-10-26,2016-11-02,train,2021-04-06,2023-03-29
819,S29G01N25,2016-11-05,2016-2017,60,전주KCC,55,서울SK,0,3,carryover,0,2016-10-26,2016-10-30,2016-10-22,2016-10-30,train,2021-04-06,2023-03-29
820,S29G01N26,2016-11-05,2016-2017,50,창원LG,06,부산KT,1,3,carryover,0,2016-10-26,2016-10-30,2016-10-29,2016-11-03,train,2021-04-06,2023-03-29
821,S29G01N27,2016-11-05,2016-2017,16,원주동부,70,안양KGC,1,3,carryover,0,2016-10-28,2016-11-02,2016-10-28,2016-11-03,train,2021-04-06,2023-03-29
822,S29G01N28,2016-11-06,2016-2017,30,고양오리온,65,인천전자랜드,1,3,carryover,0,2016-10-29,2016-11-04,2016-10-30,2016-11-04,train,2021-04-06,2023-03-29
823,S29G01N30,2016-11-06,2016-2017,10,울산모비스,70,안양KGC,1,3,carryover,0,2016-10-29,2016-11-04,2016-10-30,2016-11-05,train,2021-04-06,2023-03-29
824,S29G01N29,2016-11-06,2016-2017,35,서울삼성,55,서울SK,1,3,carryover,0,2016-10-29,2016-11-04,2016-10-29,2016-11-05,train,2021-04-06,2023-03-29
825,S29G01N31,2016-11-08,2016-2017,60,전주KCC,35,서울삼성,0,3,carryover,0,2016-10-28,2016-11-05,2016-11-02,2016-11-06,train,2021-04-06,2023-03-29
826,S29G01N32,2016-11-09,2016-2017,30,고양오리온,50,창원LG,1,3,carryover,0,2016-11-02,2016-11-06,2016-10-29,2016-11-05,train,2021-04-06,2023-03-29
827,S29G01N33,2016-11-09,2016-2017,65,인천전자랜드,55,서울SK,1,3,carryover,0,2016-11-01,2016-11-06,2016-10-30,2016-11-06,train,2021-04-06,2023-03-29
828,S29G01N34,2016-11-10,2016-2017,60,전주KCC,06,부산KT,1,3,carryover,0,2016-10-30,2016-11-08,2016-11-01,2016-11-05,train,2021-04-06,2023-03-29
829,S29G01N35,2016-11-11,2016-2017,55,서울SK,16,원주동부,1,3,carryover,0,2016-11-05,2016-11-09,2016-10-30,2016-11-05,train,2021-04-06,2023-03-29
830,S29G01N36,2016-11-11,2016-2017,35,서울삼성,50,창원LG,1,3,carryover,0,2016-11-04,2016-11-08,2016-10-30,2016-11-09,train,2021-04-06,2023-03-29
831,S29G01N37,2016-11-12,2016-2017,65,인천전자랜드,60,전주KCC,1,3,carryover,0,2016-11-04,2016-11-09,2016-11-05,2016-11-10,train,2021-04-06,2023-03-29
832,S29G01N38,2016-11-12,2016-2017,70,안양KGC,30,고양오리온,0,3,carryover,0,2016-11-03,2016-11-06,2016-11-04,2016-11-09,train,2021-04-06,2023-03-29
833,S29G01N39,2016-11-12,2016-2017,06,부산KT,10,울산모비스,0,3,carryover,0,2016-11-03,2016-11-10,2016-11-02,2016-11-06,train,2021-04-06,2023-03-29
834,S29G01N40,2016-11-13,2016-2017,50,창원LG,65,인천전자랜드,1,3,carryover,0,2016-11-05,2016-11-11,2016-11-06,2016-11-12,train,2021-04-06,2023-03-29
835,S29G01N41,2016-11-13,2016-2017,16,원주동부,35,서울삼성,1,3,carryover,0,2016-11-02,2016-11-11,2016-11-06,2016-11-11,train,2021-04-06,2023-03-29
836,S29G01N42,2016-11-13,2016-2017,55,서울SK,06,부산KT,0,3,carryover,0,2016-11-06,2016-11-11,2016-11-05,2016-11-12,train,2021-04-06,2023-03-29
837,S29G01N43,2016-11-15,2016-2017,16,원주동부,30,고양오리온,1,3,carryover,0,2016-11-05,2016-11-13,2016-11-06,2016-11-12,train,2021-04-06,2023-03-29
838,S29G01N45,2016-11-16,2016-2017,50,창원LG,70,안양KGC,0,3,carryover,0,2016-11-09,2016-11-13,2016-11-05,2016-11-12,train,2021-04-06,2023-03-29
839,S29G01N44,2016-11-16,2016-2017,55,서울SK,10,울산모비스,1,3,carryover,0,2016-11-09,2016-11-13,2016-11-04,2016-11-12,train,2021-04-06,2023-03-29
840,S29G01N46,2016-11-17,2016-2017,35,서울삼성,60,전주KCC,1,3,carryover,0,2016-11-08,2016-11-13,2016-11-08,2016-11-12,train,2021-04-06,2023-03-29
841,S29G01N47,2016-11-18,2016-2017,50,창원LG,16,원주동부,0,3,carryover,0,2016-11-11,2016-11-16,2016-11-11,2016-11-15,train,2021-04-06,2023-03-29
842,S29G01N48,2016-11-18,2016-2017,06,부산KT,65,인천전자랜드,0,3,carryover,0,2016-11-10,2016-11-13,2016-11-09,2016-11-13,train,2021-04-06,2023-03-29
843,S29G01N49,2016-11-19,2016-2017,60,전주KCC,70,안양KGC,0,3,carryover,0,2016-11-10,2016-11-17,2016-11-06,2016-11-16,train,2021-04-06,2023-03-29
844,S29G01N51,2016-11-19,2016-2017,30,고양오리온,55,서울SK,1,3,carryover,0,2016-11-09,2016-11-15,2016-11-11,2016-11-16,train,2021-04-06,2023-03-29
845,S29G01N50,2016-11-19,2016-2017,10,울산모비스,35,서울삼성,1,3,carryover,0,2016-11-06,2016-11-16,2016-11-11,2016-11-17,train,2021-04-06,2023-03-29
846,S29G01N52,2016-11-20,2016-2017,06,부산KT,16,원주동부,0,3,carryover,0,2016-11-12,2016-11-18,2016-11-13,2016-11-18,train,2021-04-06,2023-03-29
847,S29G01N53,2016-11-20,2016-2017,35,서울삼성,50,창원LG,1,3,carryover,0,2016-11-13,2016-11-19,2016-11-13,2016-11-18,train,2021-04-06,2023-03-29
848,S29G01N54,2016-11-20,2016-2017,60,전주KCC,30,고양오리온,0,3,carryover,0,2016-11-12,2016-11-19,2016-11-12,2016-11-19,train,2021-04-06,2023-03-29
849,S29G01N55,2016-11-22,2016-2017,06,부산KT,10,울산모비스,0,3,carryover,0,2016-11-13,2016-11-20,2016-11-12,2016-11-19,train,2021-04-06,2023-03-29
850,S29G01N56,2016-11-23,2016-2017,65,인천전자랜드,70,안양KGC,0,3,carryover,0,2016-11-12,2016-11-18,2016-11-12,2016-11-19,train,2021-04-06,2023-03-29
851,S29G01N57,2016-11-23,2016-2017,35,서울삼성,55,서울SK,1,3,carryover,0,2016-11-17,2016-11-20,2016-11-13,2016-11-19,train,2021-04-06,2023-03-29
852,S29G01N58,2016-11-24,2016-2017,50,창원LG,60,전주KCC,1,3,carryover,0,2016-11-16,2016-11-20,2016-11-17,2016-11-20,train,2021-04-06,2023-03-29
853,S29G01N59,2016-11-25,2016-2017,16,원주동부,55,서울SK,0,3,carryover,0,2016-11-15,2016-11-20,2016-11-16,2016-11-23,train,2021-04-06,2023-03-29
854,S29G01N60,2016-11-25,2016-2017,10,울산모비스,70,안양KGC,0,3,carryover,0,2016-11-16,2016-11-22,2016-11-16,2016-11-23,train,2021-04-06,2023-03-29
855,S29G01N61,2016-11-26,2016-2017,50,창원LG,30,고양오리온,0,3,carryover,0,2016-11-18,2016-11-24,2016-11-15,2016-11-20,train,2021-04-06,2023-03-29
856,S29G01N62,2016-11-26,2016-2017,60,전주KCC,06,부산KT,1,3,carryover,0,2016-11-19,2016-11-24,2016-11-18,2016-11-22,train,2021-04-06,2023-03-29
857,S29G01N63,2016-11-26,2016-2017,65,인천전자랜드,35,서울삼성,0,3,carryover,0,2016-11-13,2016-11-23,2016-11-19,2016-11-23,train,2021-04-06,2023-03-29
858,S29G01N64,2016-11-27,2016-2017,16,원주동부,10,울산모비스,1,3,carryover,0,2016-11-18,2016-11-25,2016-11-19,2016-11-25,train,2021-04-06,2023-03-29
859,S29G01N65,2016-11-27,2016-2017,70,안양KGC,06,부산KT,1,3,carryover,0,2016-11-19,2016-11-25,2016-11-20,2016-11-26,train,2021-04-06,2023-03-29
860,S29G01N66,2016-11-27,2016-2017,55,서울SK,65,인천전자랜드,0,3,carryover,0,2016-11-19,2016-11-25,2016-11-18,2016-11-26,train,2021-04-06,2023-03-29
861,S29G01N67,2016-11-29,2016-2017,55,서울SK,06,부산KT,1,3,carryover,0,2016-11-23,2016-11-27,2016-11-22,2016-11-27,train,2021-04-06,2023-03-29
862,S29G01N69,2016-11-30,2016-2017,70,안양KGC,50,창원LG,1,3,carryover,0,2016-11-23,2016-11-27,2016-11-20,2016-11-26,train,2021-04-06,2023-03-29
863,S29G01N68,2016-11-30,2016-2017,65,인천전자랜드,30,고양오리온,1,3,carryover,0,2016-11-23,2016-11-27,2016-11-19,2016-11-26,train,2021-04-06,2023-03-29
864,S29G01N70,2016-12-01,2016-2017,35,서울삼성,16,원주동부,1,3,carryover,0,2016-11-20,2016-11-26,2016-11-20,2016-11-27,train,2021-04-06,2023-03-29
865,S29G01N72,2016-12-02,2016-2017,06,부산KT,30,고양오리온,0,3,carryover,0,2016-11-26,2016-11-29,2016-11-20,2016-11-30,train,2021-04-06,2023-03-29
866,S29G01N71,2016-12-02,2016-2017,65,인천전자랜드,10,울산모비스,1,3,carryover,0,2016-11-26,2016-11-30,2016-11-22,2016-11-27,train,2021-04-06,2023-03-29
867,S29G01N73,2016-12-03,2016-2017,70,안양KGC,35,서울삼성,0,3,carryover,0,2016-11-25,2016-11-30,2016-11-23,2016-12-01,train,2021-04-06,2023-03-29
868,S29G01N74,2016-12-03,2016-2017,16,원주동부,60,전주KCC,0,3,carryover,0,2016-11-25,2016-12-01,2016-11-20,2016-11-26,train,2021-04-06,2023-03-29
869,S29G01N75,2016-12-03,2016-2017,50,창원LG,55,서울SK,1,3,carryover,0,2016-11-24,2016-11-30,2016-11-25,2016-11-29,train,2021-04-06,2023-03-29
870,S29G01N76,2016-12-04,2016-2017,30,고양오리온,35,서울삼성,1,3,carryover,0,2016-11-26,2016-12-02,2016-11-26,2016-12-03,train,2021-04-06,2023-03-29
871,S29G01N78,2016-12-04,2016-2017,10,울산모비스,50,창원LG,1,3,carryover,0,2016-11-25,2016-12-02,2016-11-26,2016-12-03,train,2021-04-06,2023-03-29
872,S29G01N77,2016-12-04,2016-2017,16,원주동부,65,인천전자랜드,1,3,carryover,0,2016-11-27,2016-12-03,2016-11-27,2016-12-02,train,2021-04-06,2023-03-29
873,S29G01N79,2016-12-06,2016-2017,10,울산모비스,55,서울SK,1,3,carryover,0,2016-11-27,2016-12-04,2016-11-27,2016-12-03,train,2021-04-06,2023-03-29
874,S29G01N81,2016-12-07,2016-2017,30,고양오리온,70,안양KGC,0,3,carryover,0,2016-11-30,2016-12-04,2016-11-27,2016-12-03,train,2021-04-06,2023-03-29
875,S29G01N80,2016-12-07,2016-2017,60,전주KCC,65,인천전자랜드,1,3,carryover,0,2016-11-24,2016-12-03,2016-11-30,2016-12-04,train,2021-04-06,2023-03-29
876,S29G01N82,2016-12-08,2016-2017,06,부산KT,50,창원LG,0,3,carryover,0,2016-11-27,2016-12-02,2016-11-30,2016-12-04,train,2021-04-06,2023-03-29
877,S29G01N84,2016-12-09,2016-2017,55,서울SK,60,전주KCC,1,3,carryover,0,2016-11-29,2016-12-06,2016-11-26,2016-12-07,train,2021-04-06,2023-03-29
878,S29G01N83,2016-12-09,2016-2017,10,울산모비스,30,고양오리온,1,3,carryover,0,2016-12-02,2016-12-06,2016-12-02,2016-12-07,train,2021-04-06,2023-03-29
879,S29G01N85,2016-12-10,2016-2017,70,안양KGC,16,원주동부,1,3,carryover,0,2016-11-30,2016-12-07,2016-12-01,2016-12-04,train,2021-04-06,2023-03-29
880,S29G01N87,2016-12-10,2016-2017,50,창원LG,65,인천전자랜드,1,3,carryover,0,2016-12-03,2016-12-08,2016-12-02,2016-12-07,train,2021-04-06,2023-03-29
881,S29G01N86,2016-12-10,2016-2017,06,부산KT,35,서울삼성,0,3,carryover,0,2016-11-29,2016-12-08,2016-12-01,2016-12-04,train,2021-04-06,2023-03-29
882,S29G01N88,2016-12-11,2016-2017,55,서울SK,70,안양KGC,0,3,carryover,0,2016-12-03,2016-12-09,2016-12-03,2016-12-10,train,2021-04-06,2023-03-29
883,S29G01N89,2016-12-11,2016-2017,60,전주KCC,10,울산모비스,0,3,carryover,0,2016-12-03,2016-12-09,2016-12-04,2016-12-09,train,2021-04-06,2023-03-29
884,S29G01N90,2016-12-11,2016-2017,30,고양오리온,16,원주동부,1,3,carryover,0,2016-12-04,2016-12-09,2016-12-03,2016-12-10,train,2021-04-06,2023-03-29
885,S29G01N91,2016-12-13,2016-2017,06,부산KT,70,안양KGC,0,3,carryover,0,2016-12-02,2016-12-10,2016-12-07,2016-12-11,train,2021-04-06,2023-03-29
886,S29G01N92,2016-12-14,2016-2017,50,창원LG,55,서울SK,1,3,carryover,0,2016-12-04,2016-12-10,2016-12-06,2016-12-11,train,2021-04-06,2023-03-29
887,S29G01N93,2016-12-14,2016-2017,65,인천전자랜드,10,울산모비스,1,3,carryover,0,2016-12-04,2016-12-10,2016-12-06,2016-12-11,train,2021-04-06,2023-03-29
888,S29G01N94,2016-12-15,2016-2017,60,전주KCC,30,고양오리온,1,3,carryover,0,2016-12-07,2016-12-11,2016-12-07,2016-12-11,train,2021-04-06,2023-03-29
889,S29G01N95,2016-12-16,2016-2017,16,원주동부,35,서울삼성,1,3,carryover,0,2016-12-04,2016-12-11,2016-12-03,2016-12-10,train,2021-04-06,2023-03-29
890,S29G01N96,2016-12-16,2016-2017,55,서울SK,65,인천전자랜드,0,3,carryover,0,2016-12-09,2016-12-14,2016-12-07,2016-12-14,train,2021-04-06,2023-03-29
891,S29G01N97,2016-12-17,2016-2017,50,창원LG,30,고양오리온,0,3,carryover,0,2016-12-08,2016-12-14,2016-12-09,2016-12-15,train,2021-04-06,2023-03-29
892,S29G01N98,2016-12-17,2016-2017,06,부산KT,10,울산모비스,0,3,carryover,0,2016-12-08,2016-12-13,2016-12-09,2016-12-14,train,2021-04-06,2023-03-29
893,S29G01N99,2016-12-17,2016-2017,70,안양KGC,60,전주KCC,1,3,carryover,0,2016-12-10,2016-12-13,2016-12-09,2016-12-15,train,2021-04-06,2023-03-29
894,S29G01N100,2016-12-18,2016-2017,55,서울SK,16,원주동부,0,3,carryover,0,2016-12-11,2016-12-16,2016-12-10,2016-12-16,train,2021-04-06,2023-03-29
895,S29G01N102,2016-12-18,2016-2017,06,부산KT,65,인천전자랜드,1,3,carryover,0,2016-12-10,2016-12-17,2016-12-10,2016-12-16,train,2021-04-06,2023-03-29
896,S29G01N101,2016-12-18,2016-2017,50,창원LG,35,서울삼성,1,3,carryover,0,2016-12-10,2016-12-17,2016-12-04,2016-12-16,train,2021-04-06,2023-03-29
897,S29G01N103,2016-12-20,2016-2017,70,안양KGC,65,인천전자랜드,1,3,carryover,0,2016-12-11,2016-12-17,2016-12-14,2016-12-18,train,2021-04-06,2023-03-29
898,S29G01N104,2016-12-21,2016-2017,60,전주KCC,16,원주동부,0,3,carryover,0,2016-12-11,2016-12-17,2016-12-11,2016-12-18,train,2021-04-06,2023-03-29
899,S29G01N105,2016-12-21,2016-2017,30,고양오리온,35,서울삼성,0,3,carryover,0,2016-12-11,2016-12-17,2016-12-10,2016-12-18,train,2021-04-06,2023-03-29
900,S29G01N106,2016-12-22,2016-2017,50,창원LG,06,부산KT,0,3,carryover,0,2016-12-14,2016-12-18,2016-12-13,2016-12-18,train,2021-04-06,2023-03-29
901,S29G01N107,2016-12-23,2016-2017,70,안양KGC,35,서울삼성,0,3,carryover,0,2016-12-13,2016-12-20,2016-12-16,2016-12-21,train,2021-04-06,2023-03-29
902,S29G01N108,2016-12-23,2016-2017,10,울산모비스,55,서울SK,1,3,carryover,0,2016-12-11,2016-12-17,2016-12-14,2016-12-18,train,2021-04-06,2023-03-29
903,S29G01N109,2016-12-24,2016-2017,30,고양오리온,06,부산KT,1,3,carryover,0,2016-12-15,2016-12-21,2016-12-17,2016-12-22,train,2021-04-06,2023-03-29
904,S29G01N111,2016-12-24,2016-2017,16,원주동부,65,인천전자랜드,1,3,carryover,0,2016-12-16,2016-12-21,2016-12-16,2016-12-20,train,2021-04-06,2023-03-29
905,S29G01N110,2016-12-24,2016-2017,60,전주KCC,50,창원LG,1,3,carryover,0,2016-12-15,2016-12-21,2016-12-17,2016-12-22,train,2021-04-06,2023-03-29
906,S29G01N112,2016-12-25,2016-2017,55,서울SK,35,서울삼성,0,3,carryover,0,2016-12-16,2016-12-23,2016-12-18,2016-12-23,train,2021-04-06,2023-03-29
907,S29G01N113,2016-12-25,2016-2017,50,창원LG,16,원주동부,0,3,carryover,0,2016-12-18,2016-12-24,2016-12-18,2016-12-24,train,2021-04-06,2023-03-29
908,S29G01N114,2016-12-25,2016-2017,30,고양오리온,10,울산모비스,1,3,carryover,0,2016-12-17,2016-12-24,2016-12-14,2016-12-23,train,2021-04-06,2023-03-29
909,S29G01N115,2016-12-27,2016-2017,10,울산모비스,16,원주동부,1,3,carryover,0,2016-12-17,2016-12-25,2016-12-21,2016-12-25,train,2021-04-06,2023-03-29
910,S29G01N116,2016-12-28,2016-2017,55,서울SK,70,안양KGC,1,3,carryover,0,2016-12-18,2016-12-25,2016-12-17,2016-12-23,train,2021-04-06,2023-03-29
911,S29G01N117,2016-12-28,2016-2017,06,부산KT,60,전주KCC,0,3,carryover,0,2016-12-18,2016-12-24,2016-12-17,2016-12-24,train,2021-04-06,2023-03-29
912,S29G01N118,2016-12-29,2016-2017,65,인천전자랜드,30,고양오리온,0,3,carryover,0,2016-12-18,2016-12-24,2016-12-21,2016-12-25,train,2021-04-06,2023-03-29
913,S29G01N119,2016-12-30,2016-2017,70,안양KGC,16,원주동부,1,3,carryover,0,2016-12-20,2016-12-28,2016-12-24,2016-12-27,train,2021-04-06,2023-03-29
914,S29G01N120,2016-12-30,2016-2017,35,서울삼성,06,부산KT,1,3,carryover,0,2016-12-21,2016-12-25,2016-12-22,2016-12-28,train,2021-04-06,2023-03-29
915,S29G01N121,2016-12-31,2016-2017,10,울산모비스,60,전주KCC,0,3,carryover,0,2016-12-23,2016-12-27,2016-12-21,2016-12-28,train,2021-04-06,2023-03-29
916,S29G01N123,2016-12-31,2016-2017,65,인천전자랜드,50,창원LG,1,3,carryover,0,2016-12-20,2016-12-29,2016-12-22,2016-12-25,train,2021-04-06,2023-03-29
917,S29G01N122,2016-12-31,2016-2017,30,고양오리온,55,서울SK,0,3,carryover,0,2016-12-24,2016-12-29,2016-12-23,2016-12-28,train,2021-04-06,2023-03-29
918,S29G01N124,2017-01-01,2016-2017,16,원주동부,06,부산KT,0,3,carryover,0,2016-12-25,2016-12-30,2016-12-24,2016-12-30,train,2021-04-06,2023-03-29
919,S29G01N125,2017-01-01,2016-2017,70,안양KGC,10,울산모비스,1,3,carryover,0,2016-12-23,2016-12-30,2016-12-25,2016-12-31,train,2021-04-06,2023-03-29
920,S29G01N126,2017-01-01,2016-2017,60,전주KCC,35,서울삼성,0,3,carryover,0,2016-12-24,2016-12-31,2016-12-23,2016-12-30,train,2021-04-06,2023-03-29
921,S29G01N127,2017-01-03,2016-2017,60,전주KCC,55,서울SK,1,3,carryover,0,2016-12-28,2017-01-01,2016-12-25,2016-12-31,train,2021-04-06,2023-03-29
922,S29G01N128,2017-01-04,2016-2017,65,인천전자랜드,35,서울삼성,0,3,carryover,0,2016-12-24,2016-12-31,2016-12-25,2017-01-01,train,2021-04-06,2023-03-29
923,S29G01N129,2017-01-04,2016-2017,30,고양오리온,70,안양KGC,1,3,carryover,0,2016-12-25,2016-12-31,2016-12-28,2017-01-01,train,2021-04-06,2023-03-29
924,S29G01N130,2017-01-05,2016-2017,10,울산모비스,50,창원LG,0,3,carryover,0,2016-12-27,2017-01-01,2016-12-24,2016-12-31,train,2021-04-06,2023-03-29
925,S29G01N131,2017-01-06,2016-2017,16,원주동부,30,고양오리온,1,3,carryover,0,2016-12-27,2017-01-01,2016-12-29,2017-01-04,train,2021-04-06,2023-03-29
926,S29G01N132,2017-01-06,2016-2017,60,전주KCC,65,인천전자랜드,0,3,carryover,0,2016-12-31,2017-01-03,2016-12-29,2017-01-04,train,2021-04-06,2023-03-29
927,S29G01N133,2017-01-07,2016-2017,70,안양KGC,50,창원LG,1,3,carryover,0,2016-12-30,2017-01-04,2016-12-25,2017-01-05,train,2021-04-06,2023-03-29
928,S29G01N134,2017-01-07,2016-2017,10,울산모비스,35,서울삼성,1,3,carryover,0,2016-12-31,2017-01-05,2016-12-30,2017-01-04,train,2021-04-06,2023-03-29
929,S29G01N135,2017-01-07,2016-2017,06,부산KT,55,서울SK,1,3,carryover,0,2016-12-28,2017-01-01,2016-12-28,2017-01-03,train,2021-04-06,2023-03-29
930,S29G01N136,2017-01-08,2016-2017,30,고양오리온,60,전주KCC,1,3,carryover,0,2016-12-31,2017-01-06,2017-01-01,2017-01-06,train,2021-04-06,2023-03-29
931,S29G01N137,2017-01-08,2016-2017,10,울산모비스,16,원주동부,1,3,carryover,0,2017-01-01,2017-01-07,2016-12-30,2017-01-06,train,2021-04-06,2023-03-29
932,S29G01N138,2017-01-08,2016-2017,65,인천전자랜드,06,부산KT,1,3,carryover,0,2016-12-31,2017-01-06,2016-12-30,2017-01-07,train,2021-04-06,2023-03-29
933,S29G01N139,2017-01-10,2016-2017,70,안양KGC,06,부산KT,1,3,carryover,0,2017-01-01,2017-01-07,2017-01-01,2017-01-08,train,2021-04-06,2023-03-29
934,S29G01N140,2017-01-10,2016-2017,35,서울삼성,55,서울SK,1,3,carryover,0,2017-01-01,2017-01-07,2016-12-31,2017-01-07,train,2021-04-06,2023-03-29
935,S29G01N142,2017-01-11,2016-2017,16,원주동부,50,창원LG,1,3,carryover,0,2017-01-01,2017-01-08,2016-12-31,2017-01-07,train,2021-04-06,2023-03-29
936,S29G01N141,2017-01-11,2016-2017,70,안양KGC,10,울산모비스,1,3,carryover,0,2017-01-04,2017-01-10,2017-01-05,2017-01-08,train,2021-04-06,2023-03-29
937,S29G01N143,2017-01-12,2016-2017,60,전주KCC,35,서울삼성,0,3,carryover,0,2017-01-03,2017-01-08,2017-01-04,2017-01-10,train,2021-04-06,2023-03-29
938,S29G01N144,2017-01-12,2016-2017,30,고양오리온,65,인천전자랜드,1,3,carryover,0,2017-01-04,2017-01-08,2017-01-04,2017-01-08,train,2021-04-06,2023-03-29
939,S29G01N145,2017-01-13,2016-2017,55,서울SK,50,창원LG,0,3,carryover,0,2017-01-03,2017-01-10,2017-01-05,2017-01-11,train,2021-04-06,2023-03-29
940,S29G01N146,2017-01-14,2016-2017,10,울산모비스,65,인천전자랜드,0,3,carryover,0,2017-01-07,2017-01-11,2017-01-06,2017-01-12,train,2021-04-06,2023-03-29
941,S29G01N147,2017-01-14,2016-2017,60,전주KCC,16,원주동부,1,3,carryover,0,2017-01-06,2017-01-12,2017-01-06,2017-01-11,train,2021-04-06,2023-03-29
942,S29G01N148,2017-01-14,2016-2017,35,서울삼성,30,고양오리온,0,3,carryover,0,2017-01-07,2017-01-12,2017-01-06,2017-01-12,train,2021-04-06,2023-03-29
943,S29G01N149,2017-01-15,2016-2017,50,창원LG,65,인천전자랜드,0,3,carryover,0,2017-01-07,2017-01-13,2017-01-08,2017-01-14,train,2021-04-06,2023-03-29
944,S29G01N150,2017-01-15,2016-2017,06,부산KT,30,고양오리온,1,3,carryover,0,2017-01-07,2017-01-10,2017-01-08,2017-01-14,train,2021-04-06,2023-03-29
945,S29G01N151,2017-01-15,2016-2017,55,서울SK,60,전주KCC,1,3,carryover,0,2017-01-07,2017-01-13,2017-01-08,2017-01-14,train,2021-04-06,2023-03-29
946,S29G01N152,2017-01-17,2016-2017,50,창원LG,35,서울삼성,1,3,carryover,0,2017-01-11,2017-01-15,2017-01-10,2017-01-14,train,2021-04-06,2023-03-29
947,S29G01N153,2017-01-17,2016-2017,06,부산KT,55,서울SK,1,3,carryover,0,2017-01-08,2017-01-15,2017-01-10,2017-01-15,train,2021-04-06,2023-03-29
948,S29G01N155,2017-01-18,2016-2017,16,원주동부,70,안양KGC,1,3,carryover,0,2017-01-08,2017-01-14,2017-01-07,2017-01-11,train,2021-04-06,2023-03-29
949,S29G01N154,2017-01-18,2016-2017,10,울산모비스,30,고양오리온,1,3,carryover,0,2017-01-08,2017-01-14,2017-01-12,2017-01-15,train,2021-04-06,2023-03-29
950,S29G01N156,2017-01-18,2016-2017,65,인천전자랜드,60,전주KCC,1,3,carryover,0,2017-01-12,2017-01-15,2017-01-12,2017-01-15,train,2021-04-06,2023-03-29
951,S29G01N157,2017-01-25,2016-2017,06,부산KT,50,창원LG,0,3,carryover,0,2017-01-10,2017-01-17,2017-01-13,2017-01-17,train,2021-04-06,2023-03-29
952,S29G01N158,2017-01-25,2016-2017,10,울산모비스,35,서울삼성,0,3,carryover,0,2017-01-11,2017-01-18,2017-01-12,2017-01-17,train,2021-04-06,2023-03-29
953,S29G01N160,2017-01-26,2016-2017,70,안양KGC,30,고양오리온,1,3,carryover,0,2017-01-10,2017-01-18,2017-01-14,2017-01-18,train,2021-04-06,2023-03-29
954,S29G01N159,2017-01-26,2016-2017,55,서울SK,16,원주동부,1,3,carryover,0,2017-01-13,2017-01-17,2017-01-11,2017-01-18,train,2021-04-06,2023-03-29
955,S29G01N161,2017-01-27,2016-2017,06,부산KT,60,전주KCC,1,3,carryover,0,2017-01-15,2017-01-25,2017-01-14,2017-01-18,train,2021-04-06,2023-03-29
956,S29G01N162,2017-01-27,2016-2017,50,창원LG,10,울산모비스,0,3,carryover,0,2017-01-15,2017-01-25,2017-01-14,2017-01-25,train,2021-04-06,2023-03-29
957,S29G01N163,2017-01-28,2016-2017,35,서울삼성,16,원주동부,0,3,carryover,0,2017-01-14,2017-01-25,2017-01-14,2017-01-26,train,2021-04-06,2023-03-29
958,S29G01N165,2017-01-28,2016-2017,70,안양KGC,65,인천전자랜드,1,3,carryover,0,2017-01-11,2017-01-26,2017-01-14,2017-01-18,train,2021-04-06,2023-03-29
959,S29G01N164,2017-01-28,2016-2017,55,서울SK,30,고양오리온,0,3,carryover,0,2017-01-15,2017-01-26,2017-01-15,2017-01-26,train,2021-04-06,2023-03-29
960,S29G01N166,2017-01-29,2016-2017,50,창원LG,60,전주KCC,1,3,carryover,0,2017-01-17,2017-01-27,2017-01-15,2017-01-27,train,2021-04-06,2023-03-29
961,S29G01N168,2017-01-29,2016-2017,10,울산모비스,06,부산KT,1,3,carryover,0,2017-01-18,2017-01-27,2017-01-17,2017-01-27,train,2021-04-06,2023-03-29
962,S29G01N167,2017-01-29,2016-2017,65,인천전자랜드,55,서울SK,0,3,carryover,0,2017-01-15,2017-01-28,2017-01-17,2017-01-28,train,2021-04-06,2023-03-29
963,S29G01N169,2017-01-30,2016-2017,35,서울삼성,70,안양KGC,0,3,carryover,0,2017-01-17,2017-01-28,2017-01-18,2017-01-28,train,2021-04-06,2023-03-29
964,S29G01N170,2017-01-30,2016-2017,30,고양오리온,16,원주동부,1,3,carryover,0,2017-01-18,2017-01-28,2017-01-18,2017-01-28,train,2021-04-06,2023-03-29
965,S29G01N171,2017-02-01,2016-2017,70,안양KGC,55,서울SK,1,3,carryover,0,2017-01-26,2017-01-30,2017-01-26,2017-01-29,train,2021-04-06,2023-03-29
966,S29G01N172,2017-02-01,2016-2017,10,울산모비스,60,전주KCC,1,3,carryover,0,2017-01-25,2017-01-29,2017-01-18,2017-01-29,train,2021-04-06,2023-03-29
967,S29G01N173,2017-02-02,2016-2017,06,부산KT,16,원주동부,0,3,carryover,0,2017-01-25,2017-01-29,2017-01-26,2017-01-30,train,2021-04-06,2023-03-29
968,S29G01N174,2017-02-02,2016-2017,35,서울삼성,65,인천전자랜드,1,3,carryover,0,2017-01-25,2017-01-30,2017-01-18,2017-01-29,train,2021-04-06,2023-03-29
969,S29G01N176,2017-02-03,2016-2017,30,고양오리온,50,창원LG,0,3,carryover,0,2017-01-26,2017-01-30,2017-01-25,2017-01-29,train,2021-04-06,2023-03-29
970,S29G01N175,2017-02-03,2016-2017,55,서울SK,10,울산모비스,1,3,carryover,0,2017-01-28,2017-02-01,2017-01-27,2017-02-01,train,2021-04-06,2023-03-29
971,S29G01N177,2017-02-04,2016-2017,35,서울삼성,06,부산KT,1,3,carryover,0,2017-01-28,2017-02-02,2017-01-27,2017-02-02,train,2021-04-06,2023-03-29
972,S29G01N179,2017-02-04,2016-2017,70,안양KGC,60,전주KCC,0,3,carryover,0,2017-01-28,2017-02-01,2017-01-27,2017-02-01,train,2021-04-06,2023-03-29
973,S29G01N178,2017-02-04,2016-2017,65,인천전자랜드,16,원주동부,1,3,carryover,0,2017-01-28,2017-02-02,2017-01-28,2017-02-02,train,2021-04-06,2023-03-29
974,S29G01N180,2017-02-05,2016-2017,10,울산모비스,30,고양오리온,1,3,carryover,0,2017-01-29,2017-02-03,2017-01-28,2017-02-03,train,2021-04-06,2023-03-29
975,S29G01N182,2017-02-05,2016-2017,55,서울SK,60,전주KCC,1,3,carryover,0,2017-01-29,2017-02-03,2017-01-29,2017-02-04,train,2021-04-06,2023-03-29
976,S29G01N181,2017-02-05,2016-2017,50,창원LG,70,안양KGC,1,3,carryover,0,2017-01-27,2017-02-03,2017-01-30,2017-02-04,train,2021-04-06,2023-03-29
977,S29G01N183,2017-02-07,2016-2017,60,전주KCC,65,인천전자랜드,1,3,carryover,0,2017-02-01,2017-02-05,2017-01-29,2017-02-04,train,2021-04-06,2023-03-29
978,S29G01N184,2017-02-08,2016-2017,35,서울삼성,70,안양KGC,1,3,carryover,0,2017-01-30,2017-02-04,2017-02-01,2017-02-05,train,2021-04-06,2023-03-29
979,S29G01N185,2017-02-08,2016-2017,55,서울SK,50,창원LG,1,3,carryover,0,2017-02-01,2017-02-05,2017-01-29,2017-02-05,train,2021-04-06,2023-03-29
980,S29G01N187,2017-02-09,2016-2017,60,전주KCC,30,고양오리온,0,3,carryover,0,2017-02-04,2017-02-07,2017-01-30,2017-02-05,train,2021-04-06,2023-03-29
981,S29G01N186,2017-02-09,2016-2017,16,원주동부,06,부산KT,0,3,carryover,0,2017-01-30,2017-02-04,2017-01-29,2017-02-04,train,2021-04-06,2023-03-29
982,S29G01N188,2017-02-10,2016-2017,55,서울SK,35,서울삼성,1,3,carryover,0,2017-02-03,2017-02-08,2017-02-02,2017-02-08,train,2021-04-06,2023-03-29
983,S29G01N189,2017-02-10,2016-2017,65,인천전자랜드,70,안양KGC,0,3,carryover,0,2017-02-02,2017-02-07,2017-02-04,2017-02-08,train,2021-04-06,2023-03-29
984,S29G01N190,2017-02-11,2016-2017,10,울산모비스,50,창원LG,1,3,carryover,0,2017-02-01,2017-02-05,2017-02-03,2017-02-08,train,2021-04-06,2023-03-29
985,S29G01N191,2017-02-11,2016-2017,30,고양오리온,16,원주동부,1,3,carryover,0,2017-02-03,2017-02-09,2017-02-02,2017-02-09,train,2021-04-06,2023-03-29
986,S29G01N192,2017-02-11,2016-2017,60,전주KCC,06,부산KT,1,3,carryover,0,2017-02-05,2017-02-09,2017-02-02,2017-02-09,train,2021-04-06,2023-03-29
987,S29G01N193,2017-02-12,2016-2017,65,인천전자랜드,35,서울삼성,0,3,carryover,0,2017-02-04,2017-02-10,2017-02-04,2017-02-10,train,2021-04-06,2023-03-29
988,S29G01N195,2017-02-12,2016-2017,10,울산모비스,70,안양KGC,1,3,carryover,0,2017-02-03,2017-02-11,2017-02-05,2017-02-10,train,2021-04-06,2023-03-29
989,S29G01N194,2017-02-12,2016-2017,16,원주동부,55,서울SK,1,3,carryover,0,2017-02-04,2017-02-11,2017-02-05,2017-02-10,train,2021-04-06,2023-03-29
990,S29G01N196,2017-02-14,2016-2017,70,안양KGC,16,원주동부,1,3,carryover,0,2017-02-08,2017-02-12,2017-02-09,2017-02-12,train,2021-04-06,2023-03-29
991,S29G01N197,2017-02-15,2016-2017,30,고양오리온,35,서울삼성,1,3,carryover,0,2017-02-05,2017-02-11,2017-02-08,2017-02-12,train,2021-04-06,2023-03-29
992,S29G01N198,2017-02-15,2016-2017,50,창원LG,60,전주KCC,1,3,carryover,0,2017-02-05,2017-02-11,2017-02-07,2017-02-11,train,2021-04-06,2023-03-29
993,S29G01N199,2017-02-16,2016-2017,16,원주동부,65,인천전자랜드,1,3,carryover,0,2017-02-11,2017-02-14,2017-02-07,2017-02-12,train,2021-04-06,2023-03-29
994,S29G01N200,2017-02-16,2016-2017,10,울산모비스,06,부산KT,0,3,carryover,0,2017-02-05,2017-02-12,2017-02-04,2017-02-11,train,2021-04-06,2023-03-29
995,S29G01N201,2017-02-17,2016-2017,50,창원LG,35,서울삼성,1,3,carryover,0,2017-02-08,2017-02-15,2017-02-10,2017-02-15,train,2021-04-06,2023-03-29
996,S29G01N202,2017-02-17,2016-2017,55,서울SK,70,안양KGC,0,3,carryover,0,2017-02-08,2017-02-12,2017-02-10,2017-02-14,train,2021-04-06,2023-03-29
997,S29G01N203,2017-02-18,2016-2017,65,인천전자랜드,10,울산모비스,1,3,carryover,0,2017-02-10,2017-02-16,2017-02-11,2017-02-16,train,2021-04-06,2023-03-29
998,S29G01N204,2017-02-18,2016-2017,06,부산KT,30,고양오리온,1,3,carryover,0,2017-02-09,2017-02-16,2017-02-09,2017-02-15,train,2021-04-06,2023-03-29
999,S29G01N205,2017-02-18,2016-2017,16,원주동부,60,전주KCC,1,3,carryover,0,2017-02-12,2017-02-16,2017-02-09,2017-02-15,train,2021-04-06,2023-03-29
1000,S29G01N206,2017-02-19,2016-2017,70,안양KGC,50,창원LG,1,3,carryover,0,2017-02-12,2017-02-17,2017-02-11,2017-02-17,train,2021-04-06,2023-03-29
1001,S29G01N208,2017-02-19,2016-2017,35,서울삼성,06,부산KT,1,3,carryover,0,2017-02-12,2017-02-17,2017-02-11,2017-02-18,train,2021-04-06,2023-03-29
1002,S29G01N207,2017-02-19,2016-2017,65,인천전자랜드,30,고양오리온,0,3,carryover,0,2017-02-12,2017-02-18,2017-02-11,2017-02-18,train,2021-04-06,2023-03-29
1003,S29G01N209,2017-02-21,2016-2017,55,서울SK,06,부산KT,1,3,carryover,0,2017-02-10,2017-02-17,2017-02-16,2017-02-19,train,2021-04-06,2023-03-29
1004,S29G01N210,2017-02-22,2016-2017,16,원주동부,10,울산모비스,0,3,carryover,0,2017-02-14,2017-02-18,2017-02-12,2017-02-18,train,2021-04-06,2023-03-29
1005,S29G01N211,2017-02-22,2016-2017,65,인천전자랜드,50,창원LG,1,3,carryover,0,2017-02-16,2017-02-19,2017-02-15,2017-02-19,train,2021-04-06,2023-03-29
1006,S29G01N212,2017-02-23,2016-2017,30,고양오리온,55,서울SK,1,3,carryover,0,2017-02-15,2017-02-19,2017-02-12,2017-02-21,train,2021-04-06,2023-03-29
1007,S29G01N213,2017-02-23,2016-2017,60,전주KCC,70,안양KGC,0,3,carryover,0,2017-02-11,2017-02-18,2017-02-14,2017-02-19,train,2021-04-06,2023-03-29
1008,S29G01N215,2017-02-24,2016-2017,50,창원LG,06,부산KT,0,3,carryover,0,2017-02-17,2017-02-22,2017-02-18,2017-02-21,train,2021-04-06,2023-03-29
1009,S29G01N214,2017-02-24,2016-2017,35,서울삼성,16,원주동부,1,3,carryover,0,2017-02-15,2017-02-19,2017-02-16,2017-02-22,train,2021-04-06,2023-03-29
1010,S29G01N216,2017-02-25,2016-2017,65,인천전자랜드,55,서울SK,1,3,carryover,0,2017-02-18,2017-02-22,2017-02-17,2017-02-23,train,2021-04-06,2023-03-29
1011,S29G01N217,2017-02-25,2016-2017,60,전주KCC,10,울산모비스,0,3,carryover,0,2017-02-15,2017-02-23,2017-02-16,2017-02-22,train,2021-04-06,2023-03-29
1012,S29G01N218,2017-02-25,2016-2017,30,고양오리온,70,안양KGC,1,3,carryover,0,2017-02-18,2017-02-23,2017-02-17,2017-02-23,train,2021-04-06,2023-03-29
1013,S29G01N219,2017-02-26,2016-2017,16,원주동부,50,창원LG,1,3,carryover,0,2017-02-18,2017-02-24,2017-02-19,2017-02-24,train,2021-04-06,2023-03-29
1014,S29G01N220,2017-02-26,2016-2017,35,서울삼성,10,울산모비스,1,3,carryover,0,2017-02-17,2017-02-24,2017-02-18,2017-02-25,train,2021-04-06,2023-03-29
1015,S29G01N221,2017-02-26,2016-2017,06,부산KT,70,안양KGC,1,3,carryover,0,2017-02-19,2017-02-24,2017-02-19,2017-02-25,train,2021-04-06,2023-03-29
1016,S29G01N222,2017-02-28,2016-2017,35,서울삼성,60,전주KCC,0,3,carryover,0,2017-02-19,2017-02-26,2017-02-18,2017-02-25,train,2021-04-06,2023-03-29
1017,S29G01N223,2017-03-01,2016-2017,06,부산KT,65,인천전자랜드,0,3,carryover,0,2017-02-21,2017-02-26,2017-02-19,2017-02-25,train,2021-04-06,2023-03-29
1018,S29G01N224,2017-03-01,2016-2017,55,서울SK,10,울산모비스,0,3,carryover,0,2017-02-21,2017-02-25,2017-02-22,2017-02-26,train,2021-04-06,2023-03-29
1019,S29G01N226,2017-03-02,2016-2017,16,원주동부,60,전주KCC,0,3,carryover,0,2017-02-22,2017-02-26,2017-02-23,2017-02-28,train,2021-04-06,2023-03-29
1020,S29G01N225,2017-03-02,2016-2017,50,창원LG,30,고양오리온,0,3,carryover,0,2017-02-22,2017-02-26,2017-02-19,2017-02-25,train,2021-04-06,2023-03-29
1021,S29G01N228,2017-03-03,2016-2017,06,부산KT,55,서울SK,0,3,carryover,0,2017-02-24,2017-03-01,2017-02-23,2017-03-01,train,2021-04-06,2023-03-29
1022,S29G01N227,2017-03-03,2016-2017,10,울산모비스,65,인천전자랜드,1,3,carryover,0,2017-02-25,2017-03-01,2017-02-22,2017-03-01,train,2021-04-06,2023-03-29
1023,S29G01N229,2017-03-04,2016-2017,60,전주KCC,50,창원LG,0,3,carryover,0,2017-02-25,2017-03-02,2017-02-24,2017-03-02,train,2021-04-06,2023-03-29
1024,S29G01N230,2017-03-04,2016-2017,16,원주동부,35,서울삼성,0,3,carryover,0,2017-02-24,2017-03-02,2017-02-24,2017-02-28,train,2021-04-06,2023-03-29
1025,S29G01N231,2017-03-04,2016-2017,70,안양KGC,30,고양오리온,1,3,carryover,0,2017-02-23,2017-02-26,2017-02-23,2017-03-02,train,2021-04-06,2023-03-29
1026,S29G01N232,2017-03-05,2016-2017,10,울산모비스,55,서울SK,0,3,carryover,0,2017-02-26,2017-03-03,2017-02-25,2017-03-03,train,2021-04-06,2023-03-29
1027,S29G01N233,2017-03-05,2016-2017,35,서울삼성,50,창원LG,0,3,carryover,0,2017-02-26,2017-03-04,2017-02-26,2017-03-04,train,2021-04-06,2023-03-29
1028,S29G01N234,2017-03-05,2016-2017,65,인천전자랜드,06,부산KT,1,3,carryover,0,2017-02-25,2017-03-03,2017-02-26,2017-03-03,train,2021-04-06,2023-03-29
1029,S29G01N235,2017-03-07,2016-2017,06,부산KT,60,전주KCC,1,3,carryover,0,2017-03-01,2017-03-05,2017-02-28,2017-03-04,train,2021-04-06,2023-03-29
1030,S29G01N237,2017-03-08,2016-2017,16,원주동부,70,안양KGC,0,3,carryover,0,2017-02-26,2017-03-04,2017-02-25,2017-03-04,train,2021-04-06,2023-03-29
1031,S29G01N236,2017-03-08,2016-2017,50,창원LG,10,울산모비스,1,3,carryover,0,2017-03-02,2017-03-05,2017-03-01,2017-03-05,train,2021-04-06,2023-03-29
1032,S29G01N238,2017-03-09,2016-2017,55,서울SK,65,인천전자랜드,0,3,carryover,0,2017-03-01,2017-03-05,2017-03-01,2017-03-05,train,2021-04-06,2023-03-29
1033,S29G01N239,2017-03-09,2016-2017,30,고양오리온,06,부산KT,0,3,carryover,0,2017-02-25,2017-03-04,2017-03-03,2017-03-07,train,2021-04-06,2023-03-29
1034,S29G01N240,2017-03-10,2016-2017,60,전주KCC,10,울산모비스,0,3,carryover,0,2017-03-02,2017-03-07,2017-03-03,2017-03-08,train,2021-04-06,2023-03-29
1035,S29G01N241,2017-03-10,2016-2017,70,안양KGC,35,서울삼성,1,3,carryover,0,2017-02-26,2017-03-08,2017-02-28,2017-03-05,train,2021-04-06,2023-03-29
1036,S29G01N242,2017-03-11,2016-2017,06,부산KT,16,원주동부,1,3,carryover,0,2017-03-05,2017-03-09,2017-03-02,2017-03-08,train,2021-04-06,2023-03-29
1037,S29G01N244,2017-03-11,2016-2017,30,고양오리온,65,인천전자랜드,1,3,carryover,0,2017-03-02,2017-03-09,2017-03-03,2017-03-09,train,2021-04-06,2023-03-29
1038,S29G01N243,2017-03-11,2016-2017,50,창원LG,55,서울SK,0,3,carryover,0,2017-03-04,2017-03-08,2017-03-03,2017-03-09,train,2021-04-06,2023-03-29
1039,S29G01N245,2017-03-12,2016-2017,70,안양KGC,10,울산모비스,1,3,carryover,0,2017-03-04,2017-03-10,2017-03-05,2017-03-10,train,2021-04-06,2023-03-29
1040,S29G01N246,2017-03-12,2016-2017,35,서울삼성,30,고양오리온,0,3,carryover,0,2017-03-04,2017-03-10,2017-03-04,2017-03-11,train,2021-04-06,2023-03-29
1041,S29G01N247,2017-03-12,2016-2017,60,전주KCC,55,서울SK,0,3,carryover,0,2017-03-04,2017-03-10,2017-03-05,2017-03-11,train,2021-04-06,2023-03-29
1042,S29G01N248,2017-03-14,2016-2017,65,인천전자랜드,50,창원LG,0,3,carryover,0,2017-03-05,2017-03-11,2017-03-05,2017-03-11,train,2021-04-06,2023-03-29
1043,S29G01N249,2017-03-15,2016-2017,16,원주동부,30,고양오리온,0,3,carryover,0,2017-03-04,2017-03-11,2017-03-09,2017-03-12,train,2021-04-06,2023-03-29
1044,S29G01N250,2017-03-15,2016-2017,10,울산모비스,06,부산KT,1,3,carryover,0,2017-03-08,2017-03-12,2017-03-07,2017-03-11,train,2021-04-06,2023-03-29
1045,S29G01N251,2017-03-16,2016-2017,65,인천전자랜드,70,안양KGC,0,3,carryover,0,2017-03-09,2017-03-14,2017-03-08,2017-03-12,train,2021-04-06,2023-03-29
1046,S29G01N252,2017-03-16,2016-2017,35,서울삼성,60,전주KCC,1,3,carryover,0,2017-03-05,2017-03-12,2017-03-07,2017-03-12,train,2021-04-06,2023-03-29
1047,S29G01N254,2017-03-17,2016-2017,06,부산KT,50,창원LG,1,3,carryover,0,2017-03-09,2017-03-15,2017-03-08,2017-03-14,train,2021-04-06,2023-03-29
1048,S29G01N253,2017-03-17,2016-2017,30,고양오리온,10,울산모비스,1,3,carryover,0,2017-03-11,2017-03-15,2017-03-10,2017-03-15,train,2021-04-06,2023-03-29
1049,S29G01N255,2017-03-18,2016-2017,55,서울SK,35,서울삼성,1,3,carryover,0,2017-03-09,2017-03-12,2017-03-10,2017-03-16,train,2021-04-06,2023-03-29
1050,S29G01N256,2017-03-18,2016-2017,65,인천전자랜드,16,원주동부,0,3,carryover,0,2017-03-11,2017-03-16,2017-03-08,2017-03-15,train,2021-04-06,2023-03-29
1051,S29G01N257,2017-03-18,2016-2017,60,전주KCC,70,안양KGC,0,3,carryover,0,2017-03-10,2017-03-16,2017-03-10,2017-03-16,train,2021-04-06,2023-03-29
1052,S29G01N258,2017-03-19,2016-2017,55,서울SK,30,고양오리온,0,3,carryover,0,2017-03-11,2017-03-18,2017-03-12,2017-03-17,train,2021-04-06,2023-03-29
1053,S29G01N260,2017-03-19,2016-2017,06,부산KT,35,서울삼성,0,3,carryover,0,2017-03-11,2017-03-17,2017-03-12,2017-03-18,train,2021-04-06,2023-03-29
1054,S29G01N259,2017-03-19,2016-2017,10,울산모비스,16,원주동부,1,3,carryover,0,2017-03-12,2017-03-17,2017-03-11,2017-03-18,train,2021-04-06,2023-03-29
1055,S29G01N261,2017-03-21,2016-2017,50,창원LG,70,안양KGC,0,3,carryover,0,2017-03-11,2017-03-17,2017-03-12,2017-03-18,train,2021-04-06,2023-03-29
1056,S29G01N262,2017-03-22,2016-2017,35,서울삼성,65,인천전자랜드,0,3,carryover,0,2017-03-16,2017-03-19,2017-03-14,2017-03-18,train,2021-04-06,2023-03-29
1057,S29G01N263,2017-03-22,2016-2017,30,고양오리온,60,전주KCC,0,3,carryover,0,2017-03-15,2017-03-19,2017-03-12,2017-03-18,train,2021-04-06,2023-03-29
1058,S29G01N264,2017-03-23,2016-2017,50,창원LG,16,원주동부,0,3,carryover,0,2017-03-14,2017-03-21,2017-03-15,2017-03-19,train,2021-04-06,2023-03-29
1059,S29G01N265,2017-03-24,2016-2017,70,안양KGC,55,서울SK,1,3,carryover,0,2017-03-16,2017-03-21,2017-03-12,2017-03-19,train,2021-04-06,2023-03-29
1060,S29G01N268,2017-03-26,2016-2017,16,원주동부,55,서울SK,0,3,carryover,0,2017-03-18,2017-03-23,2017-03-18,2017-03-24,train,2021-04-06,2023-03-29
1061,S29G01N267,2017-03-26,2016-2017,30,고양오리온,50,창원LG,1,3,carryover,0,2017-03-17,2017-03-22,2017-03-17,2017-03-23,train,2021-04-06,2023-03-29
1062,S29G01N269,2017-03-26,2016-2017,70,안양KGC,06,부산KT,1,3,carryover,0,2017-03-18,2017-03-24,2017-03-15,2017-03-19,train,2021-04-06,2023-03-29
1063,S29G01N266,2017-03-26,2016-2017,35,서울삼성,10,울산모비스,1,3,carryover,0,2017-03-18,2017-03-22,2017-03-15,2017-03-19,train,2021-04-06,2023-03-29
1064,S29G01N270,2017-03-26,2016-2017,65,인천전자랜드,60,전주KCC,1,3,carryover,0,2017-03-16,2017-03-22,2017-03-16,2017-03-22,train,2021-04-06,2023-03-29
1065,S31G01N1,2017-10-14,2017-2018,70,안양KGC,35,서울삼성,0,3,carryover,1,2017-03-21,2017-03-26,2017-03-19,2017-03-26,train,2021-04-06,2023-03-29
1066,S31G01N2,2017-10-14,2017-2018,30,고양오리온,50,창원LG,0,3,carryover,1,2017-03-19,2017-03-26,2017-03-21,2017-03-26,train,2021-04-06,2023-03-29
1067,S31G01N3,2017-10-14,2017-2018,10,울산현대모비스,06,부산KT,1,3,carryover,1,2017-03-17,2017-03-26,2017-03-17,2017-03-26,train,2021-04-06,2023-03-29
1068,S31G01N4,2017-10-15,2017-2018,65,인천전자랜드,70,안양KGC,0,3,carryover,1,2017-03-18,2017-03-26,2017-03-24,2017-10-14,train,2021-04-06,2023-03-29
1069,S31G01N5,2017-10-15,2017-2018,16,원주DB,60,전주KCC,1,3,carryover,1,2017-03-19,2017-03-26,2017-03-18,2017-03-26,train,2021-04-06,2023-03-29
1070,S31G01N6,2017-10-15,2017-2018,55,서울SK,30,고양오리온,1,3,carryover,1,2017-03-19,2017-03-26,2017-03-22,2017-10-14,train,2021-04-06,2023-03-29
1071,S31G01N7,2017-10-17,2017-2018,10,울산현대모비스,55,서울SK,0,3,carryover,1,2017-03-19,2017-10-14,2017-03-24,2017-10-15,train,2021-04-06,2023-03-29
1072,S31G01N8,2017-10-17,2017-2018,35,서울삼성,50,창원LG,0,3,carryover,1,2017-03-22,2017-10-14,2017-03-23,2017-10-14,train,2021-04-06,2023-03-29
1073,S31G01N10,2017-10-18,2017-2018,65,인천전자랜드,60,전주KCC,1,3,carryover,1,2017-03-22,2017-10-15,2017-03-22,2017-10-15,train,2021-04-06,2023-03-29
1074,S31G01N9,2017-10-18,2017-2018,30,고양오리온,16,원주DB,0,3,carryover,1,2017-03-26,2017-10-15,2017-03-23,2017-10-15,train,2021-04-06,2023-03-29
1075,S31G01N11,2017-10-19,2017-2018,70,안양KGC,10,울산현대모비스,1,3,carryover,1,2017-03-26,2017-10-15,2017-03-26,2017-10-17,train,2021-04-06,2023-03-29
1076,S31G01N12,2017-10-19,2017-2018,55,서울SK,50,창원LG,1,3,carryover,1,2017-03-26,2017-10-17,2017-03-26,2017-10-17,train,2021-04-06,2023-03-29
1077,S31G01N13,2017-10-20,2017-2018,16,원주DB,35,서울삼성,1,3,carryover,1,2017-03-26,2017-10-18,2017-03-26,2017-10-17,train,2021-04-06,2023-03-29
1078,S31G01N14,2017-10-20,2017-2018,65,인천전자랜드,30,고양오리온,0,3,carryover,1,2017-03-26,2017-10-18,2017-10-14,2017-10-18,train,2021-04-06,2023-03-29
1079,S31G01N15,2017-10-21,2017-2018,60,전주KCC,10,울산현대모비스,1,3,carryover,1,2017-03-26,2017-10-18,2017-10-14,2017-10-19,train,2021-04-06,2023-03-29
1080,S31G01N16,2017-10-21,2017-2018,06,부산KT,55,서울SK,0,3,carryover,1,2017-03-19,2017-10-14,2017-10-15,2017-10-19,train,2021-04-06,2023-03-29
1081,S31G01N17,2017-10-21,2017-2018,50,창원LG,70,안양KGC,1,3,carryover,0,2017-10-14,2017-10-19,2017-10-14,2017-10-19,train,2021-04-06,2023-03-29
1082,S31G01N18,2017-10-22,2017-2018,30,고양오리온,35,서울삼성,1,3,carryover,0,2017-10-15,2017-10-20,2017-10-14,2017-10-20,train,2021-04-06,2023-03-29
1083,S31G01N19,2017-10-22,2017-2018,06,부산KT,60,전주KCC,0,3,carryover,1,2017-03-26,2017-10-21,2017-10-15,2017-10-21,train,2021-04-06,2023-03-29
1084,S31G01N20,2017-10-22,2017-2018,16,원주DB,65,인천전자랜드,1,3,carryover,0,2017-10-15,2017-10-20,2017-10-15,2017-10-20,train,2021-04-06,2023-03-29
1085,S31G01N21,2017-10-24,2017-2018,10,울산현대모비스,50,창원LG,1,3,carryover,0,2017-10-17,2017-10-21,2017-10-17,2017-10-21,train,2021-04-06,2023-03-29
1086,S31G01N22,2017-10-24,2017-2018,60,전주KCC,70,안양KGC,1,3,carryover,0,2017-10-18,2017-10-22,2017-10-15,2017-10-21,train,2021-04-06,2023-03-29
1087,S31G01N23,2017-10-25,2017-2018,06,부산KT,16,원주DB,0,3,carryover,0,2017-10-14,2017-10-22,2017-10-18,2017-10-22,train,2021-04-06,2023-03-29
1088,S31G01N24,2017-10-25,2017-2018,35,서울삼성,65,인천전자랜드,1,3,carryover,0,2017-10-17,2017-10-22,2017-10-18,2017-10-22,train,2021-04-06,2023-03-29
1089,S31G01N25,2017-10-26,2017-2018,30,고양오리온,10,울산현대모비스,0,3,carryover,0,2017-10-18,2017-10-22,2017-10-19,2017-10-24,train,2021-04-06,2023-03-29
1090,S31G01N26,2017-10-26,2017-2018,70,안양KGC,55,서울SK,0,3,carryover,0,2017-10-19,2017-10-24,2017-10-17,2017-10-21,train,2021-04-06,2023-03-29
1091,S31G01N27,2017-10-27,2017-2018,35,서울삼성,60,전주KCC,1,3,carryover,0,2017-10-20,2017-10-25,2017-10-21,2017-10-24,train,2021-04-06,2023-03-29
1092,S31G01N28,2017-10-27,2017-2018,50,창원LG,06,부산KT,1,3,carryover,0,2017-10-19,2017-10-24,2017-10-21,2017-10-25,train,2021-04-06,2023-03-29
1093,S31G01N29,2017-10-28,2017-2018,70,안양KGC,30,고양오리온,1,3,carryover,0,2017-10-21,2017-10-26,2017-10-20,2017-10-26,train,2021-04-06,2023-03-29
1094,S31G01N30,2017-10-28,2017-2018,10,울산현대모비스,65,인천전자랜드,0,3,carryover,0,2017-10-21,2017-10-26,2017-10-20,2017-10-25,train,2021-04-06,2023-03-29
1095,S31G01N31,2017-10-28,2017-2018,55,서울SK,16,원주DB,1,3,carryover,0,2017-10-19,2017-10-26,2017-10-20,2017-10-25,train,2021-04-06,2023-03-29
1096,S31G01N32,2017-10-29,2017-2018,65,인천전자랜드,50,창원LG,1,3,carryover,0,2017-10-22,2017-10-28,2017-10-21,2017-10-27,train,2021-04-06,2023-03-29
1097,S31G01N33,2017-10-29,2017-2018,35,서울삼성,06,부산KT,0,3,carryover,0,2017-10-22,2017-10-27,2017-10-22,2017-10-27,train,2021-04-06,2023-03-29
1098,S31G01N34,2017-10-29,2017-2018,60,전주KCC,55,서울SK,0,3,carryover,0,2017-10-22,2017-10-27,2017-10-21,2017-10-28,train,2021-04-06,2023-03-29
1099,S31G01N35,2017-10-31,2017-2018,16,원주DB,10,울산현대모비스,0,3,carryover,0,2017-10-22,2017-10-28,2017-10-24,2017-10-28,train,2021-04-06,2023-03-29
1100,S31G01N36,2017-10-31,2017-2018,06,부산KT,65,인천전자랜드,0,3,carryover,0,2017-10-25,2017-10-29,2017-10-25,2017-10-29,train,2021-04-06,2023-03-29
1101,S31G01N37,2017-11-01,2017-2018,35,서울삼성,55,서울SK,1,3,carryover,0,2017-10-25,2017-10-29,2017-10-26,2017-10-29,train,2021-04-06,2023-03-29
1102,S31G01N38,2017-11-01,2017-2018,60,전주KCC,30,고양오리온,1,3,carryover,0,2017-10-24,2017-10-29,2017-10-22,2017-10-28,train,2021-04-06,2023-03-29
1103,S31G01N40,2017-11-02,2017-2018,70,안양KGC,06,부산KT,1,3,carryover,0,2017-10-24,2017-10-28,2017-10-27,2017-10-31,train,2021-04-06,2023-03-29
1104,S31G01N39,2017-11-02,2017-2018,16,원주DB,50,창원LG,1,3,carryover,0,2017-10-25,2017-10-31,2017-10-24,2017-10-29,train,2021-04-06,2023-03-29
1105,S31G01N41,2017-11-03,2017-2018,35,서울삼성,10,울산현대모비스,0,3,carryover,0,2017-10-27,2017-11-01,2017-10-26,2017-10-31,train,2021-04-06,2023-03-29
1106,S31G01N42,2017-11-03,2017-2018,65,인천전자랜드,55,서울SK,1,3,carryover,0,2017-10-28,2017-10-31,2017-10-28,2017-11-01,train,2021-04-06,2023-03-29
1107,S31G01N43,2017-11-04,2017-2018,06,부산KT,30,고양오리온,0,3,carryover,0,2017-10-29,2017-11-02,2017-10-26,2017-11-01,train,2021-04-06,2023-03-29
1108,S31G01N44,2017-11-04,2017-2018,16,원주DB,70,안양KGC,0,3,carryover,0,2017-10-28,2017-11-02,2017-10-26,2017-11-02,train,2021-04-06,2023-03-29
1109,S31G01N45,2017-11-04,2017-2018,50,창원LG,60,전주KCC,0,3,carryover,0,2017-10-27,2017-11-02,2017-10-27,2017-11-01,train,2021-04-06,2023-03-29
1110,S31G01N46,2017-11-05,2017-2018,65,인천전자랜드,10,울산현대모비스,1,3,carryover,0,2017-10-29,2017-11-03,2017-10-28,2017-11-03,train,2021-04-06,2023-03-29
1111,S31G01N47,2017-11-05,2017-2018,30,고양오리온,55,서울SK,0,3,carryover,0,2017-10-28,2017-11-04,2017-10-29,2017-11-03,train,2021-04-06,2023-03-29
1112,S31G01N48,2017-11-05,2017-2018,35,서울삼성,60,전주KCC,0,3,carryover,0,2017-10-29,2017-11-03,2017-10-29,2017-11-04,train,2021-04-06,2023-03-29
1113,S31G01N49,2017-11-07,2017-2018,50,창원LG,35,서울삼성,1,3,carryover,0,2017-10-29,2017-11-04,2017-11-01,2017-11-05,train,2021-04-06,2023-03-29
1114,S31G01N50,2017-11-07,2017-2018,55,서울SK,06,부산KT,1,3,carryover,0,2017-11-01,2017-11-05,2017-10-31,2017-11-04,train,2021-04-06,2023-03-29
1115,S31G01N51,2017-11-08,2017-2018,60,전주KCC,10,울산현대모비스,0,3,carryover,0,2017-11-01,2017-11-05,2017-10-31,2017-11-05,train,2021-04-06,2023-03-29
1116,S31G01N52,2017-11-08,2017-2018,65,인천전자랜드,70,안양KGC,1,3,carryover,0,2017-10-31,2017-11-05,2017-10-28,2017-11-04,train,2021-04-06,2023-03-29
1117,S31G01N54,2017-11-09,2017-2018,35,서울삼성,06,부산KT,1,3,carryover,0,2017-11-03,2017-11-07,2017-11-02,2017-11-07,train,2021-04-06,2023-03-29
1118,S31G01N53,2017-11-09,2017-2018,16,원주DB,30,고양오리온,1,3,carryover,0,2017-10-31,2017-11-04,2017-11-01,2017-11-05,train,2021-04-06,2023-03-29
1119,S31G01N55,2017-11-10,2017-2018,50,창원LG,55,서울SK,0,3,carryover,0,2017-11-02,2017-11-07,2017-11-03,2017-11-07,train,2021-04-06,2023-03-29
1120,S31G01N56,2017-11-10,2017-2018,70,안양KGC,60,전주KCC,0,3,carryover,0,2017-11-02,2017-11-08,2017-11-04,2017-11-08,train,2021-04-06,2023-03-29
1121,S31G01N57,2017-11-11,2017-2018,10,울산현대모비스,35,서울삼성,0,3,carryover,0,2017-11-03,2017-11-08,2017-11-05,2017-11-09,train,2021-04-06,2023-03-29
1122,S31G01N58,2017-11-11,2017-2018,16,원주DB,06,부산KT,1,3,carryover,0,2017-11-02,2017-11-09,2017-11-04,2017-11-09,train,2021-04-06,2023-03-29
1123,S31G01N59,2017-11-11,2017-2018,65,인천전자랜드,30,고양오리온,1,3,carryover,0,2017-11-03,2017-11-08,2017-11-04,2017-11-09,train,2021-04-06,2023-03-29
1124,S31G01N60,2017-11-12,2017-2018,55,서울SK,10,울산현대모비스,1,3,carryover,0,2017-11-05,2017-11-10,2017-11-05,2017-11-11,train,2021-04-06,2023-03-29
1125,S31G01N61,2017-11-12,2017-2018,70,안양KGC,50,창원LG,1,3,carryover,0,2017-11-04,2017-11-10,2017-11-04,2017-11-10,train,2021-04-06,2023-03-29
1126,S31G01N62,2017-11-12,2017-2018,60,전주KCC,65,인천전자랜드,1,3,carryover,0,2017-11-05,2017-11-10,2017-11-05,2017-11-11,train,2021-04-06,2023-03-29
1127,S31G01N63,2017-11-14,2017-2018,30,고양오리온,70,안양KGC,0,3,carryover,0,2017-11-05,2017-11-11,2017-11-08,2017-11-12,train,2021-04-06,2023-03-29
1128,S31G01N64,2017-11-14,2017-2018,60,전주KCC,16,원주DB,1,3,carryover,0,2017-11-08,2017-11-12,2017-11-04,2017-11-11,train,2021-04-06,2023-03-29
1129,S31G01N65,2017-11-15,2017-2018,50,창원LG,65,인천전자랜드,0,3,carryover,0,2017-11-07,2017-11-12,2017-11-08,2017-11-12,train,2021-04-06,2023-03-29
1130,S31G01N66,2017-11-15,2017-2018,06,부산KT,10,울산현대모비스,1,3,carryover,0,2017-11-07,2017-11-11,2017-11-08,2017-11-12,train,2021-04-06,2023-03-29
1131,S31G01N67,2017-11-16,2017-2018,60,전주KCC,55,서울SK,1,3,carryover,0,2017-11-10,2017-11-14,2017-11-07,2017-11-12,train,2021-04-06,2023-03-29
1132,S31G01N68,2017-11-16,2017-2018,35,서울삼성,30,고양오리온,1,3,carryover,0,2017-11-07,2017-11-11,2017-11-09,2017-11-14,train,2021-04-06,2023-03-29
1133,S31G01N69,2017-11-17,2017-2018,50,창원LG,10,울산현대모비스,0,3,carryover,0,2017-11-10,2017-11-15,2017-11-11,2017-11-15,train,2021-04-06,2023-03-29
1134,S31G01N70,2017-11-17,2017-2018,06,부산KT,65,인천전자랜드,0,3,carryover,0,2017-11-09,2017-11-15,2017-11-11,2017-11-15,train,2021-04-06,2023-03-29
1135,S31G01N71,2017-11-18,2017-2018,70,안양KGC,16,원주DB,0,3,carryover,0,2017-11-10,2017-11-14,2017-11-09,2017-11-14,train,2021-04-06,2023-03-29
1136,S31G01N72,2017-11-18,2017-2018,35,서울삼성,55,서울SK,0,3,carryover,0,2017-11-09,2017-11-16,2017-11-10,2017-11-16,train,2021-04-06,2023-03-29
1137,S31G01N73,2017-11-18,2017-2018,30,고양오리온,60,전주KCC,0,3,carryover,0,2017-11-11,2017-11-16,2017-11-12,2017-11-16,train,2021-04-06,2023-03-29
1138,S31G01N74,2017-11-19,2017-2018,65,인천전자랜드,16,원주DB,0,3,carryover,0,2017-11-12,2017-11-17,2017-11-11,2017-11-18,train,2021-04-06,2023-03-29
1139,S31G01N75,2017-11-19,2017-2018,06,부산KT,50,창원LG,0,3,carryover,0,2017-11-11,2017-11-17,2017-11-12,2017-11-17,train,2021-04-06,2023-03-29
1140,S31G01N76,2017-11-19,2017-2018,70,안양KGC,55,서울SK,0,3,carryover,0,2017-11-12,2017-11-18,2017-11-12,2017-11-18,train,2021-04-06,2023-03-29
1141,S31G01N77,2017-11-28,2017-2018,06,부산KT,60,전주KCC,0,3,carryover,0,2017-11-15,2017-11-19,2017-11-14,2017-11-18,train,2021-04-06,2023-03-29
1142,S31G01N78,2017-11-29,2017-2018,16,원주DB,55,서울SK,1,3,carryover,0,2017-11-14,2017-11-19,2017-11-16,2017-11-19,train,2021-04-06,2023-03-29
1143,S31G01N79,2017-11-29,2017-2018,30,고양오리온,10,울산현대모비스,0,3,carryover,0,2017-11-14,2017-11-18,2017-11-12,2017-11-17,train,2021-04-06,2023-03-29
1144,S31G01N80,2017-11-30,2017-2018,35,서울삼성,65,인천전자랜드,1,3,carryover,0,2017-11-11,2017-11-18,2017-11-15,2017-11-19,train,2021-04-06,2023-03-29
1145,S31G01N81,2017-11-30,2017-2018,70,안양KGC,06,부산KT,1,3,carryover,0,2017-11-14,2017-11-19,2017-11-17,2017-11-28,train,2021-04-06,2023-03-29
1146,S31G01N82,2017-12-01,2017-2018,10,울산현대모비스,16,원주DB,0,3,carryover,0,2017-11-15,2017-11-29,2017-11-18,2017-11-29,train,2021-04-06,2023-03-29
1147,S31G01N83,2017-12-01,2017-2018,60,전주KCC,50,창원LG,1,3,carryover,0,2017-11-16,2017-11-28,2017-11-15,2017-11-19,train,2021-04-06,2023-03-29
1148,S31G01N84,2017-12-02,2017-2018,35,서울삼성,70,안양KGC,1,3,carryover,0,2017-11-16,2017-11-30,2017-11-18,2017-11-30,train,2021-04-06,2023-03-29
1149,S31G01N85,2017-12-02,2017-2018,30,고양오리온,06,부산KT,1,3,carryover,0,2017-11-16,2017-11-29,2017-11-19,2017-11-30,train,2021-04-06,2023-03-29
1150,S31G01N86,2017-12-02,2017-2018,55,서울SK,65,인천전자랜드,0,3,carryover,0,2017-11-18,2017-11-29,2017-11-17,2017-11-30,train,2021-04-06,2023-03-29
1151,S31G01N87,2017-12-03,2017-2018,70,안양KGC,10,울산현대모비스,0,3,carryover,0,2017-11-19,2017-12-02,2017-11-17,2017-12-01,train,2021-04-06,2023-03-29
1152,S31G01N88,2017-12-03,2017-2018,50,창원LG,30,고양오리온,1,3,carryover,0,2017-11-17,2017-12-01,2017-11-18,2017-12-02,train,2021-04-06,2023-03-29
1153,S31G01N89,2017-12-03,2017-2018,35,서울삼성,16,원주DB,1,3,carryover,0,2017-11-18,2017-12-02,2017-11-19,2017-12-01,train,2021-04-06,2023-03-29
1154,S31G01N90,2017-12-05,2017-2018,50,창원LG,16,원주DB,0,3,carryover,0,2017-11-19,2017-12-03,2017-11-29,2017-12-03,train,2021-04-06,2023-03-29
1155,S31G01N91,2017-12-05,2017-2018,35,서울삼성,30,고양오리온,0,3,carryover,0,2017-11-30,2017-12-03,2017-11-29,2017-12-03,train,2021-04-06,2023-03-29
1156,S31G01N92,2017-12-06,2017-2018,10,울산현대모비스,06,부산KT,0,3,carryover,0,2017-11-29,2017-12-03,2017-11-28,2017-12-02,train,2021-04-06,2023-03-29
1157,S31G01N93,2017-12-06,2017-2018,55,서울SK,60,전주KCC,1,3,carryover,0,2017-11-19,2017-12-02,2017-11-18,2017-12-01,train,2021-04-06,2023-03-29
1158,S31G01N94,2017-12-07,2017-2018,16,원주DB,65,인천전자랜드,1,3,carryover,0,2017-12-01,2017-12-05,2017-11-19,2017-12-02,train,2021-04-06,2023-03-29
1159,S31G01N95,2017-12-07,2017-2018,50,창원LG,70,안양KGC,0,3,carryover,0,2017-12-01,2017-12-05,2017-11-30,2017-12-03,train,2021-04-06,2023-03-29
1160,S31G01N97,2017-12-08,2017-2018,06,부산KT,35,서울삼성,1,3,carryover,0,2017-11-30,2017-12-06,2017-12-02,2017-12-05,train,2021-04-06,2023-03-29
1161,S31G01N96,2017-12-08,2017-2018,30,고양오리온,55,서울SK,0,3,carryover,0,2017-12-02,2017-12-05,2017-11-29,2017-12-06,train,2021-04-06,2023-03-29
1162,S31G01N99,2017-12-09,2017-2018,10,울산현대모비스,70,안양KGC,0,3,carryover,0,2017-12-01,2017-12-06,2017-12-02,2017-12-07,train,2021-04-06,2023-03-29
1163,S31G01N98,2017-12-09,2017-2018,60,전주KCC,16,원주DB,1,3,carryover,0,2017-11-28,2017-12-06,2017-12-03,2017-12-07,train,2021-04-06,2023-03-29
1164,S31G01N100,2017-12-09,2017-2018,65,인천전자랜드,50,창원LG,1,3,carryover,0,2017-11-30,2017-12-07,2017-12-03,2017-12-07,train,2021-04-06,2023-03-29
1165,S31G01N101,2017-12-10,2017-2018,10,울산현대모비스,30,고양오리온,1,3,carryover,0,2017-12-03,2017-12-09,2017-12-03,2017-12-08,train,2021-04-06,2023-03-29
1166,S31G01N102,2017-12-10,2017-2018,06,부산KT,70,안양KGC,0,3,carryover,0,2017-12-02,2017-12-08,2017-12-03,2017-12-09,train,2021-04-06,2023-03-29
1167,S31G01N103,2017-12-10,2017-2018,60,전주KCC,65,인천전자랜드,1,3,carryover,0,2017-12-01,2017-12-09,2017-12-02,2017-12-09,train,2021-04-06,2023-03-29
1168,S31G01N104,2017-12-12,2017-2018,55,서울SK,16,원주DB,0,3,carryover,0,2017-12-02,2017-12-08,2017-12-05,2017-12-09,train,2021-04-06,2023-03-29
1169,S31G01N105,2017-12-12,2017-2018,60,전주KCC,35,서울삼성,1,3,carryover,0,2017-12-06,2017-12-10,2017-12-03,2017-12-08,train,2021-04-06,2023-03-29
1170,S31G01N106,2017-12-13,2017-2018,50,창원LG,06,부산KT,1,3,carryover,0,2017-12-05,2017-12-09,2017-12-06,2017-12-10,train,2021-04-06,2023-03-29
1171,S31G01N107,2017-12-13,2017-2018,70,안양KGC,30,고양오리온,1,3,carryover,0,2017-12-07,2017-12-10,2017-12-05,2017-12-10,train,2021-04-06,2023-03-29
1172,S31G01N109,2017-12-14,2017-2018,55,서울SK,65,인천전자랜드,1,3,carryover,0,2017-12-06,2017-12-12,2017-12-07,2017-12-10,train,2021-04-06,2023-03-29
1173,S31G01N108,2017-12-14,2017-2018,10,울산현대모비스,35,서울삼성,1,3,carryover,0,2017-12-06,2017-12-10,2017-12-05,2017-12-12,train,2021-04-06,2023-03-29
1174,S31G01N110,2017-12-15,2017-2018,70,안양KGC,16,원주DB,1,3,carryover,0,2017-12-09,2017-12-13,2017-12-07,2017-12-12,train,2021-04-06,2023-03-29
1175,S31G01N111,2017-12-15,2017-2018,60,전주KCC,30,고양오리온,0,3,carryover,0,2017-12-09,2017-12-12,2017-12-08,2017-12-13,train,2021-04-06,2023-03-29
1176,S31G01N112,2017-12-16,2017-2018,65,인천전자랜드,10,울산현대모비스,0,3,carryover,0,2017-12-09,2017-12-14,2017-12-09,2017-12-14,train,2021-04-06,2023-03-29
1177,S31G01N113,2017-12-16,2017-2018,50,창원LG,35,서울삼성,0,3,carryover,0,2017-12-07,2017-12-13,2017-12-08,2017-12-14,train,2021-04-06,2023-03-29
1178,S31G01N114,2017-12-16,2017-2018,06,부산KT,55,서울SK,0,3,carryover,0,2017-12-08,2017-12-13,2017-12-08,2017-12-14,train,2021-04-06,2023-03-29
1179,S31G01N115,2017-12-17,2017-2018,16,원주DB,10,울산현대모비스,0,3,carryover,0,2017-12-09,2017-12-15,2017-12-10,2017-12-16,train,2021-04-06,2023-03-29
1180,S31G01N116,2017-12-17,2017-2018,60,전주KCC,50,창원LG,0,3,carryover,0,2017-12-10,2017-12-15,2017-12-09,2017-12-16,train,2021-04-06,2023-03-29
1181,S31G01N117,2017-12-17,2017-2018,06,부산KT,30,고양오리온,0,3,carryover,0,2017-12-10,2017-12-16,2017-12-10,2017-12-15,train,2021-04-06,2023-03-29
1182,S31G01N118,2017-12-19,2017-2018,70,안양KGC,55,서울SK,1,3,carryover,0,2017-12-10,2017-12-15,2017-12-12,2017-12-16,train,2021-04-06,2023-03-29
1183,S31G01N119,2017-12-19,2017-2018,65,인천전자랜드,35,서울삼성,0,3,carryover,0,2017-12-10,2017-12-16,2017-12-12,2017-12-16,train,2021-04-06,2023-03-29
1184,S31G01N120,2017-12-20,2017-2018,50,창원LG,30,고양오리온,1,3,carryover,0,2017-12-13,2017-12-17,2017-12-13,2017-12-17,train,2021-04-06,2023-03-29
1185,S31G01N121,2017-12-20,2017-2018,60,전주KCC,06,부산KT,1,3,carryover,0,2017-12-12,2017-12-17,2017-12-13,2017-12-17,train,2021-04-06,2023-03-29
1186,S31G01N122,2017-12-21,2017-2018,10,울산현대모비스,55,서울SK,1,3,carryover,0,2017-12-14,2017-12-17,2017-12-14,2017-12-19,train,2021-04-06,2023-03-29
1187,S31G01N123,2017-12-21,2017-2018,16,원주DB,35,서울삼성,1,3,carryover,0,2017-12-12,2017-12-17,2017-12-14,2017-12-19,train,2021-04-06,2023-03-29
1188,S31G01N124,2017-12-22,2017-2018,70,안양KGC,65,인천전자랜드,1,3,carryover,0,2017-12-13,2017-12-19,2017-12-14,2017-12-19,train,2021-04-06,2023-03-29
1189,S31G01N125,2017-12-23,2017-2018,50,창원LG,55,서울SK,0,3,carryover,0,2017-12-16,2017-12-20,2017-12-16,2017-12-21,train,2021-04-06,2023-03-29
1190,S31G01N126,2017-12-23,2017-2018,16,원주DB,30,고양오리온,1,3,carryover,0,2017-12-15,2017-12-21,2017-12-15,2017-12-20,train,2021-04-06,2023-03-29
1191,S31G01N127,2017-12-23,2017-2018,10,울산현대모비스,60,전주KCC,1,3,carryover,0,2017-12-16,2017-12-21,2017-12-15,2017-12-20,train,2021-04-06,2023-03-29
1192,S31G01N128,2017-12-24,2017-2018,30,고양오리온,65,인천전자랜드,0,3,carryover,0,2017-12-17,2017-12-23,2017-12-16,2017-12-22,train,2021-04-06,2023-03-29
1193,S31G01N129,2017-12-24,2017-2018,16,원주DB,06,부산KT,1,3,carryover,0,2017-12-17,2017-12-23,2017-12-16,2017-12-20,train,2021-04-06,2023-03-29
1194,S31G01N130,2017-12-24,2017-2018,70,안양KGC,35,서울삼성,1,3,carryover,0,2017-12-15,2017-12-22,2017-12-16,2017-12-21,train,2021-04-06,2023-03-29
1195,S31G01N132,2017-12-25,2017-2018,65,인천전자랜드,06,부산KT,1,3,carryover,0,2017-12-19,2017-12-24,2017-12-17,2017-12-24,train,2021-04-06,2023-03-29
1196,S31G01N131,2017-12-25,2017-2018,50,창원LG,10,울산현대모비스,0,3,carryover,0,2017-12-17,2017-12-23,2017-12-17,2017-12-23,train,2021-04-06,2023-03-29
1197,S31G01N133,2017-12-25,2017-2018,55,서울SK,35,서울삼성,0,3,carryover,0,2017-12-19,2017-12-23,2017-12-19,2017-12-24,train,2021-04-06,2023-03-29
1198,S31G01N134,2017-12-25,2017-2018,60,전주KCC,70,안양KGC,1,3,carryover,0,2017-12-17,2017-12-23,2017-12-19,2017-12-24,train,2021-04-06,2023-03-29
1199,S31G01N135,2017-12-27,2017-2018,16,원주DB,50,창원LG,1,3,carryover,0,2017-12-21,2017-12-24,2017-12-20,2017-12-25,train,2021-04-06,2023-03-29
1200,S31G01N136,2017-12-27,2017-2018,30,고양오리온,35,서울삼성,1,3,carryover,0,2017-12-20,2017-12-24,2017-12-21,2017-12-25,train,2021-04-06,2023-03-29
1201,S31G01N137,2017-12-28,2017-2018,65,인천전자랜드,60,전주KCC,0,3,carryover,0,2017-12-22,2017-12-25,2017-12-20,2017-12-25,train,2021-04-06,2023-03-29
1202,S31G01N138,2017-12-28,2017-2018,55,서울SK,70,안양KGC,0,3,carryover,0,2017-12-21,2017-12-25,2017-12-22,2017-12-25,train,2021-04-06,2023-03-29
1203,S31G01N139,2017-12-29,2017-2018,30,고양오리온,10,울산현대모비스,0,3,carryover,0,2017-12-23,2017-12-27,2017-12-21,2017-12-25,train,2021-04-06,2023-03-29
1204,S31G01N140,2017-12-30,2017-2018,65,인천전자랜드,16,원주DB,1,3,carryover,0,2017-12-24,2017-12-28,2017-12-23,2017-12-27,train,2021-04-06,2023-03-29
1205,S31G01N141,2017-12-30,2017-2018,55,서울SK,06,부산KT,1,3,carryover,0,2017-12-23,2017-12-28,2017-12-20,2017-12-25,train,2021-04-06,2023-03-29
1206,S31G01N142,2017-12-30,2017-2018,60,전주KCC,35,서울삼성,1,3,carryover,0,2017-12-23,2017-12-28,2017-12-24,2017-12-27,train,2021-04-06,2023-03-29
1207,S31G01N143,2017-12-31,2017-2018,10,울산현대모비스,70,안양KGC,1,3,carryover,0,2017-12-23,2017-12-29,2017-12-24,2017-12-28,train,2021-04-06,2023-03-29
1208,S31G01N144,2017-12-31,2017-2018,65,인천전자랜드,50,창원LG,1,3,carryover,0,2017-12-25,2017-12-30,2017-12-23,2017-12-27,train,2021-04-06,2023-03-29
1209,S31G01N145,2017-12-31,2017-2018,55,서울SK,30,고양오리온,1,3,carryover,0,2017-12-25,2017-12-30,2017-12-24,2017-12-29,train,2021-04-06,2023-03-29
1210,S31G01N146,2018-01-01,2017-2018,06,부산KT,10,울산현대모비스,0,3,carryover,0,2017-12-24,2017-12-30,2017-12-25,2017-12-31,train,2021-04-06,2023-03-29
1211,S31G01N147,2018-01-01,2017-2018,16,원주DB,60,전주KCC,1,3,carryover,0,2017-12-24,2017-12-30,2017-12-25,2017-12-30,train,2021-04-06,2023-03-29
1212,S31G01N148,2018-01-01,2017-2018,35,서울삼성,50,창원LG,1,3,carryover,0,2017-12-25,2017-12-30,2017-12-25,2017-12-31,train,2021-04-06,2023-03-29
1213,S31G01N149,2018-01-03,2017-2018,10,울산현대모비스,16,원주DB,0,3,carryover,0,2017-12-29,2018-01-01,2017-12-27,2018-01-01,train,2021-04-06,2023-03-29
1214,S31G01N150,2018-01-03,2017-2018,70,안양KGC,06,부산KT,1,3,carryover,0,2017-12-25,2017-12-31,2017-12-25,2018-01-01,train,2021-04-06,2023-03-29
1215,S31G01N151,2018-01-04,2017-2018,30,고양오리온,50,창원LG,1,3,carryover,0,2017-12-27,2017-12-31,2017-12-27,2018-01-01,train,2021-04-06,2023-03-29
1216,S31G01N152,2018-01-04,2017-2018,65,인천전자랜드,35,서울삼성,1,3,carryover,0,2017-12-28,2017-12-31,2017-12-27,2018-01-01,train,2021-04-06,2023-03-29
1217,S31G01N153,2018-01-05,2017-2018,55,서울SK,16,원주DB,0,3,carryover,0,2017-12-28,2017-12-31,2017-12-30,2018-01-03,train,2021-04-06,2023-03-29
1218,S31G01N154,2018-01-05,2017-2018,60,전주KCC,70,안양KGC,1,3,carryover,0,2017-12-28,2018-01-01,2017-12-28,2018-01-03,train,2021-04-06,2023-03-29
1219,S31G01N155,2018-01-06,2017-2018,30,고양오리온,65,인천전자랜드,0,3,carryover,0,2017-12-29,2018-01-04,2017-12-30,2018-01-04,train,2021-04-06,2023-03-29
1220,S31G01N156,2018-01-06,2017-2018,50,창원LG,06,부산KT,1,3,carryover,0,2017-12-31,2018-01-04,2017-12-30,2018-01-03,train,2021-04-06,2023-03-29
1221,S31G01N157,2018-01-06,2017-2018,35,서울삼성,10,울산현대모비스,0,3,carryover,0,2017-12-30,2018-01-04,2017-12-31,2018-01-03,train,2021-04-06,2023-03-29
1222,S31G01N158,2018-01-07,2017-2018,06,부산KT,16,원주DB,0,3,carryover,0,2018-01-01,2018-01-06,2018-01-01,2018-01-05,train,2021-04-06,2023-03-29
1223,S31G01N159,2018-01-07,2017-2018,55,서울SK,60,전주KCC,1,3,carryover,0,2017-12-30,2018-01-05,2017-12-30,2018-01-05,train,2021-04-06,2023-03-29
1224,S31G01N160,2018-01-07,2017-2018,70,안양KGC,50,창원LG,1,3,carryover,0,2017-12-31,2018-01-05,2018-01-01,2018-01-06,train,2021-04-06,2023-03-29
1225,S31G01N161,2018-01-09,2017-2018,65,인천전자랜드,55,서울SK,0,3,carryover,0,2017-12-31,2018-01-06,2017-12-31,2018-01-07,train,2021-04-06,2023-03-29
1226,S31G01N162,2018-01-09,2017-2018,10,울산현대모비스,60,전주KCC,0,3,carryover,0,2018-01-01,2018-01-06,2018-01-01,2018-01-07,train,2021-04-06,2023-03-29
1227,S31G01N164,2018-01-10,2017-2018,35,서울삼성,06,부산KT,0,3,carryover,0,2018-01-01,2018-01-06,2018-01-03,2018-01-07,train,2021-04-06,2023-03-29
1228,S31G01N163,2018-01-10,2017-2018,50,창원LG,16,원주DB,0,3,carryover,0,2018-01-04,2018-01-07,2018-01-03,2018-01-07,train,2021-04-06,2023-03-29
1229,S31G01N165,2018-01-11,2017-2018,30,고양오리온,60,전주KCC,0,3,carryover,0,2017-12-31,2018-01-06,2018-01-05,2018-01-09,train,2021-04-06,2023-03-29
1230,S31G01N166,2018-01-11,2017-2018,55,서울SK,10,울산현대모비스,0,3,carryover,0,2018-01-05,2018-01-09,2018-01-03,2018-01-09,train,2021-04-06,2023-03-29
1231,S31G01N167,2018-01-11,2017-2018,65,인천전자랜드,70,안양KGC,0,3,carryover,0,2018-01-04,2018-01-09,2018-01-03,2018-01-07,train,2021-04-06,2023-03-29
1232,S31G01N168,2018-01-16,2017-2018,35,서울삼성,55,서울SK,0,3,carryover,0,2018-01-04,2018-01-10,2018-01-07,2018-01-11,train,2021-04-06,2023-03-29
1233,S31G01N169,2018-01-16,2017-2018,16,원주DB,70,안양KGC,1,3,carryover,0,2018-01-05,2018-01-10,2018-01-05,2018-01-11,train,2021-04-06,2023-03-29
1234,S31G01N170,2018-01-17,2017-2018,06,부산KT,65,인천전자랜드,0,3,carryover,0,2018-01-06,2018-01-10,2018-01-06,2018-01-11,train,2021-04-06,2023-03-29
1235,S31G01N171,2018-01-17,2017-2018,50,창원LG,60,전주KCC,0,3,carryover,0,2018-01-06,2018-01-10,2018-01-07,2018-01-11,train,2021-04-06,2023-03-29
1236,S31G01N172,2018-01-18,2017-2018,70,안양KGC,35,서울삼성,0,3,carryover,0,2018-01-07,2018-01-16,2018-01-06,2018-01-16,train,2021-04-06,2023-03-29
1237,S31G01N173,2018-01-18,2017-2018,16,원주DB,30,고양오리온,1,3,carryover,0,2018-01-07,2018-01-16,2018-01-04,2018-01-11,train,2021-04-06,2023-03-29
1238,S31G01N174,2018-01-19,2017-2018,10,울산현대모비스,65,인천전자랜드,0,3,carryover,0,2018-01-06,2018-01-11,2018-01-09,2018-01-17,train,2021-04-06,2023-03-29
1239,S31G01N175,2018-01-19,2017-2018,06,부산KT,60,전주KCC,0,3,carryover,0,2018-01-07,2018-01-17,2018-01-09,2018-01-17,train,2021-04-06,2023-03-29
1240,S31G01N177,2018-01-20,2017-2018,30,고양오리온,70,안양KGC,0,3,carryover,0,2018-01-06,2018-01-18,2018-01-11,2018-01-18,train,2021-04-06,2023-03-29
1241,S31G01N176,2018-01-20,2017-2018,55,서울SK,50,창원LG,1,3,carryover,0,2018-01-09,2018-01-16,2018-01-07,2018-01-17,train,2021-04-06,2023-03-29
1242,S31G01N178,2018-01-20,2017-2018,35,서울삼성,16,원주DB,0,3,carryover,0,2018-01-10,2018-01-18,2018-01-10,2018-01-18,train,2021-04-06,2023-03-29
1243,S31G01N179,2018-01-21,2017-2018,10,울산현대모비스,50,창원LG,1,3,carryover,0,2018-01-09,2018-01-19,2018-01-10,2018-01-20,train,2021-04-06,2023-03-29
1244,S31G01N180,2018-01-21,2017-2018,30,고양오리온,06,부산KT,1,3,carryover,0,2018-01-11,2018-01-20,2018-01-10,2018-01-19,train,2021-04-06,2023-03-29
1245,S31G01N181,2018-01-21,2017-2018,55,서울SK,65,인천전자랜드,1,3,carryover,0,2018-01-11,2018-01-20,2018-01-11,2018-01-19,train,2021-04-06,2023-03-29
1246,S31G01N182,2018-01-23,2017-2018,70,안양KGC,65,인천전자랜드,1,3,carryover,0,2018-01-16,2018-01-20,2018-01-17,2018-01-21,train,2021-04-06,2023-03-29
1247,S31G01N183,2018-01-23,2017-2018,30,고양오리온,60,전주KCC,0,3,carryover,0,2018-01-18,2018-01-21,2018-01-11,2018-01-19,train,2021-04-06,2023-03-29
1248,S31G01N184,2018-01-24,2017-2018,06,부산KT,16,원주DB,0,3,carryover,0,2018-01-17,2018-01-21,2018-01-16,2018-01-20,train,2021-04-06,2023-03-29
1249,S31G01N185,2018-01-24,2017-2018,55,서울SK,35,서울삼성,0,3,carryover,0,2018-01-16,2018-01-21,2018-01-16,2018-01-20,train,2021-04-06,2023-03-29
1250,S31G01N186,2018-01-25,2017-2018,60,전주KCC,10,울산현대모비스,0,3,carryover,0,2018-01-17,2018-01-23,2018-01-11,2018-01-21,train,2021-04-06,2023-03-29
1251,S31G01N187,2018-01-25,2017-2018,50,창원LG,70,안양KGC,1,3,carryover,0,2018-01-17,2018-01-21,2018-01-18,2018-01-23,train,2021-04-06,2023-03-29
1252,S31G01N188,2018-01-26,2017-2018,16,원주DB,55,서울SK,1,3,carryover,0,2018-01-18,2018-01-24,2018-01-20,2018-01-24,train,2021-04-06,2023-03-29
1253,S31G01N189,2018-01-26,2017-2018,65,인천전자랜드,30,고양오리온,1,3,carryover,0,2018-01-19,2018-01-23,2018-01-20,2018-01-23,train,2021-04-06,2023-03-29
1254,S31G01N190,2018-01-27,2017-2018,10,울산현대모비스,35,서울삼성,0,3,carryover,0,2018-01-19,2018-01-25,2018-01-18,2018-01-24,train,2021-04-06,2023-03-29
1255,S31G01N191,2018-01-27,2017-2018,06,부산KT,50,창원LG,0,3,carryover,0,2018-01-19,2018-01-24,2018-01-20,2018-01-25,train,2021-04-06,2023-03-29
1256,S31G01N192,2018-01-27,2017-2018,70,안양KGC,60,전주KCC,0,3,carryover,0,2018-01-20,2018-01-25,2018-01-19,2018-01-25,train,2021-04-06,2023-03-29
1257,S31G01N193,2018-01-28,2017-2018,06,부산KT,35,서울삼성,0,3,carryover,0,2018-01-21,2018-01-27,2018-01-20,2018-01-27,train,2021-04-06,2023-03-29
1258,S31G01N194,2018-01-28,2017-2018,10,울산현대모비스,50,창원LG,1,3,carryover,0,2018-01-21,2018-01-27,2018-01-21,2018-01-27,train,2021-04-06,2023-03-29
1259,S31G01N195,2018-01-28,2017-2018,30,고양오리온,16,원주DB,0,3,carryover,0,2018-01-21,2018-01-26,2018-01-20,2018-01-26,train,2021-04-06,2023-03-29
1260,S31G01N196,2018-01-30,2017-2018,60,전주KCC,50,창원LG,1,3,carryover,0,2018-01-23,2018-01-27,2018-01-25,2018-01-28,train,2021-04-06,2023-03-29
1261,S31G01N197,2018-01-30,2017-2018,35,서울삼성,70,안양KGC,0,3,carryover,0,2018-01-24,2018-01-28,2018-01-23,2018-01-27,train,2021-04-06,2023-03-29
1262,S31G01N198,2018-01-31,2017-2018,10,울산현대모비스,55,서울SK,0,3,carryover,0,2018-01-25,2018-01-28,2018-01-21,2018-01-26,train,2021-04-06,2023-03-29
1263,S31G01N199,2018-01-31,2017-2018,65,인천전자랜드,06,부산KT,1,3,carryover,0,2018-01-21,2018-01-26,2018-01-24,2018-01-28,train,2021-04-06,2023-03-29
1264,S31G01N200,2018-02-01,2017-2018,16,원주DB,50,창원LG,1,3,carryover,0,2018-01-24,2018-01-28,2018-01-27,2018-01-30,train,2021-04-06,2023-03-29
1265,S31G01N201,2018-02-01,2017-2018,30,고양오리온,70,안양KGC,1,3,carryover,0,2018-01-23,2018-01-28,2018-01-25,2018-01-30,train,2021-04-06,2023-03-29
1266,S31G01N202,2018-02-02,2017-2018,06,부산KT,10,울산현대모비스,1,3,carryover,0,2018-01-27,2018-01-31,2018-01-27,2018-01-31,train,2021-04-06,2023-03-29
1267,S31G01N203,2018-02-02,2017-2018,65,인천전자랜드,35,서울삼성,1,3,carryover,0,2018-01-23,2018-01-31,2018-01-27,2018-01-30,train,2021-04-06,2023-03-29
1268,S31G01N204,2018-02-03,2017-2018,60,전주KCC,16,원주DB,0,3,carryover,0,2018-01-25,2018-01-30,2018-01-26,2018-02-01,train,2021-04-06,2023-03-29
1269,S31G01N205,2018-02-03,2017-2018,55,서울SK,70,안양KGC,1,3,carryover,0,2018-01-24,2018-01-31,2018-01-27,2018-02-01,train,2021-04-06,2023-03-29
1270,S31G01N206,2018-02-03,2017-2018,50,창원LG,30,고양오리온,0,3,carryover,0,2018-01-28,2018-02-01,2018-01-26,2018-02-01,train,2021-04-06,2023-03-29
1271,S31G01N207,2018-02-04,2017-2018,35,서울삼성,16,원주DB,1,3,carryover,0,2018-01-28,2018-02-02,2018-01-28,2018-02-03,train,2021-04-06,2023-03-29
1272,S31G01N208,2018-02-04,2017-2018,60,전주KCC,55,서울SK,1,3,carryover,0,2018-01-27,2018-02-03,2018-01-26,2018-02-03,train,2021-04-06,2023-03-29
1273,S31G01N209,2018-02-04,2017-2018,10,울산현대모비스,65,인천전자랜드,1,3,carryover,0,2018-01-28,2018-02-02,2018-01-26,2018-02-02,train,2021-04-06,2023-03-29
1274,S31G01N210,2018-02-06,2017-2018,35,서울삼성,30,고양오리온,1,3,carryover,0,2018-01-30,2018-02-04,2018-01-28,2018-02-03,train,2021-04-06,2023-03-29
1275,S31G01N211,2018-02-06,2017-2018,60,전주KCC,06,부산KT,1,3,carryover,0,2018-01-30,2018-02-04,2018-01-28,2018-02-02,train,2021-04-06,2023-03-29
1276,S31G01N212,2018-02-07,2017-2018,65,인천전자랜드,16,원주DB,1,3,carryover,0,2018-01-31,2018-02-04,2018-02-01,2018-02-04,train,2021-04-06,2023-03-29
1277,S31G01N213,2018-02-07,2017-2018,50,창원LG,55,서울SK,1,3,carryover,0,2018-01-30,2018-02-03,2018-01-31,2018-02-04,train,2021-04-06,2023-03-29
1278,S31G01N214,2018-02-08,2017-2018,10,울산현대모비스,70,안양KGC,1,3,carryover,0,2018-01-31,2018-02-04,2018-01-30,2018-02-03,train,2021-04-06,2023-03-29
1279,S31G01N215,2018-02-08,2017-2018,30,고양오리온,06,부산KT,1,3,carryover,0,2018-02-01,2018-02-06,2018-01-31,2018-02-06,train,2021-04-06,2023-03-29
1280,S31G01N216,2018-02-09,2017-2018,35,서울삼성,60,전주KCC,0,3,carryover,0,2018-02-02,2018-02-06,2018-02-03,2018-02-06,train,2021-04-06,2023-03-29
1281,S31G01N217,2018-02-09,2017-2018,50,창원LG,65,인천전자랜드,0,3,carryover,0,2018-02-01,2018-02-07,2018-02-02,2018-02-07,train,2021-04-06,2023-03-29
1282,S31G01N218,2018-02-10,2017-2018,30,고양오리온,55,서울SK,0,3,carryover,0,2018-02-03,2018-02-08,2018-02-03,2018-02-07,train,2021-04-06,2023-03-29
1283,S31G01N219,2018-02-10,2017-2018,06,부산KT,70,안양KGC,1,3,carryover,0,2018-02-02,2018-02-08,2018-02-01,2018-02-08,train,2021-04-06,2023-03-29
1284,S31G01N220,2018-02-10,2017-2018,16,원주DB,10,울산현대모비스,0,3,carryover,0,2018-02-03,2018-02-07,2018-02-02,2018-02-08,train,2021-04-06,2023-03-29
1285,S31G01N221,2018-02-11,2017-2018,35,서울삼성,50,창원LG,1,3,carryover,0,2018-02-04,2018-02-09,2018-02-03,2018-02-09,train,2021-04-06,2023-03-29
1286,S31G01N222,2018-02-11,2017-2018,65,인천전자랜드,60,전주KCC,1,3,carryover,0,2018-02-04,2018-02-09,2018-02-04,2018-02-09,train,2021-04-06,2023-03-29
1287,S31G01N223,2018-02-11,2017-2018,70,안양KGC,16,원주DB,1,3,carryover,0,2018-02-03,2018-02-10,2018-02-04,2018-02-10,train,2021-04-06,2023-03-29
1288,S31G01N224,2018-02-13,2017-2018,10,울산현대모비스,30,고양오리온,1,3,carryover,0,2018-02-04,2018-02-10,2018-02-06,2018-02-10,train,2021-04-06,2023-03-29
1289,S31G01N225,2018-02-13,2017-2018,55,서울SK,06,부산KT,1,3,carryover,0,2018-02-04,2018-02-10,2018-02-06,2018-02-10,train,2021-04-06,2023-03-29
1290,S31G01N226,2018-02-14,2017-2018,16,원주DB,35,서울삼성,1,3,carryover,0,2018-02-07,2018-02-11,2018-02-06,2018-02-11,train,2021-04-06,2023-03-29
1291,S31G01N227,2018-02-14,2017-2018,70,안양KGC,65,인천전자랜드,1,3,carryover,0,2018-02-08,2018-02-11,2018-02-07,2018-02-11,train,2021-04-06,2023-03-29
1292,S31G01N228,2018-02-15,2017-2018,10,울산현대모비스,60,전주KCC,1,3,carryover,0,2018-02-08,2018-02-13,2018-02-06,2018-02-11,train,2021-04-06,2023-03-29
1293,S31G01N229,2018-02-15,2017-2018,06,부산KT,50,창원LG,1,3,carryover,0,2018-02-08,2018-02-13,2018-02-07,2018-02-11,train,2021-04-06,2023-03-29
1294,S31G01N230,2018-02-16,2017-2018,35,서울삼성,70,안양KGC,0,3,carryover,0,2018-02-09,2018-02-14,2018-02-10,2018-02-14,train,2021-04-06,2023-03-29
1295,S31G01N231,2018-02-16,2017-2018,65,인천전자랜드,55,서울SK,1,3,carryover,0,2018-02-09,2018-02-14,2018-02-07,2018-02-13,train,2021-04-06,2023-03-29
1296,S31G01N232,2018-02-17,2017-2018,50,창원LG,60,전주KCC,1,3,carryover,0,2018-02-09,2018-02-15,2018-02-09,2018-02-15,train,2021-04-06,2023-03-29
1297,S31G01N233,2018-02-17,2017-2018,30,고양오리온,16,원주DB,0,3,carryover,0,2018-02-08,2018-02-13,2018-02-10,2018-02-14,train,2021-04-06,2023-03-29
1298,S31G01N234,2018-02-17,2017-2018,10,울산현대모비스,06,부산KT,1,3,carryover,0,2018-02-10,2018-02-15,2018-02-10,2018-02-15,train,2021-04-06,2023-03-29
1299,S31G01N235,2018-02-18,2017-2018,55,서울SK,35,서울삼성,1,3,carryover,0,2018-02-10,2018-02-16,2018-02-11,2018-02-16,train,2021-04-06,2023-03-29
1300,S31G01N236,2018-02-18,2017-2018,70,안양KGC,30,고양오리온,1,3,carryover,0,2018-02-11,2018-02-16,2018-02-10,2018-02-17,train,2021-04-06,2023-03-29
1301,S31G01N237,2018-02-18,2017-2018,16,원주DB,65,인천전자랜드,1,3,carryover,0,2018-02-11,2018-02-17,2018-02-11,2018-02-16,train,2021-04-06,2023-03-29
1302,S31G01N238,2018-02-27,2017-2018,50,창원LG,65,인천전자랜드,1,3,carryover,0,2018-02-11,2018-02-17,2018-02-14,2018-02-18,train,2021-04-06,2023-03-29
1303,S31G01N239,2018-02-28,2017-2018,55,서울SK,70,안양KGC,0,3,carryover,0,2018-02-13,2018-02-18,2018-02-14,2018-02-18,train,2021-04-06,2023-03-29
1304,S31G01N240,2018-02-28,2017-2018,06,부산KT,30,고양오리온,0,3,carryover,0,2018-02-13,2018-02-17,2018-02-13,2018-02-18,train,2021-04-06,2023-03-29
1305,S31G01N241,2018-03-01,2017-2018,50,창원LG,10,울산현대모비스,0,3,carryover,0,2018-02-15,2018-02-27,2018-02-13,2018-02-17,train,2021-04-06,2023-03-29
1306,S31G01N242,2018-03-01,2017-2018,35,서울삼성,65,인천전자랜드,1,3,carryover,0,2018-02-14,2018-02-18,2018-02-16,2018-02-27,train,2021-04-06,2023-03-29
1307,S31G01N243,2018-03-01,2017-2018,16,원주DB,60,전주KCC,0,3,carryover,0,2018-02-14,2018-02-18,2018-02-11,2018-02-17,train,2021-04-06,2023-03-29
1308,S31G01N244,2018-03-02,2017-2018,55,서울SK,30,고양오리온,1,3,carryover,0,2018-02-16,2018-02-28,2018-02-17,2018-02-28,train,2021-04-06,2023-03-29
1309,S31G01N245,2018-03-02,2017-2018,06,부산KT,70,안양KGC,1,3,carryover,0,2018-02-15,2018-02-28,2018-02-16,2018-02-28,train,2021-04-06,2023-03-29
1310,S31G01N247,2018-03-03,2017-2018,60,전주KCC,65,인천전자랜드,1,3,carryover,0,2018-02-15,2018-03-01,2018-02-18,2018-03-01,train,2021-04-06,2023-03-29
1311,S31G01N246,2018-03-03,2017-2018,35,서울삼성,10,울산현대모비스,0,3,carryover,0,2018-02-16,2018-03-01,2018-02-15,2018-03-01,train,2021-04-06,2023-03-29
1312,S31G01N248,2018-03-03,2017-2018,50,창원LG,16,원주DB,1,3,carryover,0,2018-02-17,2018-03-01,2018-02-17,2018-03-01,train,2021-04-06,2023-03-29
1313,S31G01N249,2018-03-04,2017-2018,60,전주KCC,30,고양오리온,0,3,carryover,0,2018-02-17,2018-03-03,2018-02-18,2018-03-02,train,2021-04-06,2023-03-29
1314,S31G01N250,2018-03-04,2017-2018,70,안양KGC,10,울산현대모비스,0,3,carryover,0,2018-02-18,2018-03-02,2018-02-17,2018-03-03,train,2021-04-06,2023-03-29
1315,S31G01N251,2018-03-04,2017-2018,06,부산KT,55,서울SK,0,3,carryover,0,2018-02-17,2018-03-02,2018-02-18,2018-03-02,train,2021-04-06,2023-03-29
1316,S31G01N252,2018-03-06,2017-2018,10,울산현대모비스,16,원주DB,0,3,carryover,0,2018-03-01,2018-03-04,2018-02-18,2018-03-03,train,2021-04-06,2023-03-29
1317,S31G01N253,2018-03-06,2017-2018,30,고양오리온,50,창원LG,1,3,carryover,0,2018-02-28,2018-03-04,2018-02-27,2018-03-03,train,2021-04-06,2023-03-29
1318,S31G01N254,2018-03-07,2017-2018,06,부산KT,35,서울삼성,0,3,carryover,0,2018-02-28,2018-03-04,2018-02-18,2018-03-03,train,2021-04-06,2023-03-29
1319,S31G01N255,2018-03-07,2017-2018,70,안양KGC,60,전주KCC,0,3,carryover,0,2018-02-28,2018-03-04,2018-03-01,2018-03-04,train,2021-04-06,2023-03-29
1320,S31G01N256,2018-03-08,2017-2018,10,울산현대모비스,30,고양오리온,0,3,carryover,0,2018-03-03,2018-03-06,2018-03-02,2018-03-06,train,2021-04-06,2023-03-29
1321,S31G01N257,2018-03-08,2017-2018,55,서울SK,50,창원LG,1,3,carryover,0,2018-02-28,2018-03-04,2018-03-01,2018-03-06,train,2021-04-06,2023-03-29
1322,S31G01N259,2018-03-09,2017-2018,60,전주KCC,06,부산KT,1,3,carryover,0,2018-03-03,2018-03-07,2018-03-02,2018-03-07,train,2021-04-06,2023-03-29
1323,S31G01N258,2018-03-09,2017-2018,16,원주DB,70,안양KGC,1,3,carryover,0,2018-03-01,2018-03-06,2018-03-02,2018-03-07,train,2021-04-06,2023-03-29
1324,S31G01N260,2018-03-10,2017-2018,55,서울SK,10,울산현대모비스,1,3,carryover,0,2018-03-02,2018-03-08,2018-03-04,2018-03-08,train,2021-04-06,2023-03-29
1325,S31G01N261,2018-03-10,2017-2018,50,창원LG,35,서울삼성,0,3,carryover,0,2018-03-03,2018-03-08,2018-03-01,2018-03-07,train,2021-04-06,2023-03-29
1326,S31G01N262,2018-03-10,2017-2018,30,고양오리온,65,인천전자랜드,1,3,carryover,0,2018-03-04,2018-03-08,2018-02-27,2018-03-03,train,2021-04-06,2023-03-29
1327,S31G01N263,2018-03-11,2017-2018,60,전주KCC,35,서울삼성,0,3,carryover,0,2018-03-04,2018-03-09,2018-03-03,2018-03-10,train,2021-04-06,2023-03-29
1328,S31G01N264,2018-03-11,2017-2018,16,원주DB,55,서울SK,0,3,carryover,0,2018-03-03,2018-03-09,2018-03-04,2018-03-10,train,2021-04-06,2023-03-29
1329,S31G01N265,2018-03-11,2017-2018,65,인천전자랜드,06,부산KT,1,3,carryover,0,2018-03-01,2018-03-10,2018-03-04,2018-03-09,train,2021-04-06,2023-03-29
1330,S31G01N268,2018-03-13,2017-2018,70,안양KGC,50,창원LG,1,3,carryover,0,2018-03-04,2018-03-09,2018-03-06,2018-03-10,train,2021-04-06,2023-03-29
1331,S31G01N266,2018-03-13,2017-2018,30,고양오리온,35,서울삼성,1,3,carryover,0,2018-03-06,2018-03-10,2018-03-07,2018-03-11,train,2021-04-06,2023-03-29
1332,S31G01N267,2018-03-13,2017-2018,65,인천전자랜드,10,울산현대모비스,1,3,carryover,0,2018-03-03,2018-03-11,2018-03-06,2018-03-10,train,2021-04-06,2023-03-29
1333,S31G01N269,2018-03-13,2017-2018,55,서울SK,60,전주KCC,1,3,carryover,0,2018-03-08,2018-03-11,2018-03-07,2018-03-11,train,2021-04-06,2023-03-29
1334,S31G01N270,2018-03-13,2017-2018,16,원주DB,06,부산KT,0,3,carryover,0,2018-03-06,2018-03-11,2018-03-07,2018-03-11,train,2021-04-06,2023-03-29
1335,S33G01N1,2018-10-13,2018-2019,55,서울SK,16,원주DB,1,3,carryover,1,2018-03-10,2018-03-13,2018-03-09,2018-03-13,train,2021-04-06,2023-03-29
1336,S33G01N2,2018-10-13,2018-2019,60,전주KCC,50,창원LG,1,3,carryover,1,2018-03-09,2018-03-13,2018-03-08,2018-03-13,train,2021-04-06,2023-03-29
1337,S33G01N3,2018-10-13,2018-2019,10,울산현대모비스,06,부산KT,1,3,carryover,1,2018-03-08,2018-03-13,2018-03-09,2018-03-13,train,2021-04-06,2023-03-29
1338,S33G01N4,2018-10-14,2018-2019,16,원주DB,35,서울삼성,0,3,carryover,1,2018-03-11,2018-10-13,2018-03-10,2018-03-13,train,2021-04-06,2023-03-29
1339,S33G01N5,2018-10-14,2018-2019,65,인천전자랜드,55,서울SK,1,3,carryover,1,2018-03-10,2018-03-13,2018-03-11,2018-10-13,train,2021-04-06,2023-03-29
1340,S33G01N6,2018-10-14,2018-2019,70,안양KGC,30,고양오리온,0,3,carryover,1,2018-03-07,2018-03-13,2018-03-08,2018-03-13,train,2021-04-06,2023-03-29
1341,S33G01N7,2018-10-16,2018-2019,65,인천전자랜드,35,서울삼성,1,3,carryover,1,2018-03-11,2018-10-14,2018-03-11,2018-10-14,train,2021-04-06,2023-03-29
1342,S33G01N8,2018-10-16,2018-2019,10,울산현대모비스,30,고양오리온,1,3,carryover,1,2018-03-10,2018-10-13,2018-03-10,2018-10-14,train,2021-04-06,2023-03-29
1343,S33G01N10,2018-10-17,2018-2019,70,안양KGC,06,부산KT,0,3,carryover,1,2018-03-09,2018-10-14,2018-03-11,2018-10-13,train,2021-04-06,2023-03-29
1344,S33G01N9,2018-10-17,2018-2019,16,원주DB,50,창원LG,1,3,carryover,1,2018-03-13,2018-10-14,2018-03-10,2018-10-13,train,2021-04-06,2023-03-29
1345,S33G01N11,2018-10-18,2018-2019,55,서울SK,30,고양오리온,0,3,carryover,1,2018-03-13,2018-10-14,2018-03-13,2018-10-16,train,2021-04-06,2023-03-29
1346,S33G01N12,2018-10-18,2018-2019,65,인천전자랜드,60,전주KCC,1,3,carryover,1,2018-03-13,2018-10-16,2018-03-11,2018-10-13,train,2021-04-06,2023-03-29
1347,S33G01N13,2018-10-19,2018-2019,10,울산현대모비스,35,서울삼성,1,3,carryover,1,2018-03-13,2018-10-16,2018-03-13,2018-10-16,train,2021-04-06,2023-03-29
1348,S33G01N14,2018-10-19,2018-2019,16,원주DB,70,안양KGC,0,3,carryover,1,2018-10-13,2018-10-17,2018-03-13,2018-10-17,train,2021-04-06,2023-03-29
1349,S33G01N15,2018-10-20,2018-2019,06,부산KT,55,서울SK,0,3,carryover,1,2018-03-13,2018-10-17,2018-10-13,2018-10-18,train,2021-04-06,2023-03-29
1350,S33G01N16,2018-10-20,2018-2019,50,창원LG,65,인천전자랜드,1,3,carryover,1,2018-03-13,2018-10-17,2018-10-14,2018-10-18,train,2021-04-06,2023-03-29
1351,S33G01N17,2018-10-20,2018-2019,30,고양오리온,60,전주KCC,0,3,carryover,1,2018-10-14,2018-10-18,2018-03-13,2018-10-18,train,2021-04-06,2023-03-29
1352,S33G01N18,2018-10-21,2018-2019,16,원주DB,10,울산현대모비스,0,3,carryover,0,2018-10-14,2018-10-19,2018-10-13,2018-10-19,train,2021-04-06,2023-03-29
1353,S33G01N19,2018-10-21,2018-2019,06,부산KT,35,서울삼성,1,3,carryover,0,2018-10-13,2018-10-20,2018-10-14,2018-10-19,train,2021-04-06,2023-03-29
1354,S33G01N20,2018-10-21,2018-2019,60,전주KCC,55,서울SK,1,3,carryover,0,2018-10-13,2018-10-20,2018-10-14,2018-10-20,train,2021-04-06,2023-03-29
1355,S33G01N21,2018-10-23,2018-2019,50,창원LG,06,부산KT,1,3,carryover,0,2018-10-13,2018-10-20,2018-10-17,2018-10-21,train,2021-04-06,2023-03-29
1356,S33G01N22,2018-10-23,2018-2019,30,고양오리온,16,원주DB,0,3,carryover,0,2018-10-16,2018-10-20,2018-10-17,2018-10-21,train,2021-04-06,2023-03-29
1357,S33G01N23,2018-10-24,2018-2019,10,울산현대모비스,60,전주KCC,1,3,carryover,0,2018-10-16,2018-10-21,2018-10-18,2018-10-21,train,2021-04-06,2023-03-29
1358,S33G01N24,2018-10-24,2018-2019,65,인천전자랜드,70,안양KGC,0,3,carryover,0,2018-10-16,2018-10-20,2018-10-14,2018-10-19,train,2021-04-06,2023-03-29
1359,S33G01N25,2018-10-25,2018-2019,30,고양오리온,35,서울삼성,0,3,carryover,0,2018-10-18,2018-10-23,2018-10-16,2018-10-21,train,2021-04-06,2023-03-29
1360,S33G01N26,2018-10-25,2018-2019,50,창원LG,55,서울SK,0,3,carryover,0,2018-10-17,2018-10-23,2018-10-18,2018-10-21,train,2021-04-06,2023-03-29
1361,S33G01N27,2018-10-26,2018-2019,60,전주KCC,16,원주DB,1,3,carryover,0,2018-10-20,2018-10-24,2018-10-19,2018-10-23,train,2021-04-06,2023-03-29
1362,S33G01N28,2018-10-26,2018-2019,06,부산KT,65,인천전자랜드,1,3,carryover,0,2018-10-20,2018-10-23,2018-10-18,2018-10-24,train,2021-04-06,2023-03-29
1363,S33G01N29,2018-10-27,2018-2019,55,서울SK,10,울산현대모비스,1,3,carryover,0,2018-10-20,2018-10-25,2018-10-19,2018-10-24,train,2021-04-06,2023-03-29
1364,S33G01N30,2018-10-27,2018-2019,70,안양KGC,35,서울삼성,1,3,carryover,0,2018-10-17,2018-10-24,2018-10-19,2018-10-25,train,2021-04-06,2023-03-29
1365,S33G01N31,2018-10-27,2018-2019,30,고양오리온,50,창원LG,0,3,carryover,0,2018-10-20,2018-10-25,2018-10-20,2018-10-25,train,2021-04-06,2023-03-29
1366,S33G01N32,2018-10-28,2018-2019,70,안양KGC,10,울산현대모비스,0,3,carryover,0,2018-10-19,2018-10-27,2018-10-21,2018-10-27,train,2021-04-06,2023-03-29
1367,S33G01N33,2018-10-28,2018-2019,60,전주KCC,06,부산KT,0,3,carryover,0,2018-10-21,2018-10-26,2018-10-21,2018-10-26,train,2021-04-06,2023-03-29
1368,S33G01N34,2018-10-28,2018-2019,16,원주DB,65,인천전자랜드,0,3,carryover,0,2018-10-21,2018-10-26,2018-10-20,2018-10-26,train,2021-04-06,2023-03-29
1369,S33G01N36,2018-10-30,2018-2019,55,서울SK,70,안양KGC,0,3,carryover,0,2018-10-21,2018-10-27,2018-10-24,2018-10-28,train,2021-04-06,2023-03-29
1370,S33G01N35,2018-10-30,2018-2019,50,창원LG,35,서울삼성,1,3,carryover,0,2018-10-23,2018-10-27,2018-10-21,2018-10-27,train,2021-04-06,2023-03-29
1371,S33G01N37,2018-10-31,2018-2019,65,인천전자랜드,10,울산현대모비스,0,3,carryover,0,2018-10-24,2018-10-28,2018-10-24,2018-10-28,train,2021-04-06,2023-03-29
1372,S33G01N38,2018-10-31,2018-2019,06,부산KT,30,고양오리온,1,3,carryover,0,2018-10-23,2018-10-28,2018-10-23,2018-10-27,train,2021-04-06,2023-03-29
1373,S33G01N39,2018-11-01,2018-2019,60,전주KCC,35,서울삼성,0,3,carryover,0,2018-10-24,2018-10-28,2018-10-25,2018-10-30,train,2021-04-06,2023-03-29
1374,S33G01N40,2018-11-01,2018-2019,50,창원LG,70,안양KGC,1,3,carryover,0,2018-10-25,2018-10-30,2018-10-27,2018-10-30,train,2021-04-06,2023-03-29
1375,S33G01N41,2018-11-02,2018-2019,65,인천전자랜드,30,고양오리온,1,3,carryover,0,2018-10-26,2018-10-31,2018-10-25,2018-10-31,train,2021-04-06,2023-03-29
1376,S33G01N42,2018-11-02,2018-2019,06,부산KT,16,원주DB,1,3,carryover,0,2018-10-26,2018-10-31,2018-10-23,2018-10-28,train,2021-04-06,2023-03-29
1377,S33G01N43,2018-11-03,2018-2019,10,울산현대모비스,50,창원LG,1,3,carryover,0,2018-10-27,2018-10-31,2018-10-27,2018-11-01,train,2021-04-06,2023-03-29
1378,S33G01N44,2018-11-03,2018-2019,70,안양KGC,60,전주KCC,1,3,carryover,0,2018-10-28,2018-11-01,2018-10-26,2018-11-01,train,2021-04-06,2023-03-29
1379,S33G01N45,2018-11-03,2018-2019,35,서울삼성,55,서울SK,0,3,carryover,0,2018-10-27,2018-11-01,2018-10-25,2018-10-30,train,2021-04-06,2023-03-29
1380,S33G01N46,2018-11-04,2018-2019,30,고양오리온,16,원주DB,0,3,carryover,0,2018-10-27,2018-11-02,2018-10-26,2018-11-02,train,2021-04-06,2023-03-29
1381,S33G01N47,2018-11-04,2018-2019,65,인천전자랜드,06,부산KT,1,3,carryover,0,2018-10-28,2018-11-02,2018-10-28,2018-11-02,train,2021-04-06,2023-03-29
1382,S33G01N48,2018-11-04,2018-2019,55,서울SK,60,전주KCC,1,3,carryover,0,2018-10-27,2018-11-03,2018-10-28,2018-11-03,train,2021-04-06,2023-03-29
1383,S33G01N49,2018-11-06,2018-2019,16,원주DB,50,창원LG,0,3,carryover,0,2018-10-28,2018-11-04,2018-10-30,2018-11-03,train,2021-04-06,2023-03-29
1384,S33G01N50,2018-11-06,2018-2019,35,서울삼성,70,안양KGC,0,3,carryover,0,2018-10-30,2018-11-03,2018-10-30,2018-11-03,train,2021-04-06,2023-03-29
1385,S33G01N51,2018-11-07,2018-2019,60,전주KCC,10,울산현대모비스,1,3,carryover,0,2018-11-01,2018-11-04,2018-10-28,2018-11-03,train,2021-04-06,2023-03-29
1386,S33G01N52,2018-11-07,2018-2019,55,서울SK,65,인천전자랜드,1,3,carryover,0,2018-10-30,2018-11-04,2018-10-31,2018-11-04,train,2021-04-06,2023-03-29
1387,S33G01N53,2018-11-08,2018-2019,50,창원LG,30,고양오리온,1,3,carryover,0,2018-11-01,2018-11-06,2018-10-31,2018-11-04,train,2021-04-06,2023-03-29
1388,S33G01N54,2018-11-08,2018-2019,70,안양KGC,06,부산KT,1,3,carryover,0,2018-11-01,2018-11-06,2018-10-31,2018-11-04,train,2021-04-06,2023-03-29
1389,S33G01N55,2018-11-09,2018-2019,65,인천전자랜드,16,원주DB,0,3,carryover,0,2018-11-02,2018-11-07,2018-11-02,2018-11-06,train,2021-04-06,2023-03-29
1390,S33G01N56,2018-11-09,2018-2019,35,서울삼성,10,울산현대모비스,1,3,carryover,0,2018-11-01,2018-11-06,2018-10-31,2018-11-07,train,2021-04-06,2023-03-29
1391,S33G01N57,2018-11-10,2018-2019,60,전주KCC,50,창원LG,0,3,carryover,0,2018-11-03,2018-11-07,2018-11-03,2018-11-08,train,2021-04-06,2023-03-29
1392,S33G01N58,2018-11-10,2018-2019,55,서울SK,70,안양KGC,0,3,carryover,0,2018-11-03,2018-11-07,2018-11-03,2018-11-08,train,2021-04-06,2023-03-29
1393,S33G01N59,2018-11-10,2018-2019,06,부산KT,30,고양오리온,1,3,carryover,0,2018-11-02,2018-11-08,2018-11-02,2018-11-08,train,2021-04-06,2023-03-29
1394,S33G01N60,2018-11-11,2018-2019,10,울산현대모비스,16,원주DB,1,3,carryover,0,2018-11-03,2018-11-09,2018-11-04,2018-11-09,train,2021-04-06,2023-03-29
1395,S33G01N61,2018-11-11,2018-2019,35,서울삼성,60,전주KCC,0,3,carryover,0,2018-11-03,2018-11-09,2018-11-04,2018-11-10,train,2021-04-06,2023-03-29
1396,S33G01N62,2018-11-11,2018-2019,65,인천전자랜드,30,고양오리온,1,3,carryover,0,2018-11-04,2018-11-09,2018-11-04,2018-11-10,train,2021-04-06,2023-03-29
1397,S33G01N63,2018-11-13,2018-2019,55,서울SK,35,서울삼성,1,3,carryover,0,2018-11-04,2018-11-10,2018-11-06,2018-11-11,train,2021-04-06,2023-03-29
1398,S33G01N64,2018-11-13,2018-2019,70,안양KGC,50,창원LG,1,3,carryover,0,2018-11-06,2018-11-10,2018-11-06,2018-11-10,train,2021-04-06,2023-03-29
1399,S33G01N65,2018-11-14,2018-2019,06,부산KT,10,울산현대모비스,0,3,carryover,0,2018-11-04,2018-11-10,2018-11-07,2018-11-11,train,2021-04-06,2023-03-29
1400,S33G01N66,2018-11-14,2018-2019,60,전주KCC,65,인천전자랜드,0,3,carryover,0,2018-11-07,2018-11-11,2018-11-07,2018-11-11,train,2021-04-06,2023-03-29
1401,S33G01N67,2018-11-15,2018-2019,70,안양KGC,16,원주DB,0,3,carryover,0,2018-11-08,2018-11-13,2018-11-06,2018-11-11,train,2021-04-06,2023-03-29
1402,S33G01N68,2018-11-15,2018-2019,35,서울삼성,30,고양오리온,0,3,carryover,0,2018-11-09,2018-11-13,2018-11-08,2018-11-11,train,2021-04-06,2023-03-29
1403,S33G01N69,2018-11-16,2018-2019,10,울산현대모비스,55,서울SK,1,3,carryover,0,2018-11-09,2018-11-14,2018-11-07,2018-11-13,train,2021-04-06,2023-03-29
1404,S33G01N70,2018-11-16,2018-2019,06,부산KT,50,창원LG,1,3,carryover,0,2018-11-08,2018-11-14,2018-11-08,2018-11-13,train,2021-04-06,2023-03-29
1405,S33G01N71,2018-11-17,2018-2019,35,서울삼성,65,인천전자랜드,0,3,carryover,0,2018-11-11,2018-11-15,2018-11-09,2018-11-14,train,2021-04-06,2023-03-29
1406,S33G01N72,2018-11-17,2018-2019,16,원주DB,60,전주KCC,0,3,carryover,0,2018-11-09,2018-11-15,2018-11-10,2018-11-14,train,2021-04-06,2023-03-29
1407,S33G01N73,2018-11-17,2018-2019,70,안양KGC,30,고양오리온,0,3,carryover,0,2018-11-10,2018-11-15,2018-11-10,2018-11-15,train,2021-04-06,2023-03-29
1408,S33G01N74,2018-11-18,2018-2019,06,부산KT,16,원주DB,1,3,carryover,0,2018-11-10,2018-11-16,2018-11-11,2018-11-17,train,2021-04-06,2023-03-29
1409,S33G01N75,2018-11-18,2018-2019,50,창원LG,55,서울SK,1,3,carryover,0,2018-11-10,2018-11-16,2018-11-10,2018-11-16,train,2021-04-06,2023-03-29
1410,S33G01N76,2018-11-18,2018-2019,10,울산현대모비스,65,인천전자랜드,1,3,carryover,0,2018-11-11,2018-11-16,2018-11-11,2018-11-17,train,2021-04-06,2023-03-29
1411,S33G01N77,2018-11-20,2018-2019,60,전주KCC,70,안양KGC,1,3,carryover,0,2018-11-11,2018-11-17,2018-11-13,2018-11-17,train,2021-04-06,2023-03-29
1412,S33G01N78,2018-11-20,2018-2019,35,서울삼성,06,부산KT,0,3,carryover,0,2018-11-13,2018-11-17,2018-11-14,2018-11-18,train,2021-04-06,2023-03-29
1413,S33G01N79,2018-11-21,2018-2019,16,원주DB,55,서울SK,1,3,carryover,0,2018-11-15,2018-11-18,2018-11-13,2018-11-18,train,2021-04-06,2023-03-29
1414,S33G01N80,2018-11-21,2018-2019,30,고양오리온,10,울산현대모비스,0,3,carryover,0,2018-11-11,2018-11-17,2018-11-14,2018-11-18,train,2021-04-06,2023-03-29
1415,S33G01N81,2018-11-22,2018-2019,50,창원LG,35,서울삼성,1,3,carryover,0,2018-11-13,2018-11-18,2018-11-15,2018-11-20,train,2021-04-06,2023-03-29
1416,S33G01N82,2018-11-22,2018-2019,70,안양KGC,65,인천전자랜드,0,3,carryover,0,2018-11-15,2018-11-20,2018-11-14,2018-11-18,train,2021-04-06,2023-03-29
1417,S33G01N83,2018-11-23,2018-2019,30,고양오리온,60,전주KCC,1,3,carryover,0,2018-11-15,2018-11-21,2018-11-14,2018-11-20,train,2021-04-06,2023-03-29
1418,S33G01N84,2018-11-23,2018-2019,06,부산KT,55,서울SK,1,3,carryover,0,2018-11-16,2018-11-20,2018-11-16,2018-11-21,train,2021-04-06,2023-03-29
1419,S33G01N85,2018-11-24,2018-2019,35,서울삼성,16,원주DB,0,3,carryover,0,2018-11-17,2018-11-22,2018-11-17,2018-11-21,train,2021-04-06,2023-03-29
1420,S33G01N86,2018-11-24,2018-2019,65,인천전자랜드,50,창원LG,1,3,carryover,0,2018-11-17,2018-11-22,2018-11-16,2018-11-22,train,2021-04-06,2023-03-29
1421,S33G01N87,2018-11-24,2018-2019,10,울산현대모비스,70,안양KGC,1,3,carryover,0,2018-11-16,2018-11-21,2018-11-17,2018-11-22,train,2021-04-06,2023-03-29
1422,S33G01N88,2018-11-25,2018-2019,55,서울SK,30,고양오리온,0,3,carryover,0,2018-11-18,2018-11-23,2018-11-17,2018-11-23,train,2021-04-06,2023-03-29
1423,S33G01N89,2018-11-25,2018-2019,06,부산KT,60,전주KCC,1,3,carryover,0,2018-11-18,2018-11-23,2018-11-17,2018-11-23,train,2021-04-06,2023-03-29
1424,S33G01N90,2018-11-25,2018-2019,50,창원LG,10,울산현대모비스,0,3,carryover,0,2018-11-18,2018-11-24,2018-11-18,2018-11-24,train,2021-04-06,2023-03-29
1425,S33G01N91,2018-12-06,2018-2019,16,원주DB,30,고양오리온,1,3,carryover,0,2018-11-18,2018-11-24,2018-11-21,2018-11-25,train,2021-04-06,2023-03-29
1426,S33G01N92,2018-12-06,2018-2019,65,인천전자랜드,55,서울SK,1,3,carryover,0,2018-11-18,2018-11-24,2018-11-21,2018-11-25,train,2021-04-06,2023-03-29
1427,S33G01N93,2018-12-07,2018-2019,06,부산KT,10,울산현대모비스,0,3,carryover,0,2018-11-20,2018-11-25,2018-11-21,2018-11-25,train,2021-04-06,2023-03-29
1428,S33G01N94,2018-12-07,2018-2019,70,안양KGC,50,창원LG,1,3,carryover,0,2018-11-20,2018-11-24,2018-11-22,2018-11-25,train,2021-04-06,2023-03-29
1429,S33G01N95,2018-12-08,2018-2019,35,서울삼성,16,원주DB,1,3,carryover,0,2018-11-20,2018-11-24,2018-11-21,2018-12-06,train,2021-04-06,2023-03-29
1430,S33G01N96,2018-12-08,2018-2019,30,고양오리온,65,인천전자랜드,1,3,carryover,0,2018-11-23,2018-12-06,2018-11-22,2018-12-06,train,2021-04-06,2023-03-29
1431,S33G01N97,2018-12-08,2018-2019,60,전주KCC,55,서울SK,0,3,carryover,0,2018-11-20,2018-11-25,2018-11-23,2018-12-06,train,2021-04-06,2023-03-29
1432,S33G01N98,2018-12-09,2018-2019,35,서울삼성,50,창원LG,0,3,carryover,0,2018-11-22,2018-12-08,2018-11-24,2018-12-07,train,2021-04-06,2023-03-29
1433,S33G01N99,2018-12-09,2018-2019,10,울산현대모비스,70,안양KGC,1,3,carryover,0,2018-11-24,2018-12-07,2018-11-22,2018-12-07,train,2021-04-06,2023-03-29
1434,S33G01N100,2018-12-09,2018-2019,65,인천전자랜드,06,부산KT,1,3,carryover,0,2018-11-24,2018-12-08,2018-11-23,2018-12-07,train,2021-04-06,2023-03-29
1435,S33G01N101,2018-12-11,2018-2019,30,고양오리온,50,창원LG,1,3,carryover,0,2018-11-25,2018-12-08,2018-11-25,2018-12-09,train,2021-04-06,2023-03-29
1436,S33G01N102,2018-12-11,2018-2019,35,서울삼성,65,인천전자랜드,0,3,carryover,0,2018-11-24,2018-12-09,2018-12-06,2018-12-09,train,2021-04-06,2023-03-29
1437,S33G01N103,2018-12-12,2018-2019,55,서울SK,16,원주DB,0,3,carryover,0,2018-11-25,2018-12-08,2018-11-24,2018-12-08,train,2021-04-06,2023-03-29
1438,S33G01N104,2018-12-12,2018-2019,70,안양KGC,60,전주KCC,0,3,carryover,0,2018-11-24,2018-12-09,2018-11-23,2018-12-08,train,2021-04-06,2023-03-29
1439,S33G01N105,2018-12-13,2018-2019,30,고양오리온,10,울산현대모비스,0,3,carryover,0,2018-12-06,2018-12-11,2018-11-25,2018-12-09,train,2021-04-06,2023-03-29
1440,S33G01N106,2018-12-13,2018-2019,06,부산KT,35,서울삼성,1,3,carryover,0,2018-11-25,2018-12-09,2018-12-08,2018-12-11,train,2021-04-06,2023-03-29
1441,S33G01N107,2018-12-14,2018-2019,70,안양KGC,16,원주DB,1,3,carryover,0,2018-12-07,2018-12-12,2018-12-06,2018-12-12,train,2021-04-06,2023-03-29
1442,S33G01N108,2018-12-14,2018-2019,50,창원LG,65,인천전자랜드,1,3,carryover,0,2018-12-07,2018-12-11,2018-12-08,2018-12-11,train,2021-04-06,2023-03-29
1443,S33G01N109,2018-12-15,2018-2019,10,울산현대모비스,35,서울삼성,1,3,carryover,0,2018-12-07,2018-12-13,2018-12-09,2018-12-13,train,2021-04-06,2023-03-29
1444,S33G01N110,2018-12-15,2018-2019,60,전주KCC,06,부산KT,1,3,carryover,0,2018-11-25,2018-12-12,2018-12-07,2018-12-13,train,2021-04-06,2023-03-29
1445,S33G01N111,2018-12-15,2018-2019,30,고양오리온,55,서울SK,1,3,carryover,0,2018-12-08,2018-12-13,2018-12-06,2018-12-12,train,2021-04-06,2023-03-29
1446,S33G01N112,2018-12-16,2018-2019,06,부산KT,50,창원LG,1,3,carryover,0,2018-12-09,2018-12-15,2018-12-09,2018-12-14,train,2021-04-06,2023-03-29
1447,S33G01N113,2018-12-16,2018-2019,65,인천전자랜드,60,전주KCC,1,3,carryover,0,2018-12-09,2018-12-14,2018-12-08,2018-12-15,train,2021-04-06,2023-03-29
1448,S33G01N114,2018-12-16,2018-2019,16,원주DB,10,울산현대모비스,0,3,carryover,0,2018-12-08,2018-12-14,2018-12-09,2018-12-15,train,2021-04-06,2023-03-29
1449,S33G01N115,2018-12-18,2018-2019,50,창원LG,16,원주DB,0,3,carryover,0,2018-12-11,2018-12-16,2018-12-12,2018-12-16,train,2021-04-06,2023-03-29
1450,S33G01N116,2018-12-18,2018-2019,55,서울SK,10,울산현대모비스,0,3,carryover,0,2018-12-08,2018-12-15,2018-12-13,2018-12-16,train,2021-04-06,2023-03-29
1451,S33G01N117,2018-12-19,2018-2019,70,안양KGC,35,서울삼성,1,3,carryover,0,2018-12-09,2018-12-14,2018-12-11,2018-12-15,train,2021-04-06,2023-03-29
1452,S33G01N118,2018-12-19,2018-2019,06,부산KT,30,고양오리온,1,3,carryover,0,2018-12-13,2018-12-16,2018-12-11,2018-12-15,train,2021-04-06,2023-03-29
1453,S33G01N119,2018-12-20,2018-2019,16,원주DB,65,인천전자랜드,1,3,carryover,0,2018-12-14,2018-12-18,2018-12-11,2018-12-16,train,2021-04-06,2023-03-29
1454,S33G01N120,2018-12-20,2018-2019,10,울산현대모비스,60,전주KCC,0,3,carryover,0,2018-12-15,2018-12-18,2018-12-12,2018-12-16,train,2021-04-06,2023-03-29
1455,S33G01N121,2018-12-21,2018-2019,30,고양오리온,35,서울삼성,0,3,carryover,0,2018-12-13,2018-12-19,2018-12-13,2018-12-19,train,2021-04-06,2023-03-29
1456,S33G01N122,2018-12-21,2018-2019,70,안양KGC,55,서울SK,1,3,carryover,0,2018-12-12,2018-12-19,2018-12-12,2018-12-18,train,2021-04-06,2023-03-29
1457,S33G01N123,2018-12-22,2018-2019,16,원주DB,06,부산KT,1,3,carryover,0,2018-12-16,2018-12-20,2018-12-15,2018-12-19,train,2021-04-06,2023-03-29
1458,S33G01N124,2018-12-22,2018-2019,50,창원LG,60,전주KCC,1,3,carryover,0,2018-12-14,2018-12-18,2018-12-15,2018-12-20,train,2021-04-06,2023-03-29
1459,S33G01N125,2018-12-22,2018-2019,10,울산현대모비스,65,인천전자랜드,1,3,carryover,0,2018-12-16,2018-12-20,2018-12-14,2018-12-20,train,2021-04-06,2023-03-29
1460,S33G01N126,2018-12-23,2018-2019,60,전주KCC,35,서울삼성,1,3,carryover,0,2018-12-16,2018-12-22,2018-12-15,2018-12-21,train,2021-04-06,2023-03-29
1461,S33G01N127,2018-12-23,2018-2019,30,고양오리온,70,안양KGC,1,3,carryover,0,2018-12-15,2018-12-21,2018-12-14,2018-12-21,train,2021-04-06,2023-03-29
1462,S33G01N128,2018-12-23,2018-2019,50,창원LG,55,서울SK,1,3,carryover,0,2018-12-16,2018-12-22,2018-12-15,2018-12-21,train,2021-04-06,2023-03-29
1463,S33G01N129,2018-12-25,2018-2019,16,원주DB,60,전주KCC,1,3,carryover,0,2018-12-18,2018-12-22,2018-12-20,2018-12-23,train,2021-04-06,2023-03-29
1464,S33G01N130,2018-12-25,2018-2019,70,안양KGC,06,부산KT,1,3,carryover,0,2018-12-19,2018-12-23,2018-12-16,2018-12-22,train,2021-04-06,2023-03-29
1465,S33G01N131,2018-12-25,2018-2019,55,서울SK,35,서울삼성,0,3,carryover,0,2018-12-18,2018-12-23,2018-12-19,2018-12-23,train,2021-04-06,2023-03-29
1466,S33G01N132,2018-12-26,2018-2019,10,울산현대모비스,50,창원LG,1,3,carryover,0,2018-12-18,2018-12-22,2018-12-18,2018-12-23,train,2021-04-06,2023-03-29
1467,S33G01N133,2018-12-27,2018-2019,60,전주KCC,30,고양오리온,1,3,carryover,0,2018-12-22,2018-12-25,2018-12-19,2018-12-23,train,2021-04-06,2023-03-29
1468,S33G01N134,2018-12-28,2018-2019,55,서울SK,06,부산KT,0,3,carryover,0,2018-12-21,2018-12-25,2018-12-19,2018-12-25,train,2021-04-06,2023-03-29
1469,S33G01N135,2018-12-28,2018-2019,65,인천전자랜드,70,안양KGC,1,3,carryover,0,2018-12-16,2018-12-22,2018-12-21,2018-12-25,train,2021-04-06,2023-03-29
1470,S33G01N136,2018-12-29,2018-2019,50,창원LG,16,원주DB,0,3,carryover,0,2018-12-22,2018-12-26,2018-12-20,2018-12-25,train,2021-04-06,2023-03-29
1471,S33G01N137,2018-12-29,2018-2019,30,고양오리온,35,서울삼성,1,3,carryover,0,2018-12-21,2018-12-27,2018-12-21,2018-12-25,train,2021-04-06,2023-03-29
1472,S33G01N138,2018-12-29,2018-2019,60,전주KCC,10,울산현대모비스,1,3,carryover,0,2018-12-23,2018-12-27,2018-12-20,2018-12-26,train,2021-04-06,2023-03-29
1473,S33G01N139,2018-12-30,2018-2019,65,인천전자랜드,35,서울삼성,1,3,carryover,0,2018-12-20,2018-12-28,2018-12-23,2018-12-29,train,2021-04-06,2023-03-29
1474,S33G01N140,2018-12-30,2018-2019,70,안양KGC,55,서울SK,1,3,carryover,0,2018-12-23,2018-12-28,2018-12-23,2018-12-28,train,2021-04-06,2023-03-29
1475,S33G01N141,2018-12-30,2018-2019,30,고양오리온,10,울산현대모비스,1,3,carryover,0,2018-12-23,2018-12-29,2018-12-22,2018-12-29,train,2021-04-06,2023-03-29
1476,S33G01N142,2018-12-31,2018-2019,50,창원LG,06,부산KT,0,3,carryover,0,2018-12-23,2018-12-29,2018-12-22,2018-12-28,train,2021-04-06,2023-03-29
1477,S33G01N143,2019-01-01,2018-2019,60,전주KCC,55,서울SK,1,3,carryover,0,2018-12-25,2018-12-29,2018-12-25,2018-12-30,train,2021-04-06,2023-03-29
1478,S33G01N144,2019-01-01,2018-2019,65,인천전자랜드,30,고양오리온,1,3,carryover,0,2018-12-22,2018-12-30,2018-12-27,2018-12-30,train,2021-04-06,2023-03-29
1479,S33G01N145,2019-01-02,2018-2019,35,서울삼성,70,안양KGC,0,3,carryover,0,2018-12-25,2018-12-30,2018-12-25,2018-12-30,train,2021-04-06,2023-03-29
1480,S33G01N146,2019-01-03,2018-2019,10,울산현대모비스,16,원주DB,1,3,carryover,0,2018-12-26,2018-12-30,2018-12-22,2018-12-29,train,2021-04-06,2023-03-29
1481,S33G01N147,2019-01-03,2018-2019,55,서울SK,65,인천전자랜드,0,3,carryover,0,2018-12-28,2019-01-01,2018-12-28,2019-01-01,train,2021-04-06,2023-03-29
1482,S33G01N148,2019-01-04,2018-2019,60,전주KCC,50,창원LG,1,3,carryover,0,2018-12-27,2019-01-01,2018-12-26,2018-12-31,train,2021-04-06,2023-03-29
1483,S33G01N149,2019-01-04,2018-2019,30,고양오리온,70,안양KGC,1,3,carryover,0,2018-12-29,2019-01-01,2018-12-28,2019-01-02,train,2021-04-06,2023-03-29
1484,S33G01N150,2019-01-05,2018-2019,10,울산현대모비스,65,인천전자랜드,1,3,carryover,0,2018-12-29,2019-01-03,2018-12-30,2019-01-03,train,2021-04-06,2023-03-29
1485,S33G01N151,2019-01-05,2018-2019,16,원주DB,35,서울삼성,1,3,carryover,0,2018-12-25,2019-01-03,2018-12-29,2019-01-02,train,2021-04-06,2023-03-29
1486,S33G01N152,2019-01-05,2018-2019,55,서울SK,06,부산KT,1,3,carryover,0,2018-12-30,2019-01-03,2018-12-25,2018-12-31,train,2021-04-06,2023-03-29
1487,S33G01N153,2019-01-06,2018-2019,60,전주KCC,16,원주DB,1,3,carryover,0,2018-12-29,2019-01-04,2018-12-29,2019-01-05,train,2021-04-06,2023-03-29
1488,S33G01N154,2019-01-06,2018-2019,70,안양KGC,50,창원LG,1,3,carryover,0,2018-12-30,2019-01-04,2018-12-29,2019-01-04,train,2021-04-06,2023-03-29
1489,S33G01N155,2019-01-06,2018-2019,30,고양오리온,06,부산KT,1,3,carryover,0,2018-12-30,2019-01-04,2018-12-28,2019-01-05,train,2021-04-06,2023-03-29
1490,S33G01N156,2019-01-08,2018-2019,10,울산현대모비스,55,서울SK,1,3,carryover,0,2018-12-30,2019-01-05,2019-01-01,2019-01-05,train,2021-04-06,2023-03-29
1491,S33G01N157,2019-01-08,2018-2019,70,안양KGC,60,전주KCC,1,3,carryover,0,2019-01-02,2019-01-06,2019-01-01,2019-01-06,train,2021-04-06,2023-03-29
1492,S33G01N158,2019-01-09,2018-2019,16,원주DB,30,고양오리온,0,3,carryover,0,2019-01-03,2019-01-06,2019-01-01,2019-01-06,train,2021-04-06,2023-03-29
1493,S33G01N159,2019-01-09,2018-2019,65,인천전자랜드,06,부산KT,1,3,carryover,0,2019-01-01,2019-01-05,2018-12-31,2019-01-06,train,2021-04-06,2023-03-29
1494,S33G01N160,2019-01-10,2018-2019,50,창원LG,10,울산현대모비스,1,3,carryover,0,2018-12-31,2019-01-06,2019-01-03,2019-01-08,train,2021-04-06,2023-03-29
1495,S33G01N161,2019-01-10,2018-2019,35,서울삼성,55,서울SK,1,3,carryover,0,2018-12-30,2019-01-05,2019-01-03,2019-01-08,train,2021-04-06,2023-03-29
1496,S33G01N162,2019-01-11,2018-2019,60,전주KCC,30,고양오리온,0,3,carryover,0,2019-01-04,2019-01-08,2019-01-04,2019-01-09,train,2021-04-06,2023-03-29
1497,S33G01N163,2019-01-11,2018-2019,06,부산KT,70,안양KGC,1,3,carryover,0,2019-01-05,2019-01-09,2019-01-04,2019-01-08,train,2021-04-06,2023-03-29
1498,S33G01N164,2019-01-12,2018-2019,35,서울삼성,10,울산현대모비스,1,3,carryover,0,2019-01-02,2019-01-10,2019-01-05,2019-01-10,train,2021-04-06,2023-03-29
1499,S33G01N165,2019-01-12,2018-2019,65,인천전자랜드,50,창원LG,1,3,carryover,0,2019-01-03,2019-01-09,2019-01-04,2019-01-10,train,2021-04-06,2023-03-29
1500,S33G01N166,2019-01-12,2018-2019,16,원주DB,55,서울SK,1,3,carryover,0,2019-01-05,2019-01-09,2019-01-05,2019-01-10,train,2021-04-06,2023-03-29
1501,S33G01N167,2019-01-13,2018-2019,35,서울삼성,50,창원LG,0,3,carryover,0,2019-01-05,2019-01-12,2019-01-06,2019-01-12,train,2021-04-06,2023-03-29
1502,S33G01N168,2019-01-13,2018-2019,70,안양KGC,65,인천전자랜드,0,3,carryover,0,2019-01-06,2019-01-11,2019-01-05,2019-01-12,train,2021-04-06,2023-03-29
1503,S33G01N169,2019-01-13,2018-2019,60,전주KCC,06,부산KT,0,3,carryover,0,2019-01-06,2019-01-11,2019-01-06,2019-01-11,train,2021-04-06,2023-03-29
1504,S33G01N171,2019-01-15,2018-2019,30,고양오리온,50,창원LG,0,3,carryover,0,2019-01-06,2019-01-11,2019-01-10,2019-01-13,train,2021-04-06,2023-03-29
1505,S33G01N170,2019-01-15,2018-2019,65,인천전자랜드,16,원주DB,1,3,carryover,0,2019-01-09,2019-01-13,2019-01-06,2019-01-12,train,2021-04-06,2023-03-29
1506,S33G01N172,2019-01-16,2018-2019,70,안양KGC,10,울산현대모비스,0,3,carryover,0,2019-01-08,2019-01-13,2019-01-08,2019-01-12,train,2021-04-06,2023-03-29
1507,S33G01N173,2019-01-16,2018-2019,06,부산KT,35,서울삼성,0,3,carryover,0,2019-01-09,2019-01-13,2019-01-10,2019-01-13,train,2021-04-06,2023-03-29
1508,S33G01N174,2019-01-23,2018-2019,30,고양오리온,55,서울SK,1,3,carryover,0,2019-01-09,2019-01-15,2019-01-08,2019-01-12,train,2021-04-06,2023-03-29
1509,S33G01N175,2019-01-23,2018-2019,60,전주KCC,65,인천전자랜드,1,3,carryover,0,2019-01-08,2019-01-13,2019-01-12,2019-01-15,train,2021-04-06,2023-03-29
1510,S33G01N176,2019-01-24,2018-2019,06,부산KT,10,울산현대모비스,0,3,carryover,0,2019-01-11,2019-01-16,2019-01-10,2019-01-16,train,2021-04-06,2023-03-29
1511,S33G01N177,2019-01-24,2018-2019,16,원주DB,70,안양KGC,1,3,carryover,0,2019-01-09,2019-01-15,2019-01-11,2019-01-16,train,2021-04-06,2023-03-29
1512,S33G01N178,2019-01-25,2018-2019,35,서울삼성,60,전주KCC,0,3,carryover,0,2019-01-12,2019-01-16,2019-01-11,2019-01-23,train,2021-04-06,2023-03-29
1513,S33G01N179,2019-01-25,2018-2019,55,서울SK,50,창원LG,0,3,carryover,0,2019-01-10,2019-01-23,2019-01-12,2019-01-15,train,2021-04-06,2023-03-29
1514,S33G01N180,2019-01-26,2018-2019,06,부산KT,16,원주DB,0,3,carryover,0,2019-01-13,2019-01-24,2019-01-12,2019-01-24,train,2021-04-06,2023-03-29
1515,S33G01N181,2019-01-26,2018-2019,65,인천전자랜드,10,울산현대모비스,1,3,carryover,0,2019-01-13,2019-01-23,2019-01-12,2019-01-24,train,2021-04-06,2023-03-29
1516,S33G01N182,2019-01-26,2018-2019,30,고양오리온,70,안양KGC,1,3,carryover,0,2019-01-11,2019-01-23,2019-01-13,2019-01-24,train,2021-04-06,2023-03-29
1517,S33G01N183,2019-01-27,2018-2019,55,서울SK,10,울산현대모비스,0,3,carryover,0,2019-01-12,2019-01-25,2019-01-16,2019-01-26,train,2021-04-06,2023-03-29
1518,S33G01N184,2019-01-27,2018-2019,50,창원LG,35,서울삼성,1,3,carryover,0,2019-01-13,2019-01-25,2019-01-13,2019-01-25,train,2021-04-06,2023-03-29
1519,S33G01N185,2019-01-27,2018-2019,16,원주DB,60,전주KCC,0,3,carryover,0,2019-01-15,2019-01-26,2019-01-13,2019-01-25,train,2021-04-06,2023-03-29
1520,S33G01N186,2019-01-29,2018-2019,35,서울삼성,06,부산KT,0,3,carryover,0,2019-01-16,2019-01-27,2019-01-16,2019-01-26,train,2021-04-06,2023-03-29
1521,S33G01N187,2019-01-29,2018-2019,60,전주KCC,70,안양KGC,1,3,carryover,0,2019-01-23,2019-01-27,2019-01-16,2019-01-26,train,2021-04-06,2023-03-29
1522,S33G01N188,2019-01-30,2018-2019,10,울산현대모비스,30,고양오리온,0,3,carryover,0,2019-01-24,2019-01-27,2019-01-15,2019-01-26,train,2021-04-06,2023-03-29
1523,S33G01N189,2019-01-30,2018-2019,50,창원LG,16,원주DB,1,3,carryover,0,2019-01-15,2019-01-27,2019-01-24,2019-01-27,train,2021-04-06,2023-03-29
1524,S33G01N190,2019-01-31,2018-2019,55,서울SK,60,전주KCC,1,3,carryover,0,2019-01-23,2019-01-27,2019-01-25,2019-01-29,train,2021-04-06,2023-03-29
1525,S33G01N191,2019-01-31,2018-2019,06,부산KT,70,안양KGC,1,3,carryover,0,2019-01-24,2019-01-29,2019-01-24,2019-01-29,train,2021-04-06,2023-03-29
1526,S33G01N192,2019-02-01,2018-2019,35,서울삼성,16,원주DB,0,3,carryover,0,2019-01-25,2019-01-29,2019-01-26,2019-01-30,train,2021-04-06,2023-03-29
1527,S33G01N193,2019-02-01,2018-2019,30,고양오리온,65,인천전자랜드,0,3,carryover,0,2019-01-23,2019-01-30,2019-01-15,2019-01-26,train,2021-04-06,2023-03-29
1528,S33G01N194,2019-02-02,2018-2019,10,울산현대모비스,06,부산KT,1,3,carryover,0,2019-01-26,2019-01-30,2019-01-26,2019-01-31,train,2021-04-06,2023-03-29
1529,S33G01N195,2019-02-02,2018-2019,50,창원LG,60,전주KCC,1,3,carryover,0,2019-01-25,2019-01-30,2019-01-27,2019-01-31,train,2021-04-06,2023-03-29
1530,S33G01N196,2019-02-03,2018-2019,65,인천전자랜드,35,서울삼성,1,3,carryover,0,2019-01-23,2019-02-01,2019-01-27,2019-02-01,train,2021-04-06,2023-03-29
1531,S33G01N197,2019-02-03,2018-2019,16,원주DB,70,안양KGC,0,3,carryover,0,2019-01-27,2019-02-01,2019-01-26,2019-01-31,train,2021-04-06,2023-03-29
1532,S33G01N198,2019-02-03,2018-2019,55,서울SK,30,고양오리온,0,3,carryover,0,2019-01-25,2019-01-31,2019-01-26,2019-02-01,train,2021-04-06,2023-03-29
1533,S33G01N199,2019-02-04,2018-2019,06,부산KT,60,전주KCC,1,3,carryover,0,2019-01-29,2019-02-02,2019-01-29,2019-02-02,train,2021-04-06,2023-03-29
1534,S33G01N200,2019-02-04,2018-2019,50,창원LG,10,울산현대모비스,0,3,carryover,0,2019-01-27,2019-02-02,2019-01-27,2019-02-02,train,2021-04-06,2023-03-29
1535,S33G01N201,2019-02-05,2018-2019,30,고양오리온,16,원주DB,0,3,carryover,0,2019-01-30,2019-02-03,2019-01-30,2019-02-03,train,2021-04-06,2023-03-29
1536,S33G01N202,2019-02-05,2018-2019,35,서울삼성,55,서울SK,0,3,carryover,0,2019-01-29,2019-02-03,2019-01-27,2019-02-03,train,2021-04-06,2023-03-29
1537,S33G01N203,2019-02-05,2018-2019,70,안양KGC,65,인천전자랜드,0,3,carryover,0,2019-01-29,2019-02-03,2019-01-26,2019-02-03,train,2021-04-06,2023-03-29
1538,S33G01N204,2019-02-06,2018-2019,10,울산현대모비스,60,전주KCC,1,3,carryover,0,2019-01-30,2019-02-04,2019-01-31,2019-02-04,train,2021-04-06,2023-03-29
1539,S33G01N205,2019-02-06,2018-2019,06,부산KT,50,창원LG,0,3,carryover,0,2019-01-31,2019-02-04,2019-01-30,2019-02-04,train,2021-04-06,2023-03-29
1540,S33G01N206,2019-02-07,2018-2019,35,서울삼성,30,고양오리온,0,3,carryover,0,2019-02-01,2019-02-05,2019-02-01,2019-02-05,train,2021-04-06,2023-03-29
1541,S33G01N207,2019-02-08,2018-2019,16,원주DB,65,인천전자랜드,0,3,carryover,0,2019-02-01,2019-02-05,2019-02-01,2019-02-05,train,2021-04-06,2023-03-29
1542,S33G01N208,2019-02-09,2018-2019,55,서울SK,50,창원LG,1,3,carryover,0,2019-01-31,2019-02-05,2019-02-02,2019-02-06,train,2021-04-06,2023-03-29
1543,S33G01N209,2019-02-09,2018-2019,30,고양오리온,06,부산KT,1,3,carryover,0,2019-02-03,2019-02-07,2019-02-02,2019-02-06,train,2021-04-06,2023-03-29
1544,S33G01N210,2019-02-09,2018-2019,70,안양KGC,10,울산현대모비스,0,3,carryover,0,2019-01-31,2019-02-05,2019-02-02,2019-02-06,train,2021-04-06,2023-03-29
1545,S33G01N211,2019-02-10,2018-2019,16,원주DB,55,서울SK,1,3,carryover,0,2019-02-03,2019-02-08,2019-02-03,2019-02-09,train,2021-04-06,2023-03-29
1546,S33G01N212,2019-02-10,2018-2019,60,전주KCC,65,인천전자랜드,0,3,carryover,0,2019-02-02,2019-02-06,2019-02-03,2019-02-08,train,2021-04-06,2023-03-29
1547,S33G01N213,2019-02-10,2018-2019,35,서울삼성,70,안양KGC,0,3,carryover,0,2019-02-03,2019-02-07,2019-02-03,2019-02-09,train,2021-04-06,2023-03-29
1548,S33G01N214,2019-02-12,2018-2019,50,창원LG,70,안양KGC,1,3,carryover,0,2019-02-04,2019-02-09,2019-02-05,2019-02-10,train,2021-04-06,2023-03-29
1549,S33G01N215,2019-02-12,2018-2019,55,서울SK,65,인천전자랜드,1,3,carryover,0,2019-02-05,2019-02-10,2019-02-05,2019-02-10,train,2021-04-06,2023-03-29
1550,S33G01N216,2019-02-13,2018-2019,35,서울삼성,10,울산현대모비스,0,3,carryover,0,2019-02-05,2019-02-10,2019-02-04,2019-02-09,train,2021-04-06,2023-03-29
1551,S33G01N217,2019-02-13,2018-2019,16,원주DB,06,부산KT,1,3,carryover,0,2019-02-05,2019-02-10,2019-02-04,2019-02-09,train,2021-04-06,2023-03-29
1552,S33G01N218,2019-02-14,2018-2019,65,인천전자랜드,50,창원LG,1,3,carryover,0,2019-02-08,2019-02-12,2019-02-06,2019-02-12,train,2021-04-06,2023-03-29
1553,S33G01N219,2019-02-14,2018-2019,60,전주KCC,30,고양오리온,1,3,carryover,0,2019-02-04,2019-02-10,2019-02-05,2019-02-09,train,2021-04-06,2023-03-29
1554,S33G01N220,2019-02-15,2018-2019,10,울산현대모비스,16,원주DB,1,3,carryover,0,2019-02-06,2019-02-13,2019-02-08,2019-02-13,train,2021-04-06,2023-03-29
1555,S33G01N221,2019-02-15,2018-2019,55,서울SK,70,안양KGC,1,3,carryover,0,2019-02-09,2019-02-12,2019-02-09,2019-02-12,train,2021-04-06,2023-03-29
1556,S33G01N222,2019-02-16,2018-2019,50,창원LG,30,고양오리온,1,3,carryover,0,2019-02-09,2019-02-14,2019-02-07,2019-02-14,train,2021-04-06,2023-03-29
1557,S33G01N223,2019-02-16,2018-2019,06,부산KT,65,인천전자랜드,0,3,carryover,0,2019-02-06,2019-02-13,2019-02-10,2019-02-14,train,2021-04-06,2023-03-29
1558,S33G01N224,2019-02-16,2018-2019,35,서울삼성,60,전주KCC,1,3,carryover,0,2019-02-07,2019-02-13,2019-02-06,2019-02-14,train,2021-04-06,2023-03-29
1559,S33G01N225,2019-02-17,2018-2019,55,서울SK,06,부산KT,0,3,carryover,0,2019-02-10,2019-02-15,2019-02-09,2019-02-16,train,2021-04-06,2023-03-29
1560,S33G01N226,2019-02-17,2018-2019,10,울산현대모비스,70,안양KGC,0,3,carryover,0,2019-02-09,2019-02-15,2019-02-10,2019-02-15,train,2021-04-06,2023-03-29
1561,S33G01N227,2019-02-17,2018-2019,16,원주DB,30,고양오리온,0,3,carryover,0,2019-02-10,2019-02-15,2019-02-09,2019-02-16,train,2021-04-06,2023-03-29
1562,S33G01N228,2019-02-28,2018-2019,35,서울삼성,50,창원LG,0,3,carryover,0,2019-02-10,2019-02-16,2019-02-12,2019-02-16,train,2021-04-06,2023-03-29
1563,S33G01N229,2019-02-28,2018-2019,16,원주DB,06,부산KT,0,3,carryover,0,2019-02-13,2019-02-17,2019-02-13,2019-02-17,train,2021-04-06,2023-03-29
1564,S33G01N230,2019-03-01,2018-2019,10,울산현대모비스,30,고양오리온,1,3,carryover,0,2019-02-13,2019-02-17,2019-02-14,2019-02-17,train,2021-04-06,2023-03-29
1565,S33G01N231,2019-03-01,2018-2019,55,서울SK,60,전주KCC,0,3,carryover,0,2019-02-12,2019-02-17,2019-02-10,2019-02-16,train,2021-04-06,2023-03-29
1566,S33G01N232,2019-03-02,2018-2019,50,창원LG,70,안양KGC,1,3,carryover,0,2019-02-14,2019-02-28,2019-02-12,2019-02-17,train,2021-04-06,2023-03-29
1567,S33G01N233,2019-03-02,2018-2019,35,서울삼성,06,부산KT,0,3,carryover,0,2019-02-13,2019-02-28,2019-02-16,2019-02-28,train,2021-04-06,2023-03-29
1568,S33G01N234,2019-03-02,2018-2019,65,인천전자랜드,16,원주DB,1,3,carryover,0,2019-02-12,2019-02-16,2019-02-15,2019-02-28,train,2021-04-06,2023-03-29
1569,S33G01N235,2019-03-03,2018-2019,60,전주KCC,10,울산현대모비스,0,3,carryover,0,2019-02-14,2019-03-01,2019-02-15,2019-03-01,train,2021-04-06,2023-03-29
1570,S33G01N236,2019-03-03,2018-2019,30,고양오리온,55,서울SK,0,3,carryover,0,2019-02-16,2019-03-01,2019-02-15,2019-03-01,train,2021-04-06,2023-03-29
1571,S33G01N237,2019-03-03,2018-2019,35,서울삼성,65,인천전자랜드,0,3,carryover,0,2019-02-16,2019-03-02,2019-02-14,2019-03-02,train,2021-04-06,2023-03-29
1572,S33G01N238,2019-03-05,2018-2019,60,전주KCC,16,원주DB,1,3,carryover,0,2019-02-16,2019-03-03,2019-02-17,2019-03-02,train,2021-04-06,2023-03-29
1573,S33G01N239,2019-03-05,2018-2019,65,인천전자랜드,55,서울SK,1,3,carryover,0,2019-02-16,2019-03-03,2019-02-17,2019-03-03,train,2021-04-06,2023-03-29
1574,S33G01N240,2019-03-06,2018-2019,10,울산현대모비스,50,창원LG,1,3,carryover,0,2019-02-17,2019-03-03,2019-02-16,2019-03-02,train,2021-04-06,2023-03-29
1575,S33G01N241,2019-03-06,2018-2019,35,서울삼성,30,고양오리온,0,3,carryover,0,2019-02-28,2019-03-03,2019-02-17,2019-03-03,train,2021-04-06,2023-03-29
1576,S33G01N242,2019-03-07,2018-2019,06,부산KT,65,인천전자랜드,1,3,carryover,0,2019-02-17,2019-03-02,2019-03-02,2019-03-05,train,2021-04-06,2023-03-29
1577,S33G01N243,2019-03-07,2018-2019,60,전주KCC,70,안양KGC,1,3,carryover,0,2019-03-01,2019-03-05,2019-02-15,2019-03-02,train,2021-04-06,2023-03-29
1578,S33G01N244,2019-03-08,2018-2019,16,원주DB,35,서울삼성,1,3,carryover,0,2019-02-28,2019-03-05,2019-03-02,2019-03-06,train,2021-04-06,2023-03-29
1579,S33G01N245,2019-03-08,2018-2019,55,서울SK,50,창원LG,1,3,carryover,0,2019-03-01,2019-03-05,2019-02-28,2019-03-06,train,2021-04-06,2023-03-29
1580,S33G01N246,2019-03-09,2018-2019,30,고양오리온,60,전주KCC,0,3,carryover,0,2019-03-01,2019-03-06,2019-03-03,2019-03-07,train,2021-04-06,2023-03-29
1581,S33G01N247,2019-03-09,2018-2019,65,인천전자랜드,70,안양KGC,1,3,carryover,0,2019-03-03,2019-03-07,2019-02-17,2019-03-07,train,2021-04-06,2023-03-29
1582,S33G01N248,2019-03-09,2018-2019,10,울산현대모비스,06,부산KT,1,3,carryover,0,2019-03-01,2019-03-06,2019-02-28,2019-03-07,train,2021-04-06,2023-03-29
1583,S33G01N249,2019-03-10,2018-2019,55,서울SK,16,원주DB,1,3,carryover,0,2019-03-03,2019-03-08,2019-03-02,2019-03-08,train,2021-04-06,2023-03-29
1584,S33G01N250,2019-03-10,2018-2019,50,창원LG,30,고양오리온,1,3,carryover,0,2019-03-02,2019-03-08,2019-03-03,2019-03-09,train,2021-04-06,2023-03-29
1585,S33G01N251,2019-03-10,2018-2019,06,부산KT,70,안양KGC,0,3,carryover,0,2019-03-02,2019-03-09,2019-03-02,2019-03-09,train,2021-04-06,2023-03-29
1586,S33G01N252,2019-03-12,2018-2019,10,울산현대모비스,55,서울SK,1,3,carryover,0,2019-03-03,2019-03-09,2019-03-05,2019-03-10,train,2021-04-06,2023-03-29
1587,S33G01N253,2019-03-12,2018-2019,30,고양오리온,65,인천전자랜드,1,3,carryover,0,2019-03-06,2019-03-10,2019-03-05,2019-03-09,train,2021-04-06,2023-03-29
1588,S33G01N254,2019-03-13,2018-2019,60,전주KCC,35,서울삼성,1,3,carryover,0,2019-03-05,2019-03-09,2019-03-03,2019-03-08,train,2021-04-06,2023-03-29
1589,S33G01N255,2019-03-13,2018-2019,50,창원LG,06,부산KT,1,3,carryover,0,2019-03-06,2019-03-10,2019-03-07,2019-03-10,train,2021-04-06,2023-03-29
1590,S33G01N256,2019-03-14,2018-2019,70,안양KGC,16,원주DB,1,3,carryover,0,2019-03-07,2019-03-10,2019-03-05,2019-03-10,train,2021-04-06,2023-03-29
1591,S33G01N257,2019-03-14,2018-2019,65,인천전자랜드,10,울산현대모비스,0,3,carryover,0,2019-03-07,2019-03-12,2019-03-06,2019-03-12,train,2021-04-06,2023-03-29
1592,S33G01N258,2019-03-15,2018-2019,55,서울SK,35,서울삼성,1,3,carryover,0,2019-03-08,2019-03-12,2019-03-06,2019-03-13,train,2021-04-06,2023-03-29
1593,S33G01N259,2019-03-15,2018-2019,06,부산KT,60,전주KCC,1,3,carryover,0,2019-03-09,2019-03-13,2019-03-07,2019-03-13,train,2021-04-06,2023-03-29
1594,S33G01N260,2019-03-16,2018-2019,16,원주DB,10,울산현대모비스,0,3,carryover,0,2019-03-08,2019-03-14,2019-03-09,2019-03-14,train,2021-04-06,2023-03-29
1595,S33G01N261,2019-03-16,2018-2019,70,안양KGC,30,고양오리온,0,3,carryover,0,2019-03-09,2019-03-14,2019-03-09,2019-03-12,train,2021-04-06,2023-03-29
1596,S33G01N262,2019-03-16,2018-2019,50,창원LG,65,인천전자랜드,1,3,carryover,0,2019-03-08,2019-03-13,2019-03-09,2019-03-14,train,2021-04-06,2023-03-29
1597,S33G01N263,2019-03-17,2018-2019,70,안양KGC,35,서울삼성,1,3,carryover,0,2019-03-10,2019-03-16,2019-03-08,2019-03-15,train,2021-04-06,2023-03-29
1598,S33G01N264,2019-03-17,2018-2019,06,부산KT,55,서울SK,0,3,carryover,0,2019-03-10,2019-03-15,2019-03-10,2019-03-15,train,2021-04-06,2023-03-29
1599,S33G01N265,2019-03-17,2018-2019,50,창원LG,60,전주KCC,1,3,carryover,0,2019-03-10,2019-03-16,2019-03-09,2019-03-15,train,2021-04-06,2023-03-29
1600,S33G01N266,2019-03-19,2018-2019,10,울산현대모비스,35,서울삼성,1,3,carryover,0,2019-03-12,2019-03-16,2019-03-13,2019-03-17,train,2021-04-06,2023-03-29
1601,S33G01N267,2019-03-19,2018-2019,70,안양KGC,55,서울SK,1,3,carryover,0,2019-03-14,2019-03-17,2019-03-12,2019-03-17,train,2021-04-06,2023-03-29
1602,S33G01N268,2019-03-19,2018-2019,16,원주DB,50,창원LG,1,3,carryover,0,2019-03-10,2019-03-16,2019-03-13,2019-03-17,train,2021-04-06,2023-03-29
1603,S33G01N269,2019-03-19,2018-2019,65,인천전자랜드,60,전주KCC,0,3,carryover,0,2019-03-12,2019-03-16,2019-03-13,2019-03-17,train,2021-04-06,2023-03-29
1604,S33G01N270,2019-03-19,2018-2019,30,고양오리온,06,부산KT,1,3,carryover,0,2019-03-10,2019-03-16,2019-03-13,2019-03-17,train,2021-04-06,2023-03-29
1605,S35G01N1,2019-10-05,2019-2020,10,울산현대모비스,65,인천전자랜드,0,3,carryover,1,2019-03-14,2019-03-19,2019-03-14,2019-03-19,train,2021-04-06,2023-03-29
1606,S35G01N2,2019-10-05,2019-2020,60,전주KCC,55,서울SK,1,3,carryover,1,2019-03-15,2019-03-19,2019-03-15,2019-03-19,train,2021-04-06,2023-03-29
1607,S35G01N3,2019-10-05,2019-2020,50,창원LG,35,서울삼성,0,3,carryover,1,2019-03-16,2019-03-19,2019-03-15,2019-03-19,train,2021-04-06,2023-03-29
1608,S35G01N4,2019-10-05,2019-2020,30,고양오리온,70,안양KGC,0,3,carryover,1,2019-03-12,2019-03-19,2019-03-16,2019-03-19,train,2021-04-06,2023-03-29
1609,S35G01N5,2019-10-06,2019-2020,06,부산KT,55,서울SK,0,3,carryover,1,2019-03-15,2019-03-19,2019-03-17,2019-10-05,train,2021-04-06,2023-03-29
1610,S35G01N6,2019-10-06,2019-2020,16,원주DB,60,전주KCC,1,3,carryover,1,2019-03-14,2019-03-19,2019-03-17,2019-10-05,train,2021-04-06,2023-03-29
1611,S35G01N7,2019-10-06,2019-2020,65,인천전자랜드,35,서울삼성,1,3,carryover,1,2019-03-16,2019-10-05,2019-03-17,2019-10-05,train,2021-04-06,2023-03-29
1612,S35G01N8,2019-10-06,2019-2020,70,안양KGC,50,창원LG,1,3,carryover,1,2019-03-17,2019-10-05,2019-03-17,2019-10-05,train,2021-04-06,2023-03-29
1613,S35G01N9,2019-10-08,2019-2020,65,인천전자랜드,30,고양오리온,1,3,carryover,1,2019-03-19,2019-10-06,2019-03-16,2019-10-05,train,2021-04-06,2023-03-29
1614,S35G01N10,2019-10-09,2019-2020,70,안양KGC,16,원주DB,0,3,carryover,1,2019-03-19,2019-10-06,2019-03-16,2019-10-06,train,2021-04-06,2023-03-29
1615,S35G01N11,2019-10-09,2019-2020,60,전주KCC,35,서울삼성,1,3,carryover,1,2019-03-19,2019-10-06,2019-03-19,2019-10-06,train,2021-04-06,2023-03-29
1616,S35G01N12,2019-10-09,2019-2020,50,창원LG,55,서울SK,0,3,carryover,1,2019-03-19,2019-10-06,2019-03-19,2019-10-06,train,2021-04-06,2023-03-29
1617,S35G01N13,2019-10-10,2019-2020,30,고양오리온,06,부산KT,0,3,carryover,1,2019-03-19,2019-10-08,2019-03-17,2019-10-06,train,2021-04-06,2023-03-29
1618,S35G01N14,2019-10-11,2019-2020,60,전주KCC,50,창원LG,1,3,carryover,0,2019-10-05,2019-10-09,2019-10-05,2019-10-09,train,2021-04-06,2023-03-29
1619,S35G01N15,2019-10-12,2019-2020,16,원주DB,55,서울SK,1,3,carryover,1,2019-03-19,2019-10-09,2019-10-05,2019-10-09,train,2021-04-06,2023-03-29
1620,S35G01N16,2019-10-12,2019-2020,30,고양오리온,10,울산현대모비스,1,3,carryover,1,2019-10-05,2019-10-10,2019-03-16,2019-10-05,train,2021-04-06,2023-03-29
1621,S35G01N17,2019-10-12,2019-2020,06,부산KT,35,서울삼성,1,3,carryover,1,2019-03-19,2019-10-10,2019-10-05,2019-10-09,train,2021-04-06,2023-03-29
1622,S35G01N18,2019-10-13,2019-2020,50,창원LG,16,원주DB,0,3,carryover,0,2019-10-06,2019-10-11,2019-10-06,2019-10-12,train,2021-04-06,2023-03-29
1623,S35G01N19,2019-10-13,2019-2020,70,안양KGC,55,서울SK,0,3,carryover,0,2019-10-05,2019-10-09,2019-10-06,2019-10-12,train,2021-04-06,2023-03-29
1624,S35G01N20,2019-10-13,2019-2020,10,울산현대모비스,35,서울삼성,0,3,carryover,1,2019-03-19,2019-10-12,2019-10-06,2019-10-12,train,2021-04-06,2023-03-29
1625,S35G01N21,2019-10-13,2019-2020,06,부산KT,65,인천전자랜드,0,3,carryover,0,2019-10-06,2019-10-12,2019-10-05,2019-10-08,train,2021-04-06,2023-03-29
1626,S35G01N22,2019-10-16,2019-2020,50,창원LG,30,고양오리온,1,3,carryover,0,2019-10-09,2019-10-13,2019-10-08,2019-10-12,train,2021-04-06,2023-03-29
1627,S35G01N23,2019-10-17,2019-2020,06,부산KT,60,전주KCC,1,3,carryover,0,2019-10-10,2019-10-13,2019-10-06,2019-10-11,train,2021-04-06,2023-03-29
1628,S35G01N24,2019-10-18,2019-2020,70,안양KGC,10,울산현대모비스,0,3,carryover,0,2019-10-06,2019-10-13,2019-10-05,2019-10-13,train,2021-04-06,2023-03-29
1629,S35G01N25,2019-10-19,2019-2020,65,인천전자랜드,60,전주KCC,0,3,carryover,0,2019-10-06,2019-10-13,2019-10-09,2019-10-17,train,2021-04-06,2023-03-29
1630,S35G01N26,2019-10-19,2019-2020,30,고양오리온,55,서울SK,0,3,carryover,0,2019-10-10,2019-10-16,2019-10-09,2019-10-13,train,2021-04-06,2023-03-29
1631,S35G01N27,2019-10-19,2019-2020,50,창원LG,06,부산KT,1,3,carryover,0,2019-10-11,2019-10-16,2019-10-12,2019-10-17,train,2021-04-06,2023-03-29
1632,S35G01N28,2019-10-20,2019-2020,60,전주KCC,10,울산현대모비스,0,3,carryover,0,2019-10-11,2019-10-19,2019-10-12,2019-10-18,train,2021-04-06,2023-03-29
1633,S35G01N29,2019-10-20,2019-2020,70,안양KGC,35,서울삼성,1,3,carryover,0,2019-10-09,2019-10-18,2019-10-09,2019-10-13,train,2021-04-06,2023-03-29
1634,S35G01N30,2019-10-20,2019-2020,65,인천전자랜드,55,서울SK,0,3,carryover,0,2019-10-08,2019-10-19,2019-10-12,2019-10-19,train,2021-04-06,2023-03-29
1635,S35G01N31,2019-10-20,2019-2020,06,부산KT,16,원주DB,0,3,carryover,0,2019-10-13,2019-10-19,2019-10-09,2019-10-13,train,2021-04-06,2023-03-29
1636,S35G01N32,2019-10-22,2019-2020,10,울산현대모비스,50,창원LG,1,3,carryover,0,2019-10-13,2019-10-20,2019-10-13,2019-10-19,train,2021-04-06,2023-03-29
1637,S35G01N33,2019-10-23,2019-2020,16,원주DB,30,고양오리온,0,3,carryover,0,2019-10-12,2019-10-20,2019-10-12,2019-10-19,train,2021-04-06,2023-03-29
1638,S35G01N34,2019-10-24,2019-2020,70,안양KGC,60,전주KCC,0,3,carryover,0,2019-10-13,2019-10-20,2019-10-17,2019-10-20,train,2021-04-06,2023-03-29
1639,S35G01N35,2019-10-25,2019-2020,16,원주DB,10,울산현대모비스,1,3,carryover,0,2019-10-13,2019-10-23,2019-10-18,2019-10-22,train,2021-04-06,2023-03-29
1640,S35G01N36,2019-10-26,2019-2020,30,고양오리온,60,전주KCC,0,3,carryover,0,2019-10-16,2019-10-23,2019-10-19,2019-10-24,train,2021-04-06,2023-03-29
1641,S35G01N37,2019-10-26,2019-2020,55,서울SK,35,서울삼성,1,3,carryover,0,2019-10-13,2019-10-20,2019-10-12,2019-10-20,train,2021-04-06,2023-03-29
1642,S35G01N38,2019-10-26,2019-2020,06,부산KT,70,안양KGC,1,3,carryover,0,2019-10-17,2019-10-20,2019-10-18,2019-10-24,train,2021-04-06,2023-03-29
1643,S35G01N39,2019-10-27,2019-2020,65,인천전자랜드,16,원주DB,1,3,carryover,0,2019-10-13,2019-10-20,2019-10-20,2019-10-25,train,2021-04-06,2023-03-29
1644,S35G01N40,2019-10-27,2019-2020,50,창원LG,60,전주KCC,0,3,carryover,0,2019-10-16,2019-10-22,2019-10-20,2019-10-26,train,2021-04-06,2023-03-29
1645,S35G01N41,2019-10-27,2019-2020,10,울산현대모비스,06,부산KT,0,3,carryover,0,2019-10-20,2019-10-25,2019-10-19,2019-10-26,train,2021-04-06,2023-03-29
1646,S35G01N42,2019-10-27,2019-2020,30,고양오리온,35,서울삼성,1,3,carryover,0,2019-10-19,2019-10-26,2019-10-13,2019-10-26,train,2021-04-06,2023-03-29
1647,S35G01N43,2019-10-29,2019-2020,30,고양오리온,65,인천전자랜드,0,3,carryover,0,2019-10-23,2019-10-27,2019-10-19,2019-10-27,train,2021-04-06,2023-03-29
1648,S35G01N44,2019-10-30,2019-2020,10,울산현대모비스,70,안양KGC,0,3,carryover,0,2019-10-22,2019-10-27,2019-10-20,2019-10-26,train,2021-04-06,2023-03-29
1649,S35G01N45,2019-10-31,2019-2020,16,원주DB,50,창원LG,1,3,carryover,0,2019-10-23,2019-10-27,2019-10-19,2019-10-27,train,2021-04-06,2023-03-29
1650,S35G01N46,2019-11-01,2019-2020,65,인천전자랜드,60,전주KCC,1,3,carryover,0,2019-10-20,2019-10-29,2019-10-24,2019-10-27,train,2021-04-06,2023-03-29
1651,S35G01N47,2019-11-02,2019-2020,50,창원LG,70,안양KGC,1,3,carryover,0,2019-10-22,2019-10-31,2019-10-24,2019-10-30,train,2021-04-06,2023-03-29
1652,S35G01N49,2019-11-02,2019-2020,55,서울SK,10,울산현대모비스,1,3,carryover,0,2019-10-19,2019-10-26,2019-10-25,2019-10-30,train,2021-04-06,2023-03-29
1653,S35G01N48,2019-11-02,2019-2020,35,서울삼성,16,원주DB,1,3,carryover,0,2019-10-20,2019-10-27,2019-10-25,2019-10-31,train,2021-04-06,2023-03-29
1654,S35G01N50,2019-11-03,2019-2020,65,인천전자랜드,50,창원LG,1,3,carryover,0,2019-10-27,2019-11-01,2019-10-27,2019-11-02,train,2021-04-06,2023-03-29
1655,S35G01N51,2019-11-03,2019-2020,60,전주KCC,06,부산KT,1,3,carryover,0,2019-10-26,2019-11-01,2019-10-20,2019-10-27,train,2021-04-06,2023-03-29
1656,S35G01N52,2019-11-03,2019-2020,70,안양KGC,55,서울SK,1,3,carryover,0,2019-10-26,2019-11-02,2019-10-20,2019-11-02,train,2021-04-06,2023-03-29
1657,S35G01N53,2019-11-03,2019-2020,35,서울삼성,30,고양오리온,1,3,carryover,0,2019-10-26,2019-11-02,2019-10-26,2019-10-29,train,2021-04-06,2023-03-29
1658,S35G01N54,2019-11-05,2019-2020,35,서울삼성,55,서울SK,0,3,carryover,0,2019-10-27,2019-11-03,2019-10-26,2019-11-03,train,2021-04-06,2023-03-29
1659,S35G01N55,2019-11-06,2019-2020,06,부산KT,50,창원LG,0,3,carryover,0,2019-10-26,2019-11-03,2019-10-31,2019-11-03,train,2021-04-06,2023-03-29
1660,S35G01N56,2019-11-07,2019-2020,65,인천전자랜드,10,울산현대모비스,0,3,carryover,0,2019-10-29,2019-11-03,2019-10-27,2019-11-02,train,2021-04-06,2023-03-29
1661,S35G01N57,2019-11-08,2019-2020,50,창원LG,35,서울삼성,0,3,carryover,0,2019-11-02,2019-11-06,2019-11-02,2019-11-05,train,2021-04-06,2023-03-29
1662,S35G01N58,2019-11-09,2019-2020,55,서울SK,65,인천전자랜드,1,3,carryover,0,2019-11-02,2019-11-05,2019-11-01,2019-11-07,train,2021-04-06,2023-03-29
1663,S35G01N59,2019-11-09,2019-2020,06,부산KT,10,울산현대모비스,0,3,carryover,0,2019-10-27,2019-11-06,2019-10-30,2019-11-07,train,2021-04-06,2023-03-29
1664,S35G01N60,2019-11-09,2019-2020,16,원주DB,30,고양오리온,0,3,carryover,0,2019-10-27,2019-11-02,2019-10-27,2019-11-03,train,2021-04-06,2023-03-29
1665,S35G01N61,2019-11-10,2019-2020,55,서울SK,60,전주KCC,1,3,carryover,0,2019-11-03,2019-11-09,2019-10-27,2019-11-03,train,2021-04-06,2023-03-29
1666,S35G01N62,2019-11-10,2019-2020,65,인천전자랜드,06,부산KT,1,3,carryover,0,2019-11-03,2019-11-09,2019-11-03,2019-11-09,train,2021-04-06,2023-03-29
1667,S35G01N63,2019-11-10,2019-2020,16,원주DB,10,울산현대모비스,0,3,carryover,0,2019-10-31,2019-11-09,2019-11-02,2019-11-09,train,2021-04-06,2023-03-29
1668,S35G01N64,2019-11-10,2019-2020,70,안양KGC,30,고양오리온,1,3,carryover,0,2019-10-30,2019-11-03,2019-10-29,2019-11-09,train,2021-04-06,2023-03-29
1669,S35G01N65,2019-11-12,2019-2020,60,전주KCC,16,원주DB,0,3,carryover,0,2019-11-01,2019-11-10,2019-11-02,2019-11-10,train,2021-04-06,2023-03-29
1670,S35G01N66,2019-11-13,2019-2020,35,서울삼성,70,안양KGC,1,3,carryover,0,2019-11-03,2019-11-08,2019-11-02,2019-11-10,train,2021-04-06,2023-03-29
1671,S35G01N67,2019-11-14,2019-2020,10,울산현대모비스,50,창원LG,0,3,carryover,0,2019-11-07,2019-11-10,2019-11-03,2019-11-08,train,2021-04-06,2023-03-29
1672,S35G01N68,2019-11-15,2019-2020,16,원주DB,70,안양KGC,0,3,carryover,0,2019-11-09,2019-11-12,2019-11-03,2019-11-13,train,2021-04-06,2023-03-29
1673,S35G01N69,2019-11-16,2019-2020,35,서울삼성,65,인천전자랜드,1,3,carryover,0,2019-11-05,2019-11-13,2019-11-07,2019-11-10,train,2021-04-06,2023-03-29
1674,S35G01N70,2019-11-16,2019-2020,50,창원LG,30,고양오리온,0,3,carryover,0,2019-11-06,2019-11-14,2019-11-03,2019-11-10,train,2021-04-06,2023-03-29
1675,S35G01N71,2019-11-16,2019-2020,10,울산현대모비스,60,전주KCC,0,3,carryover,0,2019-11-09,2019-11-14,2019-11-03,2019-11-12,train,2021-04-06,2023-03-29
1676,S35G01N72,2019-11-17,2019-2020,16,원주DB,55,서울SK,1,3,carryover,0,2019-11-10,2019-11-15,2019-11-05,2019-11-10,train,2021-04-06,2023-03-29
1677,S35G01N73,2019-11-17,2019-2020,70,안양KGC,06,부산KT,0,3,carryover,0,2019-11-10,2019-11-15,2019-11-06,2019-11-10,train,2021-04-06,2023-03-29
1678,S35G01N74,2019-11-17,2019-2020,30,고양오리온,10,울산현대모비스,0,3,carryover,0,2019-11-09,2019-11-16,2019-11-10,2019-11-16,train,2021-04-06,2023-03-29
1679,S35G01N75,2019-11-17,2019-2020,60,전주KCC,35,서울삼성,0,3,carryover,0,2019-11-10,2019-11-16,2019-11-08,2019-11-16,train,2021-04-06,2023-03-29
1680,S35G01N76,2019-11-19,2019-2020,55,서울SK,50,창원LG,1,3,carryover,0,2019-11-09,2019-11-17,2019-11-08,2019-11-16,train,2021-04-06,2023-03-29
1681,S35G01N77,2019-11-20,2019-2020,35,서울삼성,10,울산현대모비스,0,3,carryover,0,2019-11-13,2019-11-17,2019-11-14,2019-11-17,train,2021-04-06,2023-03-29
1682,S35G01N78,2019-11-20,2019-2020,65,인천전자랜드,70,안양KGC,0,3,carryover,0,2019-11-09,2019-11-16,2019-11-13,2019-11-17,train,2021-04-06,2023-03-29
1683,S35G01N79,2019-11-21,2019-2020,06,부산KT,16,원주DB,0,3,carryover,0,2019-11-09,2019-11-17,2019-11-12,2019-11-17,train,2021-04-06,2023-03-29
1684,S35G01N80,2019-11-22,2019-2020,10,울산현대모비스,55,서울SK,0,3,carryover,0,2019-11-16,2019-11-20,2019-11-10,2019-11-19,train,2021-04-06,2023-03-29
1685,S35G01N81,2019-11-23,2019-2020,16,원주DB,35,서울삼성,1,3,carryover,0,2019-11-15,2019-11-21,2019-11-16,2019-11-20,train,2021-04-06,2023-03-29
1686,S35G01N82,2019-11-23,2019-2020,60,전주KCC,70,안양KGC,0,3,carryover,0,2019-11-12,2019-11-17,2019-11-15,2019-11-20,train,2021-04-06,2023-03-29
1687,S35G01N83,2019-11-24,2019-2020,06,부산KT,30,고양오리온,1,3,carryover,0,2019-11-10,2019-11-21,2019-11-10,2019-11-17,train,2021-04-06,2023-03-29
1688,S35G01N84,2019-11-30,2019-2020,50,창원LG,65,인천전자랜드,1,3,carryover,0,2019-11-14,2019-11-19,2019-11-10,2019-11-20,train,2021-04-06,2023-03-29
1689,S35G01N85,2019-11-30,2019-2020,30,고양오리온,60,전주KCC,1,3,carryover,0,2019-11-16,2019-11-24,2019-11-16,2019-11-23,train,2021-04-06,2023-03-29
1690,S35G01N86,2019-12-01,2019-2020,70,안양KGC,65,인천전자랜드,1,3,carryover,0,2019-11-17,2019-11-23,2019-11-16,2019-11-30,train,2021-04-06,2023-03-29
1691,S35G01N87,2019-12-01,2019-2020,06,부산KT,55,서울SK,1,3,carryover,0,2019-11-17,2019-11-24,2019-11-17,2019-11-22,train,2021-04-06,2023-03-29
1692,S35G01N88,2019-12-03,2019-2020,06,부산KT,35,서울삼성,1,3,carryover,0,2019-11-21,2019-12-01,2019-11-17,2019-11-23,train,2021-04-06,2023-03-29
1693,S35G01N89,2019-12-04,2019-2020,16,원주DB,65,인천전자랜드,0,3,carryover,0,2019-11-17,2019-11-23,2019-11-20,2019-12-01,train,2021-04-06,2023-03-29
1694,S35G01N90,2019-12-05,2019-2020,55,서울SK,30,고양오리온,1,3,carryover,0,2019-11-19,2019-12-01,2019-11-17,2019-11-30,train,2021-04-06,2023-03-29
1695,S35G01N91,2019-12-06,2019-2020,35,서울삼성,06,부산KT,0,3,carryover,0,2019-11-20,2019-12-03,2019-11-24,2019-12-03,train,2021-04-06,2023-03-29
1696,S35G01N92,2019-12-06,2019-2020,70,안양KGC,10,울산현대모비스,1,3,carryover,0,2019-11-20,2019-12-01,2019-11-17,2019-11-22,train,2021-04-06,2023-03-29
1697,S35G01N93,2019-12-07,2019-2020,30,고양오리온,50,창원LG,1,3,carryover,0,2019-11-24,2019-12-05,2019-11-16,2019-11-30,train,2021-04-06,2023-03-29
1698,S35G01N94,2019-12-07,2019-2020,16,원주DB,60,전주KCC,0,3,carryover,0,2019-11-21,2019-12-04,2019-11-17,2019-11-30,train,2021-04-06,2023-03-29
1699,S35G01N95,2019-12-07,2019-2020,65,인천전자랜드,55,서울SK,0,3,carryover,0,2019-11-30,2019-12-04,2019-11-22,2019-12-05,train,2021-04-06,2023-03-29
1700,S35G01N96,2019-12-08,2019-2020,06,부산KT,10,울산현대모비스,1,3,carryover,0,2019-12-01,2019-12-06,2019-11-20,2019-12-06,train,2021-04-06,2023-03-29
1701,S35G01N97,2019-12-08,2019-2020,30,고양오리온,70,안양KGC,0,3,carryover,0,2019-11-30,2019-12-07,2019-11-23,2019-12-06,train,2021-04-06,2023-03-29
1702,S35G01N98,2019-12-08,2019-2020,35,서울삼성,50,창원LG,0,3,carryover,0,2019-11-23,2019-12-06,2019-11-19,2019-12-07,train,2021-04-06,2023-03-29
1703,S35G01N99,2019-12-08,2019-2020,60,전주KCC,65,인천전자랜드,1,3,carryover,0,2019-11-23,2019-12-07,2019-12-01,2019-12-07,train,2021-04-06,2023-03-29
1704,S35G01N100,2019-12-10,2019-2020,35,서울삼성,16,원주DB,1,3,carryover,0,2019-12-03,2019-12-08,2019-11-23,2019-12-07,train,2021-04-06,2023-03-29
1705,S35G01N101,2019-12-11,2019-2020,55,서울SK,06,부산KT,0,3,carryover,0,2019-12-01,2019-12-07,2019-12-03,2019-12-08,train,2021-04-06,2023-03-29
1706,S35G01N102,2019-12-12,2019-2020,60,전주KCC,50,창원LG,0,3,carryover,0,2019-11-30,2019-12-08,2019-11-30,2019-12-08,train,2021-04-06,2023-03-29
1707,S35G01N103,2019-12-13,2019-2020,65,인천전자랜드,10,울산현대모비스,1,3,carryover,0,2019-12-04,2019-12-08,2019-11-22,2019-12-08,train,2021-04-06,2023-03-29
1708,S35G01N104,2019-12-13,2019-2020,55,서울SK,30,고양오리온,1,3,carryover,0,2019-12-05,2019-12-11,2019-12-05,2019-12-08,train,2021-04-06,2023-03-29
1709,S35G01N105,2019-12-14,2019-2020,60,전주KCC,35,서울삼성,1,3,carryover,0,2019-12-07,2019-12-12,2019-12-06,2019-12-10,train,2021-04-06,2023-03-29
1710,S35G01N106,2019-12-14,2019-2020,50,창원LG,06,부산KT,0,3,carryover,0,2019-12-07,2019-12-12,2019-12-06,2019-12-11,train,2021-04-06,2023-03-29
1711,S35G01N107,2019-12-14,2019-2020,16,원주DB,70,안양KGC,0,3,carryover,0,2019-12-04,2019-12-10,2019-12-01,2019-12-08,train,2021-04-06,2023-03-29
1712,S35G01N108,2019-12-15,2019-2020,65,인천전자랜드,35,서울삼성,1,3,carryover,0,2019-12-07,2019-12-13,2019-12-08,2019-12-14,train,2021-04-06,2023-03-29
1713,S35G01N109,2019-12-15,2019-2020,10,울산현대모비스,60,전주KCC,0,3,carryover,0,2019-12-06,2019-12-13,2019-12-08,2019-12-14,train,2021-04-06,2023-03-29
1714,S35G01N110,2019-12-15,2019-2020,30,고양오리온,16,원주DB,0,3,carryover,0,2019-12-07,2019-12-13,2019-12-07,2019-12-14,train,2021-04-06,2023-03-29
1715,S35G01N111,2019-12-15,2019-2020,55,서울SK,70,안양KGC,1,3,carryover,0,2019-12-07,2019-12-13,2019-12-06,2019-12-14,train,2021-04-06,2023-03-29
1716,S35G01N112,2019-12-17,2019-2020,70,안양KGC,06,부산KT,1,3,carryover,0,2019-12-08,2019-12-15,2019-12-08,2019-12-14,train,2021-04-06,2023-03-29
1717,S35G01N113,2019-12-18,2019-2020,10,울산현대모비스,30,고양오리온,1,3,carryover,0,2019-12-08,2019-12-15,2019-12-08,2019-12-15,train,2021-04-06,2023-03-29
1718,S35G01N114,2019-12-19,2019-2020,50,창원LG,55,서울SK,0,3,carryover,0,2019-12-08,2019-12-14,2019-12-11,2019-12-15,train,2021-04-06,2023-03-29
1719,S35G01N115,2019-12-20,2019-2020,60,전주KCC,06,부산KT,1,3,carryover,0,2019-12-12,2019-12-15,2019-12-11,2019-12-17,train,2021-04-06,2023-03-29
1720,S35G01N116,2019-12-20,2019-2020,30,고양오리온,35,서울삼성,0,3,carryover,0,2019-12-13,2019-12-18,2019-12-10,2019-12-15,train,2021-04-06,2023-03-29
1721,S35G01N117,2019-12-21,2019-2020,16,원주DB,50,창원LG,1,3,carryover,0,2019-12-10,2019-12-15,2019-12-12,2019-12-19,train,2021-04-06,2023-03-29
1722,S35G01N118,2019-12-21,2019-2020,10,울산현대모비스,55,서울SK,0,3,carryover,0,2019-12-13,2019-12-18,2019-12-13,2019-12-19,train,2021-04-06,2023-03-29
1723,S35G01N119,2019-12-21,2019-2020,70,안양KGC,65,인천전자랜드,1,3,carryover,0,2019-12-14,2019-12-17,2019-12-08,2019-12-15,train,2021-04-06,2023-03-29
1724,S35G01N120,2019-12-22,2019-2020,30,고양오리온,60,전주KCC,0,3,carryover,0,2019-12-15,2019-12-20,2019-12-14,2019-12-20,train,2021-04-06,2023-03-29
1725,S35G01N121,2019-12-22,2019-2020,16,원주DB,06,부산KT,1,3,carryover,0,2019-12-14,2019-12-21,2019-12-14,2019-12-20,train,2021-04-06,2023-03-29
1726,S35G01N122,2019-12-22,2019-2020,10,울산현대모비스,35,서울삼성,0,3,carryover,0,2019-12-15,2019-12-21,2019-12-14,2019-12-20,train,2021-04-06,2023-03-29
1727,S35G01N123,2019-12-22,2019-2020,50,창원LG,65,인천전자랜드,1,3,carryover,0,2019-12-14,2019-12-21,2019-12-13,2019-12-21,train,2021-04-06,2023-03-29
1728,S35G01N124,2019-12-24,2019-2020,70,안양KGC,60,전주KCC,0,3,carryover,0,2019-12-15,2019-12-21,2019-12-15,2019-12-22,train,2021-04-06,2023-03-29
1729,S35G01N125,2019-12-25,2019-2020,65,인천전자랜드,06,부산KT,1,3,carryover,0,2019-12-15,2019-12-22,2019-12-17,2019-12-22,train,2021-04-06,2023-03-29
1730,S35G01N126,2019-12-25,2019-2020,10,울산현대모비스,16,원주DB,1,3,carryover,0,2019-12-18,2019-12-22,2019-12-15,2019-12-22,train,2021-04-06,2023-03-29
1731,S35G01N127,2019-12-25,2019-2020,55,서울SK,35,서울삼성,0,3,carryover,0,2019-12-15,2019-12-21,2019-12-15,2019-12-22,train,2021-04-06,2023-03-29
1732,S35G01N128,2019-12-26,2019-2020,50,창원LG,70,안양KGC,0,3,carryover,0,2019-12-19,2019-12-22,2019-12-17,2019-12-24,train,2021-04-06,2023-03-29
1733,S35G01N129,2019-12-27,2019-2020,16,원주DB,65,인천전자랜드,0,3,carryover,0,2019-12-21,2019-12-25,2019-12-21,2019-12-25,train,2021-04-06,2023-03-29
1734,S35G01N130,2019-12-27,2019-2020,60,전주KCC,55,서울SK,1,3,carryover,0,2019-12-20,2019-12-24,2019-12-19,2019-12-25,train,2021-04-06,2023-03-29
1735,S35G01N131,2019-12-28,2019-2020,30,고양오리온,06,부산KT,1,3,carryover,0,2019-12-18,2019-12-22,2019-12-20,2019-12-25,train,2021-04-06,2023-03-29
1736,S35G01N132,2019-12-28,2019-2020,50,창원LG,10,울산현대모비스,0,3,carryover,0,2019-12-21,2019-12-26,2019-12-21,2019-12-25,train,2021-04-06,2023-03-29
1737,S35G01N133,2019-12-28,2019-2020,70,안양KGC,35,서울삼성,1,3,carryover,0,2019-12-21,2019-12-26,2019-12-20,2019-12-25,train,2021-04-06,2023-03-29
1738,S35G01N134,2019-12-29,2019-2020,55,서울SK,16,원주DB,1,3,carryover,0,2019-12-21,2019-12-27,2019-12-22,2019-12-27,train,2021-04-06,2023-03-29
1739,S35G01N135,2019-12-29,2019-2020,30,고양오리온,65,인천전자랜드,0,3,carryover,0,2019-12-20,2019-12-28,2019-12-22,2019-12-27,train,2021-04-06,2023-03-29
1740,S35G01N136,2019-12-29,2019-2020,60,전주KCC,10,울산현대모비스,0,3,carryover,0,2019-12-22,2019-12-27,2019-12-22,2019-12-28,train,2021-04-06,2023-03-29
1741,S35G01N137,2019-12-31,2019-2020,06,부산KT,50,창원LG,1,3,carryover,0,2019-12-22,2019-12-28,2019-12-22,2019-12-28,train,2021-04-06,2023-03-29
1742,S35G01N138,2020-01-01,2019-2020,30,고양오리온,55,서울SK,1,3,carryover,0,2019-12-22,2019-12-29,2019-12-25,2019-12-29,train,2021-04-06,2023-03-29
1743,S35G01N139,2020-01-01,2019-2020,70,안양KGC,10,울산현대모비스,1,3,carryover,0,2019-12-24,2019-12-28,2019-12-25,2019-12-29,train,2021-04-06,2023-03-29
1744,S35G01N140,2020-01-01,2019-2020,35,서울삼성,65,인천전자랜드,0,3,carryover,0,2019-12-22,2019-12-28,2019-12-25,2019-12-29,train,2021-04-06,2023-03-29
1745,S35G01N141,2020-01-03,2019-2020,35,서울삼성,30,고양오리온,1,3,carryover,0,2019-12-25,2020-01-01,2019-12-28,2020-01-01,train,2021-04-06,2023-03-29
1746,S35G01N142,2020-01-03,2019-2020,10,울산현대모비스,65,인천전자랜드,1,3,carryover,0,2019-12-28,2020-01-01,2019-12-27,2020-01-01,train,2021-04-06,2023-03-29
1747,S35G01N143,2020-01-04,2019-2020,55,서울SK,50,창원LG,0,3,carryover,0,2019-12-27,2020-01-01,2019-12-26,2019-12-31,train,2021-04-06,2023-03-29
1748,S35G01N144,2020-01-04,2019-2020,60,전주KCC,16,원주DB,0,3,carryover,0,2019-12-24,2019-12-29,2019-12-25,2019-12-29,train,2021-04-06,2023-03-29
1749,S35G01N145,2020-01-04,2019-2020,06,부산KT,70,안양KGC,0,3,carryover,0,2019-12-25,2019-12-31,2019-12-26,2020-01-01,train,2021-04-06,2023-03-29
1750,S35G01N146,2020-01-05,2019-2020,10,울산현대모비스,55,서울SK,1,3,carryover,0,2019-12-29,2020-01-03,2019-12-29,2020-01-04,train,2021-04-06,2023-03-29
1751,S35G01N147,2020-01-05,2019-2020,50,창원LG,65,인천전자랜드,0,3,carryover,0,2019-12-28,2020-01-04,2019-12-29,2020-01-03,train,2021-04-06,2023-03-29
1752,S35G01N148,2020-01-05,2019-2020,35,서울삼성,60,전주KCC,0,3,carryover,0,2019-12-28,2020-01-03,2019-12-27,2020-01-04,train,2021-04-06,2023-03-29
1753,S35G01N149,2020-01-05,2019-2020,30,고양오리온,70,안양KGC,1,3,carryover,0,2019-12-29,2020-01-03,2019-12-28,2020-01-04,train,2021-04-06,2023-03-29
1754,S35G01N150,2020-01-06,2019-2020,16,원주DB,06,부산KT,1,3,carryover,0,2019-12-27,2020-01-04,2019-12-28,2020-01-04,train,2021-04-06,2023-03-29
1755,S35G01N151,2020-01-07,2019-2020,70,안양KGC,35,서울삼성,1,3,carryover,0,2020-01-01,2020-01-05,2020-01-01,2020-01-05,train,2021-04-06,2023-03-29
1756,S35G01N152,2020-01-08,2019-2020,06,부산KT,65,인천전자랜드,0,3,carryover,0,2019-12-31,2020-01-06,2020-01-01,2020-01-05,train,2021-04-06,2023-03-29
1757,S35G01N153,2020-01-09,2019-2020,30,고양오리온,50,창원LG,0,3,carryover,0,2020-01-01,2020-01-05,2019-12-31,2020-01-05,train,2021-04-06,2023-03-29
1758,S35G01N154,2020-01-10,2019-2020,55,서울SK,60,전주KCC,1,3,carryover,0,2020-01-01,2020-01-05,2019-12-29,2020-01-05,train,2021-04-06,2023-03-29
1759,S35G01N155,2020-01-10,2019-2020,65,인천전자랜드,16,원주DB,0,3,carryover,0,2020-01-03,2020-01-08,2019-12-29,2020-01-06,train,2021-04-06,2023-03-29
1760,S35G01N156,2020-01-11,2019-2020,70,안양KGC,50,창원LG,0,3,carryover,0,2020-01-04,2020-01-07,2020-01-04,2020-01-09,train,2021-04-06,2023-03-29
1761,S35G01N157,2020-01-11,2019-2020,35,서울삼성,10,울산현대모비스,0,3,carryover,0,2020-01-03,2020-01-07,2020-01-01,2020-01-05,train,2021-04-06,2023-03-29
1762,S35G01N158,2020-01-11,2019-2020,30,고양오리온,06,부산KT,0,3,carryover,0,2020-01-03,2020-01-09,2020-01-04,2020-01-08,train,2021-04-06,2023-03-29
1763,S35G01N159,2020-01-12,2019-2020,50,창원LG,16,원주DB,0,3,carryover,0,2020-01-05,2020-01-11,2020-01-04,2020-01-10,train,2021-04-06,2023-03-29
1764,S35G01N160,2020-01-12,2019-2020,60,전주KCC,70,안양KGC,0,3,carryover,0,2020-01-04,2020-01-10,2020-01-05,2020-01-11,train,2021-04-06,2023-03-29
1765,S35G01N161,2020-01-12,2019-2020,10,울산현대모비스,30,고양오리온,0,3,carryover,0,2020-01-03,2020-01-11,2020-01-05,2020-01-11,train,2021-04-06,2023-03-29
1766,S35G01N162,2020-01-12,2019-2020,55,서울SK,06,부산KT,1,3,carryover,0,2020-01-04,2020-01-10,2020-01-06,2020-01-11,train,2021-04-06,2023-03-29
1767,S35G01N163,2020-01-14,2019-2020,65,인천전자랜드,60,전주KCC,1,3,carryover,0,2020-01-05,2020-01-10,2020-01-05,2020-01-12,train,2021-04-06,2023-03-29
1768,S35G01N164,2020-01-15,2019-2020,16,원주DB,55,서울SK,1,3,carryover,0,2020-01-06,2020-01-12,2020-01-05,2020-01-12,train,2021-04-06,2023-03-29
1769,S35G01N165,2020-01-15,2019-2020,50,창원LG,35,서울삼성,0,3,carryover,0,2020-01-09,2020-01-12,2020-01-05,2020-01-11,train,2021-04-06,2023-03-29
1770,S35G01N166,2020-01-21,2019-2020,60,전주KCC,30,고양오리온,1,3,carryover,0,2020-01-10,2020-01-14,2020-01-09,2020-01-12,train,2021-04-06,2023-03-29
1771,S35G01N167,2020-01-22,2019-2020,55,서울SK,65,인천전자랜드,1,3,carryover,0,2020-01-10,2020-01-15,2020-01-08,2020-01-14,train,2021-04-06,2023-03-29
1772,S35G01N168,2020-01-23,2019-2020,70,안양KGC,16,원주DB,0,3,carryover,0,2020-01-07,2020-01-12,2020-01-10,2020-01-15,train,2021-04-06,2023-03-29
1773,S35G01N169,2020-01-24,2019-2020,10,울산현대모비스,06,부산KT,0,3,carryover,0,2020-01-05,2020-01-12,2020-01-08,2020-01-12,train,2021-04-06,2023-03-29
1774,S35G01N170,2020-01-24,2019-2020,50,창원LG,60,전주KCC,1,3,carryover,0,2020-01-11,2020-01-15,2020-01-12,2020-01-21,train,2021-04-06,2023-03-29
1775,S35G01N171,2020-01-25,2019-2020,30,고양오리온,16,원주DB,0,3,carryover,0,2020-01-11,2020-01-21,2020-01-12,2020-01-23,train,2021-04-06,2023-03-29
1776,S35G01N172,2020-01-25,2019-2020,35,서울삼성,55,서울SK,1,3,carryover,0,2020-01-07,2020-01-15,2020-01-12,2020-01-22,train,2021-04-06,2023-03-29
1777,S35G01N173,2020-01-25,2019-2020,70,안양KGC,65,인천전자랜드,1,3,carryover,0,2020-01-11,2020-01-23,2020-01-10,2020-01-22,train,2021-04-06,2023-03-29
1778,S35G01N174,2020-01-26,2019-2020,10,울산현대모비스,50,창원LG,1,3,carryover,0,2020-01-11,2020-01-24,2020-01-12,2020-01-24,train,2021-04-06,2023-03-29
1779,S35G01N175,2020-01-26,2019-2020,06,부산KT,60,전주KCC,1,3,carryover,0,2020-01-11,2020-01-24,2020-01-14,2020-01-24,train,2021-04-06,2023-03-29
1780,S35G01N176,2020-01-27,2019-2020,55,서울SK,70,안양KGC,0,3,carryover,0,2020-01-15,2020-01-25,2020-01-12,2020-01-25,train,2021-04-06,2023-03-29
1781,S35G01N177,2020-01-27,2019-2020,16,원주DB,35,서울삼성,1,3,carryover,0,2020-01-15,2020-01-25,2020-01-11,2020-01-25,train,2021-04-06,2023-03-29
1782,S35G01N178,2020-01-27,2019-2020,65,인천전자랜드,30,고양오리온,0,3,carryover,0,2020-01-14,2020-01-25,2020-01-12,2020-01-25,train,2021-04-06,2023-03-29
1783,S35G01N179,2020-01-29,2019-2020,35,서울삼성,06,부산KT,0,3,carryover,0,2020-01-15,2020-01-27,2020-01-12,2020-01-26,train,2021-04-06,2023-03-29
1784,S35G01N180,2020-01-30,2019-2020,16,원주DB,10,울산현대모비스,1,3,carryover,0,2020-01-23,2020-01-27,2020-01-12,2020-01-26,train,2021-04-06,2023-03-29
1785,S35G01N181,2020-01-31,2019-2020,30,고양오리온,50,창원LG,0,3,carryover,0,2020-01-21,2020-01-27,2020-01-15,2020-01-26,train,2021-04-06,2023-03-29
1786,S35G01N182,2020-01-31,2019-2020,35,서울삼성,60,전주KCC,0,3,carryover,0,2020-01-25,2020-01-29,2020-01-21,2020-01-26,train,2021-04-06,2023-03-29
1787,S35G01N183,2020-02-01,2019-2020,06,부산KT,65,인천전자랜드,0,3,carryover,0,2020-01-24,2020-01-29,2020-01-22,2020-01-27,train,2021-04-06,2023-03-29
1788,S35G01N184,2020-02-01,2019-2020,55,서울SK,16,원주DB,1,3,carryover,0,2020-01-22,2020-01-27,2020-01-25,2020-01-30,train,2021-04-06,2023-03-29
1789,S35G01N185,2020-02-01,2019-2020,10,울산현대모비스,70,안양KGC,0,3,carryover,0,2020-01-24,2020-01-30,2020-01-23,2020-01-27,train,2021-04-06,2023-03-29
1790,S35G01N186,2020-02-02,2019-2020,65,인천전자랜드,50,창원LG,0,3,carryover,0,2020-01-25,2020-02-01,2020-01-24,2020-01-31,train,2021-04-06,2023-03-29
1791,S35G01N187,2020-02-02,2019-2020,35,서울삼성,06,부산KT,1,3,carryover,0,2020-01-27,2020-01-31,2020-01-26,2020-02-01,train,2021-04-06,2023-03-29
1792,S35G01N188,2020-02-02,2019-2020,60,전주KCC,55,서울SK,1,3,carryover,0,2020-01-24,2020-01-31,2020-01-25,2020-02-01,train,2021-04-06,2023-03-29
1793,S35G01N189,2020-02-02,2019-2020,16,원주DB,70,안양KGC,1,3,carryover,0,2020-01-27,2020-02-01,2020-01-25,2020-02-01,train,2021-04-06,2023-03-29
1794,S35G01N190,2020-02-04,2019-2020,06,부산KT,30,고양오리온,1,3,carryover,0,2020-01-29,2020-02-02,2020-01-25,2020-01-31,train,2021-04-06,2023-03-29
1795,S35G01N191,2020-02-05,2019-2020,10,울산현대모비스,16,원주DB,0,3,carryover,0,2020-01-26,2020-02-01,2020-01-30,2020-02-02,train,2021-04-06,2023-03-29
1796,S35G01N192,2020-02-06,2019-2020,65,인천전자랜드,35,서울삼성,0,3,carryover,0,2020-01-27,2020-02-02,2020-01-29,2020-02-02,train,2021-04-06,2023-03-29
1797,S35G01N193,2020-02-07,2019-2020,60,전주KCC,30,고양오리온,1,3,carryover,0,2020-01-26,2020-02-02,2020-01-27,2020-02-04,train,2021-04-06,2023-03-29
1798,S35G01N194,2020-02-07,2019-2020,55,서울SK,50,창원LG,1,3,carryover,0,2020-01-27,2020-02-02,2020-01-26,2020-02-02,train,2021-04-06,2023-03-29
1799,S35G01N195,2020-02-08,2019-2020,06,부산KT,16,원주DB,1,3,carryover,0,2020-02-01,2020-02-04,2020-02-01,2020-02-05,train,2021-04-06,2023-03-29
1800,S35G01N196,2020-02-08,2019-2020,65,인천전자랜드,10,울산현대모비스,0,3,carryover,0,2020-02-01,2020-02-06,2020-01-30,2020-02-05,train,2021-04-06,2023-03-29
1801,S35G01N197,2020-02-08,2019-2020,35,서울삼성,70,안양KGC,1,3,carryover,0,2020-01-31,2020-02-06,2020-01-27,2020-02-02,train,2021-04-06,2023-03-29
1802,S35G01N198,2020-02-09,2019-2020,16,원주DB,30,고양오리온,1,3,carryover,0,2020-02-02,2020-02-08,2020-01-31,2020-02-07,train,2021-04-06,2023-03-29
1803,S35G01N199,2020-02-09,2019-2020,50,창원LG,60,전주KCC,1,3,carryover,0,2020-01-31,2020-02-07,2020-01-31,2020-02-07,train,2021-04-06,2023-03-29
1804,S35G01N200,2020-02-09,2019-2020,55,서울SK,35,서울삼성,1,3,carryover,0,2020-02-01,2020-02-07,2020-02-02,2020-02-08,train,2021-04-06,2023-03-29
1805,S35G01N201,2020-02-09,2019-2020,06,부산KT,70,안양KGC,1,3,carryover,0,2020-02-02,2020-02-08,2020-02-01,2020-02-08,train,2021-04-06,2023-03-29
1806,S35G01N202,2020-02-11,2019-2020,50,창원LG,10,울산현대모비스,0,3,carryover,0,2020-02-02,2020-02-09,2020-02-01,2020-02-08,train,2021-04-06,2023-03-29
1807,S35G01N203,2020-02-12,2019-2020,30,고양오리온,55,서울SK,0,3,carryover,0,2020-02-04,2020-02-09,2020-02-02,2020-02-09,train,2021-04-06,2023-03-29
1808,S35G01N204,2020-02-13,2019-2020,35,서울삼성,16,원주DB,0,3,carryover,0,2020-02-06,2020-02-09,2020-02-05,2020-02-09,train,2021-04-06,2023-03-29
1809,S35G01N205,2020-02-13,2019-2020,70,안양KGC,60,전주KCC,1,3,carryover,0,2020-02-02,2020-02-09,2020-02-02,2020-02-09,train,2021-04-06,2023-03-29
1810,S35G01N206,2020-02-26,2019-2020,30,고양오리온,10,울산현대모비스,1,3,carryover,0,2020-02-07,2020-02-12,2020-02-05,2020-02-11,train,2021-04-06,2023-03-29
1811,S35G01N207,2020-02-26,2019-2020,65,인천전자랜드,70,안양KGC,1,3,carryover,0,2020-02-02,2020-02-08,2020-02-08,2020-02-13,train,2021-04-06,2023-03-29
1812,S35G01N208,2020-02-27,2019-2020,55,서울SK,06,부산KT,1,3,carryover,0,2020-02-07,2020-02-12,2020-02-04,2020-02-09,train,2021-04-06,2023-03-29
1813,S35G01N209,2020-02-28,2019-2020,35,서울삼성,10,울산현대모비스,1,3,carryover,0,2020-02-08,2020-02-13,2020-02-08,2020-02-26,train,2021-04-06,2023-03-29
1814,S35G01N210,2020-02-28,2019-2020,50,창원LG,16,원주DB,0,3,carryover,0,2020-02-07,2020-02-11,2020-02-08,2020-02-13,train,2021-04-06,2023-03-29
1815,S35G01N211,2020-02-29,2019-2020,60,전주KCC,06,부산KT,1,3,carryover,0,2020-02-07,2020-02-13,2020-02-08,2020-02-27,train,2021-04-06,2023-03-29
1816,S35G01N212,2020-02-29,2019-2020,70,안양KGC,30,고양오리온,1,3,carryover,0,2020-02-09,2020-02-26,2020-02-09,2020-02-26,train,2021-04-06,2023-03-29
1817,S35G01N213,2020-02-29,2019-2020,55,서울SK,65,인천전자랜드,1,3,carryover,0,2020-02-09,2020-02-27,2020-02-06,2020-02-26,train,2021-04-06,2023-03-29
1818,S37G01N1,2020-10-09,2020-2021,55,서울SK,10,울산현대모비스,1,3,carryover,1,2020-02-12,2020-02-29,2020-02-11,2020-02-28,train,2021-04-06,2023-03-29
1819,S37G01N2,2020-10-09,2020-2021,16,원주DB,35,서울삼성,1,3,carryover,1,2020-02-09,2020-02-28,2020-02-09,2020-02-28,train,2021-04-06,2023-03-29
1820,S37G01N3,2020-10-09,2020-2021,70,안양KGC,65,인천전자랜드,0,3,carryover,1,2020-02-13,2020-02-29,2020-02-08,2020-02-29,train,2021-04-06,2023-03-29
1821,S37G01N4,2020-10-10,2020-2021,60,전주KCC,50,창원LG,0,3,carryover,1,2020-02-09,2020-02-29,2020-02-09,2020-02-28,train,2021-04-06,2023-03-29
1822,S37G01N5,2020-10-10,2020-2021,06,부산KT,30,고양오리온,1,3,carryover,1,2020-02-09,2020-02-29,2020-02-12,2020-02-29,train,2021-04-06,2023-03-29
1823,S37G01N6,2020-10-10,2020-2021,65,인천전자랜드,55,서울SK,1,3,carryover,1,2020-02-26,2020-10-09,2020-02-27,2020-10-09,train,2021-04-06,2023-03-29
1824,S37G01N7,2020-10-10,2020-2021,35,서울삼성,70,안양KGC,0,3,carryover,1,2020-02-13,2020-10-09,2020-02-26,2020-10-09,train,2021-04-06,2023-03-29
1825,S37G01N8,2020-10-11,2020-2021,10,울산현대모비스,16,원주DB,0,3,carryover,1,2020-02-26,2020-10-09,2020-02-13,2020-10-09,train,2021-04-06,2023-03-29
1826,S37G01N9,2020-10-11,2020-2021,30,고양오리온,60,전주KCC,0,3,carryover,1,2020-02-26,2020-10-10,2020-02-13,2020-10-10,train,2021-04-06,2023-03-29
1827,S37G01N10,2020-10-11,2020-2021,50,창원LG,06,부산KT,0,3,carryover,1,2020-02-11,2020-10-10,2020-02-27,2020-10-10,train,2021-04-06,2023-03-29
1828,S37G01N11,2020-10-12,2020-2021,55,서울SK,35,서울삼성,1,3,carryover,1,2020-02-29,2020-10-10,2020-02-28,2020-10-10,train,2021-04-06,2023-03-29
1829,S37G01N12,2020-10-13,2020-2021,06,부산KT,16,원주DB,0,3,carryover,1,2020-02-29,2020-10-11,2020-02-28,2020-10-11,train,2021-04-06,2023-03-29
1830,S37G01N13,2020-10-14,2020-2021,50,창원LG,10,울산현대모비스,0,3,carryover,1,2020-02-28,2020-10-11,2020-02-28,2020-10-11,train,2021-04-06,2023-03-29
1831,S37G01N14,2020-10-15,2020-2021,70,안양KGC,30,고양오리온,0,3,carryover,1,2020-02-29,2020-10-10,2020-02-29,2020-10-11,train,2021-04-06,2023-03-29
1832,S37G01N15,2020-10-16,2020-2021,06,부산KT,60,전주KCC,0,3,carryover,1,2020-10-10,2020-10-13,2020-02-29,2020-10-11,train,2021-04-06,2023-03-29
1833,S37G01N16,2020-10-17,2020-2021,10,울산현대모비스,30,고양오리온,0,3,carryover,0,2020-10-09,2020-10-14,2020-10-10,2020-10-15,train,2021-04-06,2023-03-29
1834,S37G01N17,2020-10-17,2020-2021,65,인천전자랜드,50,창원LG,1,3,carryover,1,2020-02-29,2020-10-10,2020-10-10,2020-10-14,train,2021-04-06,2023-03-29
1835,S37G01N18,2020-10-17,2020-2021,16,원주DB,70,안양KGC,0,3,carryover,0,2020-10-09,2020-10-13,2020-10-09,2020-10-15,train,2021-04-06,2023-03-29
1836,S37G01N19,2020-10-18,2020-2021,65,인천전자랜드,60,전주KCC,1,3,carryover,0,2020-10-09,2020-10-17,2020-10-10,2020-10-16,train,2021-04-06,2023-03-29
1837,S37G01N20,2020-10-18,2020-2021,35,서울삼성,06,부산KT,0,3,carryover,0,2020-10-09,2020-10-12,2020-10-11,2020-10-16,train,2021-04-06,2023-03-29
1838,S37G01N21,2020-10-18,2020-2021,16,원주DB,55,서울SK,0,3,carryover,0,2020-10-11,2020-10-17,2020-10-09,2020-10-12,train,2021-04-06,2023-03-29
1839,S37G01N22,2020-10-18,2020-2021,10,울산현대모비스,70,안양KGC,0,3,carryover,0,2020-10-11,2020-10-17,2020-10-10,2020-10-17,train,2021-04-06,2023-03-29
1840,S37G01N23,2020-10-19,2020-2021,30,고양오리온,50,창원LG,1,3,carryover,0,2020-10-11,2020-10-17,2020-10-11,2020-10-17,train,2021-04-06,2023-03-29
1841,S37G01N24,2020-10-20,2020-2021,35,서울삼성,65,인천전자랜드,1,3,carryover,0,2020-10-10,2020-10-18,2020-10-10,2020-10-18,train,2021-04-06,2023-03-29
1842,S37G01N25,2020-10-21,2020-2021,60,전주KCC,55,서울SK,1,3,carryover,0,2020-10-11,2020-10-18,2020-10-10,2020-10-18,train,2021-04-06,2023-03-29
1843,S37G01N26,2020-10-22,2020-2021,06,부산KT,70,안양KGC,0,3,carryover,0,2020-10-13,2020-10-18,2020-10-15,2020-10-18,train,2021-04-06,2023-03-29
1844,S37G01N27,2020-10-23,2020-2021,16,원주DB,30,고양오리온,0,3,carryover,0,2020-10-13,2020-10-18,2020-10-15,2020-10-19,train,2021-04-06,2023-03-29
1845,S37G01N28,2020-10-24,2020-2021,50,창원LG,35,서울삼성,1,3,carryover,0,2020-10-14,2020-10-19,2020-10-12,2020-10-20,train,2021-04-06,2023-03-29
1846,S37G01N29,2020-10-24,2020-2021,60,전주KCC,10,울산현대모비스,0,3,carryover,0,2020-10-16,2020-10-21,2020-10-14,2020-10-18,train,2021-04-06,2023-03-29
1847,S37G01N30,2020-10-24,2020-2021,55,서울SK,70,안양KGC,1,3,carryover,0,2020-10-12,2020-10-21,2020-10-17,2020-10-22,train,2021-04-06,2023-03-29
1848,S37G01N31,2020-10-25,2020-2021,30,고양오리온,65,인천전자랜드,0,3,carryover,0,2020-10-17,2020-10-23,2020-10-17,2020-10-20,train,2021-04-06,2023-03-29
1849,S37G01N32,2020-10-25,2020-2021,16,원주DB,60,전주KCC,0,3,carryover,0,2020-10-17,2020-10-23,2020-10-18,2020-10-24,train,2021-04-06,2023-03-29
1850,S37G01N33,2020-10-25,2020-2021,70,안양KGC,50,창원LG,1,3,carryover,0,2020-10-18,2020-10-24,2020-10-17,2020-10-24,train,2021-04-06,2023-03-29
1851,S37G01N34,2020-10-25,2020-2021,55,서울SK,06,부산KT,1,3,carryover,0,2020-10-18,2020-10-24,2020-10-16,2020-10-22,train,2021-04-06,2023-03-29
1852,S37G01N35,2020-10-26,2020-2021,35,서울삼성,10,울산현대모비스,0,3,carryover,0,2020-10-18,2020-10-24,2020-10-17,2020-10-24,train,2021-04-06,2023-03-29
1853,S37G01N36,2020-10-27,2020-2021,06,부산KT,65,인천전자랜드,0,3,carryover,0,2020-10-18,2020-10-25,2020-10-18,2020-10-25,train,2021-04-06,2023-03-29
1854,S37G01N37,2020-10-28,2020-2021,50,창원LG,16,원주DB,1,3,carryover,0,2020-10-19,2020-10-25,2020-10-18,2020-10-25,train,2021-04-06,2023-03-29
1855,S37G01N38,2020-10-29,2020-2021,60,전주KCC,70,안양KGC,1,3,carryover,0,2020-10-21,2020-10-25,2020-10-22,2020-10-25,train,2021-04-06,2023-03-29
1856,S37G01N39,2020-10-30,2020-2021,30,고양오리온,55,서울SK,0,3,carryover,0,2020-10-19,2020-10-25,2020-10-21,2020-10-25,train,2021-04-06,2023-03-29
1857,S37G01N40,2020-10-31,2020-2021,60,전주KCC,35,서울삼성,0,3,carryover,0,2020-10-24,2020-10-29,2020-10-20,2020-10-26,train,2021-04-06,2023-03-29
1858,S37G01N41,2020-10-31,2020-2021,10,울산현대모비스,06,부산KT,1,3,carryover,0,2020-10-18,2020-10-26,2020-10-22,2020-10-27,train,2021-04-06,2023-03-29
1859,S37G01N42,2020-10-31,2020-2021,65,인천전자랜드,16,원주DB,1,3,carryover,0,2020-10-20,2020-10-27,2020-10-23,2020-10-28,train,2021-04-06,2023-03-29
1860,S37G01N43,2020-11-01,2020-2021,35,서울삼성,30,고양오리온,1,3,carryover,0,2020-10-24,2020-10-31,2020-10-23,2020-10-30,train,2021-04-06,2023-03-29
1861,S37G01N44,2020-11-01,2020-2021,50,창원LG,55,서울SK,1,3,carryover,0,2020-10-24,2020-10-28,2020-10-24,2020-10-30,train,2021-04-06,2023-03-29
1862,S37G01N45,2020-11-01,2020-2021,65,인천전자랜드,10,울산현대모비스,0,3,carryover,0,2020-10-25,2020-10-31,2020-10-24,2020-10-31,train,2021-04-06,2023-03-29
1863,S37G01N46,2020-11-01,2020-2021,70,안양KGC,16,원주DB,1,3,carryover,0,2020-10-24,2020-10-29,2020-10-25,2020-10-31,train,2021-04-06,2023-03-29
1864,S37G01N47,2020-11-02,2020-2021,60,전주KCC,06,부산KT,1,3,carryover,0,2020-10-25,2020-10-31,2020-10-25,2020-10-31,train,2021-04-06,2023-03-29
1865,S37G01N48,2020-11-03,2020-2021,30,고양오리온,16,원주DB,1,3,carryover,0,2020-10-25,2020-11-01,2020-10-28,2020-11-01,train,2021-04-06,2023-03-29
1866,S37G01N49,2020-11-04,2020-2021,55,서울SK,65,인천전자랜드,1,3,carryover,0,2020-10-25,2020-11-01,2020-10-27,2020-11-01,train,2021-04-06,2023-03-29
1867,S37G01N50,2020-11-05,2020-2021,35,서울삼성,50,창원LG,1,3,carryover,0,2020-10-26,2020-11-01,2020-10-25,2020-11-01,train,2021-04-06,2023-03-29
1868,S37G01N51,2020-11-06,2020-2021,55,서울SK,60,전주KCC,0,3,carryover,0,2020-10-30,2020-11-04,2020-10-29,2020-11-02,train,2021-04-06,2023-03-29
1869,S37G01N52,2020-11-07,2020-2021,35,서울삼성,65,인천전자랜드,0,3,carryover,0,2020-10-31,2020-11-05,2020-10-31,2020-11-04,train,2021-04-06,2023-03-29
1870,S37G01N53,2020-11-07,2020-2021,30,고양오리온,06,부산KT,1,3,carryover,0,2020-10-30,2020-11-03,2020-10-27,2020-11-02,train,2021-04-06,2023-03-29
1871,S37G01N54,2020-11-07,2020-2021,16,원주DB,10,울산현대모비스,0,3,carryover,0,2020-10-31,2020-11-03,2020-10-26,2020-11-01,train,2021-04-06,2023-03-29
1872,S37G01N55,2020-11-08,2020-2021,30,고양오리온,50,창원LG,0,3,carryover,0,2020-11-01,2020-11-07,2020-10-28,2020-11-05,train,2021-04-06,2023-03-29
1873,S37G01N56,2020-11-08,2020-2021,35,서울삼성,70,안양KGC,1,3,carryover,0,2020-11-01,2020-11-07,2020-10-25,2020-11-01,train,2021-04-06,2023-03-29
1874,S37G01N57,2020-11-08,2020-2021,06,부산KT,55,서울SK,0,3,carryover,0,2020-10-31,2020-11-07,2020-11-01,2020-11-06,train,2021-04-06,2023-03-29
1875,S37G01N58,2020-11-08,2020-2021,10,울산현대모비스,60,전주KCC,0,3,carryover,0,2020-10-31,2020-11-07,2020-10-31,2020-11-06,train,2021-04-06,2023-03-29
1876,S37G01N59,2020-11-09,2020-2021,16,원주DB,65,인천전자랜드,0,3,carryover,0,2020-11-01,2020-11-07,2020-11-01,2020-11-07,train,2021-04-06,2023-03-29
1877,S37G01N60,2020-11-10,2020-2021,70,안양KGC,30,고양오리온,1,3,carryover,0,2020-10-29,2020-11-08,2020-11-03,2020-11-08,train,2021-04-06,2023-03-29
1878,S37G01N61,2020-11-11,2020-2021,35,서울삼성,16,원주DB,1,3,carryover,0,2020-11-05,2020-11-08,2020-11-03,2020-11-09,train,2021-04-06,2023-03-29
1879,S37G01N62,2020-11-12,2020-2021,06,부산KT,70,안양KGC,1,3,carryover,0,2020-11-02,2020-11-08,2020-11-01,2020-11-10,train,2021-04-06,2023-03-29
1880,S37G01N63,2020-11-13,2020-2021,10,울산현대모비스,55,서울SK,0,3,carryover,0,2020-11-01,2020-11-08,2020-11-04,2020-11-08,train,2021-04-06,2023-03-29
1881,S37G01N64,2020-11-14,2020-2021,35,서울삼성,30,고양오리온,0,3,carryover,0,2020-11-07,2020-11-11,2020-11-07,2020-11-10,train,2021-04-06,2023-03-29
1882,S37G01N65,2020-11-14,2020-2021,06,부산KT,50,창원LG,1,3,carryover,0,2020-11-07,2020-11-12,2020-11-01,2020-11-08,train,2021-04-06,2023-03-29
1883,S37G01N66,2020-11-14,2020-2021,60,전주KCC,65,인천전자랜드,1,3,carryover,0,2020-11-02,2020-11-08,2020-11-04,2020-11-09,train,2021-04-06,2023-03-29
1884,S37G01N67,2020-11-15,2020-2021,16,원주DB,55,서울SK,1,3,carryover,0,2020-11-07,2020-11-11,2020-11-06,2020-11-13,train,2021-04-06,2023-03-29
1885,S37G01N68,2020-11-15,2020-2021,10,울산현대모비스,50,창원LG,1,3,carryover,0,2020-11-07,2020-11-13,2020-11-05,2020-11-14,train,2021-04-06,2023-03-29
1886,S37G01N69,2020-11-15,2020-2021,70,안양KGC,60,전주KCC,0,3,carryover,0,2020-11-08,2020-11-12,2020-11-06,2020-11-14,train,2021-04-06,2023-03-29
1887,S37G01N70,2020-11-15,2020-2021,06,부산KT,35,서울삼성,1,3,carryover,0,2020-11-08,2020-11-14,2020-11-08,2020-11-14,train,2021-04-06,2023-03-29
1888,S37G01N71,2020-11-16,2020-2021,65,인천전자랜드,30,고양오리온,0,3,carryover,0,2020-11-07,2020-11-14,2020-11-08,2020-11-14,train,2021-04-06,2023-03-29
1889,S37G01N72,2020-11-17,2020-2021,50,창원LG,60,전주KCC,1,3,carryover,0,2020-11-08,2020-11-15,2020-11-08,2020-11-15,train,2021-04-06,2023-03-29
1890,S37G01N73,2020-11-18,2020-2021,35,서울삼성,55,서울SK,1,3,carryover,0,2020-11-11,2020-11-15,2020-11-08,2020-11-15,train,2021-04-06,2023-03-29
1891,S37G01N74,2020-11-19,2020-2021,16,원주DB,06,부산KT,0,3,carryover,0,2020-11-09,2020-11-15,2020-11-12,2020-11-15,train,2021-04-06,2023-03-29
1892,S37G01N75,2020-11-19,2020-2021,10,울산현대모비스,65,인천전자랜드,1,3,carryover,0,2020-11-08,2020-11-15,2020-11-09,2020-11-16,train,2021-04-06,2023-03-29
1893,S37G01N76,2020-12-02,2020-2021,55,서울SK,50,창원LG,1,3,carryover,0,2020-11-13,2020-11-18,2020-11-14,2020-11-17,train,2021-04-06,2023-03-29
1894,S37G01N77,2020-12-03,2020-2021,30,고양오리온,10,울산현대모비스,1,3,carryover,0,2020-11-10,2020-11-16,2020-11-13,2020-11-19,train,2021-04-06,2023-03-29
1895,S37G01N78,2020-12-04,2020-2021,65,인천전자랜드,70,안양KGC,0,3,carryover,0,2020-11-14,2020-11-19,2020-11-10,2020-11-15,train,2021-04-06,2023-03-29
1896,S37G01N79,2020-12-05,2020-2021,06,부산KT,10,울산현대모비스,1,3,carryover,0,2020-11-14,2020-11-19,2020-11-15,2020-12-03,train,2021-04-06,2023-03-29
1897,S37G01N80,2020-12-05,2020-2021,50,창원LG,16,원주DB,1,3,carryover,0,2020-11-15,2020-12-02,2020-11-11,2020-11-19,train,2021-04-06,2023-03-29
1898,S37G01N81,2020-12-05,2020-2021,35,서울삼성,60,전주KCC,1,3,carryover,0,2020-11-14,2020-11-18,2020-11-14,2020-11-17,train,2021-04-06,2023-03-29
1899,S37G01N82,2020-12-06,2020-2021,55,서울SK,30,고양오리온,0,3,carryover,0,2020-11-15,2020-12-02,2020-11-14,2020-12-03,train,2021-04-06,2023-03-29
1900,S37G01N83,2020-12-06,2020-2021,50,창원LG,70,안양KGC,0,3,carryover,0,2020-11-17,2020-12-05,2020-11-12,2020-12-04,train,2021-04-06,2023-03-29
1901,S37G01N84,2020-12-06,2020-2021,10,울산현대모비스,35,서울삼성,1,3,carryover,0,2020-11-19,2020-12-05,2020-11-15,2020-12-05,train,2021-04-06,2023-03-29
1902,S37G01N85,2020-12-06,2020-2021,65,인천전자랜드,06,부산KT,0,3,carryover,0,2020-11-16,2020-12-04,2020-11-15,2020-12-05,train,2021-04-06,2023-03-29
1903,S37G01N86,2020-12-07,2020-2021,60,전주KCC,16,원주DB,0,3,carryover,0,2020-11-15,2020-12-05,2020-11-15,2020-12-05,train,2021-04-06,2023-03-29
1904,S37G01N87,2020-12-08,2020-2021,55,서울SK,70,안양KGC,0,3,carryover,0,2020-11-18,2020-12-06,2020-11-15,2020-12-06,train,2021-04-06,2023-03-29
1905,S37G01N88,2020-12-09,2020-2021,50,창원LG,65,인천전자랜드,1,3,carryover,0,2020-12-02,2020-12-06,2020-11-19,2020-12-06,train,2021-04-06,2023-03-29
1906,S37G01N89,2020-12-10,2020-2021,60,전주KCC,30,고양오리온,1,3,carryover,0,2020-11-17,2020-12-07,2020-11-16,2020-12-06,train,2021-04-06,2023-03-29
1907,S37G01N90,2020-12-11,2020-2021,70,안양KGC,10,울산현대모비스,1,3,carryover,0,2020-12-04,2020-12-08,2020-12-03,2020-12-06,train,2021-04-06,2023-03-29
1908,S37G01N91,2020-12-12,2020-2021,65,인천전자랜드,16,원주DB,1,3,carryover,0,2020-12-04,2020-12-09,2020-11-19,2020-12-07,train,2021-04-06,2023-03-29
1909,S37G01N92,2020-12-12,2020-2021,30,고양오리온,55,서울SK,1,3,carryover,0,2020-12-03,2020-12-10,2020-12-02,2020-12-08,train,2021-04-06,2023-03-29
1910,S37G01N93,2020-12-12,2020-2021,50,창원LG,06,부산KT,0,3,carryover,0,2020-12-05,2020-12-09,2020-11-19,2020-12-06,train,2021-04-06,2023-03-29
1911,S37G01N94,2020-12-13,2020-2021,10,울산현대모비스,35,서울삼성,0,3,carryover,0,2020-12-05,2020-12-11,2020-11-18,2020-12-06,train,2021-04-06,2023-03-29
1912,S37G01N95,2020-12-13,2020-2021,70,안양KGC,60,전주KCC,1,3,carryover,0,2020-12-06,2020-12-11,2020-12-05,2020-12-10,train,2021-04-06,2023-03-29
1913,S37G01N96,2020-12-13,2020-2021,50,창원LG,55,서울SK,1,3,carryover,0,2020-12-06,2020-12-12,2020-12-06,2020-12-12,train,2021-04-06,2023-03-29
1914,S37G01N97,2020-12-13,2020-2021,16,원주DB,30,고양오리온,0,3,carryover,0,2020-12-05,2020-12-12,2020-12-06,2020-12-12,train,2021-04-06,2023-03-29
1915,S37G01N98,2020-12-15,2020-2021,06,부산KT,65,인천전자랜드,0,3,carryover,0,2020-12-05,2020-12-12,2020-12-06,2020-12-12,train,2021-04-06,2023-03-29
1916,S37G01N99,2020-12-15,2020-2021,60,전주KCC,35,서울삼성,1,3,carryover,0,2020-12-07,2020-12-13,2020-12-05,2020-12-13,train,2021-04-06,2023-03-29
1917,S37G01N100,2020-12-16,2020-2021,30,고양오리온,70,안양KGC,0,3,carryover,0,2020-12-10,2020-12-13,2020-12-08,2020-12-13,train,2021-04-06,2023-03-29
1918,S37G01N101,2020-12-17,2020-2021,10,울산현대모비스,65,인천전자랜드,1,3,carryover,0,2020-12-06,2020-12-13,2020-12-09,2020-12-15,train,2021-04-06,2023-03-29
1919,S37G01N102,2020-12-18,2020-2021,16,원주DB,50,창원LG,1,3,carryover,0,2020-12-07,2020-12-13,2020-12-09,2020-12-13,train,2021-04-06,2023-03-29
1920,S37G01N103,2020-12-19,2020-2021,70,안양KGC,35,서울삼성,0,3,carryover,0,2020-12-11,2020-12-16,2020-12-06,2020-12-15,train,2021-04-06,2023-03-29
1921,S37G01N104,2020-12-19,2020-2021,10,울산현대모비스,55,서울SK,1,3,carryover,0,2020-12-11,2020-12-17,2020-12-08,2020-12-13,train,2021-04-06,2023-03-29
1922,S37G01N105,2020-12-19,2020-2021,60,전주KCC,06,부산KT,1,3,carryover,0,2020-12-10,2020-12-15,2020-12-06,2020-12-15,train,2021-04-06,2023-03-29
1923,S37G01N106,2020-12-20,2020-2021,70,안양KGC,55,서울SK,0,3,carryover,0,2020-12-13,2020-12-19,2020-12-12,2020-12-19,train,2021-04-06,2023-03-29
1924,S37G01N107,2020-12-20,2020-2021,65,인천전자랜드,35,서울삼성,0,3,carryover,0,2020-12-12,2020-12-17,2020-12-13,2020-12-19,train,2021-04-06,2023-03-29
1925,S37G01N108,2020-12-20,2020-2021,06,부산KT,10,울산현대모비스,1,3,carryover,0,2020-12-12,2020-12-19,2020-12-13,2020-12-19,train,2021-04-06,2023-03-29
1926,S37G01N109,2020-12-20,2020-2021,60,전주KCC,16,원주DB,1,3,carryover,0,2020-12-13,2020-12-19,2020-12-12,2020-12-18,train,2021-04-06,2023-03-29
1927,S37G01N110,2020-12-21,2020-2021,50,창원LG,30,고양오리온,0,3,carryover,0,2020-12-12,2020-12-18,2020-12-12,2020-12-16,train,2021-04-06,2023-03-29
1928,S37G01N111,2020-12-22,2020-2021,60,전주KCC,55,서울SK,1,3,carryover,0,2020-12-15,2020-12-20,2020-12-13,2020-12-20,train,2021-04-06,2023-03-29
1929,S37G01N112,2020-12-23,2020-2021,70,안양KGC,10,울산현대모비스,1,3,carryover,0,2020-12-16,2020-12-20,2020-12-17,2020-12-20,train,2021-04-06,2023-03-29
1930,S37G01N113,2020-12-24,2020-2021,65,인천전자랜드,50,창원LG,1,3,carryover,0,2020-12-15,2020-12-20,2020-12-13,2020-12-21,train,2021-04-06,2023-03-29
1931,S37G01N114,2020-12-25,2020-2021,30,고양오리온,60,전주KCC,0,3,carryover,0,2020-12-13,2020-12-21,2020-12-19,2020-12-22,train,2021-04-06,2023-03-29
1932,S37G01N116,2020-12-25,2020-2021,55,서울SK,35,서울삼성,0,3,carryover,0,2020-12-19,2020-12-22,2020-12-15,2020-12-20,train,2021-04-06,2023-03-29
1933,S37G01N117,2020-12-26,2020-2021,10,울산현대모비스,16,원주DB,1,3,carryover,0,2020-12-19,2020-12-23,2020-12-13,2020-12-20,train,2021-04-06,2023-03-29
1934,S37G01N118,2020-12-26,2020-2021,30,고양오리온,65,인천전자랜드,1,3,carryover,0,2020-12-16,2020-12-25,2020-12-17,2020-12-24,train,2021-04-06,2023-03-29
1935,S37G01N119,2020-12-26,2020-2021,50,창원LG,60,전주KCC,0,3,carryover,0,2020-12-18,2020-12-24,2020-12-20,2020-12-25,train,2021-04-06,2023-03-29
1936,S37G01N120,2020-12-27,2020-2021,65,인천전자랜드,70,안양KGC,1,3,carryover,0,2020-12-20,2020-12-26,2020-12-19,2020-12-23,train,2021-04-06,2023-03-29
1937,S37G01N121,2020-12-27,2020-2021,55,서울SK,06,부산KT,0,3,carryover,0,2020-12-20,2020-12-25,2020-12-15,2020-12-20,train,2021-04-06,2023-03-29
1938,S37G01N122,2020-12-27,2020-2021,16,원주DB,35,서울삼성,0,3,carryover,0,2020-12-18,2020-12-26,2020-12-19,2020-12-25,train,2021-04-06,2023-03-29
1939,S37G01N123,2020-12-28,2020-2021,50,창원LG,10,울산현대모비스,0,3,carryover,0,2020-12-21,2020-12-26,2020-12-20,2020-12-26,train,2021-04-06,2023-03-29
1940,S37G01N124,2020-12-29,2020-2021,16,원주DB,06,부산KT,0,3,carryover,0,2020-12-20,2020-12-27,2020-12-19,2020-12-27,train,2021-04-06,2023-03-29
1941,S37G01N125,2020-12-30,2020-2021,30,고양오리온,35,서울삼성,1,3,carryover,0,2020-12-21,2020-12-26,2020-12-20,2020-12-27,train,2021-04-06,2023-03-29
1942,S37G01N126,2020-12-31,2020-2021,70,안양KGC,16,원주DB,0,3,carryover,0,2020-12-20,2020-12-27,2020-12-26,2020-12-29,train,2021-04-06,2023-03-29
1943,S37G01N127,2021-01-01,2020-2021,10,울산현대모비스,30,고양오리온,1,3,carryover,0,2020-12-23,2020-12-28,2020-12-25,2020-12-30,train,2021-04-06,2023-03-29
1944,S37G01N128,2021-01-01,2020-2021,65,인천전자랜드,60,전주KCC,0,3,carryover,0,2020-12-24,2020-12-27,2020-12-22,2020-12-26,train,2021-04-06,2023-03-29
1945,S37G01N129,2021-01-01,2020-2021,35,서울삼성,50,창원LG,0,3,carryover,0,2020-12-25,2020-12-30,2020-12-24,2020-12-28,train,2021-04-06,2023-03-29
1946,S37G01N130,2021-01-02,2020-2021,60,전주KCC,10,울산현대모비스,1,3,carryover,0,2020-12-25,2021-01-01,2020-12-26,2021-01-01,train,2021-04-06,2023-03-29
1947,S37G01N131,2021-01-02,2020-2021,55,서울SK,65,인천전자랜드,0,3,carryover,0,2020-12-22,2020-12-27,2020-12-26,2021-01-01,train,2021-04-06,2023-03-29
1948,S37G01N132,2021-01-02,2020-2021,06,부산KT,35,서울삼성,0,3,carryover,0,2020-12-20,2020-12-29,2020-12-27,2021-01-01,train,2021-04-06,2023-03-29
1949,S37G01N133,2021-01-03,2020-2021,55,서울SK,16,원주DB,1,3,carryover,0,2020-12-25,2021-01-02,2020-12-27,2020-12-31,train,2021-04-06,2023-03-29
1950,S37G01N134,2021-01-03,2020-2021,70,안양KGC,50,창원LG,1,3,carryover,0,2020-12-23,2020-12-31,2020-12-26,2021-01-01,train,2021-04-06,2023-03-29
1951,S37G01N135,2021-01-03,2020-2021,30,고양오리온,06,부산KT,0,3,carryover,0,2020-12-26,2021-01-01,2020-12-27,2021-01-02,train,2021-04-06,2023-03-29
1952,S37G01N136,2021-01-04,2020-2021,65,인천전자랜드,10,울산현대모비스,0,3,carryover,0,2020-12-27,2021-01-02,2020-12-28,2021-01-02,train,2021-04-06,2023-03-29
1953,S37G01N137,2021-01-05,2020-2021,70,안양KGC,55,서울SK,1,3,carryover,0,2020-12-27,2021-01-03,2020-12-27,2021-01-03,train,2021-04-06,2023-03-29
1954,S37G01N138,2021-01-06,2020-2021,35,서울삼성,65,인천전자랜드,0,3,carryover,0,2020-12-30,2021-01-02,2021-01-01,2021-01-04,train,2021-04-06,2023-03-29
1955,S37G01N139,2021-01-07,2020-2021,16,원주DB,10,울산현대모비스,0,3,carryover,0,2020-12-29,2021-01-03,2021-01-01,2021-01-04,train,2021-04-06,2023-03-29
1956,S37G01N140,2021-01-08,2020-2021,06,부산KT,60,전주KCC,0,3,carryover,0,2020-12-29,2021-01-03,2020-12-26,2021-01-02,train,2021-04-06,2023-03-29
1957,S37G01N141,2021-01-09,2020-2021,35,서울삼성,16,원주DB,0,3,carryover,0,2021-01-01,2021-01-06,2020-12-31,2021-01-07,train,2021-04-06,2023-03-29
1958,S37G01N142,2021-01-09,2020-2021,30,고양오리온,70,안양KGC,1,3,carryover,0,2020-12-30,2021-01-03,2020-12-31,2021-01-05,train,2021-04-06,2023-03-29
1959,S37G01N143,2021-01-09,2020-2021,50,창원LG,55,서울SK,0,3,carryover,0,2020-12-28,2021-01-03,2021-01-02,2021-01-05,train,2021-04-06,2023-03-29
1960,S37G01N144,2021-01-10,2020-2021,06,부산KT,30,고양오리온,0,3,carryover,0,2021-01-02,2021-01-08,2021-01-01,2021-01-09,train,2021-04-06,2023-03-29
1961,S37G01N145,2021-01-10,2020-2021,10,울산현대모비스,70,안양KGC,1,3,carryover,0,2021-01-02,2021-01-07,2021-01-03,2021-01-09,train,2021-04-06,2023-03-29
1962,S37G01N146,2021-01-10,2020-2021,16,원주DB,50,창원LG,0,3,carryover,0,2021-01-03,2021-01-09,2021-01-01,2021-01-09,train,2021-04-06,2023-03-29
1963,S37G01N147,2021-01-10,2020-2021,60,전주KCC,65,인천전자랜드,1,3,carryover,0,2021-01-01,2021-01-08,2021-01-02,2021-01-06,train,2021-04-06,2023-03-29
1964,S37G01N148,2021-01-11,2020-2021,55,서울SK,35,서울삼성,0,3,carryover,0,2021-01-03,2021-01-09,2021-01-02,2021-01-09,train,2021-04-06,2023-03-29
1965,S37G01N149,2021-01-12,2020-2021,50,창원LG,10,울산현대모비스,0,3,carryover,0,2021-01-03,2021-01-10,2021-01-04,2021-01-10,train,2021-04-06,2023-03-29
1966,S37G01N150,2021-01-12,2020-2021,65,인천전자랜드,70,안양KGC,1,3,carryover,0,2021-01-04,2021-01-10,2021-01-05,2021-01-10,train,2021-04-06,2023-03-29
1967,S37G01N151,2021-01-13,2020-2021,06,부산KT,35,서울삼성,1,3,carryover,0,2021-01-03,2021-01-10,2021-01-06,2021-01-11,train,2021-04-06,2023-03-29
1968,S37G01N152,2021-01-13,2020-2021,30,고양오리온,55,서울SK,1,3,carryover,0,2021-01-03,2021-01-10,2021-01-05,2021-01-11,train,2021-04-06,2023-03-29
1969,S37G01N115,2021-01-16,2020-2021,70,안양KGC,06,부산KT,0,3,carryover,0,2021-01-09,2021-01-12,2021-01-08,2021-01-13,train,2021-04-06,2023-03-29
1970,S37G01N153,2021-01-19,2020-2021,60,전주KCC,50,창원LG,1,3,carryover,0,2021-01-02,2021-01-10,2021-01-09,2021-01-12,train,2021-04-06,2023-03-29
1971,S37G01N154,2021-01-20,2020-2021,55,서울SK,16,원주DB,0,3,carryover,0,2021-01-09,2021-01-13,2021-01-07,2021-01-10,train,2021-04-06,2023-03-29
1972,S37G01N155,2021-01-21,2020-2021,35,서울삼성,60,전주KCC,0,3,carryover,0,2021-01-09,2021-01-13,2021-01-08,2021-01-19,train,2021-04-06,2023-03-29
1973,S37G01N156,2021-01-22,2020-2021,30,고양오리온,16,원주DB,0,3,carryover,0,2021-01-09,2021-01-13,2021-01-09,2021-01-20,train,2021-04-06,2023-03-29
1974,S37G01N157,2021-01-23,2020-2021,35,서울삼성,10,울산현대모비스,0,3,carryover,0,2021-01-11,2021-01-21,2021-01-07,2021-01-12,train,2021-04-06,2023-03-29
1975,S37G01N158,2021-01-23,2020-2021,65,인천전자랜드,06,부산KT,0,3,carryover,0,2021-01-06,2021-01-12,2021-01-10,2021-01-16,train,2021-04-06,2023-03-29
1976,S37G01N159,2021-01-23,2020-2021,70,안양KGC,50,창원LG,1,3,carryover,0,2021-01-10,2021-01-16,2021-01-10,2021-01-19,train,2021-04-06,2023-03-29
1977,S37G01N160,2021-01-24,2020-2021,16,원주DB,65,인천전자랜드,0,3,carryover,0,2021-01-10,2021-01-22,2021-01-10,2021-01-23,train,2021-04-06,2023-03-29
1978,S37G01N161,2021-01-24,2020-2021,60,전주KCC,55,서울SK,0,3,carryover,0,2021-01-10,2021-01-21,2021-01-11,2021-01-20,train,2021-04-06,2023-03-29
1979,S37G01N162,2021-01-24,2020-2021,06,부산KT,50,창원LG,0,3,carryover,0,2021-01-13,2021-01-23,2021-01-12,2021-01-23,train,2021-04-06,2023-03-29
1980,S37G01N163,2021-01-24,2020-2021,10,울산현대모비스,30,고양오리온,1,3,carryover,0,2021-01-10,2021-01-23,2021-01-10,2021-01-22,train,2021-04-06,2023-03-29
1981,S37G01N164,2021-01-25,2020-2021,70,안양KGC,35,서울삼성,1,3,carryover,0,2021-01-12,2021-01-23,2021-01-13,2021-01-23,train,2021-04-06,2023-03-29
1982,S37G01N165,2021-01-26,2020-2021,10,울산현대모비스,06,부산KT,1,3,carryover,0,2021-01-12,2021-01-24,2021-01-16,2021-01-24,train,2021-04-06,2023-03-29
1983,S37G01N166,2021-01-27,2020-2021,16,원주DB,60,전주KCC,1,3,carryover,0,2021-01-20,2021-01-24,2021-01-19,2021-01-24,train,2021-04-06,2023-03-29
1984,S37G01N167,2021-01-28,2020-2021,65,인천전자랜드,30,고양오리온,0,3,carryover,0,2021-01-12,2021-01-24,2021-01-13,2021-01-24,train,2021-04-06,2023-03-29
1985,S37G01N168,2021-01-29,2020-2021,35,서울삼성,50,창원LG,1,3,carryover,0,2021-01-21,2021-01-25,2021-01-19,2021-01-24,train,2021-04-06,2023-03-29
1986,S37G01N169,2021-01-30,2020-2021,70,안양KGC,16,원주DB,1,3,carryover,0,2021-01-16,2021-01-25,2021-01-22,2021-01-27,train,2021-04-06,2023-03-29
1987,S37G01N170,2021-01-30,2020-2021,55,서울SK,06,부산KT,0,3,carryover,0,2021-01-13,2021-01-24,2021-01-23,2021-01-26,train,2021-04-06,2023-03-29
1988,S37G01N171,2021-01-30,2020-2021,60,전주KCC,30,고양오리온,1,3,carryover,0,2021-01-21,2021-01-27,2021-01-22,2021-01-28,train,2021-04-06,2023-03-29
1989,S37G01N172,2021-01-31,2020-2021,55,서울SK,10,울산현대모비스,1,3,carryover,0,2021-01-20,2021-01-30,2021-01-23,2021-01-26,train,2021-04-06,2023-03-29
1990,S37G01N173,2021-01-31,2020-2021,50,창원LG,65,인천전자랜드,0,3,carryover,0,2021-01-23,2021-01-29,2021-01-23,2021-01-28,train,2021-04-06,2023-03-29
1991,S37G01N174,2021-01-31,2020-2021,30,고양오리온,35,서울삼성,1,3,carryover,0,2021-01-24,2021-01-30,2021-01-23,2021-01-29,train,2021-04-06,2023-03-29
1992,S37G01N175,2021-01-31,2020-2021,60,전주KCC,70,안양KGC,1,3,carryover,0,2021-01-24,2021-01-30,2021-01-23,2021-01-30,train,2021-04-06,2023-03-29
1993,S37G01N176,2021-02-01,2020-2021,16,원주DB,06,부산KT,1,3,carryover,0,2021-01-24,2021-01-30,2021-01-24,2021-01-30,train,2021-04-06,2023-03-29
1994,S37G01N177,2021-02-02,2020-2021,55,서울SK,65,인천전자랜드,1,3,carryover,0,2021-01-24,2021-01-31,2021-01-24,2021-01-31,train,2021-04-06,2023-03-29
1995,S37G01N178,2021-02-03,2020-2021,30,고양오리온,50,창원LG,1,3,carryover,0,2021-01-28,2021-01-31,2021-01-24,2021-01-31,train,2021-04-06,2023-03-29
1996,S37G01N179,2021-02-04,2020-2021,10,울산현대모비스,60,전주KCC,1,3,carryover,0,2021-01-24,2021-01-31,2021-01-27,2021-01-31,train,2021-04-06,2023-03-29
1997,S37G01N180,2021-02-05,2020-2021,70,안양KGC,06,부산KT,1,3,carryover,0,2021-01-25,2021-01-31,2021-01-26,2021-02-01,train,2021-04-06,2023-03-29
1998,S37G01N181,2021-02-06,2020-2021,10,울산현대모비스,16,원주DB,0,3,carryover,0,2021-01-26,2021-02-04,2021-01-27,2021-02-01,train,2021-04-06,2023-03-29
1999,S37G01N182,2021-02-06,2020-2021,50,창원LG,35,서울삼성,0,3,carryover,0,2021-01-29,2021-02-03,2021-01-25,2021-01-31,train,2021-04-06,2023-03-29
2000,S37G01N183,2021-02-06,2020-2021,65,인천전자랜드,60,전주KCC,1,3,carryover,0,2021-01-28,2021-02-02,2021-01-30,2021-02-04,train,2021-04-06,2023-03-29
2001,S37G01N184,2021-02-07,2020-2021,70,안양KGC,10,울산현대모비스,0,3,carryover,0,2021-01-30,2021-02-05,2021-01-31,2021-02-06,train,2021-04-06,2023-03-29
2002,S37G01N185,2021-02-07,2020-2021,16,원주DB,30,고양오리온,1,3,carryover,0,2021-01-30,2021-02-06,2021-01-30,2021-02-03,train,2021-04-06,2023-03-29
2003,S37G01N186,2021-02-07,2020-2021,50,창원LG,65,인천전자랜드,0,3,carryover,0,2021-01-31,2021-02-06,2021-01-31,2021-02-06,train,2021-04-06,2023-03-29
2004,S37G01N187,2021-02-07,2020-2021,06,부산KT,55,서울SK,1,3,carryover,0,2021-01-30,2021-02-05,2021-01-30,2021-02-02,train,2021-04-06,2023-03-29
2005,S37G01N188,2021-02-08,2020-2021,35,서울삼성,60,전주KCC,0,3,carryover,0,2021-01-29,2021-02-06,2021-01-31,2021-02-06,train,2021-04-06,2023-03-29
2006,S37G01N189,2021-02-09,2020-2021,50,창원LG,30,고양오리온,1,3,carryover,0,2021-02-03,2021-02-07,2021-01-31,2021-02-07,train,2021-04-06,2023-03-29
2007,S37G01N190,2021-02-10,2020-2021,65,인천전자랜드,35,서울삼성,1,3,carryover,0,2021-02-02,2021-02-07,2021-01-31,2021-02-08,train,2021-04-06,2023-03-29
2008,S37G01N191,2021-02-11,2020-2021,16,원주DB,70,안양KGC,1,3,carryover,0,2021-02-01,2021-02-07,2021-01-31,2021-02-07,train,2021-04-06,2023-03-29
2009,S37G01N192,2021-02-11,2020-2021,30,고양오리온,06,부산KT,1,3,carryover,0,2021-02-03,2021-02-09,2021-02-01,2021-02-07,train,2021-04-06,2023-03-29
2010,S37G01N193,2021-02-11,2020-2021,10,울산현대모비스,50,창원LG,1,3,carryover,0,2021-02-04,2021-02-07,2021-02-06,2021-02-09,train,2021-04-06,2023-03-29
2011,S37G01N194,2021-02-11,2020-2021,55,서울SK,60,전주KCC,0,3,carryover,0,2021-01-31,2021-02-07,2021-02-04,2021-02-08,train,2021-04-06,2023-03-29
2012,S37G01N195,2021-02-24,2020-2021,10,울산현대모비스,06,부산KT,1,3,carryover,0,2021-02-06,2021-02-11,2021-02-05,2021-02-11,train,2021-04-06,2023-03-29
2013,S37G01N196,2021-02-25,2020-2021,55,서울SK,70,안양KGC,0,3,carryover,0,2021-02-02,2021-02-11,2021-02-05,2021-02-11,train,2021-04-06,2023-03-29
2014,S37G01N197,2021-02-26,2020-2021,65,인천전자랜드,30,고양오리온,0,3,carryover,0,2021-02-06,2021-02-10,2021-02-07,2021-02-11,train,2021-04-06,2023-03-29
2015,S37G01N198,2021-02-27,2020-2021,35,서울삼성,16,원주DB,1,3,carryover,0,2021-02-06,2021-02-10,2021-02-06,2021-02-11,train,2021-04-06,2023-03-29
2016,S37G01N199,2021-02-27,2020-2021,06,부산KT,50,창원LG,1,3,carryover,0,2021-02-07,2021-02-24,2021-02-07,2021-02-11,train,2021-04-06,2023-03-29
2017,S37G01N200,2021-02-27,2020-2021,60,전주KCC,70,안양KGC,0,3,carryover,0,2021-02-06,2021-02-11,2021-02-07,2021-02-25,train,2021-04-06,2023-03-29
2018,S37G01N201,2021-02-28,2020-2021,35,서울삼성,55,서울SK,1,3,carryover,0,2021-02-08,2021-02-27,2021-02-07,2021-02-25,train,2021-04-06,2023-03-29
2019,S37G01N202,2021-02-28,2020-2021,06,부산KT,65,인천전자랜드,1,3,carryover,0,2021-02-11,2021-02-27,2021-02-07,2021-02-26,train,2021-04-06,2023-03-29
2020,S37G01N203,2021-02-28,2020-2021,30,고양오리온,10,울산현대모비스,0,3,carryover,0,2021-02-09,2021-02-26,2021-02-07,2021-02-24,train,2021-04-06,2023-03-29
2021,S37G01N204,2021-03-01,2020-2021,70,안양KGC,65,인천전자랜드,1,3,carryover,0,2021-02-11,2021-02-27,2021-02-10,2021-02-28,train,2021-04-06,2023-03-29
2022,S37G01N205,2021-03-01,2020-2021,55,서울SK,50,창원LG,1,3,carryover,0,2021-02-11,2021-02-28,2021-02-09,2021-02-27,train,2021-04-06,2023-03-29
2023,S37G01N206,2021-03-01,2020-2021,60,전주KCC,16,원주DB,1,3,carryover,0,2021-02-08,2021-02-27,2021-02-07,2021-02-27,train,2021-04-06,2023-03-29
2024,S37G01N207,2021-03-02,2020-2021,35,서울삼성,06,부산KT,0,3,carryover,0,2021-02-10,2021-02-28,2021-02-24,2021-02-28,train,2021-04-06,2023-03-29
2025,S37G01N208,2021-03-03,2020-2021,10,울산현대모비스,60,전주KCC,0,3,carryover,0,2021-02-11,2021-02-28,2021-02-11,2021-03-01,train,2021-04-06,2023-03-29
2026,S37G01N209,2021-03-04,2020-2021,55,서울SK,30,고양오리온,0,3,carryover,0,2021-02-25,2021-03-01,2021-02-11,2021-02-28,train,2021-04-06,2023-03-29
2027,S37G01N210,2021-03-05,2020-2021,10,울산현대모비스,65,인천전자랜드,1,3,carryover,0,2021-02-24,2021-03-03,2021-02-26,2021-03-01,train,2021-04-06,2023-03-29
2028,S37G01N211,2021-03-06,2020-2021,06,부산KT,16,원주DB,0,3,carryover,0,2021-02-27,2021-03-02,2021-02-11,2021-03-01,train,2021-04-06,2023-03-29
2029,S37G01N212,2021-03-06,2020-2021,70,안양KGC,30,고양오리온,0,3,carryover,0,2021-02-25,2021-03-01,2021-02-26,2021-03-04,train,2021-04-06,2023-03-29
2030,S37G01N213,2021-03-06,2020-2021,60,전주KCC,50,창원LG,0,3,carryover,0,2021-02-27,2021-03-03,2021-02-11,2021-03-01,train,2021-04-06,2023-03-29
2031,S37G01N214,2021-03-07,2020-2021,65,인천전자랜드,16,원주DB,1,3,carryover,0,2021-02-28,2021-03-05,2021-02-27,2021-03-06,train,2021-04-06,2023-03-29
2032,S37G01N215,2021-03-07,2020-2021,55,서울SK,10,울산현대모비스,0,3,carryover,0,2021-02-28,2021-03-04,2021-02-28,2021-03-05,train,2021-04-06,2023-03-29
2033,S37G01N216,2021-03-07,2020-2021,30,고양오리온,35,서울삼성,1,3,carryover,0,2021-02-28,2021-03-06,2021-02-27,2021-03-02,train,2021-04-06,2023-03-29
2034,S37G01N217,2021-03-07,2020-2021,50,창원LG,70,안양KGC,1,3,carryover,0,2021-02-27,2021-03-06,2021-02-27,2021-03-06,train,2021-04-06,2023-03-29
2035,S37G01N218,2021-03-08,2020-2021,06,부산KT,60,전주KCC,1,3,carryover,0,2021-02-28,2021-03-06,2021-03-01,2021-03-06,train,2021-04-06,2023-03-29
2036,S37G01N219,2021-03-09,2020-2021,65,인천전자랜드,55,서울SK,1,3,carryover,0,2021-03-01,2021-03-07,2021-03-01,2021-03-07,train,2021-04-06,2023-03-29
2037,S37G01N220,2021-03-10,2020-2021,16,원주DB,50,창원LG,1,3,carryover,0,2021-03-01,2021-03-07,2021-03-01,2021-03-07,train,2021-04-06,2023-03-29
2038,S37G01N221,2021-03-11,2020-2021,70,안양KGC,35,서울삼성,1,3,carryover,0,2021-03-01,2021-03-07,2021-02-28,2021-03-07,train,2021-04-06,2023-03-29
2039,S37G01N222,2021-03-12,2020-2021,60,전주KCC,30,고양오리온,1,3,carryover,0,2021-03-03,2021-03-08,2021-03-04,2021-03-07,train,2021-04-06,2023-03-29
2040,S37G01N223,2021-03-13,2020-2021,35,서울삼성,10,울산현대모비스,1,3,carryover,0,2021-03-02,2021-03-11,2021-03-03,2021-03-07,train,2021-04-06,2023-03-29
2041,S37G01N224,2021-03-13,2020-2021,06,부산KT,70,안양KGC,1,3,carryover,0,2021-03-02,2021-03-08,2021-03-06,2021-03-11,train,2021-04-06,2023-03-29
2042,S37G01N225,2021-03-13,2020-2021,16,원주DB,55,서울SK,0,3,carryover,0,2021-03-06,2021-03-10,2021-03-04,2021-03-09,train,2021-04-06,2023-03-29
2043,S37G01N226,2021-03-14,2020-2021,50,창원LG,06,부산KT,1,3,carryover,0,2021-03-06,2021-03-10,2021-03-06,2021-03-13,train,2021-04-06,2023-03-29
2044,S37G01N227,2021-03-14,2020-2021,30,고양오리온,65,인천전자랜드,0,3,carryover,0,2021-03-06,2021-03-12,2021-03-05,2021-03-09,train,2021-04-06,2023-03-29
2045,S37G01N228,2021-03-14,2020-2021,16,원주DB,35,서울삼성,1,3,carryover,0,2021-03-07,2021-03-13,2021-03-07,2021-03-13,train,2021-04-06,2023-03-29
2046,S37G01N229,2021-03-14,2020-2021,70,안양KGC,60,전주KCC,0,3,carryover,0,2021-03-07,2021-03-13,2021-03-06,2021-03-12,train,2021-04-06,2023-03-29
2047,S37G01N230,2021-03-15,2020-2021,10,울산현대모비스,55,서울SK,0,3,carryover,0,2021-03-05,2021-03-13,2021-03-07,2021-03-13,train,2021-04-06,2023-03-29
2048,S37G01N231,2021-03-16,2020-2021,06,부산KT,30,고양오리온,0,3,carryover,0,2021-03-08,2021-03-14,2021-03-07,2021-03-14,train,2021-04-06,2023-03-29
2049,S37G01N232,2021-03-17,2020-2021,16,원주DB,65,인천전자랜드,1,3,carryover,0,2021-03-10,2021-03-14,2021-03-07,2021-03-14,train,2021-04-06,2023-03-29
2050,S37G01N233,2021-03-18,2020-2021,50,창원LG,70,안양KGC,0,3,carryover,0,2021-03-07,2021-03-14,2021-03-11,2021-03-14,train,2021-04-06,2023-03-29
2051,S37G01N234,2021-03-19,2020-2021,65,인천전자랜드,35,서울삼성,0,3,carryover,0,2021-03-09,2021-03-17,2021-03-11,2021-03-14,train,2021-04-06,2023-03-29
2052,S37G01N235,2021-03-20,2020-2021,60,전주KCC,10,울산현대모비스,1,3,carryover,0,2021-03-08,2021-03-14,2021-03-07,2021-03-15,train,2021-04-06,2023-03-29
2053,S37G01N236,2021-03-20,2020-2021,50,창원LG,30,고양오리온,1,3,carryover,0,2021-03-10,2021-03-18,2021-03-12,2021-03-16,train,2021-04-06,2023-03-29
2054,S37G01N237,2021-03-20,2020-2021,55,서울SK,16,원주DB,0,3,carryover,0,2021-03-09,2021-03-15,2021-03-13,2021-03-17,train,2021-04-06,2023-03-29
2055,S37G01N238,2021-03-21,2020-2021,06,부산KT,10,울산현대모비스,0,3,carryover,0,2021-03-13,2021-03-16,2021-03-13,2021-03-20,train,2021-04-06,2023-03-29
2056,S37G01N239,2021-03-21,2020-2021,70,안양KGC,65,인천전자랜드,1,3,carryover,0,2021-03-13,2021-03-18,2021-03-14,2021-03-19,train,2021-04-06,2023-03-29
2057,S37G01N240,2021-03-21,2020-2021,35,서울삼성,55,서울SK,0,3,carryover,0,2021-03-13,2021-03-19,2021-03-13,2021-03-20,train,2021-04-06,2023-03-29
2058,S37G01N241,2021-03-21,2020-2021,30,고양오리온,60,전주KCC,0,3,carryover,0,2021-03-14,2021-03-20,2021-03-12,2021-03-20,train,2021-04-06,2023-03-29
2059,S37G01N242,2021-03-22,2020-2021,50,창원LG,16,원주DB,1,3,carryover,0,2021-03-14,2021-03-20,2021-03-14,2021-03-20,train,2021-04-06,2023-03-29
2060,S37G01N243,2021-03-23,2020-2021,70,안양KGC,06,부산KT,1,3,carryover,0,2021-03-14,2021-03-21,2021-03-14,2021-03-21,train,2021-04-06,2023-03-29
2061,S37G01N244,2021-03-24,2020-2021,50,창원LG,35,서울삼성,0,3,carryover,0,2021-03-18,2021-03-22,2021-03-14,2021-03-21,train,2021-04-06,2023-03-29
2062,S37G01N245,2021-03-25,2020-2021,55,서울SK,60,전주KCC,1,3,carryover,0,2021-03-15,2021-03-21,2021-03-14,2021-03-21,train,2021-04-06,2023-03-29
2063,S37G01N246,2021-03-26,2020-2021,30,고양오리온,10,울산현대모비스,0,3,carryover,0,2021-03-16,2021-03-21,2021-03-15,2021-03-21,train,2021-04-06,2023-03-29
2064,S37G01N248,2021-03-27,2020-2021,35,서울삼성,70,안양KGC,0,3,carryover,0,2021-03-19,2021-03-24,2021-03-18,2021-03-23,train,2021-04-06,2023-03-29
2065,S37G01N247,2021-03-27,2020-2021,06,부산KT,16,원주DB,1,3,carryover,0,2021-03-16,2021-03-23,2021-03-17,2021-03-22,train,2021-04-06,2023-03-29
2066,S37G01N249,2021-03-27,2020-2021,65,인천전자랜드,55,서울SK,1,3,carryover,0,2021-03-17,2021-03-21,2021-03-20,2021-03-25,train,2021-04-06,2023-03-29
2067,S37G01N250,2021-03-28,2020-2021,50,창원LG,60,전주KCC,0,3,carryover,0,2021-03-20,2021-03-24,2021-03-20,2021-03-25,train,2021-04-06,2023-03-29
2068,S37G01N251,2021-03-28,2020-2021,35,서울삼성,30,고양오리온,1,3,carryover,0,2021-03-21,2021-03-27,2021-03-20,2021-03-26,train,2021-04-06,2023-03-29
2069,S37G01N252,2021-03-28,2020-2021,65,인천전자랜드,10,울산현대모비스,0,3,carryover,0,2021-03-19,2021-03-27,2021-03-20,2021-03-26,train,2021-04-06,2023-03-29
2070,S37G01N253,2021-03-28,2020-2021,16,원주DB,70,안양KGC,1,3,carryover,0,2021-03-20,2021-03-27,2021-03-21,2021-03-27,train,2021-04-06,2023-03-29
2071,S37G01N254,2021-03-29,2020-2021,06,부산KT,55,서울SK,0,3,carryover,0,2021-03-21,2021-03-27,2021-03-21,2021-03-27,train,2021-04-06,2023-03-29
2072,S37G01N255,2021-03-30,2020-2021,16,원주DB,10,울산현대모비스,1,3,carryover,0,2021-03-22,2021-03-28,2021-03-21,2021-03-28,train,2021-04-06,2023-03-29
2073,S37G01N256,2021-03-31,2020-2021,60,전주KCC,35,서울삼성,1,3,carryover,0,2021-03-21,2021-03-28,2021-03-24,2021-03-28,train,2021-04-06,2023-03-29
2074,S37G01N257,2021-04-01,2020-2021,65,인천전자랜드,06,부산KT,1,3,carryover,0,2021-03-21,2021-03-28,2021-03-23,2021-03-29,train,2021-04-06,2023-03-29
2075,S37G01N258,2021-04-02,2020-2021,10,울산현대모비스,70,안양KGC,0,3,carryover,0,2021-03-26,2021-03-30,2021-03-23,2021-03-28,train,2021-04-06,2023-03-29
2076,S37G01N259,2021-04-03,2020-2021,16,원주DB,60,전주KCC,1,3,carryover,0,2021-03-27,2021-03-30,2021-03-25,2021-03-31,train,2021-04-06,2023-03-29
2077,S37G01N260,2021-04-03,2020-2021,65,인천전자랜드,50,창원LG,1,3,carryover,0,2021-03-27,2021-04-01,2021-03-22,2021-03-28,train,2021-04-06,2023-03-29
2078,S37G01N261,2021-04-03,2020-2021,55,서울SK,30,고양오리온,0,3,carryover,0,2021-03-25,2021-03-29,2021-03-21,2021-03-28,train,2021-04-06,2023-03-29
2079,S37G01N262,2021-04-04,2020-2021,10,울산현대모비스,35,서울삼성,1,3,carryover,0,2021-03-28,2021-04-02,2021-03-27,2021-03-31,train,2021-04-06,2023-03-29
2080,S37G01N263,2021-04-04,2020-2021,60,전주KCC,06,부산KT,0,3,carryover,0,2021-03-28,2021-04-03,2021-03-27,2021-04-01,train,2021-04-06,2023-03-29
2081,S37G01N264,2021-04-04,2020-2021,55,서울SK,50,창원LG,1,3,carryover,0,2021-03-27,2021-04-03,2021-03-24,2021-04-03,train,2021-04-06,2023-03-29
2082,S37G01N265,2021-04-04,2020-2021,30,고양오리온,70,안양KGC,0,3,carryover,0,2021-03-26,2021-04-03,2021-03-27,2021-04-02,train,2021-04-06,2023-03-29
2083,S37G01N266,2021-04-06,2020-2021,30,고양오리온,16,원주DB,0,3,carryover,0,2021-03-28,2021-04-04,2021-03-28,2021-04-03,train,2021-04-06,2023-03-29
2084,S37G01N267,2021-04-06,2020-2021,10,울산현대모비스,50,창원LG,0,3,carryover,0,2021-03-30,2021-04-04,2021-03-28,2021-04-04,train,2021-04-06,2023-03-29
2085,S37G01N268,2021-04-06,2020-2021,70,안양KGC,55,서울SK,0,3,carryover,0,2021-03-28,2021-04-04,2021-03-29,2021-04-04,train,2021-04-06,2023-03-29
2086,S37G01N269,2021-04-06,2020-2021,60,전주KCC,65,인천전자랜드,1,3,carryover,0,2021-03-31,2021-04-04,2021-03-28,2021-04-03,train,2021-04-06,2023-03-29
2087,S37G01N270,2021-04-06,2020-2021,35,서울삼성,06,부산KT,1,3,carryover,0,2021-03-28,2021-04-04,2021-03-29,2021-04-04,train,2021-04-06,2023-03-29
2088,S39G01N1,2021-10-09,2021-2022,70,안양 KGC,60,전주 KCC,1,3,carryover,1,2021-04-02,2021-04-06,2021-04-03,2021-04-06,validation,2021-04-06,2023-03-29
2089,S39G01N2,2021-10-09,2021-2022,30,고양 오리온,55,서울 SK,0,3,carryover,1,2021-04-03,2021-04-06,2021-04-03,2021-04-06,validation,2021-04-06,2023-03-29
2090,S39G01N3,2021-10-09,2021-2022,10,울산 현대모비스,64,대구 한국가스공사,0,3,carryover,1,2021-04-02,2021-04-06,2021-04-01,2021-04-06,validation,2021-04-06,2023-03-29
2091,S39G01N4,2021-10-10,2021-2022,06,수원 KT,16,원주 DB,0,3,carryover,1,2021-04-01,2021-04-06,2021-03-30,2021-04-06,validation,2021-04-06,2023-03-29
2092,S39G01N5,2021-10-10,2021-2022,35,서울 삼성,50,창원 LG,1,3,carryover,1,2021-03-31,2021-04-06,2021-04-03,2021-04-06,validation,2021-04-06,2023-03-29
2093,S39G01N6,2021-10-10,2021-2022,60,전주 KCC,30,고양 오리온,0,3,carryover,1,2021-04-04,2021-10-09,2021-04-04,2021-10-09,validation,2021-04-06,2023-03-29
2094,S39G01N7,2021-10-10,2021-2022,64,대구 한국가스공사,70,안양 KGC,1,3,carryover,1,2021-04-03,2021-10-09,2021-04-04,2021-10-09,validation,2021-04-06,2023-03-29
2095,S39G01N8,2021-10-11,2021-2022,16,원주 DB,10,울산 현대모비스,1,3,carryover,1,2021-04-03,2021-10-10,2021-04-04,2021-10-09,validation,2021-04-06,2023-03-29
2096,S39G01N10,2021-10-11,2021-2022,50,창원 LG,06,수원 KT,0,3,carryover,1,2021-04-04,2021-10-10,2021-04-04,2021-10-10,validation,2021-04-06,2023-03-29
2097,S39G01N9,2021-10-11,2021-2022,55,서울 SK,35,서울 삼성,1,3,carryover,1,2021-04-04,2021-10-09,2021-04-04,2021-10-10,validation,2021-04-06,2023-03-29
2098,S39G01N11,2021-10-12,2021-2022,30,고양 오리온,70,안양 KGC,1,3,carryover,1,2021-04-06,2021-10-10,2021-04-06,2021-10-10,validation,2021-04-06,2023-03-29
2099,S39G01N12,2021-10-13,2021-2022,35,서울 삼성,60,전주 KCC,1,3,carryover,1,2021-04-06,2021-10-11,2021-04-06,2021-10-10,validation,2021-04-06,2023-03-29
2100,S39G01N13,2021-10-14,2021-2022,06,수원 KT,64,대구 한국가스공사,1,3,carryover,1,2021-04-06,2021-10-11,2021-04-06,2021-10-10,validation,2021-04-06,2023-03-29
2101,S39G01N14,2021-10-15,2021-2022,50,창원 LG,16,원주 DB,0,3,carryover,1,2021-04-06,2021-10-11,2021-04-06,2021-10-11,validation,2021-04-06,2023-03-29
2102,S39G01N15,2021-10-15,2021-2022,60,전주 KCC,55,서울 SK,1,3,carryover,1,2021-10-09,2021-10-13,2021-04-06,2021-10-11,validation,2021-04-06,2023-03-29
2103,S39G01N16,2021-10-16,2021-2022,70,안양 KGC,10,울산 현대모비스,0,3,carryover,1,2021-10-09,2021-10-12,2021-04-06,2021-10-11,validation,2021-04-06,2023-03-29
2104,S39G01N17,2021-10-16,2021-2022,30,고양 오리온,64,대구 한국가스공사,1,3,carryover,0,2021-10-09,2021-10-12,2021-10-09,2021-10-14,validation,2021-04-06,2023-03-29
2105,S39G01N18,2021-10-16,2021-2022,35,서울 삼성,06,수원 KT,0,3,carryover,0,2021-10-10,2021-10-13,2021-10-10,2021-10-14,validation,2021-04-06,2023-03-29
2106,S39G01N19,2021-10-17,2021-2022,16,원주 DB,64,대구 한국가스공사,0,3,carryover,0,2021-10-10,2021-10-15,2021-10-10,2021-10-16,validation,2021-04-06,2023-03-29
2107,S39G01N20,2021-10-17,2021-2022,55,서울 SK,10,울산 현대모비스,1,3,carryover,0,2021-10-09,2021-10-15,2021-10-09,2021-10-16,validation,2021-04-06,2023-03-29
2108,S39G01N21,2021-10-17,2021-2022,50,창원 LG,60,전주 KCC,0,3,carryover,0,2021-10-10,2021-10-15,2021-10-10,2021-10-15,validation,2021-04-06,2023-03-29
2109,S39G01N22,2021-10-18,2021-2022,06,수원 KT,30,고양 오리온,1,3,carryover,0,2021-10-11,2021-10-16,2021-10-10,2021-10-16,validation,2021-04-06,2023-03-29
2110,S39G01N23,2021-10-19,2021-2022,10,울산 현대모비스,35,서울 삼성,0,3,carryover,0,2021-10-11,2021-10-17,2021-10-11,2021-10-16,validation,2021-04-06,2023-03-29
2111,S39G01N24,2021-10-20,2021-2022,64,대구 한국가스공사,50,창원 LG,0,3,carryover,0,2021-10-14,2021-10-17,2021-10-11,2021-10-17,validation,2021-04-06,2023-03-29
2112,S39G01N25,2021-10-21,2021-2022,70,안양 KGC,55,서울 SK,1,3,carryover,0,2021-10-10,2021-10-16,2021-10-11,2021-10-17,validation,2021-04-06,2023-03-29
2113,S39G01N26,2021-10-22,2021-2022,16,원주 DB,35,서울 삼성,1,3,carryover,0,2021-10-11,2021-10-17,2021-10-13,2021-10-19,validation,2021-04-06,2023-03-29
2114,S39G01N27,2021-10-22,2021-2022,64,대구 한국가스공사,60,전주 KCC,0,3,carryover,0,2021-10-16,2021-10-20,2021-10-13,2021-10-17,validation,2021-04-06,2023-03-29
2115,S39G01N28,2021-10-23,2021-2022,50,창원 LG,70,안양 KGC,0,3,carryover,0,2021-10-15,2021-10-20,2021-10-12,2021-10-21,validation,2021-04-06,2023-03-29
2116,S39G01N29,2021-10-23,2021-2022,06,수원 KT,55,서울 SK,0,3,carryover,0,2021-10-14,2021-10-18,2021-10-15,2021-10-21,validation,2021-04-06,2023-03-29
2117,S39G01N30,2021-10-23,2021-2022,10,울산 현대모비스,30,고양 오리온,0,3,carryover,0,2021-10-16,2021-10-19,2021-10-12,2021-10-18,validation,2021-04-06,2023-03-29
2118,S39G01N31,2021-10-24,2021-2022,64,대구 한국가스공사,35,서울 삼성,1,3,carryover,0,2021-10-17,2021-10-22,2021-10-16,2021-10-22,validation,2021-04-06,2023-03-29
2119,S39G01N32,2021-10-24,2021-2022,55,서울 SK,16,원주 DB,1,3,carryover,0,2021-10-17,2021-10-23,2021-10-15,2021-10-22,validation,2021-04-06,2023-03-29
2120,S39G01N33,2021-10-24,2021-2022,60,전주 KCC,10,울산 현대모비스,1,3,carryover,0,2021-10-15,2021-10-22,2021-10-17,2021-10-23,validation,2021-04-06,2023-03-29
2121,S39G01N34,2021-10-25,2021-2022,50,창원 LG,30,고양 오리온,1,3,carryover,0,2021-10-17,2021-10-23,2021-10-16,2021-10-23,validation,2021-04-06,2023-03-29
2122,S39G01N35,2021-10-26,2021-2022,35,서울 삼성,70,안양 KGC,1,3,carryover,0,2021-10-19,2021-10-24,2021-10-16,2021-10-23,validation,2021-04-06,2023-03-29
2123,S39G01N36,2021-10-27,2021-2022,60,전주 KCC,16,원주 DB,0,3,carryover,0,2021-10-17,2021-10-24,2021-10-17,2021-10-24,validation,2021-04-06,2023-03-29
2124,S39G01N37,2021-10-28,2021-2022,06,수원 KT,10,울산 현대모비스,0,3,carryover,0,2021-10-16,2021-10-23,2021-10-19,2021-10-24,validation,2021-04-06,2023-03-29
2125,S39G01N38,2021-10-29,2021-2022,55,서울 SK,64,대구 한국가스공사,1,3,carryover,0,2021-10-21,2021-10-24,2021-10-20,2021-10-24,validation,2021-04-06,2023-03-29
2126,S39G01N39,2021-10-29,2021-2022,16,원주 DB,70,안양 KGC,0,3,carryover,0,2021-10-22,2021-10-27,2021-10-21,2021-10-26,validation,2021-04-06,2023-03-29
2127,S39G01N40,2021-10-30,2021-2022,10,울산 현대모비스,50,창원 LG,1,3,carryover,0,2021-10-23,2021-10-28,2021-10-20,2021-10-25,validation,2021-04-06,2023-03-29
2128,S39G01N41,2021-10-30,2021-2022,35,서울 삼성,30,고양 오리온,0,3,carryover,0,2021-10-22,2021-10-26,2021-10-18,2021-10-25,validation,2021-04-06,2023-03-29
2129,S39G01N42,2021-10-30,2021-2022,06,수원 KT,60,전주 KCC,1,3,carryover,0,2021-10-18,2021-10-28,2021-10-22,2021-10-27,validation,2021-04-06,2023-03-29
2130,S39G01N43,2021-10-31,2021-2022,50,창원 LG,55,서울 SK,0,3,carryover,0,2021-10-23,2021-10-30,2021-10-23,2021-10-29,validation,2021-04-06,2023-03-29
2131,S39G01N44,2021-10-31,2021-2022,16,원주 DB,30,고양 오리온,0,3,carryover,0,2021-10-24,2021-10-29,2021-10-23,2021-10-30,validation,2021-04-06,2023-03-29
2132,S39G01N45,2021-10-31,2021-2022,06,수원 KT,70,안양 KGC,1,3,carryover,0,2021-10-23,2021-10-30,2021-10-23,2021-10-29,validation,2021-04-06,2023-03-29
2133,S39G01N46,2021-11-01,2021-2022,64,대구 한국가스공사,10,울산 현대모비스,0,3,carryover,0,2021-10-22,2021-10-29,2021-10-24,2021-10-30,validation,2021-04-06,2023-03-29
2134,S39G01N47,2021-11-02,2021-2022,60,전주 KCC,50,창원 LG,1,3,carryover,0,2021-10-24,2021-10-30,2021-10-25,2021-10-31,validation,2021-04-06,2023-03-29
2135,S39G01N48,2021-11-03,2021-2022,06,수원 KT,30,고양 오리온,1,3,carryover,0,2021-10-28,2021-10-31,2021-10-25,2021-10-31,validation,2021-04-06,2023-03-29
2136,S39G01N49,2021-11-04,2021-2022,64,대구 한국가스공사,35,서울 삼성,1,3,carryover,0,2021-10-24,2021-11-01,2021-10-24,2021-10-30,validation,2021-04-06,2023-03-29
2137,S39G01N50,2021-11-05,2021-2022,55,서울 SK,06,수원 KT,1,3,carryover,0,2021-10-24,2021-10-31,2021-10-30,2021-11-03,validation,2021-04-06,2023-03-29
2138,S39G01N51,2021-11-06,2021-2022,70,안양 KGC,35,서울 삼성,1,3,carryover,0,2021-10-26,2021-10-31,2021-10-26,2021-11-04,validation,2021-04-06,2023-03-29
2139,S39G01N52,2021-11-06,2021-2022,10,울산 현대모비스,60,전주 KCC,0,3,carryover,0,2021-10-28,2021-11-01,2021-10-27,2021-11-02,validation,2021-04-06,2023-03-29
2140,S39G01N53,2021-11-06,2021-2022,30,고양 오리온,50,창원 LG,1,3,carryover,0,2021-10-30,2021-11-03,2021-10-30,2021-11-02,validation,2021-04-06,2023-03-29
2141,S39G01N54,2021-11-06,2021-2022,16,원주 DB,64,대구 한국가스공사,0,3,carryover,0,2021-10-27,2021-10-31,2021-10-29,2021-11-04,validation,2021-04-06,2023-03-29
2142,S39G01N55,2021-11-07,2021-2022,06,수원 KT,60,전주 KCC,1,3,carryover,0,2021-10-31,2021-11-05,2021-10-30,2021-11-06,validation,2021-04-06,2023-03-29
2143,S39G01N56,2021-11-07,2021-2022,55,서울 SK,70,안양 KGC,0,3,carryover,0,2021-10-29,2021-11-05,2021-10-29,2021-11-06,validation,2021-04-06,2023-03-29
2144,S39G01N57,2021-11-07,2021-2022,30,고양 오리온,16,원주 DB,1,3,carryover,0,2021-10-31,2021-11-06,2021-10-29,2021-11-06,validation,2021-04-06,2023-03-29
2145,S39G01N58,2021-11-07,2021-2022,10,울산 현대모비스,35,서울 삼성,1,3,carryover,0,2021-10-30,2021-11-06,2021-10-30,2021-11-06,validation,2021-04-06,2023-03-29
2146,S39G01N59,2021-11-08,2021-2022,50,창원 LG,64,대구 한국가스공사,1,3,carryover,0,2021-10-31,2021-11-06,2021-11-01,2021-11-06,validation,2021-04-06,2023-03-29
2147,S39G01N60,2021-11-09,2021-2022,10,울산 현대모비스,70,안양 KGC,0,3,carryover,0,2021-11-01,2021-11-07,2021-10-31,2021-11-07,validation,2021-04-06,2023-03-29
2148,S39G01N61,2021-11-10,2021-2022,16,원주 DB,06,수원 KT,1,3,carryover,0,2021-10-31,2021-11-07,2021-11-03,2021-11-07,validation,2021-04-06,2023-03-29
2149,S39G01N62,2021-11-11,2021-2022,35,서울 삼성,55,서울 SK,1,3,carryover,0,2021-11-04,2021-11-07,2021-10-31,2021-11-07,validation,2021-04-06,2023-03-29
2150,S39G01N63,2021-11-12,2021-2022,50,창원 LG,10,울산 현대모비스,0,3,carryover,0,2021-11-02,2021-11-08,2021-11-06,2021-11-09,validation,2021-04-06,2023-03-29
2151,S39G01N64,2021-11-13,2021-2022,60,전주 KCC,64,대구 한국가스공사,0,3,carryover,0,2021-11-02,2021-11-07,2021-11-04,2021-11-08,validation,2021-04-06,2023-03-29
2152,S39G01N65,2021-11-13,2021-2022,70,안양 KGC,30,고양 오리온,1,3,carryover,0,2021-11-06,2021-11-09,2021-11-03,2021-11-07,validation,2021-04-06,2023-03-29
2153,S39G01N66,2021-11-13,2021-2022,16,원주 DB,55,서울 SK,0,3,carryover,0,2021-11-06,2021-11-10,2021-11-05,2021-11-11,validation,2021-04-06,2023-03-29
2154,S39G01N67,2021-11-14,2021-2022,35,서울 삼성,60,전주 KCC,0,3,carryover,0,2021-11-06,2021-11-11,2021-11-06,2021-11-13,validation,2021-04-06,2023-03-29
2155,S39G01N68,2021-11-14,2021-2022,06,수원 KT,50,창원 LG,1,3,carryover,0,2021-11-05,2021-11-10,2021-11-06,2021-11-12,validation,2021-04-06,2023-03-29
2156,S39G01N69,2021-11-14,2021-2022,10,울산 현대모비스,16,원주 DB,1,3,carryover,0,2021-11-07,2021-11-12,2021-11-07,2021-11-13,validation,2021-04-06,2023-03-29
2157,S39G01N70,2021-11-15,2021-2022,55,서울 SK,30,고양 오리온,1,3,carryover,0,2021-11-07,2021-11-13,2021-11-06,2021-11-13,validation,2021-04-06,2023-03-29
2158,S39G01N71,2021-11-16,2021-2022,10,울산 현대모비스,06,수원 KT,0,3,carryover,0,2021-11-09,2021-11-14,2021-11-07,2021-11-14,validation,2021-04-06,2023-03-29
2159,S39G01N72,2021-11-17,2021-2022,64,대구 한국가스공사,30,고양 오리온,1,3,carryover,0,2021-11-06,2021-11-13,2021-11-07,2021-11-15,validation,2021-04-06,2023-03-29
2160,S39G01N73,2021-11-18,2021-2022,70,안양 KGC,60,전주 KCC,1,3,carryover,0,2021-11-07,2021-11-13,2021-11-07,2021-11-14,validation,2021-04-06,2023-03-29
2161,S39G01N74,2021-11-20,2021-2022,50,창원 LG,55,서울 SK,1,3,carryover,0,2021-11-08,2021-11-14,2021-11-11,2021-11-15,validation,2021-04-06,2023-03-29
2162,S39G01N75,2021-11-21,2021-2022,35,서울 삼성,06,수원 KT,0,3,carryover,0,2021-11-07,2021-11-14,2021-11-10,2021-11-16,validation,2021-04-06,2023-03-29
2163,S39G01N76,2021-11-21,2021-2022,64,대구 한국가스공사,70,안양 KGC,0,3,carryover,0,2021-11-08,2021-11-17,2021-11-09,2021-11-18,validation,2021-04-06,2023-03-29
2164,S39G01N77,2021-11-27,2021-2022,16,원주 DB,35,서울 삼성,1,3,carryover,0,2021-11-10,2021-11-14,2021-11-11,2021-11-21,validation,2021-04-06,2023-03-29
2165,S39G01N78,2021-11-28,2021-2022,55,서울 SK,60,전주 KCC,1,3,carryover,0,2021-11-13,2021-11-20,2021-11-13,2021-11-18,validation,2021-04-06,2023-03-29
2166,S39G01N79,2021-11-28,2021-2022,06,수원 KT,70,안양 KGC,1,3,carryover,0,2021-11-14,2021-11-21,2021-11-13,2021-11-21,validation,2021-04-06,2023-03-29
2167,S39G01N80,2021-12-01,2021-2022,16,원주 DB,50,창원 LG,0,3,carryover,0,2021-11-13,2021-11-27,2021-11-12,2021-11-20,validation,2021-04-06,2023-03-29
2168,S39G01N81,2021-12-02,2021-2022,30,고양 오리온,10,울산 현대모비스,0,3,carryover,0,2021-11-13,2021-11-17,2021-11-12,2021-11-16,validation,2021-04-06,2023-03-29
2169,S39G01N82,2021-12-03,2021-2022,70,안양 KGC,50,창원 LG,0,3,carryover,0,2021-11-18,2021-11-28,2021-11-14,2021-12-01,validation,2021-04-06,2023-03-29
2170,S39G01N83,2021-12-04,2021-2022,60,전주 KCC,16,원주 DB,1,3,carryover,0,2021-11-14,2021-11-28,2021-11-14,2021-12-01,validation,2021-04-06,2023-03-29
2171,S39G01N84,2021-12-04,2021-2022,35,서울 삼성,30,고양 오리온,0,3,carryover,0,2021-11-14,2021-11-27,2021-11-15,2021-12-02,validation,2021-04-06,2023-03-29
2172,S39G01N85,2021-12-04,2021-2022,10,울산 현대모비스,55,서울 SK,1,3,carryover,0,2021-11-14,2021-12-02,2021-11-15,2021-11-28,validation,2021-04-06,2023-03-29
2173,S39G01N86,2021-12-04,2021-2022,64,대구 한국가스공사,06,수원 KT,0,3,carryover,0,2021-11-13,2021-11-21,2021-11-16,2021-11-28,validation,2021-04-06,2023-03-29
2174,S39G01N87,2021-12-05,2021-2022,35,서울 삼성,50,창원 LG,1,3,carryover,0,2021-11-21,2021-12-04,2021-11-20,2021-12-03,validation,2021-04-06,2023-03-29
2175,S39G01N88,2021-12-05,2021-2022,70,안양 KGC,16,원주 DB,0,3,carryover,0,2021-11-21,2021-12-03,2021-11-27,2021-12-04,validation,2021-04-06,2023-03-29
2176,S39G01N89,2021-12-05,2021-2022,64,대구 한국가스공사,55,서울 SK,0,3,carryover,0,2021-11-17,2021-12-04,2021-11-20,2021-12-04,validation,2021-04-06,2023-03-29
2177,S39G01N90,2021-12-05,2021-2022,30,고양 오리온,60,전주 KCC,1,3,carryover,0,2021-11-17,2021-12-04,2021-11-18,2021-12-04,validation,2021-04-06,2023-03-29
2178,S39G01N91,2021-12-06,2021-2022,10,울산 현대모비스,06,수원 KT,0,3,carryover,0,2021-11-16,2021-12-04,2021-11-21,2021-12-04,validation,2021-04-06,2023-03-29
2179,S39G01N92,2021-12-07,2021-2022,35,서울 삼성,16,원주 DB,0,3,carryover,0,2021-11-27,2021-12-05,2021-12-01,2021-12-05,validation,2021-04-06,2023-03-29
2180,S39G01N93,2021-12-08,2021-2022,30,고양 오리온,50,창원 LG,1,3,carryover,0,2021-12-02,2021-12-05,2021-12-01,2021-12-05,validation,2021-04-06,2023-03-29
2181,S39G01N94,2021-12-09,2021-2022,60,전주 KCC,64,대구 한국가스공사,0,3,carryover,0,2021-11-28,2021-12-05,2021-11-21,2021-12-05,validation,2021-04-06,2023-03-29
2182,S39G01N95,2021-12-10,2021-2022,30,고양 오리온,55,서울 SK,0,3,carryover,0,2021-12-04,2021-12-08,2021-11-28,2021-12-05,validation,2021-04-06,2023-03-29
2183,S39G01N96,2021-12-11,2021-2022,10,울산 현대모비스,70,안양 KGC,1,3,carryover,0,2021-12-02,2021-12-06,2021-11-28,2021-12-05,validation,2021-04-06,2023-03-29
2184,S39G01N97,2021-12-11,2021-2022,60,전주 KCC,35,서울 삼성,1,3,carryover,0,2021-12-04,2021-12-09,2021-12-04,2021-12-07,validation,2021-04-06,2023-03-29
2185,S39G01N98,2021-12-11,2021-2022,50,창원 LG,64,대구 한국가스공사,1,3,carryover,0,2021-12-03,2021-12-08,2021-12-04,2021-12-09,validation,2021-04-06,2023-03-29
2186,S39G01N99,2021-12-11,2021-2022,16,원주 DB,06,수원 KT,0,3,carryover,0,2021-12-04,2021-12-07,2021-11-28,2021-12-06,validation,2021-04-06,2023-03-29
2187,S39G01N100,2021-12-12,2021-2022,70,안양 KGC,35,서울 삼성,1,3,carryover,0,2021-12-03,2021-12-11,2021-12-05,2021-12-11,validation,2021-04-06,2023-03-29
2188,S39G01N101,2021-12-12,2021-2022,55,서울 SK,10,울산 현대모비스,1,3,carryover,0,2021-12-04,2021-12-10,2021-12-04,2021-12-11,validation,2021-04-06,2023-03-29
2189,S39G01N102,2021-12-12,2021-2022,30,고양 오리온,60,전주 KCC,0,3,carryover,0,2021-12-05,2021-12-10,2021-12-05,2021-12-11,validation,2021-04-06,2023-03-29
2190,S39G01N103,2021-12-12,2021-2022,50,창원 LG,06,수원 KT,0,3,carryover,0,2021-12-05,2021-12-11,2021-12-04,2021-12-11,validation,2021-04-06,2023-03-29
2191,S39G01N104,2021-12-13,2021-2022,64,대구 한국가스공사,16,원주 DB,1,3,carryover,0,2021-12-05,2021-12-11,2021-12-05,2021-12-11,validation,2021-04-06,2023-03-29
2192,S39G01N105,2021-12-14,2021-2022,06,수원 KT,35,서울 삼성,1,3,carryover,0,2021-12-06,2021-12-12,2021-12-07,2021-12-12,validation,2021-04-06,2023-03-29
2193,S39G01N106,2021-12-15,2021-2022,60,전주 KCC,50,창원 LG,0,3,carryover,0,2021-12-09,2021-12-12,2021-12-08,2021-12-12,validation,2021-04-06,2023-03-29
2194,S39G01N107,2021-12-16,2021-2022,55,서울 SK,70,안양 KGC,0,3,carryover,0,2021-12-05,2021-12-12,2021-12-05,2021-12-12,validation,2021-04-06,2023-03-29
2195,S39G01N108,2021-12-17,2021-2022,60,전주 KCC,10,울산 현대모비스,0,3,carryover,0,2021-12-11,2021-12-15,2021-12-06,2021-12-12,validation,2021-04-06,2023-03-29
2196,S39G01N109,2021-12-18,2021-2022,16,원주 DB,30,고양 오리온,1,3,carryover,0,2021-12-07,2021-12-13,2021-12-08,2021-12-12,validation,2021-04-06,2023-03-29
2197,S39G01N110,2021-12-18,2021-2022,55,서울 SK,50,창원 LG,1,3,carryover,0,2021-12-10,2021-12-16,2021-12-11,2021-12-15,validation,2021-04-06,2023-03-29
2198,S39G01N111,2021-12-18,2021-2022,70,안양 KGC,06,수원 KT,1,3,carryover,0,2021-12-11,2021-12-16,2021-12-11,2021-12-14,validation,2021-04-06,2023-03-29
2199,S39G01N112,2021-12-18,2021-2022,64,대구 한국가스공사,35,서울 삼성,1,3,carryover,0,2021-12-09,2021-12-13,2021-12-11,2021-12-14,validation,2021-04-06,2023-03-29
2200,S39G01N113,2021-12-19,2021-2022,16,원주 DB,10,울산 현대모비스,1,3,carryover,0,2021-12-11,2021-12-18,2021-12-11,2021-12-17,validation,2021-04-06,2023-03-29
2201,S39G01N114,2021-12-19,2021-2022,55,서울 SK,60,전주 KCC,1,3,carryover,0,2021-12-12,2021-12-18,2021-12-12,2021-12-17,validation,2021-04-06,2023-03-29
2202,S39G01N115,2021-12-19,2021-2022,64,대구 한국가스공사,06,수원 KT,0,3,carryover,0,2021-12-11,2021-12-18,2021-12-12,2021-12-18,validation,2021-04-06,2023-03-29
2203,S39G01N116,2021-12-19,2021-2022,30,고양 오리온,70,안양 KGC,0,3,carryover,0,2021-12-10,2021-12-18,2021-12-12,2021-12-18,validation,2021-04-06,2023-03-29
2204,S39G01N117,2021-12-20,2021-2022,50,창원 LG,35,서울 삼성,1,3,carryover,0,2021-12-12,2021-12-18,2021-12-12,2021-12-18,validation,2021-04-06,2023-03-29
2205,S39G01N118,2021-12-21,2021-2022,70,안양 KGC,64,대구 한국가스공사,0,3,carryover,0,2021-12-16,2021-12-19,2021-12-13,2021-12-19,validation,2021-04-06,2023-03-29
2206,S39G01N119,2021-12-22,2021-2022,16,원주 DB,55,서울 SK,0,3,carryover,0,2021-12-13,2021-12-19,2021-12-16,2021-12-19,validation,2021-04-06,2023-03-29
2207,S39G01N120,2021-12-23,2021-2022,06,수원 KT,60,전주 KCC,1,3,carryover,0,2021-12-14,2021-12-19,2021-12-15,2021-12-19,validation,2021-04-06,2023-03-29
2208,S39G01N121,2021-12-24,2021-2022,30,고양 오리온,10,울산 현대모비스,1,3,carryover,0,2021-12-12,2021-12-19,2021-12-12,2021-12-19,validation,2021-04-06,2023-03-29
2209,S39G01N122,2021-12-25,2021-2022,50,창원 LG,16,원주 DB,1,3,carryover,0,2021-12-15,2021-12-20,2021-12-18,2021-12-22,validation,2021-04-06,2023-03-29
2210,S39G01N123,2021-12-25,2021-2022,55,서울 SK,35,서울 삼성,1,3,carryover,0,2021-12-18,2021-12-22,2021-12-14,2021-12-20,validation,2021-04-06,2023-03-29
2211,S39G01N124,2021-12-25,2021-2022,70,안양 KGC,60,전주 KCC,1,3,carryover,0,2021-12-18,2021-12-21,2021-12-17,2021-12-23,validation,2021-04-06,2023-03-29
2212,S39G01N125,2021-12-26,2021-2022,64,대구 한국가스공사,10,울산 현대모비스,0,3,carryover,0,2021-12-18,2021-12-21,2021-12-17,2021-12-24,validation,2021-04-06,2023-03-29
2213,S39G01N126,2021-12-26,2021-2022,06,수원 KT,55,서울 SK,1,3,carryover,0,2021-12-18,2021-12-23,2021-12-19,2021-12-25,validation,2021-04-06,2023-03-29
2214,S39G01N127,2021-12-26,2021-2022,30,고양 오리온,35,서울 삼성,1,3,carryover,0,2021-12-18,2021-12-24,2021-12-18,2021-12-25,validation,2021-04-06,2023-03-29
2215,S39G01N128,2021-12-27,2021-2022,70,안양 KGC,50,창원 LG,0,3,carryover,0,2021-12-19,2021-12-25,2021-12-18,2021-12-25,validation,2021-04-06,2023-03-29
2216,S39G01N129,2021-12-27,2021-2022,16,원주 DB,60,전주 KCC,1,3,carryover,0,2021-12-19,2021-12-25,2021-12-19,2021-12-25,validation,2021-04-06,2023-03-29
2217,S39G01N130,2021-12-28,2021-2022,30,고양 오리온,06,수원 KT,0,3,carryover,0,2021-12-19,2021-12-26,2021-12-19,2021-12-26,validation,2021-04-06,2023-03-29
2218,S39G01N131,2021-12-29,2021-2022,64,대구 한국가스공사,55,서울 SK,0,3,carryover,0,2021-12-19,2021-12-26,2021-12-22,2021-12-26,validation,2021-04-06,2023-03-29
2219,S39G01N132,2021-12-30,2021-2022,10,울산 현대모비스,35,서울 삼성,1,3,carryover,0,2021-12-19,2021-12-26,2021-12-20,2021-12-26,validation,2021-04-06,2023-03-29
2220,S39G01N133,2021-12-31,2021-2022,70,안양 KGC,16,원주 DB,1,3,carryover,0,2021-12-21,2021-12-27,2021-12-22,2021-12-27,validation,2021-04-06,2023-03-29
2221,S39G01N134,2022-01-01,2021-2022,10,울산 현대모비스,50,창원 LG,1,3,carryover,0,2021-12-24,2021-12-30,2021-12-20,2021-12-27,validation,2021-04-06,2023-03-29
2222,S39G01N135,2022-01-01,2021-2022,64,대구 한국가스공사,30,고양 오리온,0,3,carryover,0,2021-12-21,2021-12-29,2021-12-24,2021-12-28,validation,2021-04-06,2023-03-29
2223,S39G01N136,2022-01-01,2021-2022,06,수원 KT,35,서울 삼성,1,3,carryover,0,2021-12-23,2021-12-28,2021-12-25,2021-12-30,validation,2021-04-06,2023-03-29
2224,S39G01N137,2022-01-02,2021-2022,50,창원 LG,64,대구 한국가스공사,1,3,carryover,0,2021-12-25,2022-01-01,2021-12-26,2022-01-01,validation,2021-04-06,2023-03-29
2225,S39G01N138,2022-01-02,2021-2022,10,울산 현대모비스,30,고양 오리온,1,3,carryover,0,2021-12-26,2022-01-01,2021-12-26,2022-01-01,validation,2021-04-06,2023-03-29
2226,S39G01N139,2022-01-02,2021-2022,60,전주 KCC,55,서울 SK,0,3,carryover,0,2021-12-23,2021-12-27,2021-12-25,2021-12-29,validation,2021-04-06,2023-03-29
2227,S39G01N140,2022-01-03,2021-2022,06,수원 KT,16,원주 DB,0,3,carryover,0,2021-12-26,2022-01-01,2021-12-25,2021-12-31,validation,2021-04-06,2023-03-29
2228,S39G01N141,2022-01-03,2021-2022,35,서울 삼성,70,안양 KGC,0,3,carryover,0,2021-12-26,2022-01-01,2021-12-25,2021-12-31,validation,2021-04-06,2023-03-29
2229,S39G01N142,2022-01-04,2021-2022,10,울산 현대모비스,55,서울 SK,0,3,carryover,0,2021-12-30,2022-01-02,2021-12-26,2022-01-02,validation,2021-04-06,2023-03-29
2230,S39G01N143,2022-01-05,2021-2022,06,수원 KT,64,대구 한국가스공사,0,3,carryover,0,2021-12-28,2022-01-03,2021-12-29,2022-01-02,validation,2021-04-06,2023-03-29
2231,S39G01N144,2022-01-06,2021-2022,50,창원 LG,30,고양 오리온,1,3,carryover,0,2021-12-27,2022-01-02,2021-12-28,2022-01-02,validation,2021-04-06,2023-03-29
2232,S39G01N145,2022-01-07,2021-2022,35,서울 삼성,64,대구 한국가스공사,1,3,carryover,0,2021-12-30,2022-01-03,2022-01-01,2022-01-05,validation,2021-04-06,2023-03-29
2233,S39G01N146,2022-01-08,2021-2022,16,원주 DB,70,안양 KGC,0,3,carryover,0,2021-12-27,2022-01-03,2021-12-27,2022-01-03,validation,2021-04-06,2023-03-29
2234,S39G01N147,2022-01-08,2021-2022,55,서울 SK,30,고양 오리온,1,3,carryover,0,2021-12-29,2022-01-04,2022-01-01,2022-01-06,validation,2021-04-06,2023-03-29
2235,S39G01N148,2022-01-08,2021-2022,50,창원 LG,10,울산 현대모비스,0,3,carryover,0,2022-01-01,2022-01-06,2022-01-01,2022-01-04,validation,2021-04-06,2023-03-29
2236,S39G01N149,2022-01-08,2021-2022,60,전주 KCC,06,수원 KT,0,3,carryover,0,2021-12-25,2022-01-02,2022-01-01,2022-01-05,validation,2021-04-06,2023-03-29
2237,S39G01N150,2022-01-09,2021-2022,35,서울 삼성,16,원주 DB,0,3,carryover,0,2022-01-01,2022-01-07,2021-12-31,2022-01-08,validation,2021-04-06,2023-03-29
2238,S39G01N151,2022-01-09,2021-2022,70,안양 KGC,55,서울 SK,0,3,carryover,0,2021-12-31,2022-01-08,2022-01-02,2022-01-08,validation,2021-04-06,2023-03-29
2239,S39G01N152,2022-01-09,2021-2022,60,전주 KCC,50,창원 LG,0,3,carryover,0,2021-12-27,2022-01-08,2022-01-02,2022-01-08,validation,2021-04-06,2023-03-29
2240,S39G01N153,2022-01-09,2021-2022,64,대구 한국가스공사,10,울산 현대모비스,0,3,carryover,0,2022-01-02,2022-01-07,2022-01-02,2022-01-08,validation,2021-04-06,2023-03-29
2241,S39G01N154,2022-01-10,2021-2022,30,고양 오리온,06,수원 KT,1,3,carryover,0,2022-01-02,2022-01-08,2022-01-03,2022-01-08,validation,2021-04-06,2023-03-29
2242,S39G01N155,2022-01-11,2021-2022,55,서울 SK,50,창원 LG,1,3,carryover,0,2022-01-04,2022-01-09,2022-01-06,2022-01-09,validation,2021-04-06,2023-03-29
2243,S39G01N156,2022-01-11,2021-2022,16,원주 DB,60,전주 KCC,1,3,carryover,0,2022-01-03,2022-01-09,2022-01-02,2022-01-09,validation,2021-04-06,2023-03-29
2244,S39G01N157,2022-01-12,2021-2022,35,서울 삼성,10,울산 현대모비스,0,3,carryover,0,2022-01-03,2022-01-09,2022-01-04,2022-01-09,validation,2021-04-06,2023-03-29
2245,S39G01N158,2022-01-12,2021-2022,70,안양 KGC,64,대구 한국가스공사,1,3,carryover,0,2022-01-03,2022-01-09,2022-01-05,2022-01-09,validation,2021-04-06,2023-03-29
2246,S39G01N159,2022-01-18,2021-2022,70,안양 KGC,50,창원 LG,0,3,carryover,0,2022-01-08,2022-01-12,2022-01-08,2022-01-11,validation,2021-04-06,2023-03-29
2247,S39G01N160,2022-01-19,2021-2022,06,수원 KT,55,서울 SK,0,3,carryover,0,2022-01-05,2022-01-10,2022-01-08,2022-01-11,validation,2021-04-06,2023-03-29
2248,S39G01N161,2022-01-19,2021-2022,60,전주 KCC,30,고양 오리온,1,3,carryover,0,2022-01-08,2022-01-11,2022-01-06,2022-01-10,validation,2021-04-06,2023-03-29
2249,S39G01N162,2022-01-20,2021-2022,64,대구 한국가스공사,16,원주 DB,1,3,carryover,0,2022-01-07,2022-01-12,2022-01-08,2022-01-11,validation,2021-04-06,2023-03-29
2250,S39G01N163,2022-01-21,2021-2022,10,울산 현대모비스,70,안양 KGC,1,3,carryover,0,2022-01-08,2022-01-12,2022-01-09,2022-01-18,validation,2021-04-06,2023-03-29
2251,S39G01N164,2022-01-22,2021-2022,60,전주 KCC,35,서울 삼성,1,3,carryover,0,2022-01-09,2022-01-19,2022-01-07,2022-01-12,validation,2021-04-06,2023-03-29
2252,S39G01N165,2022-01-22,2021-2022,30,고양 오리온,64,대구 한국가스공사,1,3,carryover,0,2022-01-08,2022-01-19,2022-01-09,2022-01-20,validation,2021-04-06,2023-03-29
2253,S39G01N166,2022-01-22,2021-2022,55,서울 SK,16,원주 DB,1,3,carryover,0,2022-01-09,2022-01-19,2022-01-09,2022-01-20,validation,2021-04-06,2023-03-29
2254,S39G01N167,2022-01-22,2021-2022,50,창원 LG,06,수원 KT,1,3,carryover,0,2022-01-09,2022-01-18,2022-01-08,2022-01-19,validation,2021-04-06,2023-03-29
2255,S39G01N168,2022-01-23,2021-2022,30,고양 오리온,35,서울 삼성,1,3,carryover,0,2022-01-10,2022-01-22,2022-01-09,2022-01-22,validation,2021-04-06,2023-03-29
2256,S39G01N169,2022-01-23,2021-2022,60,전주 KCC,70,안양 KGC,0,3,carryover,0,2022-01-11,2022-01-22,2022-01-12,2022-01-21,validation,2021-04-06,2023-03-29
2257,S39G01N170,2022-01-23,2021-2022,16,원주 DB,50,창원 LG,1,3,carryover,0,2022-01-11,2022-01-22,2022-01-11,2022-01-22,validation,2021-04-06,2023-03-29
2258,S39G01N171,2022-01-23,2021-2022,10,울산 현대모비스,06,수원 KT,1,3,carryover,0,2022-01-09,2022-01-21,2022-01-10,2022-01-22,validation,2021-04-06,2023-03-29
2259,S39G01N172,2022-01-24,2021-2022,55,서울 SK,64,대구 한국가스공사,1,3,carryover,0,2022-01-11,2022-01-22,2022-01-12,2022-01-22,validation,2021-04-06,2023-03-29
2260,S39G01N174,2022-01-26,2021-2022,10,울산 현대모비스,16,원주 DB,1,3,carryover,0,2022-01-12,2022-01-23,2022-01-20,2022-01-23,validation,2021-04-06,2023-03-29
2261,S39G01N175,2022-01-27,2021-2022,70,안양 KGC,30,고양 오리온,1,3,carryover,0,2022-01-18,2022-01-23,2022-01-19,2022-01-23,validation,2021-04-06,2023-03-29
2262,S39G01N176,2022-01-28,2021-2022,10,울산 현대모비스,60,전주 KCC,0,3,carryover,0,2022-01-21,2022-01-26,2022-01-19,2022-01-23,validation,2021-04-06,2023-03-29
2263,S39G01N179,2022-01-29,2021-2022,70,안양 KGC,06,수원 KT,0,3,carryover,0,2022-01-21,2022-01-27,2022-01-19,2022-01-23,validation,2021-04-06,2023-03-29
2264,S39G01N180,2022-01-30,2021-2022,64,대구 한국가스공사,60,전주 KCC,1,3,carryover,0,2022-01-20,2022-01-24,2022-01-22,2022-01-28,validation,2021-04-06,2023-03-29
2265,S39G01N181,2022-01-30,2021-2022,10,울산 현대모비스,50,창원 LG,1,3,carryover,0,2022-01-23,2022-01-28,2022-01-18,2022-01-23,validation,2021-04-06,2023-03-29
2266,S39G01N182,2022-01-30,2021-2022,55,서울 SK,16,원주 DB,1,3,carryover,0,2022-01-19,2022-01-24,2022-01-22,2022-01-26,validation,2021-04-06,2023-03-29
2267,S39G01N185,2022-02-01,2021-2022,50,창원 LG,60,전주 KCC,0,3,carryover,0,2022-01-22,2022-01-30,2022-01-23,2022-01-30,validation,2021-04-06,2023-03-29
2268,S39G01N186,2022-02-01,2021-2022,10,울산 현대모비스,64,대구 한국가스공사,1,3,carryover,0,2022-01-26,2022-01-30,2022-01-22,2022-01-30,validation,2021-04-06,2023-03-29
2269,S39G01N188,2022-02-02,2021-2022,16,원주 DB,70,안양 KGC,0,3,carryover,0,2022-01-23,2022-01-30,2022-01-23,2022-01-29,validation,2021-04-06,2023-03-29
2270,S39G01N190,2022-02-03,2021-2022,64,대구 한국가스공사,50,창원 LG,1,3,carryover,0,2022-01-24,2022-02-01,2022-01-23,2022-02-01,validation,2021-04-06,2023-03-29
2271,S39G01N191,2022-02-04,2021-2022,60,전주 KCC,55,서울 SK,0,3,carryover,0,2022-01-28,2022-02-01,2022-01-22,2022-01-30,validation,2021-04-06,2023-03-29
2272,S39G01N192,2022-02-05,2021-2022,30,고양 오리온,10,울산 현대모비스,0,3,carryover,0,2022-01-22,2022-01-27,2022-01-28,2022-02-01,validation,2021-04-06,2023-03-29
2273,S39G01N193,2022-02-05,2021-2022,64,대구 한국가스공사,16,원주 DB,1,3,carryover,0,2022-01-30,2022-02-03,2022-01-26,2022-02-02,validation,2021-04-06,2023-03-29
2274,S39G01N194,2022-02-05,2021-2022,50,창원 LG,70,안양 KGC,1,3,carryover,0,2022-01-30,2022-02-03,2022-01-27,2022-02-02,validation,2021-04-06,2023-03-29
2275,S39G01N195,2022-02-06,2021-2022,55,서울 SK,06,수원 KT,1,3,carryover,0,2022-01-24,2022-02-04,2022-01-22,2022-01-29,validation,2021-04-06,2023-03-29
2276,S39G01N196,2022-02-06,2021-2022,16,원주 DB,10,울산 현대모비스,1,3,carryover,0,2022-01-30,2022-02-05,2022-01-30,2022-02-05,validation,2021-04-06,2023-03-29
2277,S39G01N197,2022-02-06,2021-2022,60,전주 KCC,35,서울 삼성,1,3,carryover,0,2022-01-30,2022-02-04,2022-01-12,2022-01-23,validation,2021-04-06,2023-03-29
2278,S39G01N199,2022-02-08,2021-2022,06,수원 KT,16,원주 DB,0,3,carryover,0,2022-01-23,2022-02-06,2022-02-02,2022-02-06,validation,2021-04-06,2023-03-29
2279,S39G01N200,2022-02-08,2021-2022,50,창원 LG,30,고양 오리온,0,3,carryover,0,2022-02-01,2022-02-05,2022-01-23,2022-02-05,validation,2021-04-06,2023-03-29
2280,S39G01N201,2022-02-09,2021-2022,35,서울 삼성,10,울산 현대모비스,0,3,carryover,0,2022-01-22,2022-02-06,2022-02-01,2022-02-06,validation,2021-04-06,2023-03-29
2281,S39G01N202,2022-02-10,2021-2022,30,고양 오리온,60,전주 KCC,1,3,carryover,0,2022-01-27,2022-02-08,2022-02-01,2022-02-06,validation,2021-04-06,2023-03-29
2282,S39G01N203,2022-02-11,2021-2022,06,수원 KT,10,울산 현대모비스,1,3,carryover,0,2022-01-29,2022-02-08,2022-02-05,2022-02-09,validation,2021-04-06,2023-03-29
2283,S39G01N204,2022-02-12,2021-2022,64,대구 한국가스공사,55,서울 SK,0,3,carryover,0,2022-02-01,2022-02-05,2022-01-30,2022-02-06,validation,2021-04-06,2023-03-29
2284,S39G01N205,2022-02-12,2021-2022,60,전주 KCC,70,안양 KGC,1,3,carryover,0,2022-02-04,2022-02-10,2022-01-29,2022-02-05,validation,2021-04-06,2023-03-29
2285,S39G01N206,2022-02-12,2021-2022,16,원주 DB,30,고양 오리온,1,3,carryover,0,2022-02-05,2022-02-08,2022-02-05,2022-02-10,validation,2021-04-06,2023-03-29
2286,S39G01N207,2022-02-12,2021-2022,35,서울 삼성,50,창원 LG,0,3,carryover,0,2022-01-23,2022-02-09,2022-02-03,2022-02-08,validation,2021-04-06,2023-03-29
2287,S39G01N208,2022-02-13,2021-2022,60,전주 KCC,06,수원 KT,0,3,carryover,0,2022-02-06,2022-02-12,2022-02-06,2022-02-11,validation,2021-04-06,2023-03-29
2288,S39G01N209,2022-02-13,2021-2022,70,안양 KGC,10,울산 현대모비스,0,3,carryover,0,2022-02-02,2022-02-12,2022-02-06,2022-02-11,validation,2021-04-06,2023-03-29
2289,S39G01N210,2022-02-13,2021-2022,64,대구 한국가스공사,30,고양 오리온,0,3,carryover,0,2022-02-03,2022-02-12,2022-02-08,2022-02-12,validation,2021-04-06,2023-03-29
2290,S39G01N211,2022-02-13,2021-2022,35,서울 삼성,55,서울 SK,0,3,carryover,0,2022-02-06,2022-02-12,2022-02-04,2022-02-12,validation,2021-04-06,2023-03-29
2291,S39G01N212,2022-02-14,2021-2022,50,창원 LG,16,원주 DB,1,3,carryover,0,2022-02-05,2022-02-12,2022-02-06,2022-02-12,validation,2021-04-06,2023-03-29
2292,S39G01N214,2022-02-15,2021-2022,10,울산 현대모비스,55,서울 SK,0,3,carryover,0,2022-02-09,2022-02-13,2022-02-06,2022-02-13,validation,2021-04-06,2023-03-29
2293,S39G01N215,2022-02-15,2021-2022,35,서울 삼성,64,대구 한국가스공사,0,3,carryover,0,2022-02-09,2022-02-13,2022-02-05,2022-02-13,validation,2021-04-06,2023-03-29
2294,S39G01N217,2022-03-02,2021-2022,30,고양 오리온,35,서울 삼성,0,3,carryover,0,2022-02-10,2022-02-13,2022-02-12,2022-02-15,validation,2021-04-06,2023-03-29
2295,S39G01N218,2022-03-02,2021-2022,55,서울 SK,70,안양 KGC,0,3,carryover,0,2022-02-12,2022-02-15,2022-02-05,2022-02-13,validation,2021-04-06,2023-03-29
2296,S39G01N219,2022-03-03,2021-2022,06,수원 KT,50,창원 LG,1,3,carryover,0,2022-02-08,2022-02-13,2022-02-08,2022-02-14,validation,2021-04-06,2023-03-29
2297,S39G01N221,2022-03-04,2021-2022,16,원주 DB,35,서울 삼성,0,3,carryover,0,2022-02-08,2022-02-14,2022-02-13,2022-03-02,validation,2021-04-06,2023-03-29
2298,S39G01N222,2022-03-05,2021-2022,60,전주 KCC,10,울산 현대모비스,1,3,carryover,0,2022-02-10,2022-02-13,2022-02-11,2022-02-15,validation,2021-04-06,2023-03-29
2299,S39G01N223,2022-03-05,2021-2022,55,서울 SK,50,창원 LG,1,3,carryover,0,2022-02-13,2022-03-02,2022-02-12,2022-03-03,validation,2021-04-06,2023-03-29
2300,S39G01N225,2022-03-05,2021-2022,30,고양 오리온,70,안양 KGC,0,3,carryover,0,2022-02-12,2022-03-02,2022-02-12,2022-03-02,validation,2021-04-06,2023-03-29
2301,S39G01N226,2022-03-06,2021-2022,16,원주 DB,55,서울 SK,0,3,carryover,0,2022-02-12,2022-03-04,2022-02-15,2022-03-05,validation,2021-04-06,2023-03-29
2302,S39G01N227,2022-03-06,2021-2022,35,서울 삼성,10,울산 현대모비스,0,3,carryover,0,2022-02-15,2022-03-04,2022-02-13,2022-03-05,validation,2021-04-06,2023-03-29
2303,S39G01N228,2022-03-06,2021-2022,60,전주 KCC,06,수원 KT,0,3,carryover,0,2022-02-12,2022-03-05,2022-02-11,2022-03-03,validation,2021-04-06,2023-03-29
2304,S39G01N230,2022-03-07,2021-2022,30,고양 오리온,50,창원 LG,1,3,carryover,0,2022-02-13,2022-03-05,2022-02-14,2022-03-05,validation,2021-04-06,2023-03-29
2305,S39G01N231,2022-03-08,2021-2022,35,서울 삼성,60,전주 KCC,0,3,carryover,0,2022-03-02,2022-03-06,2022-02-13,2022-03-06,validation,2021-04-06,2023-03-29
2306,S39G01N232,2022-03-09,2021-2022,55,서울 SK,10,울산 현대모비스,0,3,carryover,0,2022-03-02,2022-03-06,2022-02-15,2022-03-06,validation,2021-04-06,2023-03-29
2307,S39G01N233,2022-03-10,2021-2022,16,원주 DB,06,수원 KT,1,3,carryover,0,2022-02-14,2022-03-06,2022-02-13,2022-03-06,validation,2021-04-06,2023-03-29
2308,S39G01N234,2022-03-11,2021-2022,55,서울 SK,64,대구 한국가스공사,1,3,carryover,0,2022-03-05,2022-03-09,2022-02-12,2022-02-15,validation,2021-04-06,2023-03-29
2309,S39G01N235,2022-03-11,2021-2022,35,서울 삼성,70,안양 KGC,0,3,carryover,0,2022-03-04,2022-03-08,2022-02-13,2022-03-05,validation,2021-04-06,2023-03-29
2310,S39G01N237,2022-03-12,2021-2022,30,고양 오리온,06,수원 KT,0,3,carryover,0,2022-03-02,2022-03-07,2022-03-03,2022-03-10,validation,2021-04-06,2023-03-29
2311,S39G01N238,2022-03-12,2021-2022,10,울산 현대모비스,16,원주 DB,1,3,carryover,0,2022-03-05,2022-03-09,2022-03-04,2022-03-10,validation,2021-04-06,2023-03-29
2312,S39G01N239,2022-03-13,2021-2022,55,서울 SK,35,서울 삼성,1,3,carryover,0,2022-03-06,2022-03-11,2022-03-06,2022-03-11,validation,2021-04-06,2023-03-29
2313,S39G01N241,2022-03-13,2021-2022,30,고양 오리온,64,대구 한국가스공사,0,3,carryover,0,2022-03-05,2022-03-12,2022-02-13,2022-03-11,validation,2021-04-06,2023-03-29
2314,S39G01N242,2022-03-14,2021-2022,60,전주 KCC,16,원주 DB,0,3,carryover,0,2022-03-05,2022-03-08,2022-03-06,2022-03-12,validation,2021-04-06,2023-03-29
2315,S39G01N187,2022-03-15,2021-2022,06,수원 KT,35,서울 삼성,1,3,carryover,0,2022-03-06,2022-03-12,2022-03-08,2022-03-13,validation,2021-04-06,2023-03-29
2316,S39G01N243,2022-03-15,2021-2022,55,서울 SK,30,고양 오리온,0,3,carryover,0,2022-03-09,2022-03-13,2022-03-07,2022-03-13,validation,2021-04-06,2023-03-29
2317,S39G01N244,2022-03-16,2021-2022,64,대구 한국가스공사,60,전주 KCC,1,3,carryover,0,2022-02-15,2022-03-13,2022-03-06,2022-03-14,validation,2021-04-06,2023-03-29
2318,S39G01N245,2022-03-17,2021-2022,70,안양 KGC,16,원주 DB,1,3,carryover,0,2022-03-02,2022-03-11,2022-03-10,2022-03-14,validation,2021-04-06,2023-03-29
2319,S39G01N246,2022-03-18,2021-2022,06,수원 KT,10,울산 현대모비스,1,3,carryover,0,2022-03-10,2022-03-15,2022-03-06,2022-03-12,validation,2021-04-06,2023-03-29
2320,S39G01N247,2022-03-18,2021-2022,50,창원 LG,35,서울 삼성,1,3,carryover,0,2022-03-03,2022-03-07,2022-03-11,2022-03-15,validation,2021-04-06,2023-03-29
2321,S39G01N248,2022-03-19,2021-2022,16,원주 DB,64,대구 한국가스공사,0,3,carryover,0,2022-03-12,2022-03-17,2022-03-11,2022-03-16,validation,2021-04-06,2023-03-29
2322,S39G01N249,2022-03-19,2021-2022,55,서울 SK,60,전주 KCC,1,3,carryover,0,2022-03-11,2022-03-15,2022-03-08,2022-03-16,validation,2021-04-06,2023-03-29
2323,S39G01N250,2022-03-19,2021-2022,70,안양 KGC,30,고양 오리온,1,3,carryover,0,2022-03-05,2022-03-17,2022-03-12,2022-03-15,validation,2021-04-06,2023-03-29
2324,S39G01N251,2022-03-20,2021-2022,64,대구 한국가스공사,50,창원 LG,1,3,carryover,0,2022-03-13,2022-03-19,2022-03-05,2022-03-18,validation,2021-04-06,2023-03-29
2325,S39G01N252,2022-03-20,2021-2022,06,수원 KT,35,서울 삼성,1,3,carryover,0,2022-03-12,2022-03-18,2022-03-13,2022-03-18,validation,2021-04-06,2023-03-29
2326,S39G01N253,2022-03-20,2021-2022,70,안양 KGC,10,울산 현대모비스,1,3,carryover,0,2022-03-11,2022-03-19,2022-03-09,2022-03-18,validation,2021-04-06,2023-03-29
2327,S39G01N254,2022-03-21,2021-2022,30,고양 오리온,16,원주 DB,1,3,carryover,0,2022-03-13,2022-03-19,2022-03-14,2022-03-19,validation,2021-04-06,2023-03-29
2328,S39G01N184,2022-03-22,2021-2022,70,안양 KGC,35,서울 삼성,1,3,carryover,0,2022-03-17,2022-03-20,2022-03-15,2022-03-20,validation,2021-04-06,2023-03-29
2329,S39G01N177,2022-03-23,2021-2022,30,고양 오리온,16,원주 DB,1,3,carryover,0,2022-03-15,2022-03-21,2022-03-17,2022-03-21,validation,2021-04-06,2023-03-29
2330,S39G01N256,2022-03-23,2021-2022,50,창원 LG,10,울산 현대모비스,1,3,carryover,0,2022-03-07,2022-03-20,2022-03-12,2022-03-20,validation,2021-04-06,2023-03-29
2331,S39G01N257,2022-03-24,2021-2022,35,서울 삼성,64,대구 한국가스공사,0,3,carryover,0,2022-03-18,2022-03-22,2022-03-16,2022-03-20,validation,2021-04-06,2023-03-29
2332,S39G01N258,2022-03-25,2021-2022,60,전주 KCC,30,고양 오리온,0,3,carryover,0,2022-03-14,2022-03-19,2022-03-19,2022-03-23,validation,2021-04-06,2023-03-29
2333,S39G01N259,2022-03-25,2021-2022,06,수원 KT,70,안양 KGC,1,3,carryover,0,2022-03-15,2022-03-20,2022-03-19,2022-03-22,validation,2021-04-06,2023-03-29
2334,S39G01N260,2022-03-26,2021-2022,50,창원 LG,55,서울 SK,1,3,carryover,0,2022-03-18,2022-03-23,2022-03-13,2022-03-19,validation,2021-04-06,2023-03-29
2335,S39G01N261,2022-03-26,2021-2022,10,울산 현대모비스,64,대구 한국가스공사,0,3,carryover,0,2022-03-18,2022-03-23,2022-03-19,2022-03-24,validation,2021-04-06,2023-03-29
2336,S39G01N262,2022-03-26,2021-2022,35,서울 삼성,16,원주 DB,0,3,carryover,0,2022-03-20,2022-03-24,2022-03-19,2022-03-23,validation,2021-04-06,2023-03-29
2337,S39G01N264,2022-03-27,2021-2022,60,전주 KCC,70,안양 KGC,1,3,carryover,0,2022-03-16,2022-03-25,2022-03-20,2022-03-25,validation,2021-04-06,2023-03-29
2338,S39G01N263,2022-03-27,2021-2022,10,울산 현대모비스,30,고양 오리온,0,3,carryover,0,2022-03-20,2022-03-26,2022-03-21,2022-03-25,validation,2021-04-06,2023-03-29
2339,S39G01N265,2022-03-27,2021-2022,06,수원 KT,50,창원 LG,1,3,carryover,0,2022-03-18,2022-03-25,2022-03-20,2022-03-26,validation,2021-04-06,2023-03-29
2340,S39G01N198,2022-03-29,2021-2022,70,안양 KGC,64,대구 한국가스공사,1,3,carryover,0,2022-03-22,2022-03-27,2022-03-20,2022-03-26,validation,2021-04-06,2023-03-29
2341,S39G01N216,2022-03-30,2021-2022,16,원주 DB,60,전주 KCC,0,3,carryover,0,2022-03-21,2022-03-26,2022-03-19,2022-03-27,validation,2021-04-06,2023-03-29
2342,S39G01N224,2022-03-30,2021-2022,06,수원 KT,64,대구 한국가스공사,1,3,carryover,0,2022-03-20,2022-03-27,2022-03-24,2022-03-29,validation,2021-04-06,2023-03-29
2343,S39G01N173,2022-03-31,2021-2022,50,창원 LG,35,서울 삼성,1,3,carryover,0,2022-03-23,2022-03-27,2022-03-22,2022-03-26,validation,2021-04-06,2023-03-29
2344,S39G01N189,2022-03-31,2021-2022,30,고양 오리온,55,서울 SK,0,3,carryover,0,2022-03-23,2022-03-27,2022-03-15,2022-03-26,validation,2021-04-06,2023-03-29
2345,S39G01N213,2022-03-31,2021-2022,70,안양 KGC,06,수원 KT,1,3,carryover,0,2022-03-25,2022-03-29,2022-03-25,2022-03-30,validation,2021-04-06,2023-03-29
2346,S39G01N220,2022-04-01,2021-2022,60,전주 KCC,64,대구 한국가스공사,0,3,carryover,0,2022-03-25,2022-03-30,2022-03-26,2022-03-30,validation,2021-04-06,2023-03-29
2347,S39G01N183,2022-04-02,2021-2022,06,수원 KT,30,고양 오리온,1,3,carryover,0,2022-03-27,2022-03-31,2022-03-25,2022-03-31,validation,2021-04-06,2023-03-29
2348,S39G01N240,2022-04-02,2021-2022,50,창원 LG,70,안양 KGC,1,3,carryover,0,2022-03-26,2022-03-31,2022-03-27,2022-03-31,validation,2021-04-06,2023-03-29
2349,S39G01N255,2022-04-03,2021-2022,55,서울 SK,06,수원 KT,0,3,carryover,0,2022-03-19,2022-03-31,2022-03-30,2022-04-02,validation,2021-04-06,2023-03-29
2350,S39G01N229,2022-04-03,2021-2022,64,대구 한국가스공사,70,안양 KGC,1,3,carryover,0,2022-03-29,2022-04-01,2022-03-29,2022-04-02,validation,2021-04-06,2023-03-29
2351,S39G01N236,2022-04-03,2021-2022,50,창원 LG,60,전주 KCC,0,3,carryover,0,2022-03-27,2022-04-02,2022-03-27,2022-04-01,validation,2021-04-06,2023-03-29
2352,S39G01N178,2022-04-04,2021-2022,35,서울 삼성,55,서울 SK,0,3,carryover,0,2022-03-24,2022-03-31,2022-03-26,2022-04-03,validation,2021-04-06,2023-03-29
2353,S39G01N266,2022-04-05,2021-2022,70,안양 KGC,55,서울 SK,1,3,carryover,0,2022-03-31,2022-04-03,2022-03-31,2022-04-04,validation,2021-04-06,2023-03-29
2354,S39G01N267,2022-04-05,2021-2022,16,원주 DB,50,창원 LG,1,3,carryover,0,2022-03-23,2022-03-30,2022-03-31,2022-04-03,validation,2021-04-06,2023-03-29
2355,S39G01N268,2022-04-05,2021-2022,35,서울 삼성,30,고양 오리온,0,3,carryover,0,2022-03-26,2022-04-04,2022-03-27,2022-04-02,validation,2021-04-06,2023-03-29
2356,S39G01N269,2022-04-05,2021-2022,10,울산 현대모비스,60,전주 KCC,1,3,carryover,0,2022-03-23,2022-03-27,2022-03-30,2022-04-03,validation,2021-04-06,2023-03-29
2357,S39G01N270,2022-04-05,2021-2022,64,대구 한국가스공사,06,수원 KT,1,3,carryover,0,2022-03-30,2022-04-03,2022-03-31,2022-04-03,validation,2021-04-06,2023-03-29
2358,S41G01N1,2022-10-15,2022-2023,55,서울 SK,70,안양 KGC,0,3,carryover,1,2022-04-03,2022-04-05,2022-04-02,2022-04-05,validation,2021-04-06,2023-03-29
2359,S41G01N2,2022-10-15,2022-2023,06,수원 KT,10,울산 현대모비스,0,3,carryover,1,2022-04-02,2022-04-05,2022-03-26,2022-04-05,validation,2021-04-06,2023-03-29
2360,S41G01N3,2022-10-15,2022-2023,73,고양 캐롯,16,원주 DB,1,3,carryover,1,2022-03-31,2022-04-05,2022-03-26,2022-04-05,validation,2021-04-06,2023-03-29
2361,S41G01N4,2022-10-16,2022-2023,50,창원 LG,35,서울 삼성,0,3,carryover,1,2022-04-02,2022-04-05,2022-03-31,2022-04-05,validation,2021-04-06,2023-03-29
2362,S41G01N5,2022-10-16,2022-2023,64,대구 한국가스공사,60,전주 KCC,0,3,carryover,1,2022-04-01,2022-04-05,2022-04-01,2022-04-05,validation,2021-04-06,2023-03-29
2363,S41G01N6,2022-10-16,2022-2023,70,안양 KGC,73,고양 캐롯,1,3,carryover,1,2022-04-03,2022-10-15,2022-04-02,2022-10-15,validation,2021-04-06,2023-03-29
2364,S41G01N7,2022-10-18,2022-2023,50,창원 LG,60,전주 KCC,1,3,carryover,1,2022-04-03,2022-10-16,2022-04-03,2022-10-16,validation,2021-04-06,2023-03-29
2365,S41G01N8,2022-10-19,2022-2023,64,대구 한국가스공사,16,원주 DB,1,3,carryover,1,2022-04-03,2022-10-16,2022-03-30,2022-10-15,validation,2021-04-06,2023-03-29
2366,S41G01N10,2022-10-20,2022-2023,06,수원 KT,35,서울 삼성,1,3,carryover,1,2022-04-03,2022-10-15,2022-04-04,2022-10-16,validation,2021-04-06,2023-03-29
2367,S41G01N9,2022-10-20,2022-2023,70,안양 KGC,10,울산 현대모비스,1,3,carryover,1,2022-04-05,2022-10-16,2022-03-27,2022-10-15,validation,2021-04-06,2023-03-29
2368,S41G01N11,2022-10-21,2022-2023,73,고양 캐롯,50,창원 LG,1,3,carryover,1,2022-04-05,2022-10-16,2022-04-05,2022-10-18,validation,2021-04-06,2023-03-29
2369,S41G01N12,2022-10-22,2022-2023,64,대구 한국가스공사,55,서울 SK,0,3,carryover,1,2022-04-05,2022-10-19,2022-04-04,2022-10-15,validation,2021-04-06,2023-03-29
2370,S41G01N13,2022-10-22,2022-2023,16,원주 DB,06,수원 KT,1,3,carryover,1,2022-04-05,2022-10-19,2022-04-05,2022-10-20,validation,2021-04-06,2023-03-29
2371,S41G01N14,2022-10-22,2022-2023,35,서울 삼성,70,안양 KGC,0,3,carryover,1,2022-04-05,2022-10-20,2022-10-15,2022-10-20,validation,2021-04-06,2023-03-29
2372,S41G01N15,2022-10-22,2022-2023,60,전주 KCC,10,울산 현대모비스,0,3,carryover,1,2022-04-05,2022-10-18,2022-04-05,2022-10-20,validation,2021-04-06,2023-03-29
2373,S41G01N16,2022-10-23,2022-2023,16,원주 DB,55,서울 SK,1,3,carryover,1,2022-10-15,2022-10-22,2022-04-05,2022-10-22,validation,2021-04-06,2023-03-29
2374,S41G01N17,2022-10-23,2022-2023,35,서울 삼성,64,대구 한국가스공사,1,3,carryover,0,2022-10-16,2022-10-22,2022-10-16,2022-10-22,validation,2021-04-06,2023-03-29
2375,S41G01N18,2022-10-23,2022-2023,60,전주 KCC,70,안양 KGC,1,3,carryover,0,2022-10-16,2022-10-22,2022-10-16,2022-10-22,validation,2021-04-06,2023-03-29
2376,S41G01N19,2022-10-24,2022-2023,50,창원 LG,06,수원 KT,1,3,carryover,0,2022-10-16,2022-10-21,2022-10-15,2022-10-22,validation,2021-04-06,2023-03-29
2377,S41G01N20,2022-10-25,2022-2023,55,서울 SK,10,울산 현대모비스,0,3,carryover,0,2022-10-15,2022-10-23,2022-10-15,2022-10-22,validation,2021-04-06,2023-03-29
2378,S41G01N21,2022-10-25,2022-2023,60,전주 KCC,73,고양 캐롯,0,3,carryover,0,2022-10-18,2022-10-23,2022-10-15,2022-10-21,validation,2021-04-06,2023-03-29
2379,S41G01N22,2022-10-27,2022-2023,16,원주 DB,35,서울 삼성,1,3,carryover,0,2022-10-19,2022-10-23,2022-10-20,2022-10-23,validation,2021-04-06,2023-03-29
2380,S41G01N23,2022-10-28,2022-2023,64,대구 한국가스공사,10,울산 현대모비스,0,3,carryover,0,2022-10-19,2022-10-23,2022-10-20,2022-10-25,validation,2021-04-06,2023-03-29
2381,S41G01N24,2022-10-28,2022-2023,50,창원 LG,70,안양 KGC,0,3,carryover,0,2022-10-18,2022-10-24,2022-10-20,2022-10-23,validation,2021-04-06,2023-03-29
2382,S41G01N25,2022-10-29,2022-2023,60,전주 KCC,16,원주 DB,0,3,carryover,0,2022-10-22,2022-10-25,2022-10-22,2022-10-27,validation,2021-04-06,2023-03-29
2383,S41G01N26,2022-10-29,2022-2023,06,수원 KT,73,고양 캐롯,0,3,carryover,0,2022-10-20,2022-10-24,2022-10-16,2022-10-25,validation,2021-04-06,2023-03-29
2384,S41G01N27,2022-10-29,2022-2023,55,서울 SK,35,서울 삼성,0,3,carryover,0,2022-10-22,2022-10-25,2022-10-22,2022-10-27,validation,2021-04-06,2023-03-29
2385,S41G01N29,2022-10-30,2022-2023,73,고양 캐롯,64,대구 한국가스공사,0,3,carryover,0,2022-10-21,2022-10-29,2022-10-22,2022-10-28,validation,2021-04-06,2023-03-29
2386,S41G01N28,2022-10-30,2022-2023,70,안양 KGC,06,수원 KT,1,3,carryover,0,2022-10-22,2022-10-28,2022-10-22,2022-10-29,validation,2021-04-06,2023-03-29
2387,S41G01N30,2022-10-30,2022-2023,50,창원 LG,10,울산 현대모비스,1,3,carryover,0,2022-10-21,2022-10-28,2022-10-22,2022-10-28,validation,2021-04-06,2023-03-29
2388,S41G01N31,2022-10-31,2022-2023,60,전주 KCC,55,서울 SK,0,3,carryover,0,2022-10-23,2022-10-29,2022-10-23,2022-10-29,validation,2021-04-06,2023-03-29
2389,S41G01N32,2022-11-01,2022-2023,50,창원 LG,16,원주 DB,0,3,carryover,0,2022-10-24,2022-10-30,2022-10-23,2022-10-29,validation,2021-04-06,2023-03-29
2390,S41G01N33,2022-11-01,2022-2023,35,서울 삼성,10,울산 현대모비스,0,3,carryover,0,2022-10-23,2022-10-29,2022-10-25,2022-10-30,validation,2021-04-06,2023-03-29
2391,S41G01N34,2022-11-03,2022-2023,64,대구 한국가스공사,06,수원 KT,0,3,carryover,0,2022-10-23,2022-10-30,2022-10-24,2022-10-30,validation,2021-04-06,2023-03-29
2392,S41G01N35,2022-11-03,2022-2023,16,원주 DB,70,안양 KGC,0,3,carryover,0,2022-10-27,2022-11-01,2022-10-23,2022-10-30,validation,2021-04-06,2023-03-29
2393,S41G01N36,2022-11-04,2022-2023,35,서울 삼성,73,고양 캐롯,1,3,carryover,0,2022-10-27,2022-11-01,2022-10-25,2022-10-30,validation,2021-04-06,2023-03-29
2394,S41G01N37,2022-11-05,2022-2023,70,안양 KGC,64,대구 한국가스공사,1,3,carryover,0,2022-10-28,2022-11-03,2022-10-28,2022-11-03,validation,2021-04-06,2023-03-29
2395,S41G01N38,2022-11-05,2022-2023,06,수원 KT,60,전주 KCC,0,3,carryover,0,2022-10-29,2022-11-03,2022-10-25,2022-10-31,validation,2021-04-06,2023-03-29
2396,S41G01N39,2022-11-05,2022-2023,16,원주 DB,10,울산 현대모비스,1,3,carryover,0,2022-10-29,2022-11-03,2022-10-28,2022-11-01,validation,2021-04-06,2023-03-29
2397,S41G01N40,2022-11-06,2022-2023,35,서울 삼성,60,전주 KCC,1,3,carryover,0,2022-10-29,2022-11-04,2022-10-29,2022-11-05,validation,2021-04-06,2023-03-29
2398,S41G01N41,2022-11-06,2022-2023,64,대구 한국가스공사,50,창원 LG,0,3,carryover,0,2022-10-30,2022-11-05,2022-10-28,2022-11-01,validation,2021-04-06,2023-03-29
2399,S41G01N42,2022-11-06,2022-2023,73,고양 캐롯,10,울산 현대모비스,1,3,carryover,0,2022-10-29,2022-11-04,2022-10-30,2022-11-05,validation,2021-04-06,2023-03-29
2400,S41G01N43,2022-11-06,2022-2023,06,수원 KT,55,서울 SK,1,3,carryover,0,2022-10-30,2022-11-05,2022-10-25,2022-10-31,validation,2021-04-06,2023-03-29
2401,S41G01N44,2022-11-10,2022-2023,73,고양 캐롯,55,서울 SK,1,3,carryover,0,2022-10-30,2022-11-06,2022-10-29,2022-11-06,validation,2021-04-06,2023-03-29
2402,S41G01N45,2022-11-10,2022-2023,70,안양 KGC,35,서울 삼성,0,3,carryover,0,2022-10-30,2022-11-05,2022-11-01,2022-11-06,validation,2021-04-06,2023-03-29
2403,S41G01N46,2022-11-12,2022-2023,60,전주 KCC,16,원주 DB,1,3,carryover,0,2022-10-31,2022-11-06,2022-11-01,2022-11-05,validation,2021-04-06,2023-03-29
2404,S41G01N47,2022-11-13,2022-2023,35,서울 삼성,73,고양 캐롯,0,3,carryover,0,2022-11-04,2022-11-10,2022-11-04,2022-11-10,validation,2021-04-06,2023-03-29
2405,S41G01N48,2022-11-13,2022-2023,50,창원 LG,55,서울 SK,0,3,carryover,0,2022-10-30,2022-11-06,2022-10-31,2022-11-10,validation,2021-04-06,2023-03-29
2406,S41G01N49,2022-11-16,2022-2023,70,안양 KGC,10,울산 현대모비스,0,3,carryover,0,2022-11-03,2022-11-10,2022-11-01,2022-11-06,validation,2021-04-06,2023-03-29
2407,S41G01N50,2022-11-16,2022-2023,55,서울 SK,60,전주 KCC,1,3,carryover,0,2022-11-06,2022-11-13,2022-11-05,2022-11-12,validation,2021-04-06,2023-03-29
2408,S41G01N51,2022-11-17,2022-2023,64,대구 한국가스공사,73,고양 캐롯,0,3,carryover,0,2022-11-03,2022-11-06,2022-11-06,2022-11-13,validation,2021-04-06,2023-03-29
2409,S41G01N52,2022-11-17,2022-2023,35,서울 삼성,06,수원 KT,1,3,carryover,0,2022-11-06,2022-11-13,2022-11-03,2022-11-06,validation,2021-04-06,2023-03-29
2410,S41G01N53,2022-11-18,2022-2023,60,전주 KCC,50,창원 LG,0,3,carryover,0,2022-11-06,2022-11-16,2022-11-01,2022-11-13,validation,2021-04-06,2023-03-29
2411,S41G01N54,2022-11-18,2022-2023,16,원주 DB,70,안양 KGC,0,3,carryover,0,2022-11-03,2022-11-12,2022-11-05,2022-11-16,validation,2021-04-06,2023-03-29
2412,S41G01N55,2022-11-19,2022-2023,10,울산 현대모비스,35,서울 삼성,1,3,carryover,0,2022-11-05,2022-11-16,2022-11-10,2022-11-17,validation,2021-04-06,2023-03-29
2413,S41G01N56,2022-11-19,2022-2023,55,서울 SK,64,대구 한국가스공사,0,3,carryover,0,2022-11-10,2022-11-16,2022-11-05,2022-11-17,validation,2021-04-06,2023-03-29
2414,S41G01N57,2022-11-19,2022-2023,73,고양 캐롯,06,수원 KT,0,3,carryover,0,2022-11-10,2022-11-17,2022-11-05,2022-11-17,validation,2021-04-06,2023-03-29
2415,S41G01N58,2022-11-20,2022-2023,10,울산 현대모비스,64,대구 한국가스공사,1,3,carryover,0,2022-11-06,2022-11-19,2022-11-06,2022-11-19,validation,2021-04-06,2023-03-29
2416,S41G01N59,2022-11-20,2022-2023,50,창원 LG,70,안양 KGC,0,3,carryover,0,2022-11-06,2022-11-18,2022-11-10,2022-11-18,validation,2021-04-06,2023-03-29
2417,S41G01N60,2022-11-20,2022-2023,73,고양 캐롯,16,원주 DB,1,3,carryover,0,2022-11-13,2022-11-19,2022-11-05,2022-11-18,validation,2021-04-06,2023-03-29
2418,S41G01N61,2022-11-20,2022-2023,55,서울 SK,06,수원 KT,0,3,carryover,0,2022-11-13,2022-11-19,2022-11-06,2022-11-19,validation,2021-04-06,2023-03-29
2419,S41G01N62,2022-11-21,2022-2023,35,서울 삼성,60,전주 KCC,0,3,carryover,0,2022-11-13,2022-11-19,2022-11-12,2022-11-18,validation,2021-04-06,2023-03-29
2420,S41G01N63,2022-11-22,2022-2023,16,원주 DB,50,창원 LG,0,3,carryover,0,2022-11-12,2022-11-20,2022-11-13,2022-11-20,validation,2021-04-06,2023-03-29
2421,S41G01N64,2022-11-23,2022-2023,60,전주 KCC,70,안양 KGC,0,3,carryover,0,2022-11-16,2022-11-21,2022-11-16,2022-11-20,validation,2021-04-06,2023-03-29
2422,S41G01N66,2022-11-24,2022-2023,06,수원 KT,16,원주 DB,1,3,carryover,0,2022-11-17,2022-11-20,2022-11-18,2022-11-22,validation,2021-04-06,2023-03-29
2423,S41G01N65,2022-11-24,2022-2023,55,서울 SK,10,울산 현대모비스,1,3,carryover,0,2022-11-16,2022-11-20,2022-11-16,2022-11-20,validation,2021-04-06,2023-03-29
2424,S41G01N67,2022-11-25,2022-2023,64,대구 한국가스공사,35,서울 삼성,1,3,carryover,0,2022-11-17,2022-11-20,2022-11-17,2022-11-21,validation,2021-04-06,2023-03-29
2425,S41G01N68,2022-11-25,2022-2023,70,안양 KGC,73,고양 캐롯,1,3,carryover,0,2022-11-18,2022-11-23,2022-11-17,2022-11-20,validation,2021-04-06,2023-03-29
2426,S41G01N69,2022-11-26,2022-2023,55,서울 SK,16,원주 DB,1,3,carryover,0,2022-11-19,2022-11-24,2022-11-20,2022-11-24,validation,2021-04-06,2023-03-29
2427,S41G01N70,2022-11-26,2022-2023,10,울산 현대모비스,60,전주 KCC,1,3,carryover,0,2022-11-19,2022-11-24,2022-11-18,2022-11-23,validation,2021-04-06,2023-03-29
2428,S41G01N71,2022-11-26,2022-2023,06,수원 KT,50,창원 LG,0,3,carryover,0,2022-11-19,2022-11-24,2022-11-18,2022-11-22,validation,2021-04-06,2023-03-29
2429,S41G01N72,2022-11-27,2022-2023,70,안양 KGC,55,서울 SK,1,3,carryover,0,2022-11-20,2022-11-25,2022-11-20,2022-11-26,validation,2021-04-06,2023-03-29
2430,S41G01N73,2022-11-28,2022-2023,10,울산 현대모비스,50,창원 LG,0,3,carryover,0,2022-11-20,2022-11-26,2022-11-20,2022-11-26,validation,2021-04-06,2023-03-29
2431,S41G01N74,2022-11-29,2022-2023,73,고양 캐롯,55,서울 SK,0,3,carryover,0,2022-11-19,2022-11-25,2022-11-24,2022-11-27,validation,2021-04-06,2023-03-29
2432,S41G01N75,2022-11-30,2022-2023,35,서울 삼성,50,창원 LG,1,3,carryover,0,2022-11-19,2022-11-25,2022-11-22,2022-11-28,validation,2021-04-06,2023-03-29
2433,S41G01N76,2022-12-01,2022-2023,64,대구 한국가스공사,60,전주 KCC,1,3,carryover,0,2022-11-19,2022-11-25,2022-11-21,2022-11-26,validation,2021-04-06,2023-03-29
2434,S41G01N77,2022-12-01,2022-2023,06,수원 KT,70,안양 KGC,0,3,carryover,0,2022-11-20,2022-11-26,2022-11-23,2022-11-27,validation,2021-04-06,2023-03-29
2435,S41G01N78,2022-12-02,2022-2023,16,원주 DB,35,서울 삼성,1,3,carryover,0,2022-11-22,2022-11-26,2022-11-21,2022-11-30,validation,2021-04-06,2023-03-29
2436,S41G01N79,2022-12-02,2022-2023,10,울산 현대모비스,73,고양 캐롯,0,3,carryover,0,2022-11-24,2022-11-28,2022-11-20,2022-11-29,validation,2021-04-06,2023-03-29
2437,S41G01N80,2022-12-03,2022-2023,50,창원 LG,55,서울 SK,0,3,carryover,0,2022-11-26,2022-11-30,2022-11-26,2022-11-29,validation,2021-04-06,2023-03-29
2438,S41G01N81,2022-12-03,2022-2023,64,대구 한국가스공사,70,안양 KGC,1,3,carryover,0,2022-11-20,2022-12-01,2022-11-25,2022-12-01,validation,2021-04-06,2023-03-29
2439,S41G01N82,2022-12-03,2022-2023,60,전주 KCC,06,수원 KT,1,3,carryover,0,2022-11-23,2022-12-01,2022-11-24,2022-12-01,validation,2021-04-06,2023-03-29
2440,S41G01N83,2022-12-04,2022-2023,35,서울 삼성,70,안양 KGC,0,3,carryover,0,2022-11-25,2022-12-02,2022-11-27,2022-12-03,validation,2021-04-06,2023-03-29
2441,S41G01N84,2022-12-04,2022-2023,73,고양 캐롯,50,창원 LG,0,3,carryover,0,2022-11-25,2022-12-02,2022-11-28,2022-12-03,validation,2021-04-06,2023-03-29
2442,S41G01N85,2022-12-04,2022-2023,06,수원 KT,64,대구 한국가스공사,0,3,carryover,0,2022-11-26,2022-12-03,2022-11-25,2022-12-03,validation,2021-04-06,2023-03-29
2443,S41G01N86,2022-12-05,2022-2023,16,원주 DB,10,울산 현대모비스,0,3,carryover,0,2022-11-24,2022-12-02,2022-11-26,2022-12-02,validation,2021-04-06,2023-03-29
2444,S41G01N87,2022-12-06,2022-2023,55,서울 SK,35,서울 삼성,1,3,carryover,0,2022-11-27,2022-12-03,2022-11-30,2022-12-04,validation,2021-04-06,2023-03-29
2445,S41G01N88,2022-12-07,2022-2023,50,창원 LG,64,대구 한국가스공사,1,3,carryover,0,2022-11-30,2022-12-04,2022-12-01,2022-12-04,validation,2021-04-06,2023-03-29
2446,S41G01N89,2022-12-08,2022-2023,73,고양 캐롯,60,전주 KCC,0,3,carryover,0,2022-11-29,2022-12-04,2022-11-26,2022-12-03,validation,2021-04-06,2023-03-29
2447,S41G01N90,2022-12-08,2022-2023,10,울산 현대모비스,06,수원 KT,1,3,carryover,0,2022-11-28,2022-12-05,2022-12-01,2022-12-04,validation,2021-04-06,2023-03-29
2448,S41G01N91,2022-12-09,2022-2023,64,대구 한국가스공사,16,원주 DB,1,3,carryover,0,2022-12-03,2022-12-07,2022-11-26,2022-12-05,validation,2021-04-06,2023-03-29
2449,S41G01N92,2022-12-10,2022-2023,55,서울 SK,60,전주 KCC,0,3,carryover,0,2022-11-29,2022-12-06,2022-12-01,2022-12-08,validation,2021-04-06,2023-03-29
2450,S41G01N93,2022-12-10,2022-2023,50,창원 LG,06,수원 KT,0,3,carryover,0,2022-12-03,2022-12-07,2022-12-03,2022-12-08,validation,2021-04-06,2023-03-29
2451,S41G01N94,2022-12-10,2022-2023,10,울산 현대모비스,73,고양 캐롯,0,3,carryover,0,2022-12-02,2022-12-08,2022-12-02,2022-12-08,validation,2021-04-06,2023-03-29
2452,S41G01N95,2022-12-11,2022-2023,50,창원 LG,35,서울 삼성,1,3,carryover,0,2022-12-04,2022-12-10,2022-12-02,2022-12-06,validation,2021-04-06,2023-03-29
2453,S41G01N96,2022-12-11,2022-2023,64,대구 한국가스공사,70,안양 KGC,1,3,carryover,0,2022-12-04,2022-12-09,2022-12-01,2022-12-04,validation,2021-04-06,2023-03-29
2454,S41G01N97,2022-12-11,2022-2023,16,원주 DB,55,서울 SK,0,3,carryover,0,2022-12-02,2022-12-09,2022-12-03,2022-12-10,validation,2021-04-06,2023-03-29
2455,S41G01N98,2022-12-12,2022-2023,60,전주 KCC,10,울산 현대모비스,0,3,carryover,0,2022-12-03,2022-12-10,2022-12-05,2022-12-10,validation,2021-04-06,2023-03-29
2456,S41G01N99,2022-12-13,2022-2023,16,원주 DB,73,고양 캐롯,1,3,carryover,0,2022-12-05,2022-12-11,2022-12-04,2022-12-10,validation,2021-04-06,2023-03-29
2457,S41G01N100,2022-12-14,2022-2023,64,대구 한국가스공사,35,서울 삼성,1,3,carryover,0,2022-12-07,2022-12-11,2022-12-04,2022-12-11,validation,2021-04-06,2023-03-29
2458,S41G01N102,2022-12-15,2022-2023,70,안양 KGC,60,전주 KCC,0,3,carryover,0,2022-12-03,2022-12-11,2022-12-08,2022-12-12,validation,2021-04-06,2023-03-29
2459,S41G01N101,2022-12-15,2022-2023,06,수원 KT,55,서울 SK,0,3,carryover,0,2022-12-04,2022-12-10,2022-12-06,2022-12-11,validation,2021-04-06,2023-03-29
2460,S41G01N103,2022-12-16,2022-2023,10,울산 현대모비스,16,원주 DB,1,3,carryover,0,2022-12-08,2022-12-12,2022-12-09,2022-12-13,validation,2021-04-06,2023-03-29
2461,S41G01N104,2022-12-16,2022-2023,64,대구 한국가스공사,50,창원 LG,0,3,carryover,0,2022-12-09,2022-12-14,2022-12-07,2022-12-11,validation,2021-04-06,2023-03-29
2462,S41G01N105,2022-12-17,2022-2023,73,고양 캐롯,55,서울 SK,1,3,carryover,0,2022-12-08,2022-12-13,2022-12-10,2022-12-15,validation,2021-04-06,2023-03-29
2463,S41G01N106,2022-12-17,2022-2023,06,수원 KT,70,안양 KGC,0,3,carryover,0,2022-12-08,2022-12-15,2022-12-04,2022-12-15,validation,2021-04-06,2023-03-29
2464,S41G01N107,2022-12-17,2022-2023,60,전주 KCC,35,서울 삼성,0,3,carryover,0,2022-12-10,2022-12-15,2022-12-06,2022-12-14,validation,2021-04-06,2023-03-29
2465,S41G01N108,2022-12-18,2022-2023,64,대구 한국가스공사,16,원주 DB,0,3,carryover,0,2022-12-11,2022-12-16,2022-12-11,2022-12-16,validation,2021-04-06,2023-03-29
2466,S41G01N109,2022-12-18,2022-2023,70,안양 KGC,55,서울 SK,0,3,carryover,0,2022-12-11,2022-12-17,2022-12-11,2022-12-17,validation,2021-04-06,2023-03-29
2467,S41G01N110,2022-12-18,2022-2023,50,창원 LG,73,고양 캐롯,1,3,carryover,0,2022-12-10,2022-12-16,2022-12-10,2022-12-17,validation,2021-04-06,2023-03-29
2468,S41G01N111,2022-12-19,2022-2023,10,울산 현대모비스,35,서울 삼성,0,3,carryover,0,2022-12-10,2022-12-16,2022-12-11,2022-12-17,validation,2021-04-06,2023-03-29
2469,S41G01N112,2022-12-20,2022-2023,60,전주 KCC,06,수원 KT,1,3,carryover,0,2022-12-12,2022-12-17,2022-12-10,2022-12-17,validation,2021-04-06,2023-03-29
2470,S41G01N113,2022-12-21,2022-2023,64,대구 한국가스공사,55,서울 SK,0,3,carryover,0,2022-12-14,2022-12-18,2022-12-15,2022-12-18,validation,2021-04-06,2023-03-29
2471,S41G01N114,2022-12-22,2022-2023,73,고양 캐롯,35,서울 삼성,1,3,carryover,0,2022-12-13,2022-12-18,2022-12-14,2022-12-19,validation,2021-04-06,2023-03-29
2472,S41G01N115,2022-12-22,2022-2023,16,원주 DB,50,창원 LG,0,3,carryover,0,2022-12-13,2022-12-18,2022-12-11,2022-12-18,validation,2021-04-06,2023-03-29
2473,S41G01N116,2022-12-23,2022-2023,10,울산 현대모비스,55,서울 SK,1,3,carryover,0,2022-12-12,2022-12-19,2022-12-17,2022-12-21,validation,2021-04-06,2023-03-29
2474,S41G01N117,2022-12-23,2022-2023,06,수원 KT,64,대구 한국가스공사,1,3,carryover,0,2022-12-15,2022-12-20,2022-12-16,2022-12-21,validation,2021-04-06,2023-03-29
2475,S41G01N118,2022-12-24,2022-2023,16,원주 DB,35,서울 삼성,1,3,carryover,0,2022-12-16,2022-12-22,2022-12-17,2022-12-22,validation,2021-04-06,2023-03-29
2476,S41G01N119,2022-12-24,2022-2023,60,전주 KCC,73,고양 캐롯,1,3,carryover,0,2022-12-15,2022-12-20,2022-12-17,2022-12-22,validation,2021-04-06,2023-03-29
2477,S41G01N120,2022-12-24,2022-2023,70,안양 KGC,50,창원 LG,0,3,carryover,0,2022-12-15,2022-12-18,2022-12-16,2022-12-22,validation,2021-04-06,2023-03-29
2478,S41G01N121,2022-12-25,2022-2023,06,수원 KT,16,원주 DB,1,3,carryover,0,2022-12-17,2022-12-23,2022-12-18,2022-12-24,validation,2021-04-06,2023-03-29
2479,S41G01N122,2022-12-25,2022-2023,10,울산 현대모비스,64,대구 한국가스공사,1,3,carryover,0,2022-12-16,2022-12-23,2022-12-18,2022-12-23,validation,2021-04-06,2023-03-29
2480,S41G01N123,2022-12-25,2022-2023,55,서울 SK,35,서울 삼성,1,3,carryover,0,2022-12-18,2022-12-23,2022-12-19,2022-12-24,validation,2021-04-06,2023-03-29
2481,S41G01N124,2022-12-26,2022-2023,50,창원 LG,60,전주 KCC,0,3,carryover,0,2022-12-18,2022-12-24,2022-12-17,2022-12-24,validation,2021-04-06,2023-03-29
2482,S41G01N125,2022-12-27,2022-2023,70,안양 KGC,73,고양 캐롯,1,3,carryover,0,2022-12-17,2022-12-24,2022-12-18,2022-12-24,validation,2021-04-06,2023-03-29
2483,S41G01N126,2022-12-27,2022-2023,06,수원 KT,10,울산 현대모비스,1,3,carryover,0,2022-12-20,2022-12-25,2022-12-19,2022-12-25,validation,2021-04-06,2023-03-29
2484,S41G01N127,2022-12-29,2022-2023,70,안양 KGC,16,원주 DB,1,3,carryover,0,2022-12-18,2022-12-27,2022-12-22,2022-12-25,validation,2021-04-06,2023-03-29
2485,S41G01N128,2022-12-29,2022-2023,60,전주 KCC,64,대구 한국가스공사,1,3,carryover,0,2022-12-20,2022-12-26,2022-12-21,2022-12-25,validation,2021-04-06,2023-03-29
2486,S41G01N129,2022-12-30,2022-2023,06,수원 KT,35,서울 삼성,1,3,carryover,0,2022-12-23,2022-12-27,2022-12-22,2022-12-25,validation,2021-04-06,2023-03-29
2487,S41G01N130,2022-12-31,2022-2023,73,고양 캐롯,64,대구 한국가스공사,0,3,carryover,0,2022-12-22,2022-12-27,2022-12-23,2022-12-29,validation,2021-04-06,2023-03-29
2488,S41G01N131,2022-12-31,2022-2023,10,울산 현대모비스,70,안양 KGC,0,3,carryover,0,2022-12-23,2022-12-27,2022-12-24,2022-12-29,validation,2021-04-06,2023-03-29
2489,S41G01N132,2022-12-31,2022-2023,16,원주 DB,60,전주 KCC,1,3,carryover,0,2022-12-24,2022-12-29,2022-12-24,2022-12-29,validation,2021-04-06,2023-03-29
2490,S41G01N133,2023-01-01,2022-2023,73,고양 캐롯,06,수원 KT,0,3,carryover,0,2022-12-24,2022-12-31,2022-12-25,2022-12-30,validation,2021-04-06,2023-03-29
2491,S41G01N134,2023-01-01,2022-2023,35,서울 삼성,55,서울 SK,0,3,carryover,0,2022-12-24,2022-12-30,2022-12-21,2022-12-25,validation,2021-04-06,2023-03-29
2492,S41G01N135,2023-01-01,2022-2023,50,창원 LG,10,울산 현대모비스,0,3,carryover,0,2022-12-22,2022-12-26,2022-12-25,2022-12-31,validation,2021-04-06,2023-03-29
2493,S41G01N136,2023-01-02,2022-2023,16,원주 DB,70,안양 KGC,0,3,carryover,0,2022-12-25,2022-12-31,2022-12-27,2022-12-31,validation,2021-04-06,2023-03-29
2494,S41G01N137,2023-01-03,2022-2023,60,전주 KCC,73,고양 캐롯,1,3,carryover,0,2022-12-26,2022-12-31,2022-12-27,2023-01-01,validation,2021-04-06,2023-03-29
2495,S41G01N138,2023-01-04,2022-2023,55,서울 SK,16,원주 DB,1,3,carryover,0,2022-12-23,2023-01-01,2022-12-29,2023-01-02,validation,2021-04-06,2023-03-29
2496,S41G01N139,2023-01-05,2022-2023,73,고양 캐롯,10,울산 현대모비스,1,3,carryover,0,2022-12-31,2023-01-03,2022-12-27,2023-01-01,validation,2021-04-06,2023-03-29
2497,S41G01N140,2023-01-05,2022-2023,35,서울 삼성,50,창원 LG,0,3,carryover,0,2022-12-25,2023-01-01,2022-12-24,2023-01-01,validation,2021-04-06,2023-03-29
2498,S41G01N141,2023-01-06,2022-2023,60,전주 KCC,55,서울 SK,0,3,carryover,0,2022-12-29,2023-01-03,2022-12-25,2023-01-04,validation,2021-04-06,2023-03-29
2499,S41G01N142,2023-01-06,2022-2023,70,안양 KGC,06,수원 KT,0,3,carryover,0,2022-12-29,2023-01-02,2022-12-27,2023-01-01,validation,2021-04-06,2023-03-29
2500,S41G01N143,2023-01-07,2022-2023,10,울산 현대모비스,16,원주 DB,0,3,carryover,0,2022-12-31,2023-01-05,2022-12-31,2023-01-04,validation,2021-04-06,2023-03-29
2501,S41G01N144,2023-01-07,2022-2023,50,창원 LG,73,고양 캐롯,0,3,carryover,0,2022-12-26,2023-01-05,2023-01-01,2023-01-05,validation,2021-04-06,2023-03-29
2502,S41G01N145,2023-01-07,2022-2023,64,대구 한국가스공사,35,서울 삼성,1,3,carryover,0,2022-12-25,2022-12-31,2022-12-30,2023-01-05,validation,2021-04-06,2023-03-29
2503,S41G01N146,2023-01-08,2022-2023,10,울산 현대모비스,06,수원 KT,1,3,carryover,0,2023-01-01,2023-01-07,2022-12-30,2023-01-06,validation,2021-04-06,2023-03-29
2504,S41G01N147,2023-01-08,2022-2023,70,안양 KGC,55,서울 SK,1,3,carryover,0,2022-12-31,2023-01-06,2023-01-01,2023-01-06,validation,2021-04-06,2023-03-29
2505,S41G01N148,2023-01-08,2022-2023,35,서울 삼성,60,전주 KCC,0,3,carryover,0,2023-01-01,2023-01-07,2022-12-31,2023-01-06,validation,2021-04-06,2023-03-29
2506,S41G01N149,2023-01-09,2022-2023,73,고양 캐롯,64,대구 한국가스공사,1,3,carryover,0,2023-01-03,2023-01-07,2022-12-29,2023-01-07,validation,2021-04-06,2023-03-29
2507,S41G01N150,2023-01-10,2022-2023,06,수원 KT,60,전주 KCC,0,3,carryover,0,2023-01-01,2023-01-08,2023-01-03,2023-01-08,validation,2021-04-06,2023-03-29
2508,S41G01N151,2023-01-10,2022-2023,55,서울 SK,50,창원 LG,0,3,carryover,0,2023-01-04,2023-01-08,2023-01-01,2023-01-07,validation,2021-04-06,2023-03-29
2509,S41G01N152,2023-01-11,2022-2023,10,울산 현대모비스,70,안양 KGC,0,3,carryover,0,2023-01-05,2023-01-08,2023-01-02,2023-01-08,validation,2021-04-06,2023-03-29
2510,S41G01N153,2023-01-17,2022-2023,16,원주 DB,50,창원 LG,0,3,carryover,0,2023-01-02,2023-01-07,2023-01-05,2023-01-10,validation,2021-04-06,2023-03-29
2511,S41G01N154,2023-01-19,2022-2023,73,고양 캐롯,16,원주 DB,1,3,carryover,0,2023-01-05,2023-01-09,2023-01-04,2023-01-17,validation,2021-04-06,2023-03-29
2512,S41G01N155,2023-01-19,2022-2023,35,서울 삼성,06,수원 KT,0,3,carryover,0,2023-01-05,2023-01-08,2023-01-06,2023-01-10,validation,2021-04-06,2023-03-29
2513,S41G01N156,2023-01-20,2022-2023,50,창원 LG,64,대구 한국가스공사,1,3,carryover,0,2023-01-07,2023-01-17,2022-12-31,2023-01-09,validation,2021-04-06,2023-03-29
2514,S41G01N157,2023-01-20,2022-2023,10,울산 현대모비스,60,전주 KCC,1,3,carryover,0,2023-01-07,2023-01-11,2023-01-06,2023-01-10,validation,2021-04-06,2023-03-29
2515,S41G01N158,2023-01-21,2022-2023,06,수원 KT,55,서울 SK,0,3,carryover,0,2023-01-08,2023-01-19,2023-01-06,2023-01-10,validation,2021-04-06,2023-03-29
2516,S41G01N159,2023-01-21,2022-2023,73,고양 캐롯,70,안양 KGC,1,3,carryover,0,2023-01-07,2023-01-19,2023-01-06,2023-01-11,validation,2021-04-06,2023-03-29
2517,S41G01N160,2023-01-21,2022-2023,35,서울 삼성,16,원주 DB,0,3,carryover,0,2023-01-07,2023-01-19,2023-01-07,2023-01-19,validation,2021-04-06,2023-03-29
2518,S41G01N161,2023-01-22,2022-2023,64,대구 한국가스공사,10,울산 현대모비스,0,3,carryover,0,2023-01-07,2023-01-20,2023-01-08,2023-01-20,validation,2021-04-06,2023-03-29
2519,S41G01N162,2023-01-22,2022-2023,50,창원 LG,60,전주 KCC,1,3,carryover,0,2023-01-10,2023-01-20,2023-01-08,2023-01-20,validation,2021-04-06,2023-03-29
2520,S41G01N163,2023-01-22,2022-2023,70,안양 KGC,35,서울 삼성,1,3,carryover,0,2023-01-08,2023-01-21,2023-01-08,2023-01-21,validation,2021-04-06,2023-03-29
2521,S41G01N164,2023-01-23,2022-2023,16,원주 DB,06,수원 KT,1,3,carryover,0,2023-01-17,2023-01-21,2023-01-10,2023-01-21,validation,2021-04-06,2023-03-29
2522,S41G01N165,2023-01-23,2022-2023,55,서울 SK,73,고양 캐롯,1,3,carryover,0,2023-01-08,2023-01-21,2023-01-09,2023-01-21,validation,2021-04-06,2023-03-29
2523,S41G01N166,2023-01-24,2022-2023,10,울산 현대모비스,50,창원 LG,1,3,carryover,0,2023-01-11,2023-01-22,2023-01-17,2023-01-22,validation,2021-04-06,2023-03-29
2524,S41G01N167,2023-01-24,2022-2023,60,전주 KCC,64,대구 한국가스공사,0,3,carryover,0,2023-01-10,2023-01-22,2023-01-09,2023-01-22,validation,2021-04-06,2023-03-29
2525,S41G01N168,2023-01-26,2022-2023,16,원주 DB,64,대구 한국가스공사,1,3,carryover,0,2023-01-19,2023-01-23,2023-01-20,2023-01-24,validation,2021-04-06,2023-03-29
2526,S41G01N169,2023-01-27,2022-2023,35,서울 삼성,10,울산 현대모비스,0,3,carryover,0,2023-01-19,2023-01-22,2023-01-20,2023-01-24,validation,2021-04-06,2023-03-29
2527,S41G01N170,2023-01-27,2022-2023,06,수원 KT,73,고양 캐롯,1,3,carryover,0,2023-01-19,2023-01-23,2023-01-19,2023-01-23,validation,2021-04-06,2023-03-29
2528,S41G01N171,2023-01-28,2022-2023,55,서울 SK,64,대구 한국가스공사,1,3,carryover,0,2023-01-10,2023-01-23,2023-01-22,2023-01-26,validation,2021-04-06,2023-03-29
2529,S41G01N172,2023-01-28,2022-2023,50,창원 LG,70,안양 KGC,1,3,carryover,0,2023-01-20,2023-01-24,2023-01-11,2023-01-22,validation,2021-04-06,2023-03-29
2530,S41G01N173,2023-01-28,2022-2023,16,원주 DB,60,전주 KCC,1,3,carryover,0,2023-01-21,2023-01-26,2023-01-20,2023-01-24,validation,2021-04-06,2023-03-29
2531,S41G01N174,2023-01-29,2022-2023,06,수원 KT,50,창원 LG,0,3,carryover,0,2023-01-21,2023-01-27,2023-01-22,2023-01-28,validation,2021-04-06,2023-03-29
2532,S41G01N175,2023-01-29,2022-2023,70,안양 KGC,64,대구 한국가스공사,1,3,carryover,0,2023-01-21,2023-01-28,2023-01-24,2023-01-28,validation,2021-04-06,2023-03-29
2533,S41G01N176,2023-01-29,2022-2023,10,울산 현대모비스,55,서울 SK,1,3,carryover,0,2023-01-22,2023-01-27,2023-01-21,2023-01-28,validation,2021-04-06,2023-03-29
2534,S41G01N177,2023-01-30,2022-2023,73,고양 캐롯,35,서울 삼성,1,3,carryover,0,2023-01-21,2023-01-27,2023-01-21,2023-01-27,validation,2021-04-06,2023-03-29
2535,S41G01N178,2023-01-31,2022-2023,06,수원 KT,64,대구 한국가스공사,1,3,carryover,0,2023-01-23,2023-01-29,2023-01-26,2023-01-29,validation,2021-04-06,2023-03-29
2536,S41G01N179,2023-01-31,2022-2023,60,전주 KCC,70,안양 KGC,0,3,carryover,0,2023-01-22,2023-01-28,2023-01-22,2023-01-29,validation,2021-04-06,2023-03-29
2537,S41G01N180,2023-02-01,2022-2023,55,서울 SK,50,창원 LG,0,3,carryover,0,2023-01-23,2023-01-29,2023-01-24,2023-01-29,validation,2021-04-06,2023-03-29
2538,S41G01N181,2023-02-02,2022-2023,73,고양 캐롯,70,안양 KGC,0,3,carryover,0,2023-01-23,2023-01-30,2023-01-28,2023-01-31,validation,2021-04-06,2023-03-29
2539,S41G01N182,2023-02-02,2022-2023,35,서울 삼성,06,수원 KT,1,3,carryover,0,2023-01-22,2023-01-30,2023-01-27,2023-01-31,validation,2021-04-06,2023-03-29
2540,S41G01N183,2023-02-03,2022-2023,50,창원 LG,16,원주 DB,1,3,carryover,0,2023-01-28,2023-02-01,2023-01-23,2023-01-28,validation,2021-04-06,2023-03-29
2541,S41G01N184,2023-02-04,2022-2023,70,안양 KGC,35,서울 삼성,1,3,carryover,0,2023-01-29,2023-02-02,2023-01-27,2023-02-02,validation,2021-04-06,2023-03-29
2542,S41G01N185,2023-02-04,2022-2023,10,울산 현대모비스,73,고양 캐롯,0,3,carryover,0,2023-01-24,2023-01-29,2023-01-27,2023-02-02,validation,2021-04-06,2023-03-29
2543,S41G01N186,2023-02-04,2022-2023,64,대구 한국가스공사,06,수원 KT,0,3,carryover,0,2023-01-28,2023-01-31,2023-01-29,2023-02-02,validation,2021-04-06,2023-03-29
2544,S41G01N187,2023-02-05,2022-2023,10,울산 현대모비스,16,원주 DB,1,3,carryover,0,2023-01-27,2023-02-04,2023-01-26,2023-02-03,validation,2021-04-06,2023-03-29
2545,S41G01N188,2023-02-05,2022-2023,60,전주 KCC,50,창원 LG,1,3,carryover,0,2023-01-24,2023-01-31,2023-01-29,2023-02-03,validation,2021-04-06,2023-03-29
2546,S41G01N189,2023-02-05,2022-2023,55,서울 SK,73,고양 캐롯,1,3,carryover,0,2023-01-28,2023-02-01,2023-01-30,2023-02-04,validation,2021-04-06,2023-03-29
2547,S41G01N190,2023-02-06,2022-2023,06,수원 KT,70,안양 KGC,0,3,carryover,0,2023-01-31,2023-02-04,2023-01-31,2023-02-04,validation,2021-04-06,2023-03-29
2548,S41G01N191,2023-02-07,2022-2023,55,서울 SK,10,울산 현대모비스,1,3,carryover,0,2023-01-29,2023-02-05,2023-01-29,2023-02-05,validation,2021-04-06,2023-03-29
2549,S41G01N192,2023-02-08,2022-2023,64,대구 한국가스공사,50,창원 LG,0,3,carryover,0,2023-01-29,2023-02-04,2023-02-01,2023-02-05,validation,2021-04-06,2023-03-29
2550,S41G01N193,2023-02-09,2022-2023,70,안양 KGC,16,원주 DB,1,3,carryover,0,2023-02-02,2023-02-06,2023-01-28,2023-02-05,validation,2021-04-06,2023-03-29
2551,S41G01N194,2023-02-09,2022-2023,60,전주 KCC,10,울산 현대모비스,0,3,carryover,0,2023-01-28,2023-02-05,2023-02-04,2023-02-07,validation,2021-04-06,2023-03-29
2552,S41G01N195,2023-02-10,2022-2023,50,창원 LG,35,서울 삼성,1,3,carryover,0,2023-02-03,2023-02-08,2023-01-30,2023-02-04,validation,2021-04-06,2023-03-29
2553,S41G01N196,2023-02-10,2022-2023,73,고양 캐롯,06,수원 KT,1,3,carryover,0,2023-02-02,2023-02-05,2023-02-02,2023-02-06,validation,2021-04-06,2023-03-29
2554,S41G01N197,2023-02-11,2022-2023,55,서울 SK,64,대구 한국가스공사,1,3,carryover,0,2023-02-01,2023-02-07,2023-01-31,2023-02-08,validation,2021-04-06,2023-03-29
2555,S41G01N198,2023-02-11,2022-2023,70,안양 KGC,10,울산 현대모비스,1,3,carryover,0,2023-02-04,2023-02-09,2023-02-05,2023-02-09,validation,2021-04-06,2023-03-29
2556,S41G01N199,2023-02-12,2022-2023,55,서울 SK,50,창원 LG,0,3,carryover,0,2023-02-05,2023-02-11,2023-02-05,2023-02-10,validation,2021-04-06,2023-03-29
2557,S41G01N200,2023-02-12,2022-2023,06,수원 KT,60,전주 KCC,1,3,carryover,0,2023-02-04,2023-02-10,2023-01-31,2023-02-09,validation,2021-04-06,2023-03-29
2558,S41G01N201,2023-02-12,2022-2023,64,대구 한국가스공사,70,안양 KGC,0,3,carryover,0,2023-02-04,2023-02-11,2023-02-06,2023-02-11,validation,2021-04-06,2023-03-29
2559,S41G01N202,2023-02-13,2022-2023,35,서울 삼성,16,원주 DB,1,3,carryover,0,2023-02-02,2023-02-10,2023-02-03,2023-02-09,validation,2021-04-06,2023-03-29
2560,S41G01N203,2023-02-14,2022-2023,55,서울 SK,06,수원 KT,1,3,carryover,0,2023-02-07,2023-02-12,2023-02-06,2023-02-12,validation,2021-04-06,2023-03-29
2561,S41G01N204,2023-02-15,2022-2023,70,안양 KGC,50,창원 LG,1,3,carryover,0,2023-02-09,2023-02-12,2023-02-08,2023-02-12,validation,2021-04-06,2023-03-29
2562,S41G01N205,2023-02-16,2022-2023,64,대구 한국가스공사,10,울산 현대모비스,0,3,carryover,0,2023-02-08,2023-02-12,2023-02-07,2023-02-11,validation,2021-04-06,2023-03-29
2563,S41G01N206,2023-02-16,2022-2023,35,서울 삼성,55,서울 SK,0,3,carryover,0,2023-02-04,2023-02-13,2023-02-11,2023-02-14,validation,2021-04-06,2023-03-29
2564,S41G01N207,2023-02-17,2022-2023,50,창원 LG,73,고양 캐롯,1,3,carryover,0,2023-02-10,2023-02-15,2023-02-04,2023-02-10,validation,2021-04-06,2023-03-29
2565,S41G01N208,2023-02-17,2022-2023,70,안양 KGC,60,전주 KCC,1,3,carryover,0,2023-02-11,2023-02-15,2023-02-05,2023-02-12,validation,2021-04-06,2023-03-29
2566,S41G01N209,2023-02-18,2022-2023,16,원주 DB,55,서울 SK,0,3,carryover,0,2023-02-05,2023-02-13,2023-02-12,2023-02-16,validation,2021-04-06,2023-03-29
2567,S41G01N210,2023-02-18,2022-2023,35,서울 삼성,64,대구 한국가스공사,0,3,carryover,0,2023-02-10,2023-02-16,2023-02-11,2023-02-16,validation,2021-04-06,2023-03-29
2568,S41G01N211,2023-02-18,2022-2023,10,울산 현대모비스,06,수원 KT,1,3,carryover,0,2023-02-09,2023-02-16,2023-02-10,2023-02-14,validation,2021-04-06,2023-03-29
2569,S41G01N212,2023-02-19,2022-2023,73,고양 캐롯,35,서울 삼성,1,3,carryover,0,2023-02-05,2023-02-17,2023-02-13,2023-02-18,validation,2021-04-06,2023-03-29
2570,S41G01N213,2023-02-19,2022-2023,64,대구 한국가스공사,60,전주 KCC,1,3,carryover,0,2023-02-12,2023-02-18,2023-02-09,2023-02-17,validation,2021-04-06,2023-03-29
2571,S41G01N214,2023-02-19,2022-2023,55,서울 SK,70,안양 KGC,1,3,carryover,0,2023-02-14,2023-02-18,2023-02-12,2023-02-17,validation,2021-04-06,2023-03-29
2572,S41G01N215,2023-02-23,2022-2023,60,전주 KCC,55,서울 SK,1,3,carryover,0,2023-02-12,2023-02-19,2023-02-16,2023-02-19,validation,2021-04-06,2023-03-29
2573,S41G01N216,2023-02-25,2022-2023,16,원주 DB,60,전주 KCC,0,3,carryover,0,2023-02-09,2023-02-18,2023-02-17,2023-02-23,validation,2021-04-06,2023-03-29
2574,S41G01N217,2023-02-26,2022-2023,70,안양 KGC,64,대구 한국가스공사,1,3,carryover,0,2023-02-15,2023-02-19,2023-02-16,2023-02-19,validation,2021-04-06,2023-03-29
2575,S41G01N218,2023-03-01,2022-2023,60,전주 KCC,35,서울 삼성,1,3,carryover,0,2023-02-19,2023-02-25,2023-02-16,2023-02-19,validation,2021-04-06,2023-03-29
2576,S41G01N219,2023-03-01,2022-2023,64,대구 한국가스공사,73,고양 캐롯,1,3,carryover,0,2023-02-18,2023-02-26,2023-02-10,2023-02-19,validation,2021-04-06,2023-03-29
2577,S41G01N220,2023-03-01,2022-2023,06,수원 KT,16,원주 DB,1,3,carryover,0,2023-02-12,2023-02-18,2023-02-13,2023-02-25,validation,2021-04-06,2023-03-29
2578,S41G01N221,2023-03-02,2022-2023,10,울산 현대모비스,50,창원 LG,0,3,carryover,0,2023-02-11,2023-02-18,2023-02-12,2023-02-17,validation,2021-04-06,2023-03-29
2579,S41G01N222,2023-03-04,2022-2023,16,원주 DB,64,대구 한국가스공사,1,3,carryover,0,2023-02-18,2023-03-01,2023-02-19,2023-03-01,validation,2021-04-06,2023-03-29
2580,S41G01N223,2023-03-04,2022-2023,73,고양 캐롯,60,전주 KCC,1,3,carryover,0,2023-02-17,2023-03-01,2023-02-23,2023-03-01,validation,2021-04-06,2023-03-29
2581,S41G01N224,2023-03-04,2022-2023,35,서울 삼성,10,울산 현대모비스,0,3,carryover,0,2023-02-18,2023-03-01,2023-02-16,2023-03-02,validation,2021-04-06,2023-03-29
2582,S41G01N225,2023-03-04,2022-2023,50,창원 LG,06,수원 KT,1,3,carryover,0,2023-02-15,2023-03-02,2023-02-14,2023-03-01,validation,2021-04-06,2023-03-29
2583,S41G01N226,2023-03-07,2022-2023,16,원주 DB,73,고양 캐롯,0,3,carryover,0,2023-02-25,2023-03-04,2023-02-19,2023-03-04,validation,2021-04-06,2023-03-29
2584,S41G01N227,2023-03-08,2022-2023,55,서울 SK,06,수원 KT,1,3,carryover,0,2023-02-18,2023-02-23,2023-02-18,2023-03-04,validation,2021-04-06,2023-03-29
2585,S41G01N228,2023-03-09,2022-2023,60,전주 KCC,50,창원 LG,0,3,carryover,0,2023-02-25,2023-03-04,2023-02-17,2023-03-04,validation,2021-04-06,2023-03-29
2586,S41G01N229,2023-03-09,2022-2023,64,대구 한국가스공사,73,고양 캐롯,1,3,carryover,0,2023-02-26,2023-03-04,2023-03-01,2023-03-07,validation,2021-04-06,2023-03-29
2587,S41G01N230,2023-03-10,2022-2023,10,울산 현대모비스,55,서울 SK,0,3,carryover,0,2023-02-18,2023-03-04,2023-02-19,2023-03-08,validation,2021-04-06,2023-03-29
2588,S41G01N231,2023-03-10,2022-2023,35,서울 삼성,70,안양 KGC,1,3,carryover,0,2023-02-19,2023-03-04,2023-02-17,2023-02-26,validation,2021-04-06,2023-03-29
2589,S41G01N232,2023-03-11,2022-2023,73,고양 캐롯,50,창원 LG,1,3,carryover,0,2023-03-04,2023-03-09,2023-03-02,2023-03-09,validation,2021-04-06,2023-03-29
2590,S41G01N233,2023-03-11,2022-2023,60,전주 KCC,16,원주 DB,1,3,carryover,0,2023-03-01,2023-03-09,2023-03-01,2023-03-07,validation,2021-04-06,2023-03-29
2591,S41G01N234,2023-03-11,2022-2023,64,대구 한국가스공사,06,수원 KT,0,3,carryover,0,2023-03-01,2023-03-09,2023-03-01,2023-03-08,validation,2021-04-06,2023-03-29
2592,S41G01N235,2023-03-12,2022-2023,60,전주 KCC,35,서울 삼성,1,3,carryover,0,2023-03-04,2023-03-11,2023-03-01,2023-03-10,validation,2021-04-06,2023-03-29
2593,S41G01N236,2023-03-12,2022-2023,55,서울 SK,70,안양 KGC,1,3,carryover,0,2023-02-23,2023-03-10,2023-02-19,2023-03-10,validation,2021-04-06,2023-03-29
2594,S41G01N237,2023-03-12,2022-2023,16,원주 DB,10,울산 현대모비스,0,3,carryover,0,2023-03-04,2023-03-11,2023-03-02,2023-03-10,validation,2021-04-06,2023-03-29
2595,S41G01N238,2023-03-13,2022-2023,06,수원 KT,73,고양 캐롯,0,3,carryover,0,2023-03-04,2023-03-11,2023-03-07,2023-03-11,validation,2021-04-06,2023-03-29
2596,S41G01N239,2023-03-14,2022-2023,10,울산 현대모비스,64,대구 한국가스공사,1,3,carryover,0,2023-03-04,2023-03-12,2023-03-04,2023-03-11,validation,2021-04-06,2023-03-29
2597,S41G01N240,2023-03-15,2022-2023,73,고양 캐롯,60,전주 KCC,0,3,carryover,0,2023-03-09,2023-03-13,2023-03-09,2023-03-12,validation,2021-04-06,2023-03-29
2598,S41G01N241,2023-03-16,2022-2023,35,서울 삼성,16,원주 DB,0,3,carryover,0,2023-03-04,2023-03-12,2023-03-07,2023-03-12,validation,2021-04-06,2023-03-29
2599,S41G01N242,2023-03-16,2022-2023,70,안양 KGC,50,창원 LG,0,3,carryover,0,2023-02-26,2023-03-12,2023-03-04,2023-03-11,validation,2021-04-06,2023-03-29
2600,S41G01N243,2023-03-17,2022-2023,64,대구 한국가스공사,55,서울 SK,0,3,carryover,0,2023-03-09,2023-03-14,2023-03-08,2023-03-12,validation,2021-04-06,2023-03-29
2601,S41G01N244,2023-03-17,2022-2023,10,울산 현대모비스,60,전주 KCC,1,3,carryover,0,2023-03-10,2023-03-14,2023-03-11,2023-03-15,validation,2021-04-06,2023-03-29
2602,S41G01N245,2023-03-18,2022-2023,35,서울 삼성,50,창원 LG,0,3,carryover,0,2023-03-10,2023-03-16,2023-03-09,2023-03-16,validation,2021-04-06,2023-03-29
2603,S41G01N246,2023-03-18,2022-2023,16,원주 DB,73,고양 캐롯,1,3,carryover,0,2023-03-11,2023-03-16,2023-03-11,2023-03-15,validation,2021-04-06,2023-03-29
2604,S41G01N247,2023-03-18,2022-2023,70,안양 KGC,06,수원 KT,1,3,carryover,0,2023-03-10,2023-03-16,2023-03-08,2023-03-13,validation,2021-04-06,2023-03-29
2605,S41G01N248,2023-03-19,2022-2023,35,서울 삼성,55,서울 SK,0,3,carryover,0,2023-03-12,2023-03-18,2023-03-10,2023-03-17,validation,2021-04-06,2023-03-29
2606,S41G01N249,2023-03-19,2022-2023,06,수원 KT,10,울산 현대모비스,0,3,carryover,0,2023-03-11,2023-03-18,2023-03-12,2023-03-17,validation,2021-04-06,2023-03-29
2607,S41G01N250,2023-03-19,2022-2023,50,창원 LG,16,원주 DB,0,3,carryover,0,2023-03-11,2023-03-18,2023-03-12,2023-03-18,validation,2021-04-06,2023-03-29
2608,S41G01N251,2023-03-20,2022-2023,70,안양 KGC,60,전주 KCC,1,3,carryover,0,2023-03-12,2023-03-18,2023-03-12,2023-03-17,validation,2021-04-06,2023-03-29
2609,S41G01N252,2023-03-21,2022-2023,10,울산 현대모비스,35,서울 삼성,1,3,carryover,0,2023-03-14,2023-03-19,2023-03-16,2023-03-19,validation,2021-04-06,2023-03-29
2610,S41G01N253,2023-03-22,2022-2023,55,서울 SK,73,고양 캐롯,1,3,carryover,0,2023-03-12,2023-03-19,2023-03-13,2023-03-18,validation,2021-04-06,2023-03-29
2611,S41G01N254,2023-03-23,2022-2023,50,창원 LG,64,대구 한국가스공사,1,3,carryover,0,2023-03-16,2023-03-19,2023-03-11,2023-03-17,validation,2021-04-06,2023-03-29
2612,S41G01N255,2023-03-23,2022-2023,16,원주 DB,06,수원 KT,1,3,carryover,0,2023-03-16,2023-03-19,2023-03-13,2023-03-19,validation,2021-04-06,2023-03-29
2613,S41G01N256,2023-03-24,2022-2023,55,서울 SK,60,전주 KCC,1,3,carryover,0,2023-03-17,2023-03-22,2023-03-15,2023-03-20,validation,2021-04-06,2023-03-29
2614,S41G01N257,2023-03-24,2022-2023,10,울산 현대모비스,70,안양 KGC,1,3,carryover,0,2023-03-17,2023-03-21,2023-03-16,2023-03-20,validation,2021-04-06,2023-03-29
2615,S41G01N258,2023-03-25,2022-2023,06,수원 KT,50,창원 LG,0,3,carryover,0,2023-03-18,2023-03-23,2023-03-18,2023-03-23,validation,2021-04-06,2023-03-29
2616,S41G01N259,2023-03-25,2022-2023,35,서울 삼성,73,고양 캐롯,0,3,carryover,0,2023-03-18,2023-03-21,2023-03-15,2023-03-22,validation,2021-04-06,2023-03-29
2617,S41G01N260,2023-03-25,2022-2023,16,원주 DB,64,대구 한국가스공사,1,3,carryover,0,2023-03-18,2023-03-23,2023-03-14,2023-03-23,validation,2021-04-06,2023-03-29
2618,S41G01N261,2023-03-26,2022-2023,60,전주 KCC,06,수원 KT,1,3,carryover,0,2023-03-17,2023-03-24,2023-03-19,2023-03-25,validation,2021-04-06,2023-03-29
2619,S41G01N262,2023-03-26,2022-2023,50,창원 LG,55,서울 SK,0,3,carryover,0,2023-03-19,2023-03-25,2023-03-19,2023-03-24,validation,2021-04-06,2023-03-29
2620,S41G01N263,2023-03-26,2022-2023,70,안양 KGC,16,원주 DB,1,3,carryover,0,2023-03-18,2023-03-24,2023-03-19,2023-03-25,validation,2021-04-06,2023-03-29
2621,S41G01N264,2023-03-27,2022-2023,73,고양 캐롯,10,울산 현대모비스,0,3,carryover,0,2023-03-18,2023-03-25,2023-03-19,2023-03-24,validation,2021-04-06,2023-03-29
2622,S41G01N265,2023-03-27,2022-2023,35,서울 삼성,64,대구 한국가스공사,1,3,carryover,0,2023-03-19,2023-03-25,2023-03-17,2023-03-25,validation,2021-04-06,2023-03-29
2623,S41G01N266,2023-03-29,2022-2023,55,서울 SK,16,원주 DB,1,3,carryover,0,2023-03-22,2023-03-26,2023-03-23,2023-03-26,validation,2021-04-06,2023-03-29
2624,S41G01N267,2023-03-29,2022-2023,50,창원 LG,10,울산 현대모비스,1,3,carryover,0,2023-03-23,2023-03-26,2023-03-21,2023-03-27,validation,2021-04-06,2023-03-29
2625,S41G01N268,2023-03-29,2022-2023,06,수원 KT,35,서울 삼성,1,3,carryover,0,2023-03-23,2023-03-26,2023-03-21,2023-03-27,validation,2021-04-06,2023-03-29
2626,S41G01N269,2023-03-29,2022-2023,60,전주 KCC,64,대구 한국가스공사,0,3,carryover,0,2023-03-20,2023-03-26,2023-03-23,2023-03-27,validation,2021-04-06,2023-03-29
2627,S41G01N270,2023-03-29,2022-2023,73,고양 캐롯,70,안양 KGC,1,3,carryover,0,2023-03-22,2023-03-27,2023-03-20,2023-03-26,validation,2021-04-06,2023-03-29
2628,S43G01N1,2023-10-21,2023-2024,70,안양 정관장,55,서울 SK,0,3,carryover,1,2023-03-24,2023-03-29,2023-03-24,2023-03-29,test,2021-04-06,2023-03-29
2629,S43G01N2,2023-10-21,2023-2024,50,창원 LG,06,수원 KT,0,3,carryover,1,2023-03-25,2023-03-29,2023-03-25,2023-03-29,test,2021-04-06,2023-03-29
2630,S43G01N3,2023-10-21,2023-2024,10,울산 현대모비스,64,대구 한국가스공사,1,3,carryover,1,2023-03-24,2023-03-29,2023-03-25,2023-03-29,test,2021-04-06,2023-03-29
2631,S43G01N4,2023-10-22,2023-2024,55,서울 SK,06,수원 KT,1,3,carryover,1,2023-03-26,2023-10-21,2023-03-26,2023-10-21,test,2021-04-06,2023-03-29
2632,S43G01N5,2023-10-22,2023-2024,66,고양 소노,16,원주 DB,0,3,carryover,1,2023-03-25,2023-03-29,2023-03-25,2023-03-29,test,2021-04-06,2023-03-29
2633,S43G01N6,2023-10-22,2023-2024,60,부산 KCC,35,서울 삼성,1,3,carryover,1,2023-03-24,2023-03-29,2023-03-25,2023-03-29,test,2021-04-06,2023-03-29
2634,S43G01N7,2023-10-23,2023-2024,10,울산 현대모비스,50,창원 LG,1,3,carryover,1,2023-03-27,2023-10-21,2023-03-26,2023-10-21,test,2021-04-06,2023-03-29
2635,S43G01N8,2023-10-24,2023-2024,66,고양 소노,55,서울 SK,0,3,carryover,1,2023-03-27,2023-10-22,2023-03-29,2023-10-22,test,2021-04-06,2023-03-29
2636,S43G01N9,2023-10-26,2023-2024,50,창원 LG,16,원주 DB,0,3,carryover,1,2023-03-29,2023-10-23,2023-03-26,2023-10-22,test,2021-04-06,2023-03-29
2637,S43G01N10,2023-10-27,2023-2024,10,울산 현대모비스,55,서울 SK,1,3,carryover,1,2023-03-29,2023-10-23,2023-10-21,2023-10-24,test,2021-04-06,2023-03-29
2638,S43G01N11,2023-10-27,2023-2024,35,서울 삼성,66,고양 소노,1,3,carryover,1,2023-03-27,2023-10-22,2023-03-29,2023-10-24,test,2021-04-06,2023-03-29
2639,S43G01N12,2023-10-28,2023-2024,16,원주 DB,60,부산 KCC,1,3,carryover,1,2023-03-29,2023-10-26,2023-03-26,2023-10-22,test,2021-04-06,2023-03-29
2640,S43G01N13,2023-10-28,2023-2024,64,대구 한국가스공사,50,창원 LG,0,3,carryover,1,2023-03-27,2023-10-21,2023-10-21,2023-10-26,test,2021-04-06,2023-03-29
2641,S43G01N14,2023-10-28,2023-2024,06,수원 KT,70,안양 정관장,0,3,carryover,1,2023-03-29,2023-10-22,2023-03-26,2023-10-21,test,2021-04-06,2023-03-29
2642,S43G01N15,2023-10-29,2023-2024,35,서울 삼성,50,창원 LG,0,3,carryover,1,2023-03-29,2023-10-27,2023-10-23,2023-10-28,test,2021-04-06,2023-03-29
2643,S43G01N16,2023-10-29,2023-2024,64,대구 한국가스공사,55,서울 SK,1,3,carryover,1,2023-03-29,2023-10-28,2023-10-22,2023-10-27,test,2021-04-06,2023-03-29
2644,S43G01N17,2023-10-29,2023-2024,66,고양 소노,10,울산 현대모비스,1,3,carryover,0,2023-10-22,2023-10-27,2023-10-21,2023-10-27,test,2021-04-06,2023-03-29
2645,S43G01N18,2023-10-30,2023-2024,06,수원 KT,16,원주 DB,0,3,carryover,0,2023-10-21,2023-10-28,2023-10-22,2023-10-28,test,2021-04-06,2023-03-29
2646,S43G01N19,2023-10-31,2023-2024,70,안양 정관장,10,울산 현대모비스,0,3,carryover,1,2023-03-29,2023-10-28,2023-10-23,2023-10-29,test,2021-04-06,2023-03-29
2647,S43G01N20,2023-10-31,2023-2024,35,서울 삼성,64,대구 한국가스공사,1,3,carryover,0,2023-10-22,2023-10-29,2023-10-21,2023-10-29,test,2021-04-06,2023-03-29
2648,S43G01N21,2023-11-02,2023-2024,50,창원 LG,66,고양 소노,1,3,carryover,0,2023-10-26,2023-10-29,2023-10-24,2023-10-29,test,2021-04-06,2023-03-29
2649,S43G01N22,2023-11-02,2023-2024,35,서울 삼성,70,안양 정관장,0,3,carryover,0,2023-10-27,2023-10-31,2023-10-21,2023-10-31,test,2021-04-06,2023-03-29
2650,S43G01N23,2023-11-03,2023-2024,10,울산 현대모비스,60,부산 KCC,0,3,carryover,1,2023-10-27,2023-10-31,2023-03-29,2023-10-28,test,2021-04-06,2023-03-29
2651,S43G01N24,2023-11-03,2023-2024,64,대구 한국가스공사,16,원주 DB,0,3,carryover,0,2023-10-28,2023-10-31,2023-10-26,2023-10-30,test,2021-04-06,2023-03-29
2652,S43G01N25,2023-11-04,2023-2024,50,창원 LG,55,서울 SK,1,3,carryover,0,2023-10-28,2023-11-02,2023-10-24,2023-10-29,test,2021-04-06,2023-03-29
2653,S43G01N26,2023-11-04,2023-2024,70,안양 정관장,66,고양 소노,0,3,carryover,0,2023-10-28,2023-11-02,2023-10-27,2023-11-02,test,2021-04-06,2023-03-29
2654,S43G01N27,2023-11-04,2023-2024,35,서울 삼성,06,수원 KT,0,3,carryover,0,2023-10-29,2023-11-02,2023-10-22,2023-10-30,test,2021-04-06,2023-03-29
2655,S43G01N28,2023-11-05,2023-2024,10,울산 현대모비스,16,원주 DB,0,3,carryover,0,2023-10-29,2023-11-03,2023-10-28,2023-11-03,test,2021-04-06,2023-03-29
2656,S43G01N29,2023-11-05,2023-2024,64,대구 한국가스공사,70,안양 정관장,0,3,carryover,0,2023-10-29,2023-11-03,2023-10-31,2023-11-04,test,2021-04-06,2023-03-29
2657,S43G01N30,2023-11-06,2023-2024,06,수원 KT,66,고양 소노,1,3,carryover,0,2023-10-28,2023-11-04,2023-10-29,2023-11-04,test,2021-04-06,2023-03-29
2658,S43G01N31,2023-11-07,2023-2024,70,안양 정관장,60,부산 KCC,1,3,carryover,0,2023-11-02,2023-11-05,2023-10-22,2023-11-03,test,2021-04-06,2023-03-29
2659,S43G01N32,2023-11-07,2023-2024,16,원주 DB,35,서울 삼성,1,3,carryover,0,2023-10-30,2023-11-05,2023-10-31,2023-11-04,test,2021-04-06,2023-03-29
2660,S43G01N33,2023-11-09,2023-2024,06,수원 KT,64,대구 한국가스공사,1,3,carryover,0,2023-10-30,2023-11-06,2023-10-31,2023-11-05,test,2021-04-06,2023-03-29
2661,S43G01N34,2023-11-09,2023-2024,10,울산 현대모비스,35,서울 삼성,1,3,carryover,0,2023-10-31,2023-11-05,2023-11-02,2023-11-07,test,2021-04-06,2023-03-29
2662,S43G01N35,2023-11-10,2023-2024,50,창원 LG,60,부산 KCC,1,3,carryover,0,2023-10-29,2023-11-04,2023-10-28,2023-11-07,test,2021-04-06,2023-03-29
2663,S43G01N36,2023-11-10,2023-2024,16,원주 DB,70,안양 정관장,0,3,carryover,0,2023-11-03,2023-11-07,2023-11-04,2023-11-07,test,2021-04-06,2023-03-29
2664,S43G01N37,2023-11-11,2023-2024,35,서울 삼성,55,서울 SK,0,3,carryover,0,2023-11-04,2023-11-09,2023-10-27,2023-11-04,test,2021-04-06,2023-03-29
2665,S43G01N38,2023-11-11,2023-2024,64,대구 한국가스공사,66,고양 소노,0,3,carryover,0,2023-11-03,2023-11-09,2023-11-02,2023-11-06,test,2021-04-06,2023-03-29
2666,S43G01N39,2023-11-11,2023-2024,06,수원 KT,10,울산 현대모비스,1,3,carryover,0,2023-11-04,2023-11-09,2023-11-03,2023-11-09,test,2021-04-06,2023-03-29
2667,S43G01N40,2023-11-12,2023-2024,16,원주 DB,55,서울 SK,1,3,carryover,0,2023-11-05,2023-11-10,2023-10-29,2023-11-11,test,2021-04-06,2023-03-29
2668,S43G01N41,2023-11-12,2023-2024,70,안양 정관장,50,창원 LG,1,3,carryover,0,2023-11-05,2023-11-10,2023-11-02,2023-11-10,test,2021-04-06,2023-03-29
2669,S43G01N42,2023-11-12,2023-2024,66,고양 소노,60,부산 KCC,1,3,carryover,0,2023-11-04,2023-11-11,2023-11-03,2023-11-10,test,2021-04-06,2023-03-29
2670,S43G01N43,2023-11-13,2023-2024,10,울산 현대모비스,06,수원 KT,0,3,carryover,0,2023-11-05,2023-11-11,2023-11-06,2023-11-11,test,2021-04-06,2023-03-29
2671,S43G01N44,2023-11-14,2023-2024,16,원주 DB,60,부산 KCC,1,3,carryover,0,2023-11-07,2023-11-12,2023-11-07,2023-11-12,test,2021-04-06,2023-03-29
2672,S43G01N45,2023-11-14,2023-2024,35,서울 삼성,70,안양 정관장,0,3,carryover,0,2023-11-07,2023-11-11,2023-11-07,2023-11-12,test,2021-04-06,2023-03-29
2673,S43G01N46,2023-11-16,2023-2024,16,원주 DB,10,울산 현대모비스,1,3,carryover,0,2023-11-10,2023-11-14,2023-11-09,2023-11-13,test,2021-04-06,2023-03-29
2674,S43G01N47,2023-11-16,2023-2024,64,대구 한국가스공사,55,서울 SK,0,3,carryover,0,2023-11-05,2023-11-11,2023-11-04,2023-11-12,test,2021-04-06,2023-03-29
2675,S43G01N48,2023-11-17,2023-2024,60,부산 KCC,66,고양 소노,1,3,carryover,0,2023-11-10,2023-11-14,2023-11-06,2023-11-12,test,2021-04-06,2023-03-29
2676,S43G01N49,2023-11-17,2023-2024,70,안양 정관장,50,창원 LG,0,3,carryover,0,2023-11-10,2023-11-14,2023-11-04,2023-11-12,test,2021-04-06,2023-03-29
2677,S43G01N50,2023-11-18,2023-2024,06,수원 KT,55,서울 SK,0,3,carryover,0,2023-11-09,2023-11-13,2023-11-11,2023-11-16,test,2021-04-06,2023-03-29
2678,S43G01N51,2023-11-18,2023-2024,10,울산 현대모비스,64,대구 한국가스공사,1,3,carryover,0,2023-11-11,2023-11-16,2023-11-09,2023-11-16,test,2021-04-06,2023-03-29
2679,S43G01N52,2023-11-18,2023-2024,16,원주 DB,35,서울 삼성,1,3,carryover,0,2023-11-12,2023-11-16,2023-11-09,2023-11-14,test,2021-04-06,2023-03-29
2680,S43G01N53,2023-11-19,2023-2024,50,창원 LG,64,대구 한국가스공사,1,3,carryover,0,2023-11-10,2023-11-17,2023-11-11,2023-11-18,test,2021-04-06,2023-03-29
2681,S43G01N54,2023-11-19,2023-2024,70,안양 정관장,60,부산 KCC,1,3,carryover,0,2023-11-12,2023-11-17,2023-11-12,2023-11-17,test,2021-04-06,2023-03-29
2682,S43G01N55,2023-11-19,2023-2024,66,고양 소노,16,원주 DB,0,3,carryover,0,2023-11-11,2023-11-17,2023-11-14,2023-11-18,test,2021-04-06,2023-03-29
2683,S43G01N56,2023-11-20,2023-2024,55,서울 SK,35,서울 삼성,1,3,carryover,0,2023-11-12,2023-11-18,2023-11-11,2023-11-18,test,2021-04-06,2023-03-29
2684,S43G01N57,2023-11-21,2023-2024,06,수원 KT,16,원주 DB,0,3,carryover,0,2023-11-11,2023-11-18,2023-11-16,2023-11-19,test,2021-04-06,2023-03-29
2685,S43G01N58,2023-11-21,2023-2024,64,대구 한국가스공사,70,안양 정관장,0,3,carryover,0,2023-11-16,2023-11-19,2023-11-14,2023-11-19,test,2021-04-06,2023-03-29
2686,S43G01N59,2023-11-23,2023-2024,50,창원 LG,10,울산 현대모비스,1,3,carryover,0,2023-11-12,2023-11-19,2023-11-13,2023-11-18,test,2021-04-06,2023-03-29
2687,S43G01N60,2023-11-23,2023-2024,35,서울 삼성,64,대구 한국가스공사,1,3,carryover,0,2023-11-14,2023-11-20,2023-11-18,2023-11-21,test,2021-04-06,2023-03-29
2688,S43G01N61,2023-11-24,2023-2024,70,안양 정관장,06,수원 KT,0,3,carryover,0,2023-11-17,2023-11-21,2023-11-13,2023-11-21,test,2021-04-06,2023-03-29
2689,S43G01N62,2023-11-24,2023-2024,55,서울 SK,16,원주 DB,1,3,carryover,0,2023-11-16,2023-11-20,2023-11-18,2023-11-21,test,2021-04-06,2023-03-29
2690,S43G01N63,2023-11-25,2023-2024,50,창원 LG,66,고양 소노,1,3,carryover,0,2023-11-17,2023-11-23,2023-11-12,2023-11-19,test,2021-04-06,2023-03-29
2691,S43G01N64,2023-11-25,2023-2024,35,서울 삼성,10,울산 현대모비스,0,3,carryover,0,2023-11-18,2023-11-23,2023-11-16,2023-11-23,test,2021-04-06,2023-03-29
2692,S43G01N65,2023-11-25,2023-2024,60,부산 KCC,64,대구 한국가스공사,0,3,carryover,0,2023-11-14,2023-11-19,2023-11-19,2023-11-23,test,2021-04-06,2023-03-29
2693,S43G01N66,2023-11-26,2023-2024,06,수원 KT,35,서울 삼성,1,3,carryover,0,2023-11-18,2023-11-24,2023-11-20,2023-11-25,test,2021-04-06,2023-03-29
2694,S43G01N67,2023-11-26,2023-2024,70,안양 정관장,16,원주 DB,0,3,carryover,0,2023-11-19,2023-11-24,2023-11-19,2023-11-24,test,2021-04-06,2023-03-29
2695,S43G01N68,2023-11-26,2023-2024,66,고양 소노,55,서울 SK,1,3,carryover,0,2023-11-17,2023-11-25,2023-11-18,2023-11-24,test,2021-04-06,2023-03-29
2696,S43G01N69,2023-11-27,2023-2024,60,부산 KCC,10,울산 현대모비스,1,3,carryover,0,2023-11-17,2023-11-25,2023-11-18,2023-11-25,test,2021-04-06,2023-03-29
2697,S43G01N70,2023-11-28,2023-2024,06,수원 KT,50,창원 LG,1,3,carryover,0,2023-11-21,2023-11-26,2023-11-19,2023-11-25,test,2021-04-06,2023-03-29
2698,S43G01N71,2023-11-28,2023-2024,66,고양 소노,70,안양 정관장,1,3,carryover,0,2023-11-19,2023-11-26,2023-11-21,2023-11-26,test,2021-04-06,2023-03-29
2699,S43G01N72,2023-11-30,2023-2024,60,부산 KCC,06,수원 KT,0,3,carryover,0,2023-11-19,2023-11-27,2023-11-24,2023-11-28,test,2021-04-06,2023-03-29
2700,S43G01N73,2023-11-30,2023-2024,55,서울 SK,50,창원 LG,0,3,carryover,0,2023-11-20,2023-11-26,2023-11-23,2023-11-28,test,2021-04-06,2023-03-29
2701,S43G01N74,2023-12-01,2023-2024,70,안양 정관장,10,울산 현대모비스,0,3,carryover,0,2023-11-24,2023-11-28,2023-11-23,2023-11-27,test,2021-04-06,2023-03-29
2702,S43G01N75,2023-12-01,2023-2024,35,서울 삼성,66,고양 소노,0,3,carryover,0,2023-11-23,2023-11-26,2023-11-25,2023-11-28,test,2021-04-06,2023-03-29
2703,S43G01N76,2023-12-02,2023-2024,16,원주 DB,50,창원 LG,0,3,carryover,0,2023-11-21,2023-11-26,2023-11-25,2023-11-30,test,2021-04-06,2023-03-29
2704,S43G01N77,2023-12-02,2023-2024,55,서울 SK,60,부산 KCC,0,3,carryover,0,2023-11-24,2023-11-30,2023-11-25,2023-11-30,test,2021-04-06,2023-03-29
2705,S43G01N78,2023-12-02,2023-2024,64,대구 한국가스공사,06,수원 KT,0,3,carryover,0,2023-11-21,2023-11-25,2023-11-26,2023-11-30,test,2021-04-06,2023-03-29
2706,S43G01N79,2023-12-03,2023-2024,10,울산 현대모비스,66,고양 소노,0,3,carryover,0,2023-11-25,2023-12-01,2023-11-26,2023-12-01,test,2021-04-06,2023-03-29
2707,S43G01N80,2023-12-03,2023-2024,55,서울 SK,70,안양 정관장,1,3,carryover,0,2023-11-26,2023-12-02,2023-11-26,2023-12-01,test,2021-04-06,2023-03-29
2708,S43G01N81,2023-12-03,2023-2024,60,부산 KCC,35,서울 삼성,1,3,carryover,0,2023-11-27,2023-12-02,2023-11-25,2023-12-01,test,2021-04-06,2023-03-29
2709,S43G01N82,2023-12-04,2023-2024,16,원주 DB,64,대구 한국가스공사,1,3,carryover,0,2023-11-24,2023-12-02,2023-11-23,2023-12-02,test,2021-04-06,2023-03-29
2710,S43G01N84,2023-12-05,2023-2024,35,서울 삼성,50,창원 LG,0,3,carryover,0,2023-11-26,2023-12-03,2023-11-28,2023-12-02,test,2021-04-06,2023-03-29
2711,S43G01N83,2023-12-05,2023-2024,06,수원 KT,66,고양 소노,1,3,carryover,0,2023-11-28,2023-12-02,2023-11-28,2023-12-03,test,2021-04-06,2023-03-29
2712,S43G01N85,2023-12-07,2023-2024,50,창원 LG,60,부산 KCC,1,3,carryover,0,2023-11-30,2023-12-05,2023-11-30,2023-12-03,test,2021-04-06,2023-03-29
2713,S43G01N86,2023-12-07,2023-2024,10,울산 현대모비스,55,서울 SK,0,3,carryover,0,2023-11-27,2023-12-03,2023-11-30,2023-12-03,test,2021-04-06,2023-03-29
2714,S43G01N87,2023-12-08,2023-2024,66,고양 소노,64,대구 한국가스공사,0,3,carryover,0,2023-12-01,2023-12-05,2023-11-25,2023-12-04,test,2021-04-06,2023-03-29
2715,S43G01N88,2023-12-08,2023-2024,16,원주 DB,35,서울 삼성,1,3,carryover,0,2023-11-26,2023-12-04,2023-12-01,2023-12-05,test,2021-04-06,2023-03-29
2716,S43G01N89,2023-12-09,2023-2024,10,울산 현대모비스,70,안양 정관장,1,3,carryover,0,2023-12-01,2023-12-07,2023-11-28,2023-12-03,test,2021-04-06,2023-03-29
2717,S43G01N90,2023-12-09,2023-2024,50,창원 LG,06,수원 KT,1,3,carryover,0,2023-12-02,2023-12-07,2023-11-30,2023-12-05,test,2021-04-06,2023-03-29
2718,S43G01N91,2023-12-10,2023-2024,66,고양 소노,64,대구 한국가스공사,0,3,carryover,0,2023-12-03,2023-12-08,2023-12-02,2023-12-08,test,2021-04-06,2023-03-29
2719,S43G01N92,2023-12-10,2023-2024,16,원주 DB,70,안양 정관장,1,3,carryover,0,2023-12-02,2023-12-08,2023-12-01,2023-12-09,test,2021-04-06,2023-03-29
2720,S43G01N93,2023-12-11,2023-2024,10,울산 현대모비스,50,창원 LG,0,3,carryover,0,2023-12-03,2023-12-09,2023-12-05,2023-12-09,test,2021-04-06,2023-03-29
2721,S43G01N94,2023-12-12,2023-2024,06,수원 KT,35,서울 삼성,0,3,carryover,0,2023-12-02,2023-12-09,2023-12-03,2023-12-08,test,2021-04-06,2023-03-29
2722,S43G01N95,2023-12-12,2023-2024,16,원주 DB,55,서울 SK,1,3,carryover,0,2023-12-04,2023-12-10,2023-12-02,2023-12-07,test,2021-04-06,2023-03-29
2723,S43G01N96,2023-12-12,2023-2024,60,부산 KCC,64,대구 한국가스공사,1,3,carryover,0,2023-12-02,2023-12-07,2023-12-04,2023-12-10,test,2021-04-06,2023-03-29
2724,S43G01N97,2023-12-14,2023-2024,64,대구 한국가스공사,55,서울 SK,0,3,carryover,0,2023-12-08,2023-12-12,2023-12-03,2023-12-12,test,2021-04-06,2023-03-29
2725,S43G01N98,2023-12-15,2023-2024,06,수원 KT,66,고양 소노,1,3,carryover,0,2023-12-05,2023-12-12,2023-12-05,2023-12-10,test,2021-04-06,2023-03-29
2726,S43G01N99,2023-12-15,2023-2024,60,부산 KCC,16,원주 DB,1,3,carryover,0,2023-12-03,2023-12-12,2023-12-08,2023-12-12,test,2021-04-06,2023-03-29
2727,S43G01N100,2023-12-16,2023-2024,70,안양 정관장,35,서울 삼성,1,3,carryover,0,2023-12-03,2023-12-10,2023-12-05,2023-12-12,test,2021-04-06,2023-03-29
2728,S43G01N101,2023-12-16,2023-2024,64,대구 한국가스공사,50,창원 LG,1,3,carryover,0,2023-12-10,2023-12-14,2023-12-07,2023-12-11,test,2021-04-06,2023-03-29
2729,S43G01N102,2023-12-16,2023-2024,55,서울 SK,10,울산 현대모비스,1,3,carryover,0,2023-12-07,2023-12-14,2023-12-07,2023-12-11,test,2021-04-06,2023-03-29
2730,S43G01N103,2023-12-17,2023-2024,16,원주 DB,06,수원 KT,0,3,carryover,0,2023-12-10,2023-12-15,2023-12-09,2023-12-15,test,2021-04-06,2023-03-29
2731,S43G01N104,2023-12-17,2023-2024,50,창원 LG,35,서울 삼성,1,3,carryover,0,2023-12-09,2023-12-16,2023-12-08,2023-12-16,test,2021-04-06,2023-03-29
2732,S43G01N105,2023-12-17,2023-2024,60,부산 KCC,66,고양 소노,1,3,carryover,0,2023-12-07,2023-12-15,2023-12-08,2023-12-15,test,2021-04-06,2023-03-29
2733,S43G01N106,2023-12-18,2023-2024,70,안양 정관장,64,대구 한국가스공사,0,3,carryover,0,2023-12-09,2023-12-16,2023-12-12,2023-12-16,test,2021-04-06,2023-03-29
2734,S43G01N107,2023-12-19,2023-2024,06,수원 KT,55,서울 SK,0,3,carryover,0,2023-12-12,2023-12-17,2023-12-12,2023-12-16,test,2021-04-06,2023-03-29
2735,S43G01N108,2023-12-19,2023-2024,10,울산 현대모비스,60,부산 KCC,0,3,carryover,0,2023-12-09,2023-12-16,2023-12-12,2023-12-17,test,2021-04-06,2023-03-29
2736,S43G01N109,2023-12-21,2023-2024,64,대구 한국가스공사,16,원주 DB,0,3,carryover,0,2023-12-14,2023-12-18,2023-12-12,2023-12-17,test,2021-04-06,2023-03-29
2737,S43G01N110,2023-12-21,2023-2024,66,고양 소노,55,서울 SK,0,3,carryover,0,2023-12-10,2023-12-17,2023-12-14,2023-12-19,test,2021-04-06,2023-03-29
2738,S43G01N111,2023-12-22,2023-2024,10,울산 현대모비스,06,수원 KT,1,3,carryover,0,2023-12-11,2023-12-19,2023-12-15,2023-12-19,test,2021-04-06,2023-03-29
2739,S43G01N112,2023-12-22,2023-2024,70,안양 정관장,60,부산 KCC,0,3,carryover,0,2023-12-10,2023-12-18,2023-12-15,2023-12-19,test,2021-04-06,2023-03-29
2740,S43G01N113,2023-12-23,2023-2024,50,창원 LG,55,서울 SK,0,3,carryover,0,2023-12-11,2023-12-17,2023-12-16,2023-12-21,test,2021-04-06,2023-03-29
2741,S43G01N114,2023-12-23,2023-2024,66,고양 소노,16,원주 DB,0,3,carryover,0,2023-12-15,2023-12-21,2023-12-15,2023-12-21,test,2021-04-06,2023-03-29
2742,S43G01N115,2023-12-23,2023-2024,64,대구 한국가스공사,35,서울 삼성,1,3,carryover,0,2023-12-16,2023-12-21,2023-12-12,2023-12-17,test,2021-04-06,2023-03-29
2743,S43G01N116,2023-12-24,2023-2024,66,고양 소노,10,울산 현대모비스,0,3,carryover,0,2023-12-17,2023-12-23,2023-12-16,2023-12-22,test,2021-04-06,2023-03-29
2744,S43G01N117,2023-12-24,2023-2024,70,안양 정관장,06,수원 KT,0,3,carryover,0,2023-12-16,2023-12-22,2023-12-17,2023-12-22,test,2021-04-06,2023-03-29
2745,S43G01N118,2023-12-24,2023-2024,50,창원 LG,60,부산 KCC,0,3,carryover,0,2023-12-16,2023-12-23,2023-12-17,2023-12-22,test,2021-04-06,2023-03-29
2746,S43G01N119,2023-12-25,2023-2024,16,원주 DB,10,울산 현대모비스,1,3,carryover,0,2023-12-17,2023-12-23,2023-12-19,2023-12-24,test,2021-04-06,2023-03-29
2747,S43G01N120,2023-12-25,2023-2024,55,서울 SK,35,서울 삼성,1,3,carryover,0,2023-12-19,2023-12-23,2023-12-16,2023-12-23,test,2021-04-06,2023-03-29
2748,S43G01N121,2023-12-25,2023-2024,64,대구 한국가스공사,60,부산 KCC,0,3,carryover,0,2023-12-18,2023-12-23,2023-12-19,2023-12-24,test,2021-04-06,2023-03-29
2749,S43G01N122,2023-12-26,2023-2024,50,창원 LG,70,안양 정관장,1,3,carryover,0,2023-12-17,2023-12-24,2023-12-18,2023-12-24,test,2021-04-06,2023-03-29
2750,S43G01N123,2023-12-28,2023-2024,64,대구 한국가스공사,06,수원 KT,0,3,carryover,0,2023-12-21,2023-12-25,2023-12-19,2023-12-24,test,2021-04-06,2023-03-29
2751,S43G01N124,2023-12-28,2023-2024,66,고양 소노,70,안양 정관장,1,3,carryover,0,2023-12-21,2023-12-24,2023-12-22,2023-12-26,test,2021-04-06,2023-03-29
2752,S43G01N125,2023-12-28,2023-2024,10,울산 현대모비스,35,서울 삼성,1,3,carryover,0,2023-12-22,2023-12-25,2023-12-17,2023-12-25,test,2021-04-06,2023-03-29
2753,S43G01N126,2023-12-29,2023-2024,16,원주 DB,50,창원 LG,1,3,carryover,0,2023-12-21,2023-12-25,2023-12-23,2023-12-26,test,2021-04-06,2023-03-29
2754,S43G01N127,2023-12-30,2023-2024,66,고양 소노,35,서울 삼성,0,3,carryover,0,2023-12-23,2023-12-28,2023-12-23,2023-12-28,test,2021-04-06,2023-03-29
2755,S43G01N128,2023-12-30,2023-2024,70,안양 정관장,55,서울 SK,0,3,carryover,0,2023-12-24,2023-12-28,2023-12-21,2023-12-25,test,2021-04-06,2023-03-29
2756,S43G01N129,2023-12-30,2023-2024,06,수원 KT,60,부산 KCC,1,3,carryover,0,2023-12-22,2023-12-28,2023-12-22,2023-12-25,test,2021-04-06,2023-03-29
2757,S43G01N130,2023-12-31,2023-2024,70,안양 정관장,16,원주 DB,0,3,carryover,0,2023-12-26,2023-12-30,2023-12-23,2023-12-29,test,2021-04-06,2023-03-29
2758,S43G01N131,2023-12-31,2023-2024,50,창원 LG,66,고양 소노,1,3,carryover,0,2023-12-24,2023-12-29,2023-12-24,2023-12-30,test,2021-04-06,2023-03-29
2759,S43G01N132,2023-12-31,2023-2024,64,대구 한국가스공사,10,울산 현대모비스,0,3,carryover,0,2023-12-23,2023-12-28,2023-12-24,2023-12-28,test,2021-04-06,2023-03-29
2760,S43G01N133,2024-01-01,2023-2024,06,수원 KT,60,부산 KCC,1,3,carryover,0,2023-12-24,2023-12-30,2023-12-24,2023-12-30,test,2021-04-06,2023-03-29
2761,S43G01N134,2024-01-01,2023-2024,35,서울 삼성,55,서울 SK,0,3,carryover,0,2023-12-25,2023-12-30,2023-12-23,2023-12-30,test,2021-04-06,2023-03-29
2762,S43G01N135,2024-01-02,2023-2024,16,원주 DB,66,고양 소노,0,3,carryover,0,2023-12-25,2023-12-31,2023-12-28,2023-12-31,test,2021-04-06,2023-03-29
2763,S43G01N136,2024-01-02,2023-2024,70,안양 정관장,50,창원 LG,1,3,carryover,0,2023-12-28,2023-12-31,2023-12-26,2023-12-31,test,2021-04-06,2023-03-29
2764,S43G01N137,2024-01-03,2023-2024,60,부산 KCC,55,서울 SK,0,3,carryover,0,2023-12-25,2024-01-01,2023-12-25,2024-01-01,test,2021-04-06,2023-03-29
2765,S43G01N138,2024-01-04,2023-2024,64,대구 한국가스공사,70,안양 정관장,1,3,carryover,0,2023-12-25,2023-12-31,2023-12-30,2024-01-02,test,2021-04-06,2023-03-29
2766,S43G01N139,2024-01-04,2023-2024,35,서울 삼성,06,수원 KT,0,3,carryover,0,2023-12-28,2024-01-01,2023-12-28,2024-01-01,test,2021-04-06,2023-03-29
2767,S43G01N140,2024-01-05,2023-2024,55,서울 SK,66,고양 소노,1,3,carryover,0,2023-12-30,2024-01-03,2023-12-30,2024-01-02,test,2021-04-06,2023-03-29
2768,S43G01N141,2024-01-06,2023-2024,50,창원 LG,64,대구 한국가스공사,0,3,carryover,0,2023-12-29,2024-01-02,2023-12-28,2024-01-04,test,2021-04-06,2023-03-29
2769,S43G01N142,2024-01-06,2023-2024,10,울산 현대모비스,06,수원 KT,1,3,carryover,0,2023-12-25,2023-12-31,2023-12-30,2024-01-04,test,2021-04-06,2023-03-29
2770,S43G01N143,2024-01-06,2023-2024,35,서울 삼성,16,원주 DB,0,3,carryover,0,2023-12-30,2024-01-04,2023-12-29,2024-01-02,test,2021-04-06,2023-03-29
2771,S43G01N144,2024-01-07,2023-2024,55,서울 SK,70,안양 정관장,1,3,carryover,0,2024-01-01,2024-01-05,2023-12-31,2024-01-04,test,2021-04-06,2023-03-29
2772,S43G01N145,2024-01-07,2023-2024,60,부산 KCC,66,고양 소노,1,3,carryover,0,2023-12-30,2024-01-03,2023-12-31,2024-01-05,test,2021-04-06,2023-03-29
2773,S43G01N146,2024-01-07,2023-2024,50,창원 LG,10,울산 현대모비스,1,3,carryover,0,2023-12-31,2024-01-06,2023-12-28,2024-01-06,test,2021-04-06,2023-03-29
2774,S43G01N147,2024-01-08,2023-2024,16,원주 DB,06,수원 KT,1,3,carryover,0,2023-12-31,2024-01-06,2024-01-01,2024-01-06,test,2021-04-06,2023-03-29
2775,S43G01N148,2024-01-08,2023-2024,64,대구 한국가스공사,35,서울 삼성,1,3,carryover,0,2023-12-31,2024-01-06,2024-01-01,2024-01-06,test,2021-04-06,2023-03-29
2776,S43G01N149,2024-01-09,2023-2024,50,창원 LG,55,서울 SK,0,3,carryover,0,2024-01-02,2024-01-07,2024-01-03,2024-01-07,test,2021-04-06,2023-03-29
2777,S43G01N150,2024-01-09,2023-2024,60,부산 KCC,10,울산 현대모비스,1,3,carryover,0,2024-01-01,2024-01-07,2023-12-31,2024-01-07,test,2021-04-06,2023-03-29
2778,S43G01N151,2024-01-11,2023-2024,60,부산 KCC,55,서울 SK,1,3,carryover,0,2024-01-03,2024-01-09,2024-01-05,2024-01-09,test,2021-04-06,2023-03-29
2779,S43G01N152,2024-01-17,2023-2024,60,부산 KCC,16,원주 DB,0,3,carryover,0,2024-01-07,2024-01-11,2024-01-02,2024-01-08,test,2021-04-06,2023-03-29
2780,S43G01N153,2024-01-17,2023-2024,66,고양 소노,70,안양 정관장,1,3,carryover,0,2024-01-02,2024-01-07,2024-01-02,2024-01-07,test,2021-04-06,2023-03-29
2781,S43G01N154,2024-01-18,2023-2024,64,대구 한국가스공사,06,수원 KT,1,3,carryover,0,2024-01-04,2024-01-08,2024-01-04,2024-01-08,test,2021-04-06,2023-03-29
2782,S43G01N155,2024-01-18,2023-2024,55,서울 SK,10,울산 현대모비스,0,3,carryover,0,2024-01-07,2024-01-11,2024-01-06,2024-01-09,test,2021-04-06,2023-03-29
2783,S43G01N156,2024-01-19,2023-2024,60,부산 KCC,50,창원 LG,0,3,carryover,0,2024-01-09,2024-01-17,2024-01-06,2024-01-09,test,2021-04-06,2023-03-29
2784,S43G01N157,2024-01-19,2023-2024,70,안양 정관장,35,서울 삼성,1,3,carryover,0,2024-01-04,2024-01-17,2024-01-04,2024-01-08,test,2021-04-06,2023-03-29
2785,S43G01N158,2024-01-20,2023-2024,10,울산 현대모비스,64,대구 한국가스공사,1,3,carryover,0,2024-01-07,2024-01-18,2024-01-06,2024-01-18,test,2021-04-06,2023-03-29
2786,S43G01N159,2024-01-20,2023-2024,55,서울 SK,16,원주 DB,1,3,carryover,0,2024-01-09,2024-01-18,2024-01-06,2024-01-17,test,2021-04-06,2023-03-29
2787,S43G01N160,2024-01-20,2023-2024,66,고양 소노,06,수원 KT,0,3,carryover,0,2024-01-05,2024-01-17,2024-01-06,2024-01-18,test,2021-04-06,2023-03-29
2788,S43G01N161,2024-01-21,2023-2024,16,원주 DB,50,창원 LG,1,3,carryover,0,2024-01-08,2024-01-20,2024-01-07,2024-01-19,test,2021-04-06,2023-03-29
2789,S43G01N162,2024-01-21,2023-2024,35,서울 삼성,60,부산 KCC,0,3,carryover,0,2024-01-06,2024-01-19,2024-01-11,2024-01-19,test,2021-04-06,2023-03-29
2790,S43G01N163,2024-01-21,2023-2024,70,안양 정관장,10,울산 현대모비스,1,3,carryover,0,2024-01-07,2024-01-19,2024-01-09,2024-01-20,test,2021-04-06,2023-03-29
2791,S43G01N164,2024-01-22,2023-2024,55,서울 SK,64,대구 한국가스공사,0,3,carryover,0,2024-01-11,2024-01-20,2024-01-08,2024-01-20,test,2021-04-06,2023-03-29
2792,S43G01N165,2024-01-23,2023-2024,16,원주 DB,10,울산 현대모비스,0,3,carryover,0,2024-01-17,2024-01-21,2024-01-18,2024-01-21,test,2021-04-06,2023-03-29
2793,S43G01N166,2024-01-23,2023-2024,66,고양 소노,35,서울 삼성,1,3,carryover,0,2024-01-07,2024-01-20,2024-01-08,2024-01-21,test,2021-04-06,2023-03-29
2794,S43G01N167,2024-01-25,2023-2024,06,수원 KT,55,서울 SK,1,3,carryover,0,2024-01-08,2024-01-20,2024-01-18,2024-01-22,test,2021-04-06,2023-03-29
2795,S43G01N168,2024-01-25,2023-2024,64,대구 한국가스공사,60,부산 KCC,1,3,carryover,0,2024-01-18,2024-01-22,2024-01-17,2024-01-21,test,2021-04-06,2023-03-29
2796,S43G01N169,2024-01-26,2023-2024,50,창원 LG,35,서울 삼성,1,3,carryover,0,2024-01-09,2024-01-21,2024-01-19,2024-01-23,test,2021-04-06,2023-03-29
2797,S43G01N170,2024-01-26,2023-2024,10,울산 현대모비스,66,고양 소노,1,3,carryover,0,2024-01-20,2024-01-23,2024-01-17,2024-01-23,test,2021-04-06,2023-03-29
2798,S43G01N171,2024-01-27,2023-2024,06,수원 KT,70,안양 정관장,1,3,carryover,0,2024-01-18,2024-01-25,2024-01-17,2024-01-21,test,2021-04-06,2023-03-29
2799,S43G01N172,2024-01-27,2023-2024,64,대구 한국가스공사,16,원주 DB,1,3,carryover,0,2024-01-20,2024-01-25,2024-01-20,2024-01-23,test,2021-04-06,2023-03-29
2800,S43G01N173,2024-01-27,2023-2024,55,서울 SK,60,부산 KCC,0,3,carryover,0,2024-01-20,2024-01-25,2024-01-19,2024-01-25,test,2021-04-06,2023-03-29
2801,S43G01N174,2024-01-28,2023-2024,06,수원 KT,50,창원 LG,0,3,carryover,0,2024-01-20,2024-01-27,2024-01-19,2024-01-26,test,2021-04-06,2023-03-29
2802,S43G01N175,2024-01-28,2023-2024,10,울산 현대모비스,35,서울 삼성,1,3,carryover,0,2024-01-21,2024-01-26,2024-01-21,2024-01-26,test,2021-04-06,2023-03-29
2803,S43G01N176,2024-01-28,2023-2024,66,고양 소노,64,대구 한국가스공사,1,3,carryover,0,2024-01-20,2024-01-26,2024-01-22,2024-01-27,test,2021-04-06,2023-03-29
2804,S43G01N177,2024-01-29,2023-2024,60,부산 KCC,70,안양 정관장,1,3,carryover,0,2024-01-21,2024-01-27,2024-01-19,2024-01-27,test,2021-04-06,2023-03-29
2805,S43G01N178,2024-01-30,2023-2024,66,고양 소노,50,창원 LG,0,3,carryover,0,2024-01-23,2024-01-28,2024-01-21,2024-01-28,test,2021-04-06,2023-03-29
2806,S43G01N179,2024-01-30,2023-2024,35,서울 삼성,16,원주 DB,0,3,carryover,0,2024-01-23,2024-01-28,2024-01-21,2024-01-27,test,2021-04-06,2023-03-29
2807,S43G01N180,2024-02-01,2023-2024,06,수원 KT,64,대구 한국가스공사,1,3,carryover,0,2024-01-25,2024-01-28,2024-01-25,2024-01-28,test,2021-04-06,2023-03-29
2808,S43G01N181,2024-02-01,2023-2024,66,고양 소노,50,창원 LG,0,3,carryover,0,2024-01-26,2024-01-30,2024-01-26,2024-01-30,test,2021-04-06,2023-03-29
2809,S43G01N182,2024-02-02,2023-2024,10,울산 현대모비스,16,원주 DB,0,3,carryover,0,2024-01-23,2024-01-28,2024-01-23,2024-01-30,test,2021-04-06,2023-03-29
2810,S43G01N183,2024-02-02,2023-2024,60,부산 KCC,70,안양 정관장,1,3,carryover,0,2024-01-25,2024-01-29,2024-01-21,2024-01-29,test,2021-04-06,2023-03-29
2811,S43G01N184,2024-02-03,2023-2024,55,서울 SK,06,수원 KT,0,3,carryover,0,2024-01-22,2024-01-27,2024-01-27,2024-02-01,test,2021-04-06,2023-03-29
2812,S43G01N185,2024-02-03,2023-2024,64,대구 한국가스공사,66,고양 소노,1,3,carryover,0,2024-01-27,2024-02-01,2024-01-28,2024-02-01,test,2021-04-06,2023-03-29
2813,S43G01N186,2024-02-03,2023-2024,35,서울 삼성,50,창원 LG,1,3,carryover,0,2024-01-26,2024-01-30,2024-01-28,2024-02-01,test,2021-04-06,2023-03-29
2814,S43G01N187,2024-02-04,2023-2024,70,안양 정관장,16,원주 DB,0,3,carryover,0,2024-01-27,2024-02-02,2024-01-27,2024-02-02,test,2021-04-06,2023-03-29
2815,S43G01N188,2024-02-04,2023-2024,10,울산 현대모비스,55,서울 SK,1,3,carryover,0,2024-01-26,2024-02-02,2024-01-25,2024-02-03,test,2021-04-06,2023-03-29
2816,S43G01N189,2024-02-04,2023-2024,35,서울 삼성,60,부산 KCC,1,3,carryover,0,2024-01-28,2024-02-03,2024-01-27,2024-02-02,test,2021-04-06,2023-03-29
2817,S43G01N190,2024-02-05,2023-2024,66,고양 소노,06,수원 KT,0,3,carryover,0,2024-01-30,2024-02-03,2024-01-28,2024-02-03,test,2021-04-06,2023-03-29
2818,S43G01N191,2024-02-06,2023-2024,50,창원 LG,16,원주 DB,0,3,carryover,0,2024-01-30,2024-02-03,2024-01-30,2024-02-04,test,2021-04-06,2023-03-29
2819,S43G01N192,2024-02-06,2023-2024,64,대구 한국가스공사,35,서울 삼성,1,3,carryover,0,2024-01-28,2024-02-03,2024-01-30,2024-02-04,test,2021-04-06,2023-03-29
2820,S43G01N193,2024-02-08,2023-2024,60,부산 KCC,50,창원 LG,1,3,carryover,0,2024-01-29,2024-02-04,2024-02-01,2024-02-06,test,2021-04-06,2023-03-29
2821,S43G01N194,2024-02-08,2023-2024,64,대구 한국가스공사,10,울산 현대모비스,0,3,carryover,0,2024-02-01,2024-02-06,2024-01-28,2024-02-04,test,2021-04-06,2023-03-29
2822,S43G01N195,2024-02-09,2023-2024,06,수원 KT,16,원주 DB,1,3,carryover,0,2024-02-01,2024-02-05,2024-02-02,2024-02-06,test,2021-04-06,2023-03-29
2823,S43G01N196,2024-02-09,2023-2024,66,고양 소노,35,서울 삼성,0,3,carryover,0,2024-02-01,2024-02-05,2024-02-03,2024-02-06,test,2021-04-06,2023-03-29
2824,S43G01N197,2024-02-10,2023-2024,55,서울 SK,70,안양 정관장,1,3,carryover,0,2024-01-27,2024-02-04,2024-01-29,2024-02-04,test,2021-04-06,2023-03-29
2825,S43G01N198,2024-02-10,2023-2024,64,대구 한국가스공사,50,창원 LG,0,3,carryover,0,2024-02-03,2024-02-08,2024-02-03,2024-02-08,test,2021-04-06,2023-03-29
2826,S43G01N199,2024-02-10,2023-2024,10,울산 현대모비스,60,부산 KCC,1,3,carryover,0,2024-02-02,2024-02-08,2024-02-02,2024-02-08,test,2021-04-06,2023-03-29
2827,S43G01N200,2024-02-11,2023-2024,35,서울 삼성,55,서울 SK,0,3,carryover,0,2024-02-04,2024-02-09,2024-02-03,2024-02-10,test,2021-04-06,2023-03-29
2828,S43G01N201,2024-02-11,2023-2024,70,안양 정관장,06,수원 KT,0,3,carryover,0,2024-02-02,2024-02-10,2024-02-03,2024-02-09,test,2021-04-06,2023-03-29
2829,S43G01N202,2024-02-11,2023-2024,16,원주 DB,66,고양 소노,1,3,carryover,0,2024-02-04,2024-02-09,2024-02-03,2024-02-09,test,2021-04-06,2023-03-29
2830,S43G01N203,2024-02-12,2023-2024,50,창원 LG,10,울산 현대모비스,0,3,carryover,0,2024-02-06,2024-02-10,2024-02-04,2024-02-10,test,2021-04-06,2023-03-29
2831,S43G01N204,2024-02-12,2023-2024,60,부산 KCC,64,대구 한국가스공사,1,3,carryover,0,2024-02-04,2024-02-10,2024-02-06,2024-02-10,test,2021-04-06,2023-03-29
2832,S43G01N205,2024-02-13,2023-2024,16,원주 DB,55,서울 SK,1,3,carryover,0,2024-02-06,2024-02-11,2024-02-04,2024-02-11,test,2021-04-06,2023-03-29
2833,S43G01N206,2024-02-13,2023-2024,35,서울 삼성,70,안양 정관장,1,3,carryover,0,2024-02-06,2024-02-11,2024-02-04,2024-02-11,test,2021-04-06,2023-03-29
2834,S43G01N207,2024-02-14,2023-2024,06,수원 KT,10,울산 현대모비스,1,3,carryover,0,2024-02-05,2024-02-11,2024-02-08,2024-02-12,test,2021-04-06,2023-03-29
2835,S43G01N208,2024-02-14,2023-2024,66,고양 소노,60,부산 KCC,1,3,carryover,0,2024-02-05,2024-02-11,2024-02-08,2024-02-12,test,2021-04-06,2023-03-29
2836,S43G01N209,2024-02-15,2023-2024,70,안양 정관장,64,대구 한국가스공사,0,3,carryover,0,2024-02-10,2024-02-13,2024-02-08,2024-02-12,test,2021-04-06,2023-03-29
2837,S43G01N210,2024-02-15,2023-2024,55,서울 SK,50,창원 LG,0,3,carryover,0,2024-02-10,2024-02-13,2024-02-08,2024-02-12,test,2021-04-06,2023-03-29
2838,S43G01N211,2024-02-28,2023-2024,10,울산 현대모비스,70,안양 정관장,1,3,carryover,0,2024-02-10,2024-02-14,2024-02-11,2024-02-15,test,2021-04-06,2023-03-29
2839,S43G01N212,2024-02-28,2023-2024,55,서울 SK,66,고양 소노,1,3,carryover,0,2024-02-11,2024-02-15,2024-02-09,2024-02-14,test,2021-04-06,2023-03-29
2840,S43G01N213,2024-02-29,2023-2024,60,부산 KCC,16,원주 DB,0,3,carryover,0,2024-02-10,2024-02-14,2024-02-09,2024-02-13,test,2021-04-06,2023-03-29
2841,S43G01N214,2024-02-29,2023-2024,35,서울 삼성,06,수원 KT,0,3,carryover,0,2024-02-09,2024-02-13,2024-02-09,2024-02-14,test,2021-04-06,2023-03-29
2842,S43G01N215,2024-03-01,2023-2024,55,서울 SK,64,대구 한국가스공사,0,3,carryover,0,2024-02-13,2024-02-28,2024-02-10,2024-02-15,test,2021-04-06,2023-03-29
2843,S43G01N216,2024-03-01,2023-2024,10,울산 현대모비스,66,고양 소노,0,3,carryover,0,2024-02-12,2024-02-28,2024-02-11,2024-02-28,test,2021-04-06,2023-03-29
2844,S43G01N217,2024-03-01,2023-2024,50,창원 LG,70,안양 정관장,1,3,carryover,0,2024-02-10,2024-02-15,2024-02-13,2024-02-28,test,2021-04-06,2023-03-29
2845,S43G01N218,2024-03-02,2023-2024,60,부산 KCC,06,수원 KT,1,3,carryover,0,2024-02-12,2024-02-29,2024-02-11,2024-02-29,test,2021-04-06,2023-03-29
2846,S43G01N219,2024-03-02,2023-2024,16,원주 DB,64,대구 한국가스공사,1,3,carryover,0,2024-02-11,2024-02-29,2024-02-12,2024-03-01,test,2021-04-06,2023-03-29
2847,S43G01N220,2024-03-02,2023-2024,35,서울 삼성,10,울산 현대모비스,1,3,carryover,0,2024-02-11,2024-02-29,2024-02-14,2024-03-01,test,2021-04-06,2023-03-29
2848,S43G01N221,2024-03-03,2023-2024,06,수원 KT,50,창원 LG,0,3,carryover,0,2024-02-14,2024-03-02,2024-02-12,2024-03-01,test,2021-04-06,2023-03-29
2849,S43G01N222,2024-03-03,2023-2024,70,안양 정관장,66,고양 소노,1,3,carryover,0,2024-02-15,2024-03-01,2024-02-14,2024-03-01,test,2021-04-06,2023-03-29
2850,S43G01N223,2024-03-03,2023-2024,55,서울 SK,60,부산 KCC,1,3,carryover,0,2024-02-15,2024-03-01,2024-02-14,2024-03-02,test,2021-04-06,2023-03-29
2851,S43G01N224,2024-03-04,2023-2024,35,서울 삼성,64,대구 한국가스공사,0,3,carryover,0,2024-02-13,2024-03-02,2024-02-15,2024-03-02,test,2021-04-06,2023-03-29
2852,S43G01N225,2024-03-05,2023-2024,66,고양 소노,60,부산 KCC,0,3,carryover,0,2024-02-28,2024-03-03,2024-02-29,2024-03-03,test,2021-04-06,2023-03-29
2853,S43G01N226,2024-03-05,2023-2024,55,서울 SK,10,울산 현대모비스,1,3,carryover,0,2024-02-28,2024-03-03,2024-02-28,2024-03-02,test,2021-04-06,2023-03-29
2854,S43G01N227,2024-03-07,2023-2024,50,창원 LG,64,대구 한국가스공사,1,3,carryover,0,2024-02-15,2024-03-03,2024-03-01,2024-03-04,test,2021-04-06,2023-03-29
2855,S43G01N228,2024-03-07,2023-2024,35,서울 삼성,16,원주 DB,0,3,carryover,0,2024-02-29,2024-03-04,2024-02-13,2024-03-02,test,2021-04-06,2023-03-29
2856,S43G01N229,2024-03-07,2023-2024,06,수원 KT,60,부산 KCC,0,3,carryover,0,2024-02-29,2024-03-03,2024-03-02,2024-03-05,test,2021-04-06,2023-03-29
2857,S43G01N230,2024-03-09,2023-2024,06,수원 KT,10,울산 현대모비스,1,3,carryover,0,2024-03-02,2024-03-07,2024-03-01,2024-03-05,test,2021-04-06,2023-03-29
2858,S43G01N231,2024-03-09,2023-2024,16,원주 DB,60,부산 KCC,1,3,carryover,0,2024-02-29,2024-03-07,2024-03-03,2024-03-07,test,2021-04-06,2023-03-29
2859,S43G01N232,2024-03-09,2023-2024,35,서울 삼성,66,고양 소노,1,3,carryover,0,2024-03-02,2024-03-07,2024-03-01,2024-03-05,test,2021-04-06,2023-03-29
2860,S43G01N233,2024-03-11,2023-2024,50,창원 LG,06,수원 KT,1,3,carryover,0,2024-03-01,2024-03-07,2024-03-03,2024-03-09,test,2021-04-06,2023-03-29
2861,S43G01N234,2024-03-13,2023-2024,70,안양 정관장,66,고양 소노,0,3,carryover,0,2024-02-28,2024-03-03,2024-03-03,2024-03-09,test,2021-04-06,2023-03-29
2862,S43G01N235,2024-03-13,2023-2024,55,서울 SK,64,대구 한국가스공사,1,3,carryover,0,2024-03-01,2024-03-05,2024-03-02,2024-03-07,test,2021-04-06,2023-03-29
2863,S43G01N236,2024-03-14,2023-2024,16,원주 DB,06,수원 KT,1,3,carryover,0,2024-03-02,2024-03-09,2024-03-07,2024-03-11,test,2021-04-06,2023-03-29
2864,S43G01N237,2024-03-14,2023-2024,70,안양 정관장,35,서울 삼성,0,3,carryover,0,2024-03-01,2024-03-13,2024-03-04,2024-03-09,test,2021-04-06,2023-03-29
2865,S43G01N238,2024-03-15,2023-2024,64,대구 한국가스공사,60,부산 KCC,1,3,carryover,0,2024-03-04,2024-03-13,2024-03-05,2024-03-09,test,2021-04-06,2023-03-29
2866,S43G01N239,2024-03-15,2023-2024,66,고양 소노,50,창원 LG,0,3,carryover,0,2024-03-05,2024-03-13,2024-03-03,2024-03-11,test,2021-04-06,2023-03-29
2867,S43G01N240,2024-03-16,2023-2024,06,수원 KT,35,서울 삼성,1,3,carryover,0,2024-03-09,2024-03-14,2024-03-07,2024-03-14,test,2021-04-06,2023-03-29
2868,S43G01N241,2024-03-16,2023-2024,10,울산 현대모비스,16,원주 DB,1,3,carryover,0,2024-03-02,2024-03-09,2024-03-07,2024-03-14,test,2021-04-06,2023-03-29
2869,S43G01N242,2024-03-16,2023-2024,70,안양 정관장,55,서울 SK,1,3,carryover,0,2024-03-03,2024-03-14,2024-03-03,2024-03-13,test,2021-04-06,2023-03-29
2870,S43G01N243,2024-03-17,2023-2024,64,대구 한국가스공사,66,고양 소노,0,3,carryover,0,2024-03-07,2024-03-15,2024-03-09,2024-03-15,test,2021-04-06,2023-03-29
2871,S43G01N244,2024-03-17,2023-2024,60,부산 KCC,06,수원 KT,1,3,carryover,0,2024-03-07,2024-03-15,2024-03-11,2024-03-16,test,2021-04-06,2023-03-29
2872,S43G01N245,2024-03-17,2023-2024,50,창원 LG,16,원주 DB,1,3,carryover,0,2024-03-07,2024-03-15,2024-03-09,2024-03-16,test,2021-04-06,2023-03-29
2873,S43G01N246,2024-03-18,2023-2024,35,서울 삼성,10,울산 현대모비스,1,3,carryover,0,2024-03-09,2024-03-16,2024-03-05,2024-03-16,test,2021-04-06,2023-03-29
2874,S43G01N247,2024-03-19,2023-2024,50,창원 LG,70,안양 정관장,1,3,carryover,0,2024-03-11,2024-03-17,2024-03-13,2024-03-16,test,2021-04-06,2023-03-29
2875,S43G01N248,2024-03-19,2023-2024,55,서울 SK,66,고양 소노,0,3,carryover,0,2024-03-05,2024-03-16,2024-03-13,2024-03-17,test,2021-04-06,2023-03-29
2876,S43G01N249,2024-03-20,2023-2024,60,부산 KCC,35,서울 삼성,1,3,carryover,0,2024-03-09,2024-03-17,2024-03-14,2024-03-18,test,2021-04-06,2023-03-29
2877,S43G01N250,2024-03-21,2023-2024,70,안양 정관장,64,대구 한국가스공사,1,3,carryover,0,2024-03-14,2024-03-19,2024-03-13,2024-03-17,test,2021-04-06,2023-03-29
2878,S43G01N251,2024-03-21,2023-2024,55,서울 SK,16,원주 DB,0,3,carryover,0,2024-03-13,2024-03-19,2024-03-14,2024-03-17,test,2021-04-06,2023-03-29
2879,S43G01N252,2024-03-22,2023-2024,60,부산 KCC,50,창원 LG,0,3,carryover,0,2024-03-15,2024-03-20,2024-03-15,2024-03-19,test,2021-04-06,2023-03-29
2880,S43G01N253,2024-03-22,2023-2024,66,고양 소노,10,울산 현대모비스,1,3,carryover,0,2024-03-15,2024-03-19,2024-03-09,2024-03-18,test,2021-04-06,2023-03-29
2881,S43G01N254,2024-03-23,2023-2024,06,수원 KT,64,대구 한국가스공사,1,3,carryover,0,2024-03-14,2024-03-17,2024-03-15,2024-03-21,test,2021-04-06,2023-03-29
2882,S43G01N255,2024-03-23,2023-2024,16,원주 DB,70,안양 정관장,0,3,carryover,0,2024-03-16,2024-03-21,2024-03-16,2024-03-21,test,2021-04-06,2023-03-29
2883,S43G01N256,2024-03-23,2023-2024,55,서울 SK,35,서울 삼성,1,3,carryover,0,2024-03-16,2024-03-21,2024-03-16,2024-03-20,test,2021-04-06,2023-03-29
2884,S43G01N257,2024-03-24,2023-2024,10,울산 현대모비스,50,창원 LG,0,3,carryover,0,2024-03-16,2024-03-22,2024-03-17,2024-03-22,test,2021-04-06,2023-03-29
2885,S43G01N258,2024-03-24,2023-2024,16,원주 DB,66,고양 소노,1,3,carryover,0,2024-03-17,2024-03-23,2024-03-17,2024-03-22,test,2021-04-06,2023-03-29
2886,S43G01N259,2024-03-24,2023-2024,35,서울 삼성,60,부산 KCC,1,3,carryover,0,2024-03-18,2024-03-23,2024-03-17,2024-03-22,test,2021-04-06,2023-03-29
2887,S43G01N260,2024-03-25,2023-2024,55,서울 SK,06,수원 KT,0,3,carryover,0,2024-03-19,2024-03-23,2024-03-16,2024-03-23,test,2021-04-06,2023-03-29
2888,S43G01N261,2024-03-26,2023-2024,60,부산 KCC,70,안양 정관장,1,3,carryover,0,2024-03-20,2024-03-24,2024-03-19,2024-03-23,test,2021-04-06,2023-03-29
2889,S43G01N262,2024-03-26,2023-2024,64,대구 한국가스공사,10,울산 현대모비스,1,3,carryover,0,2024-03-17,2024-03-23,2024-03-18,2024-03-24,test,2021-04-06,2023-03-29
2890,S43G01N263,2024-03-28,2023-2024,06,수원 KT,70,안양 정관장,0,3,carryover,0,2024-03-17,2024-03-25,2024-03-21,2024-03-26,test,2021-04-06,2023-03-29
2891,S43G01N264,2024-03-28,2023-2024,55,서울 SK,50,창원 LG,1,3,carryover,0,2024-03-21,2024-03-25,2024-03-19,2024-03-24,test,2021-04-06,2023-03-29
2892,S43G01N265,2024-03-29,2023-2024,60,부산 KCC,10,울산 현대모비스,1,3,carryover,0,2024-03-22,2024-03-26,2024-03-22,2024-03-26,test,2021-04-06,2023-03-29
2893,S43G01N266,2024-03-31,2023-2024,10,울산 현대모비스,70,안양 정관장,1,3,carryover,0,2024-03-24,2024-03-29,2024-03-23,2024-03-28,test,2021-04-06,2023-03-29
2894,S43G01N267,2024-03-31,2023-2024,60,부산 KCC,55,서울 SK,1,3,carryover,0,2024-03-24,2024-03-29,2024-03-23,2024-03-28,test,2021-04-06,2023-03-29
2895,S43G01N268,2024-03-31,2023-2024,16,원주 DB,64,대구 한국가스공사,1,3,carryover,0,2024-03-21,2024-03-24,2024-03-21,2024-03-26,test,2021-04-06,2023-03-29
2896,S43G01N269,2024-03-31,2023-2024,66,고양 소노,06,수원 KT,1,3,carryover,0,2024-03-19,2024-03-24,2024-03-23,2024-03-28,test,2021-04-06,2023-03-29
2897,S43G01N270,2024-03-31,2023-2024,50,창원 LG,35,서울 삼성,1,3,carryover,0,2024-03-22,2024-03-28,2024-03-20,2024-03-24,test,2021-04-06,2023-03-29
2898,S45G01N1,2024-10-19,2024-2025,60,부산 KCC,06,수원 KT,1,3,carryover,1,2024-03-26,2024-03-31,2024-03-25,2024-03-31,test,2021-04-06,2023-03-29
2899,S45G01N2,2024-10-19,2024-2025,16,원주 DB,35,서울 삼성,1,3,carryover,1,2024-03-23,2024-03-31,2024-03-23,2024-03-31,test,2021-04-06,2023-03-29
2900,S45G01N3,2024-10-19,2024-2025,50,창원 LG,64,대구 한국가스공사,1,3,carryover,1,2024-03-24,2024-03-31,2024-03-23,2024-03-31,test,2021-04-06,2023-03-29
2901,S45G01N4,2024-10-20,2024-2025,06,수원 KT,35,서울 삼성,1,3,carryover,1,2024-03-28,2024-10-19,2024-03-24,2024-10-19,test,2021-04-06,2023-03-29
2902,S45G01N5,2024-10-20,2024-2025,55,서울 SK,70,안양 정관장,1,3,carryover,1,2024-03-25,2024-03-31,2024-03-26,2024-03-31,test,2021-04-06,2023-03-29
2903,S45G01N6,2024-10-20,2024-2025,10,울산 현대모비스,66,고양 소노,0,3,carryover,1,2024-03-26,2024-03-31,2024-03-22,2024-03-31,test,2021-04-06,2023-03-29
2904,S45G01N7,2024-10-21,2024-2025,50,창원 LG,60,부산 KCC,1,3,carryover,1,2024-03-28,2024-10-19,2024-03-29,2024-10-19,test,2021-04-06,2023-03-29
2905,S45G01N8,2024-10-22,2024-2025,55,서울 SK,16,원주 DB,1,3,carryover,1,2024-03-28,2024-10-20,2024-03-24,2024-10-19,test,2021-04-06,2023-03-29
2906,S45G01N9,2024-10-23,2024-2025,60,부산 KCC,66,고양 소노,0,3,carryover,1,2024-03-31,2024-10-21,2024-03-24,2024-10-20,test,2021-04-06,2023-03-29
2907,S45G01N10,2024-10-24,2024-2025,16,원주 DB,64,대구 한국가스공사,0,3,carryover,1,2024-03-31,2024-10-22,2024-03-26,2024-10-19,test,2021-04-06,2023-03-29
2908,S45G01N11,2024-10-24,2024-2025,50,창원 LG,70,안양 정관장,1,3,carryover,1,2024-03-31,2024-10-21,2024-03-28,2024-10-20,test,2021-04-06,2023-03-29
2909,S45G01N12,2024-10-25,2024-2025,60,부산 KCC,10,울산 현대모비스,0,3,carryover,1,2024-10-19,2024-10-23,2024-03-29,2024-10-20,test,2021-04-06,2023-03-29
2910,S45G01N13,2024-10-25,2024-2025,06,수원 KT,55,서울 SK,1,3,carryover,1,2024-03-31,2024-10-20,2024-03-31,2024-10-22,test,2021-04-06,2023-03-29
2911,S45G01N14,2024-10-26,2024-2025,64,대구 한국가스공사,35,서울 삼성,1,3,carryover,1,2024-03-31,2024-10-24,2024-03-31,2024-10-20,test,2021-04-06,2023-03-29
2912,S45G01N15,2024-10-26,2024-2025,66,고양 소노,50,창원 LG,1,3,carryover,1,2024-03-31,2024-10-23,2024-10-19,2024-10-24,test,2021-04-06,2023-03-29
2913,S45G01N16,2024-10-26,2024-2025,70,안양 정관장,16,원주 DB,1,3,carryover,1,2024-03-31,2024-10-24,2024-10-19,2024-10-24,test,2021-04-06,2023-03-29
2914,S45G01N17,2024-10-27,2024-2025,35,서울 삼성,55,서울 SK,0,3,carryover,0,2024-10-19,2024-10-26,2024-10-20,2024-10-25,test,2021-04-06,2023-03-29
2915,S45G01N18,2024-10-27,2024-2025,06,수원 KT,10,울산 현대모비스,0,3,carryover,1,2024-10-19,2024-10-25,2024-03-31,2024-10-25,test,2021-04-06,2023-03-29
2916,S45G01N19,2024-10-27,2024-2025,16,원주 DB,60,부산 KCC,0,3,carryover,0,2024-10-22,2024-10-26,2024-10-21,2024-10-25,test,2021-04-06,2023-03-29
2917,S45G01N20,2024-10-28,2024-2025,66,고양 소노,70,안양 정관장,1,3,carryover,0,2024-10-20,2024-10-26,2024-10-20,2024-10-26,test,2021-04-06,2023-03-29
2918,S45G01N21,2024-10-29,2024-2025,35,서울 삼성,60,부산 KCC,0,3,carryover,0,2024-10-20,2024-10-27,2024-10-23,2024-10-27,test,2021-04-06,2023-03-29
2919,S45G01N22,2024-10-30,2024-2025,70,안양 정관장,64,대구 한국가스공사,0,3,carryover,0,2024-10-24,2024-10-28,2024-10-19,2024-10-26,test,2021-04-06,2023-03-29
2920,S45G01N23,2024-10-31,2024-2025,66,고양 소노,06,수원 KT,0,3,carryover,0,2024-10-23,2024-10-28,2024-10-20,2024-10-27,test,2021-04-06,2023-03-29
2921,S45G01N24,2024-10-31,2024-2025,35,서울 삼성,10,울산 현대모비스,0,3,carryover,0,2024-10-26,2024-10-29,2024-10-20,2024-10-27,test,2021-04-06,2023-03-29
2922,S45G01N25,2024-11-01,2024-2025,60,부산 KCC,64,대구 한국가스공사,0,3,carryover,0,2024-10-25,2024-10-29,2024-10-24,2024-10-30,test,2021-04-06,2023-03-29
2923,S45G01N26,2024-11-01,2024-2025,50,창원 LG,55,서울 SK,0,3,carryover,0,2024-10-21,2024-10-26,2024-10-22,2024-10-27,test,2021-04-06,2023-03-29
2924,S45G01N27,2024-11-02,2024-2025,06,수원 KT,16,원주 DB,1,3,carryover,0,2024-10-25,2024-10-31,2024-10-24,2024-10-27,test,2021-04-06,2023-03-29
2925,S45G01N28,2024-11-02,2024-2025,10,울산 현대모비스,70,안양 정관장,0,3,carryover,0,2024-10-25,2024-10-31,2024-10-26,2024-10-30,test,2021-04-06,2023-03-29
2926,S45G01N29,2024-11-02,2024-2025,35,서울 삼성,66,고양 소노,1,3,carryover,0,2024-10-27,2024-10-31,2024-10-26,2024-10-31,test,2021-04-06,2023-03-29
2927,S45G01N30,2024-11-03,2024-2025,50,창원 LG,10,울산 현대모비스,0,3,carryover,0,2024-10-24,2024-11-01,2024-10-27,2024-11-02,test,2021-04-06,2023-03-29
2928,S45G01N31,2024-11-03,2024-2025,64,대구 한국가스공사,55,서울 SK,1,3,carryover,0,2024-10-26,2024-11-01,2024-10-25,2024-11-01,test,2021-04-06,2023-03-29
2929,S45G01N32,2024-11-03,2024-2025,60,부산 KCC,70,안양 정관장,1,3,carryover,0,2024-10-27,2024-11-01,2024-10-28,2024-11-02,test,2021-04-06,2023-03-29
2930,S45G01N33,2024-11-04,2024-2025,16,원주 DB,66,고양 소노,0,3,carryover,0,2024-10-26,2024-11-02,2024-10-28,2024-11-02,test,2021-04-06,2023-03-29
2931,S45G01N34,2024-11-05,2024-2025,64,대구 한국가스공사,06,수원 KT,1,3,carryover,0,2024-10-30,2024-11-03,2024-10-27,2024-11-02,test,2021-04-06,2023-03-29
2932,S45G01N35,2024-11-06,2024-2025,10,울산 현대모비스,55,서울 SK,0,3,carryover,0,2024-10-31,2024-11-03,2024-10-27,2024-11-03,test,2021-04-06,2023-03-29
2933,S45G01N36,2024-11-07,2024-2025,35,서울 삼성,50,창원 LG,1,3,carryover,0,2024-10-29,2024-11-02,2024-10-26,2024-11-03,test,2021-04-06,2023-03-29
2934,S45G01N37,2024-11-07,2024-2025,70,안양 정관장,06,수원 KT,1,3,carryover,0,2024-10-30,2024-11-03,2024-10-31,2024-11-05,test,2021-04-06,2023-03-29
2935,S45G01N38,2024-11-08,2024-2025,10,울산 현대모비스,16,원주 DB,1,3,carryover,0,2024-11-02,2024-11-06,2024-10-27,2024-11-04,test,2021-04-06,2023-03-29
2936,S45G01N39,2024-11-08,2024-2025,64,대구 한국가스공사,66,고양 소노,1,3,carryover,0,2024-11-01,2024-11-05,2024-10-31,2024-11-04,test,2021-04-06,2023-03-29
2937,S45G01N40,2024-11-09,2024-2025,06,수원 KT,50,창원 LG,1,3,carryover,0,2024-11-02,2024-11-07,2024-11-01,2024-11-07,test,2021-04-06,2023-03-29
2938,S45G01N41,2024-11-09,2024-2025,55,서울 SK,60,부산 KCC,1,3,carryover,0,2024-11-01,2024-11-06,2024-10-29,2024-11-03,test,2021-04-06,2023-03-29
2939,S45G01N42,2024-11-09,2024-2025,70,안양 정관장,35,서울 삼성,1,3,carryover,0,2024-11-02,2024-11-07,2024-10-31,2024-11-07,test,2021-04-06,2023-03-29
2940,S45G01N43,2024-11-10,2024-2025,16,원주 DB,50,창원 LG,1,3,carryover,0,2024-11-02,2024-11-08,2024-11-03,2024-11-09,test,2021-04-06,2023-03-29
2941,S45G01N44,2024-11-10,2024-2025,64,대구 한국가스공사,10,울산 현대모비스,0,3,carryover,0,2024-11-03,2024-11-08,2024-11-03,2024-11-08,test,2021-04-06,2023-03-29
2942,S45G01N45,2024-11-10,2024-2025,55,서울 SK,66,고양 소노,1,3,carryover,0,2024-11-03,2024-11-09,2024-11-02,2024-11-08,test,2021-04-06,2023-03-29
2943,S45G01N46,2024-11-11,2024-2025,06,수원 KT,70,안양 정관장,1,3,carryover,0,2024-11-05,2024-11-09,2024-11-03,2024-11-09,test,2021-04-06,2023-03-29
2944,S45G01N47,2024-11-12,2024-2025,16,원주 DB,55,서울 SK,0,3,carryover,0,2024-11-04,2024-11-10,2024-11-06,2024-11-10,test,2021-04-06,2023-03-29
2945,S45G01N48,2024-11-13,2024-2025,66,고양 소노,10,울산 현대모비스,0,3,carryover,0,2024-11-04,2024-11-10,2024-11-06,2024-11-10,test,2021-04-06,2023-03-29
2946,S45G01N49,2024-11-14,2024-2025,64,대구 한국가스공사,16,원주 DB,0,3,carryover,0,2024-11-05,2024-11-10,2024-11-08,2024-11-12,test,2021-04-06,2023-03-29
2947,S45G01N50,2024-11-14,2024-2025,50,창원 LG,06,수원 KT,0,3,carryover,0,2024-11-07,2024-11-10,2024-11-07,2024-11-11,test,2021-04-06,2023-03-29
2948,S45G01N51,2024-11-27,2024-2025,60,부산 KCC,10,울산 현대모비스,1,3,carryover,0,2024-11-01,2024-11-09,2024-11-08,2024-11-13,test,2021-04-06,2023-03-29
2949,S45G01N52,2024-11-27,2024-2025,50,창원 LG,55,서울 SK,0,3,carryover,0,2024-11-09,2024-11-14,2024-11-09,2024-11-12,test,2021-04-06,2023-03-29
2950,S45G01N53,2024-11-28,2024-2025,35,서울 삼성,06,수원 KT,0,3,carryover,0,2024-11-02,2024-11-09,2024-11-09,2024-11-14,test,2021-04-06,2023-03-29
2951,S45G01N54,2024-11-28,2024-2025,16,원주 DB,66,고양 소노,1,3,carryover,0,2024-11-10,2024-11-14,2024-11-08,2024-11-13,test,2021-04-06,2023-03-29
2952,S45G01N55,2024-11-29,2024-2025,55,서울 SK,64,대구 한국가스공사,1,3,carryover,0,2024-11-10,2024-11-27,2024-11-08,2024-11-14,test,2021-04-06,2023-03-29
2953,S45G01N56,2024-11-29,2024-2025,70,안양 정관장,60,부산 KCC,1,3,carryover,0,2024-11-07,2024-11-11,2024-11-03,2024-11-27,test,2021-04-06,2023-03-29
2954,S45G01N57,2024-11-30,2024-2025,06,수원 KT,10,울산 현대모비스,0,3,carryover,0,2024-11-11,2024-11-28,2024-11-10,2024-11-27,test,2021-04-06,2023-03-29
2955,S45G01N58,2024-11-30,2024-2025,66,고양 소노,50,창원 LG,0,3,carryover,0,2024-11-10,2024-11-28,2024-11-10,2024-11-27,test,2021-04-06,2023-03-29
2956,S45G01N59,2024-11-30,2024-2025,35,서울 삼성,16,원주 DB,0,3,carryover,0,2024-11-07,2024-11-28,2024-11-12,2024-11-28,test,2021-04-06,2023-03-29
2957,S45G01N60,2024-12-01,2024-2025,55,서울 SK,06,수원 KT,1,3,carryover,0,2024-11-12,2024-11-29,2024-11-14,2024-11-30,test,2021-04-06,2023-03-29
2958,S45G01N61,2024-12-01,2024-2025,66,고양 소노,60,부산 KCC,0,3,carryover,0,2024-11-13,2024-11-30,2024-11-09,2024-11-29,test,2021-04-06,2023-03-29
2959,S45G01N62,2024-12-01,2024-2025,64,대구 한국가스공사,70,안양 정관장,1,3,carryover,0,2024-11-10,2024-11-29,2024-11-09,2024-11-29,test,2021-04-06,2023-03-29
2960,S45G01N63,2024-12-02,2024-2025,35,서울 삼성,10,울산 현대모비스,0,3,carryover,0,2024-11-09,2024-11-30,2024-11-13,2024-11-30,test,2021-04-06,2023-03-29
2961,S45G01N64,2024-12-03,2024-2025,64,대구 한국가스공사,66,고양 소노,1,3,carryover,0,2024-11-14,2024-12-01,2024-11-28,2024-12-01,test,2021-04-06,2023-03-29
2962,S45G01N65,2024-12-04,2024-2025,16,원주 DB,70,안양 정관장,1,3,carryover,0,2024-11-14,2024-11-30,2024-11-11,2024-12-01,test,2021-04-06,2023-03-29
2963,S45G01N66,2024-12-05,2024-2025,10,울산 현대모비스,50,창원 LG,1,3,carryover,0,2024-11-27,2024-12-02,2024-11-14,2024-11-30,test,2021-04-06,2023-03-29
2964,S45G01N67,2024-12-05,2024-2025,64,대구 한국가스공사,35,서울 삼성,0,3,carryover,0,2024-11-29,2024-12-03,2024-11-28,2024-12-02,test,2021-04-06,2023-03-29
2965,S45G01N68,2024-12-06,2024-2025,70,안양 정관장,55,서울 SK,0,3,carryover,0,2024-11-29,2024-12-04,2024-11-27,2024-12-01,test,2021-04-06,2023-03-29
2966,S45G01N69,2024-12-06,2024-2025,66,고양 소노,06,수원 KT,0,3,carryover,0,2024-11-30,2024-12-03,2024-11-28,2024-12-01,test,2021-04-06,2023-03-29
2967,S45G01N70,2024-12-07,2024-2025,10,울산 현대모비스,64,대구 한국가스공사,1,3,carryover,0,2024-11-30,2024-12-05,2024-12-01,2024-12-05,test,2021-04-06,2023-03-29
2968,S45G01N71,2024-12-07,2024-2025,35,서울 삼성,60,부산 KCC,0,3,carryover,0,2024-11-30,2024-12-05,2024-11-27,2024-12-01,test,2021-04-06,2023-03-29
2969,S45G01N72,2024-12-07,2024-2025,50,창원 LG,16,원주 DB,1,3,carryover,0,2024-11-27,2024-12-05,2024-11-28,2024-12-04,test,2021-04-06,2023-03-29
2970,S45G01N73,2024-12-08,2024-2025,06,수원 KT,60,부산 KCC,1,3,carryover,0,2024-11-30,2024-12-06,2024-11-29,2024-12-07,test,2021-04-06,2023-03-29
2971,S45G01N74,2024-12-08,2024-2025,66,고양 소노,55,서울 SK,0,3,carryover,0,2024-12-01,2024-12-06,2024-11-29,2024-12-06,test,2021-04-06,2023-03-29
2972,S45G01N75,2024-12-08,2024-2025,10,울산 현대모비스,70,안양 정관장,0,3,carryover,0,2024-12-02,2024-12-07,2024-12-01,2024-12-06,test,2021-04-06,2023-03-29
2973,S45G01N76,2024-12-09,2024-2025,64,대구 한국가스공사,50,창원 LG,1,3,carryover,0,2024-12-03,2024-12-07,2024-11-30,2024-12-07,test,2021-04-06,2023-03-29
2974,S45G01N77,2024-12-10,2024-2025,60,부산 KCC,55,서울 SK,1,3,carryover,0,2024-12-01,2024-12-08,2024-12-01,2024-12-08,test,2021-04-06,2023-03-29
2975,S45G01N78,2024-12-11,2024-2025,70,안양 정관장,35,서울 삼성,0,3,carryover,0,2024-12-04,2024-12-08,2024-12-02,2024-12-07,test,2021-04-06,2023-03-29
2976,S45G01N79,2024-12-12,2024-2025,64,대구 한국가스공사,60,부산 KCC,0,3,carryover,0,2024-12-05,2024-12-09,2024-12-07,2024-12-10,test,2021-04-06,2023-03-29
2977,S45G01N80,2024-12-12,2024-2025,10,울산 현대모비스,16,원주 DB,1,3,carryover,0,2024-12-05,2024-12-08,2024-11-30,2024-12-07,test,2021-04-06,2023-03-29
2978,S45G01N81,2024-12-13,2024-2025,66,고양 소노,35,서울 삼성,0,3,carryover,0,2024-12-03,2024-12-08,2024-12-05,2024-12-11,test,2021-04-06,2023-03-29
2979,S45G01N82,2024-12-13,2024-2025,70,안양 정관장,50,창원 LG,0,3,carryover,0,2024-12-06,2024-12-11,2024-12-05,2024-12-09,test,2021-04-06,2023-03-29
2980,S45G01N83,2024-12-14,2024-2025,60,부산 KCC,16,원주 DB,0,3,carryover,0,2024-12-08,2024-12-12,2024-12-04,2024-12-12,test,2021-04-06,2023-03-29
2981,S45G01N84,2024-12-14,2024-2025,06,수원 KT,64,대구 한국가스공사,0,3,carryover,0,2024-12-01,2024-12-08,2024-12-07,2024-12-12,test,2021-04-06,2023-03-29
2982,S45G01N85,2024-12-14,2024-2025,55,서울 SK,10,울산 현대모비스,0,3,carryover,0,2024-12-06,2024-12-10,2024-12-07,2024-12-12,test,2021-04-06,2023-03-29
2983,S45G01N86,2024-12-15,2024-2025,60,부산 KCC,50,창원 LG,0,3,carryover,0,2024-12-10,2024-12-14,2024-12-07,2024-12-13,test,2021-04-06,2023-03-29
2984,S45G01N87,2024-12-15,2024-2025,70,안양 정관장,66,고양 소노,1,3,carryover,0,2024-12-08,2024-12-13,2024-12-06,2024-12-13,test,2021-04-06,2023-03-29
2985,S45G01N88,2024-12-15,2024-2025,55,서울 SK,35,서울 삼성,0,3,carryover,0,2024-12-08,2024-12-14,2024-12-07,2024-12-13,test,2021-04-06,2023-03-29
2986,S45G01N89,2024-12-16,2024-2025,16,원주 DB,06,수원 KT,1,3,carryover,0,2024-12-07,2024-12-14,2024-12-06,2024-12-14,test,2021-04-06,2023-03-29
2987,S45G01N90,2024-12-17,2024-2025,50,창원 LG,35,서울 삼성,1,3,carryover,0,2024-12-09,2024-12-15,2024-12-11,2024-12-15,test,2021-04-06,2023-03-29
2988,S45G01N91,2024-12-18,2024-2025,66,고양 소노,06,수원 KT,1,3,carryover,0,2024-12-08,2024-12-15,2024-12-08,2024-12-16,test,2021-04-06,2023-03-29
2989,S45G01N92,2024-12-19,2024-2025,10,울산 현대모비스,35,서울 삼성,1,3,carryover,0,2024-12-08,2024-12-14,2024-12-13,2024-12-17,test,2021-04-06,2023-03-29
2990,S45G01N93,2024-12-19,2024-2025,16,원주 DB,70,안양 정관장,1,3,carryover,0,2024-12-12,2024-12-16,2024-12-11,2024-12-15,test,2021-04-06,2023-03-29
2991,S45G01N94,2024-12-20,2024-2025,50,창원 LG,60,부산 KCC,1,3,carryover,0,2024-12-13,2024-12-17,2024-12-12,2024-12-15,test,2021-04-06,2023-03-29
2992,S45G01N95,2024-12-20,2024-2025,06,수원 KT,64,대구 한국가스공사,1,3,carryover,0,2024-12-14,2024-12-18,2024-12-09,2024-12-14,test,2021-04-06,2023-03-29
2993,S45G01N96,2024-12-21,2024-2025,66,고양 소노,35,서울 삼성,1,3,carryover,0,2024-12-13,2024-12-18,2024-12-15,2024-12-19,test,2021-04-06,2023-03-29
2994,S45G01N97,2024-12-21,2024-2025,70,안양 정관장,55,서울 SK,0,3,carryover,0,2024-12-13,2024-12-19,2024-12-10,2024-12-15,test,2021-04-06,2023-03-29
2995,S45G01N98,2024-12-21,2024-2025,16,원주 DB,10,울산 현대모비스,1,3,carryover,0,2024-12-14,2024-12-19,2024-12-12,2024-12-19,test,2021-04-06,2023-03-29
2996,S45G01N100,2024-12-22,2024-2025,70,안양 정관장,50,창원 LG,0,3,carryover,0,2024-12-15,2024-12-21,2024-12-15,2024-12-20,test,2021-04-06,2023-03-29
2997,S45G01N99,2024-12-22,2024-2025,60,부산 KCC,64,대구 한국가스공사,0,3,carryover,0,2024-12-14,2024-12-20,2024-12-12,2024-12-20,test,2021-04-06,2023-03-29
2998,S45G01N101,2024-12-22,2024-2025,16,원주 DB,06,수원 KT,0,3,carryover,0,2024-12-16,2024-12-21,2024-12-16,2024-12-20,test,2021-04-06,2023-03-29
2999,S45G01N102,2024-12-24,2024-2025,06,수원 KT,10,울산 현대모비스,1,3,carryover,0,2024-12-18,2024-12-22,2024-12-14,2024-12-21,test,2021-04-06,2023-03-29
3000,S45G01N103,2024-12-25,2024-2025,60,부산 KCC,70,안양 정관장,1,3,carryover,0,2024-12-15,2024-12-22,2024-12-19,2024-12-22,test,2021-04-06,2023-03-29
3001,S45G01N104,2024-12-25,2024-2025,66,고양 소노,16,원주 DB,1,3,carryover,0,2024-12-15,2024-12-21,2024-12-19,2024-12-22,test,2021-04-06,2023-03-29
3002,S45G01N105,2024-12-25,2024-2025,55,서울 SK,35,서울 삼성,1,3,carryover,0,2024-12-14,2024-12-21,2024-12-17,2024-12-21,test,2021-04-06,2023-03-29
3003,S45G01N106,2024-12-26,2024-2025,64,대구 한국가스공사,50,창원 LG,0,3,carryover,0,2024-12-14,2024-12-22,2024-12-17,2024-12-22,test,2021-04-06,2023-03-29
3004,S45G01N107,2024-12-27,2024-2025,60,부산 KCC,10,울산 현대모비스,0,3,carryover,0,2024-12-20,2024-12-25,2024-12-19,2024-12-24,test,2021-04-06,2023-03-29
3005,S45G01N108,2024-12-27,2024-2025,16,원주 DB,55,서울 SK,1,3,carryover,0,2024-12-21,2024-12-25,2024-12-15,2024-12-25,test,2021-04-06,2023-03-29
3006,S45G01N109,2024-12-28,2024-2025,50,창원 LG,06,수원 KT,1,3,carryover,0,2024-12-20,2024-12-26,2024-12-20,2024-12-24,test,2021-04-06,2023-03-29
3007,S45G01N110,2024-12-28,2024-2025,64,대구 한국가스공사,66,고양 소노,1,3,carryover,0,2024-12-20,2024-12-26,2024-12-18,2024-12-25,test,2021-04-06,2023-03-29
3008,S45G01N111,2024-12-28,2024-2025,70,안양 정관장,35,서울 삼성,0,3,carryover,0,2024-12-21,2024-12-25,2024-12-19,2024-12-25,test,2021-04-06,2023-03-29
3009,S45G01N112,2024-12-29,2024-2025,50,창원 LG,16,원주 DB,1,3,carryover,0,2024-12-22,2024-12-28,2024-12-22,2024-12-27,test,2021-04-06,2023-03-29
3010,S45G01N113,2024-12-29,2024-2025,10,울산 현대모비스,66,고양 소노,1,3,carryover,0,2024-12-21,2024-12-27,2024-12-21,2024-12-28,test,2021-04-06,2023-03-29
3011,S45G01N114,2024-12-29,2024-2025,60,부산 KCC,55,서울 SK,0,3,carryover,0,2024-12-22,2024-12-27,2024-12-21,2024-12-27,test,2021-04-06,2023-03-29
3012,S45G01N115,2024-12-31,2024-2025,10,울산 현대모비스,64,대구 한국가스공사,1,3,carryover,0,2024-12-24,2024-12-29,2024-12-22,2024-12-28,test,2021-04-06,2023-03-29
3013,S45G01N116,2025-01-01,2024-2025,06,수원 KT,60,부산 KCC,1,3,carryover,0,2024-12-22,2024-12-28,2024-12-25,2024-12-29,test,2021-04-06,2023-03-29
3014,S45G01N117,2025-01-01,2024-2025,50,창원 LG,55,서울 SK,0,3,carryover,0,2024-12-26,2024-12-29,2024-12-25,2024-12-29,test,2021-04-06,2023-03-29
3015,S45G01N118,2025-01-01,2024-2025,70,안양 정관장,66,고양 소노,0,3,carryover,0,2024-12-22,2024-12-28,2024-12-25,2024-12-29,test,2021-04-06,2023-03-29
3016,S45G01N119,2025-01-02,2024-2025,35,서울 삼성,16,원주 DB,0,3,carryover,0,2024-12-21,2024-12-28,2024-12-25,2024-12-29,test,2021-04-06,2023-03-29
3017,S45G01N120,2025-01-03,2024-2025,06,수원 KT,70,안양 정관장,1,3,carryover,0,2024-12-24,2025-01-01,2024-12-25,2025-01-01,test,2021-04-06,2023-03-29
3018,S45G01N121,2025-01-03,2024-2025,55,서울 SK,66,고양 소노,1,3,carryover,0,2024-12-27,2025-01-01,2024-12-28,2025-01-01,test,2021-04-06,2023-03-29
3019,S45G01N122,2025-01-04,2024-2025,10,울산 현대모비스,50,창원 LG,1,3,carryover,0,2024-12-27,2024-12-31,2024-12-28,2025-01-01,test,2021-04-06,2023-03-29
3020,S45G01N123,2025-01-04,2024-2025,35,서울 삼성,64,대구 한국가스공사,0,3,carryover,0,2024-12-25,2025-01-02,2024-12-26,2024-12-31,test,2021-04-06,2023-03-29
3021,S45G01N124,2025-01-04,2024-2025,60,부산 KCC,16,원주 DB,0,3,carryover,0,2024-12-27,2025-01-01,2024-12-27,2025-01-02,test,2021-04-06,2023-03-29
3022,S45G01N125,2025-01-05,2024-2025,50,창원 LG,66,고양 소노,1,3,carryover,0,2024-12-29,2025-01-04,2024-12-29,2025-01-03,test,2021-04-06,2023-03-29
3023,S45G01N126,2025-01-05,2024-2025,55,서울 SK,06,수원 KT,1,3,carryover,0,2024-12-29,2025-01-03,2024-12-28,2025-01-03,test,2021-04-06,2023-03-29
3024,S45G01N127,2025-01-05,2024-2025,70,안양 정관장,64,대구 한국가스공사,0,3,carryover,0,2024-12-28,2025-01-03,2024-12-28,2025-01-04,test,2021-04-06,2023-03-29
3025,S45G01N128,2025-01-06,2024-2025,35,서울 삼성,60,부산 KCC,1,3,carryover,0,2024-12-28,2025-01-04,2024-12-29,2025-01-04,test,2021-04-06,2023-03-29
3026,S45G01N129,2025-01-07,2024-2025,55,서울 SK,64,대구 한국가스공사,1,3,carryover,0,2025-01-01,2025-01-05,2024-12-31,2025-01-05,test,2021-04-06,2023-03-29
3027,S45G01N130,2025-01-08,2024-2025,10,울산 현대모비스,70,안양 정관장,1,3,carryover,0,2024-12-29,2025-01-04,2025-01-01,2025-01-05,test,2021-04-06,2023-03-29
3028,S45G01N131,2025-01-09,2024-2025,35,서울 삼성,50,창원 LG,1,3,carryover,0,2025-01-02,2025-01-06,2025-01-01,2025-01-05,test,2021-04-06,2023-03-29
3029,S45G01N132,2025-01-09,2024-2025,66,고양 소노,60,부산 KCC,0,3,carryover,0,2025-01-01,2025-01-05,2025-01-01,2025-01-06,test,2021-04-06,2023-03-29
3030,S45G01N133,2025-01-10,2024-2025,55,서울 SK,10,울산 현대모비스,1,3,carryover,0,2025-01-03,2025-01-07,2024-12-31,2025-01-08,test,2021-04-06,2023-03-29
3031,S45G01N134,2025-01-10,2024-2025,64,대구 한국가스공사,16,원주 DB,1,3,carryover,0,2025-01-04,2025-01-07,2024-12-29,2025-01-04,test,2021-04-06,2023-03-29
3032,S45G01N135,2025-01-11,2024-2025,06,수원 KT,35,서울 삼성,0,3,carryover,0,2025-01-01,2025-01-05,2025-01-04,2025-01-09,test,2021-04-06,2023-03-29
3033,S45G01N136,2025-01-11,2024-2025,70,안양 정관장,50,창원 LG,0,3,carryover,0,2025-01-03,2025-01-08,2025-01-04,2025-01-09,test,2021-04-06,2023-03-29
3034,S45G01N137,2025-01-11,2024-2025,66,고양 소노,60,부산 KCC,0,3,carryover,0,2025-01-03,2025-01-09,2025-01-04,2025-01-09,test,2021-04-06,2023-03-29
3035,S45G01N138,2025-01-12,2024-2025,16,원주 DB,10,울산 현대모비스,0,3,carryover,0,2025-01-02,2025-01-10,2025-01-04,2025-01-10,test,2021-04-06,2023-03-29
3036,S45G01N139,2025-01-12,2024-2025,70,안양 정관장,64,대구 한국가스공사,1,3,carryover,0,2025-01-05,2025-01-11,2025-01-05,2025-01-10,test,2021-04-06,2023-03-29
3037,S45G01N140,2025-01-12,2024-2025,66,고양 소노,55,서울 SK,0,3,carryover,0,2025-01-05,2025-01-11,2025-01-05,2025-01-10,test,2021-04-06,2023-03-29
3038,S45G01N141,2025-01-13,2024-2025,60,부산 KCC,35,서울 삼성,0,3,carryover,0,2025-01-06,2025-01-11,2025-01-06,2025-01-11,test,2021-04-06,2023-03-29
3039,S45G01N142,2025-01-13,2024-2025,06,수원 KT,50,창원 LG,0,3,carryover,0,2025-01-03,2025-01-11,2025-01-05,2025-01-11,test,2021-04-06,2023-03-29
3040,S45G01N143,2025-01-14,2024-2025,16,원주 DB,64,대구 한국가스공사,1,3,carryover,0,2025-01-04,2025-01-12,2025-01-07,2025-01-12,test,2021-04-06,2023-03-29
3041,S45G01N144,2025-01-14,2024-2025,55,서울 SK,70,안양 정관장,1,3,carryover,0,2025-01-07,2025-01-12,2025-01-08,2025-01-12,test,2021-04-06,2023-03-29
3042,S45G01N145,2025-01-15,2024-2025,50,창원 LG,35,서울 삼성,1,3,carryover,0,2025-01-09,2025-01-13,2025-01-09,2025-01-13,test,2021-04-06,2023-03-29
3043,S45G01N146,2025-01-15,2024-2025,66,고양 소노,10,울산 현대모비스,1,3,carryover,0,2025-01-09,2025-01-12,2025-01-08,2025-01-12,test,2021-04-06,2023-03-29
3044,S45G01N147,2025-01-16,2024-2025,55,서울 SK,16,원주 DB,1,3,carryover,0,2025-01-10,2025-01-14,2025-01-10,2025-01-14,test,2021-04-06,2023-03-29
3045,S45G01N148,2025-01-16,2024-2025,64,대구 한국가스공사,06,수원 KT,1,3,carryover,0,2025-01-10,2025-01-14,2025-01-05,2025-01-13,test,2021-04-06,2023-03-29
3046,S45G01N149,2025-01-22,2024-2025,06,수원 KT,35,서울 삼성,1,3,carryover,0,2025-01-11,2025-01-16,2025-01-11,2025-01-15,test,2021-04-06,2023-03-29
3047,S45G01N150,2025-01-22,2024-2025,70,안양 정관장,16,원주 DB,0,3,carryover,0,2025-01-11,2025-01-14,2025-01-12,2025-01-16,test,2021-04-06,2023-03-29
3048,S45G01N151,2025-01-23,2024-2025,10,울산 현대모비스,55,서울 SK,0,3,carryover,0,2025-01-10,2025-01-15,2025-01-12,2025-01-16,test,2021-04-06,2023-03-29
3049,S45G01N152,2025-01-23,2024-2025,50,창원 LG,66,고양 소노,1,3,carryover,0,2025-01-11,2025-01-15,2025-01-11,2025-01-15,test,2021-04-06,2023-03-29
3050,S45G01N153,2025-01-24,2024-2025,06,수원 KT,70,안양 정관장,0,3,carryover,0,2025-01-13,2025-01-22,2025-01-12,2025-01-22,test,2021-04-06,2023-03-29
3051,S45G01N154,2025-01-24,2024-2025,16,원주 DB,35,서울 삼성,1,3,carryover,0,2025-01-14,2025-01-22,2025-01-13,2025-01-22,test,2021-04-06,2023-03-29
3052,S45G01N155,2025-01-25,2024-2025,60,부산 KCC,55,서울 SK,1,3,carryover,0,2025-01-09,2025-01-13,2025-01-14,2025-01-23,test,2021-04-06,2023-03-29
3053,S45G01N156,2025-01-25,2024-2025,50,창원 LG,10,울산 현대모비스,1,3,carryover,0,2025-01-13,2025-01-23,2025-01-12,2025-01-23,test,2021-04-06,2023-03-29
3054,S45G01N157,2025-01-25,2024-2025,66,고양 소노,64,대구 한국가스공사,0,3,carryover,0,2025-01-12,2025-01-23,2025-01-12,2025-01-16,test,2021-04-06,2023-03-29
3055,S45G01N158,2025-01-26,2024-2025,10,울산 현대모비스,06,수원 KT,0,3,carryover,0,2025-01-15,2025-01-25,2025-01-16,2025-01-24,test,2021-04-06,2023-03-29
3056,S45G01N159,2025-01-26,2024-2025,35,서울 삼성,70,안양 정관장,0,3,carryover,0,2025-01-15,2025-01-24,2025-01-14,2025-01-24,test,2021-04-06,2023-03-29
3057,S45G01N160,2025-01-26,2024-2025,60,부산 KCC,16,원주 DB,1,3,carryover,0,2025-01-11,2025-01-25,2025-01-16,2025-01-24,test,2021-04-06,2023-03-29
3058,S45G01N161,2025-01-28,2024-2025,64,대구 한국가스공사,60,부산 KCC,0,3,carryover,0,2025-01-14,2025-01-25,2025-01-13,2025-01-26,test,2021-04-06,2023-03-29
3059,S45G01N162,2025-01-28,2024-2025,66,고양 소노,70,안양 정관장,0,3,carryover,0,2025-01-15,2025-01-25,2025-01-22,2025-01-26,test,2021-04-06,2023-03-29
3060,S45G01N163,2025-01-29,2024-2025,35,서울 삼성,55,서울 SK,0,3,carryover,0,2025-01-22,2025-01-26,2025-01-16,2025-01-25,test,2021-04-06,2023-03-29
3061,S45G01N164,2025-01-29,2024-2025,16,원주 DB,06,수원 KT,0,3,carryover,0,2025-01-22,2025-01-26,2025-01-22,2025-01-26,test,2021-04-06,2023-03-29
3062,S45G01N165,2025-01-30,2024-2025,50,창원 LG,64,대구 한국가스공사,1,3,carryover,0,2025-01-15,2025-01-25,2025-01-16,2025-01-28,test,2021-04-06,2023-03-29
3063,S45G01N166,2025-01-30,2024-2025,10,울산 현대모비스,60,부산 KCC,1,3,carryover,0,2025-01-23,2025-01-26,2025-01-25,2025-01-28,test,2021-04-06,2023-03-29
3064,S45G01N167,2025-01-31,2024-2025,06,수원 KT,66,고양 소노,1,3,carryover,0,2025-01-24,2025-01-29,2025-01-23,2025-01-28,test,2021-04-06,2023-03-29
3065,S45G01N168,2025-02-01,2024-2025,16,원주 DB,50,창원 LG,0,3,carryover,0,2025-01-24,2025-01-29,2025-01-23,2025-01-30,test,2021-04-06,2023-03-29
3066,S45G01N169,2025-02-01,2024-2025,64,대구 한국가스공사,55,서울 SK,0,3,carryover,0,2025-01-25,2025-01-30,2025-01-23,2025-01-29,test,2021-04-06,2023-03-29
3067,S45G01N170,2025-02-01,2024-2025,70,안양 정관장,10,울산 현대모비스,1,3,carryover,0,2025-01-24,2025-01-28,2025-01-25,2025-01-30,test,2021-04-06,2023-03-29
3068,S45G01N171,2025-02-02,2024-2025,60,부산 KCC,06,수원 KT,0,3,carryover,0,2025-01-26,2025-01-30,2025-01-26,2025-01-31,test,2021-04-06,2023-03-29
3069,S45G01N172,2025-02-02,2024-2025,64,대구 한국가스공사,35,서울 삼성,1,3,carryover,0,2025-01-28,2025-02-01,2025-01-24,2025-01-29,test,2021-04-06,2023-03-29
3070,S45G01N173,2025-02-02,2024-2025,66,고양 소노,16,원주 DB,1,3,carryover,0,2025-01-25,2025-01-31,2025-01-26,2025-02-01,test,2021-04-06,2023-03-29
3071,S45G01N174,2025-02-03,2024-2025,55,서울 SK,50,창원 LG,1,3,carryover,0,2025-01-25,2025-02-01,2025-01-25,2025-02-01,test,2021-04-06,2023-03-29
3072,S45G01N175,2025-02-04,2024-2025,60,부산 KCC,70,안양 정관장,0,3,carryover,0,2025-01-28,2025-02-02,2025-01-26,2025-02-01,test,2021-04-06,2023-03-29
3073,S45G01N176,2025-02-05,2024-2025,35,서울 삼성,10,울산 현대모비스,0,3,carryover,0,2025-01-26,2025-02-02,2025-01-26,2025-02-01,test,2021-04-06,2023-03-29
3074,S45G01N177,2025-02-06,2024-2025,50,창원 LG,60,부산 KCC,1,3,carryover,0,2025-01-30,2025-02-03,2025-01-30,2025-02-04,test,2021-04-06,2023-03-29
3075,S45G01N178,2025-02-06,2024-2025,55,서울 SK,06,수원 KT,1,3,carryover,0,2025-01-29,2025-02-03,2025-01-29,2025-02-02,test,2021-04-06,2023-03-29
3076,S45G01N179,2025-02-07,2024-2025,10,울산 현대모비스,64,대구 한국가스공사,0,3,carryover,0,2025-01-30,2025-02-05,2025-01-30,2025-02-02,test,2021-04-06,2023-03-29
3077,S45G01N180,2025-02-07,2024-2025,35,서울 삼성,66,고양 소노,1,3,carryover,0,2025-01-29,2025-02-05,2025-01-28,2025-02-02,test,2021-04-06,2023-03-29
3078,S45G01N181,2025-02-08,2024-2025,60,부산 KCC,50,창원 LG,0,3,carryover,0,2025-02-02,2025-02-06,2025-02-01,2025-02-06,test,2021-04-06,2023-03-29
3079,S45G01N182,2025-02-08,2024-2025,55,서울 SK,70,안양 정관장,1,3,carryover,0,2025-02-01,2025-02-06,2025-01-28,2025-02-04,test,2021-04-06,2023-03-29
3080,S45G01N183,2025-02-08,2024-2025,06,수원 KT,16,원주 DB,1,3,carryover,0,2025-01-31,2025-02-06,2025-01-29,2025-02-02,test,2021-04-06,2023-03-29
3081,S45G01N184,2025-02-09,2024-2025,64,대구 한국가스공사,10,울산 현대모비스,0,3,carryover,0,2025-02-01,2025-02-07,2025-02-01,2025-02-07,test,2021-04-06,2023-03-29
3082,S45G01N185,2025-02-09,2024-2025,35,서울 삼성,66,고양 소노,0,3,carryover,0,2025-02-02,2025-02-07,2025-01-31,2025-02-07,test,2021-04-06,2023-03-29
3083,S45G01N186,2025-02-09,2024-2025,06,수원 KT,55,서울 SK,0,3,carryover,0,2025-02-02,2025-02-08,2025-02-03,2025-02-08,test,2021-04-06,2023-03-29
3084,S45G01N187,2025-02-10,2024-2025,70,안양 정관장,60,부산 KCC,1,3,carryover,0,2025-02-01,2025-02-08,2025-02-04,2025-02-08,test,2021-04-06,2023-03-29
3085,S45G01N188,2025-02-11,2024-2025,66,고양 소노,10,울산 현대모비스,0,3,carryover,0,2025-02-02,2025-02-09,2025-02-05,2025-02-09,test,2021-04-06,2023-03-29
3086,S45G01N189,2025-02-12,2024-2025,55,서울 SK,50,창원 LG,0,3,carryover,0,2025-02-06,2025-02-09,2025-02-03,2025-02-08,test,2021-04-06,2023-03-29
3087,S45G01N190,2025-02-13,2024-2025,16,원주 DB,60,부산 KCC,1,3,carryover,0,2025-02-01,2025-02-08,2025-02-06,2025-02-10,test,2021-04-06,2023-03-29
3088,S45G01N191,2025-02-26,2024-2025,60,부산 KCC,66,고양 소노,0,3,carryover,0,2025-02-08,2025-02-13,2025-02-07,2025-02-11,test,2021-04-06,2023-03-29
3089,S45G01N192,2025-02-26,2024-2025,70,안양 정관장,06,수원 KT,0,3,carryover,0,2025-02-04,2025-02-10,2025-02-06,2025-02-09,test,2021-04-06,2023-03-29
3090,S45G01N193,2025-02-27,2024-2025,16,원주 DB,64,대구 한국가스공사,1,3,carryover,0,2025-02-02,2025-02-13,2025-02-02,2025-02-09,test,2021-04-06,2023-03-29
3091,S45G01N194,2025-02-27,2024-2025,50,창원 LG,35,서울 삼성,1,3,carryover,0,2025-02-06,2025-02-12,2025-02-05,2025-02-09,test,2021-04-06,2023-03-29
3092,S45G01N195,2025-02-28,2024-2025,60,부산 KCC,06,수원 KT,0,3,carryover,0,2025-02-10,2025-02-26,2025-02-08,2025-02-26,test,2021-04-06,2023-03-29
3093,S45G01N196,2025-02-28,2024-2025,10,울산 현대모비스,55,서울 SK,0,3,carryover,0,2025-02-07,2025-02-11,2025-02-08,2025-02-12,test,2021-04-06,2023-03-29
3094,S45G01N197,2025-03-01,2024-2025,16,원주 DB,66,고양 소노,0,3,carryover,0,2025-02-08,2025-02-27,2025-02-09,2025-02-26,test,2021-04-06,2023-03-29
3095,S45G01N198,2025-03-01,2024-2025,35,서울 삼성,64,대구 한국가스공사,0,3,carryover,0,2025-02-07,2025-02-27,2025-02-07,2025-02-27,test,2021-04-06,2023-03-29
3096,S45G01N199,2025-03-01,2024-2025,50,창원 LG,70,안양 정관장,0,3,carryover,0,2025-02-08,2025-02-27,2025-02-08,2025-02-26,test,2021-04-06,2023-03-29
3097,S45G01N200,2025-03-02,2024-2025,55,서울 SK,60,부산 KCC,1,3,carryover,0,2025-02-09,2025-02-28,2025-02-13,2025-02-28,test,2021-04-06,2023-03-29
3098,S45G01N201,2025-03-02,2024-2025,10,울산 현대모비스,06,수원 KT,0,3,carryover,0,2025-02-09,2025-02-28,2025-02-09,2025-02-28,test,2021-04-06,2023-03-29
3099,S45G01N202,2025-03-02,2024-2025,66,고양 소노,64,대구 한국가스공사,0,3,carryover,0,2025-02-11,2025-03-01,2025-02-09,2025-03-01,test,2021-04-06,2023-03-29
3100,S45G01N203,2025-03-03,2024-2025,16,원주 DB,50,창원 LG,1,3,carryover,0,2025-02-13,2025-03-01,2025-02-12,2025-03-01,test,2021-04-06,2023-03-29
3101,S45G01N204,2025-03-03,2024-2025,35,서울 삼성,70,안양 정관장,0,3,carryover,0,2025-02-09,2025-03-01,2025-02-10,2025-03-01,test,2021-04-06,2023-03-29
3102,S45G01N205,2025-03-04,2024-2025,06,수원 KT,64,대구 한국가스공사,1,3,carryover,0,2025-02-26,2025-03-02,2025-02-27,2025-03-02,test,2021-04-06,2023-03-29
3103,S45G01N206,2025-03-05,2024-2025,35,서울 삼성,55,서울 SK,0,3,carryover,0,2025-02-27,2025-03-03,2025-02-12,2025-03-02,test,2021-04-06,2023-03-29
3104,S45G01N207,2025-03-06,2024-2025,10,울산 현대모비스,16,원주 DB,1,3,carryover,0,2025-02-11,2025-03-02,2025-02-27,2025-03-03,test,2021-04-06,2023-03-29
3105,S45G01N208,2025-03-07,2024-2025,64,대구 한국가스공사,50,창원 LG,0,3,carryover,0,2025-03-01,2025-03-04,2025-02-27,2025-03-03,test,2021-04-06,2023-03-29
3106,S45G01N209,2025-03-07,2024-2025,66,고양 소노,55,서울 SK,0,3,carryover,0,2025-02-26,2025-03-02,2025-02-28,2025-03-05,test,2021-04-06,2023-03-29
3107,S45G01N210,2025-03-08,2024-2025,16,원주 DB,35,서울 삼성,0,3,carryover,0,2025-03-01,2025-03-06,2025-03-01,2025-03-05,test,2021-04-06,2023-03-29
3108,S45G01N211,2025-03-08,2024-2025,70,안양 정관장,10,울산 현대모비스,0,3,carryover,0,2025-02-26,2025-03-03,2025-02-28,2025-03-06,test,2021-04-06,2023-03-29
3109,S45G01N212,2025-03-09,2024-2025,55,서울 SK,64,대구 한국가스공사,1,3,carryover,0,2025-03-02,2025-03-07,2025-03-02,2025-03-07,test,2021-04-06,2023-03-29
3110,S45G01N213,2025-03-09,2024-2025,50,창원 LG,66,고양 소노,1,3,carryover,0,2025-03-01,2025-03-07,2025-03-01,2025-03-07,test,2021-04-06,2023-03-29
3111,S45G01N214,2025-03-10,2024-2025,70,안양 정관장,16,원주 DB,1,3,carryover,0,2025-03-01,2025-03-08,2025-03-03,2025-03-08,test,2021-04-06,2023-03-29
3112,S45G01N215,2025-03-11,2024-2025,10,울산 현대모비스,35,서울 삼성,1,3,carryover,0,2025-03-02,2025-03-08,2025-03-03,2025-03-08,test,2021-04-06,2023-03-29
3113,S45G01N216,2025-03-12,2024-2025,64,대구 한국가스공사,70,안양 정관장,1,3,carryover,0,2025-03-04,2025-03-09,2025-03-03,2025-03-10,test,2021-04-06,2023-03-29
3114,S45G01N217,2025-03-13,2024-2025,60,부산 KCC,35,서울 삼성,0,3,carryover,0,2025-02-26,2025-03-02,2025-03-05,2025-03-11,test,2021-04-06,2023-03-29
3115,S45G01N218,2025-03-13,2024-2025,06,수원 KT,66,고양 소노,1,3,carryover,0,2025-02-28,2025-03-04,2025-03-02,2025-03-09,test,2021-04-06,2023-03-29
3116,S45G01N219,2025-03-14,2024-2025,50,창원 LG,10,울산 현대모비스,1,3,carryover,0,2025-03-03,2025-03-09,2025-03-06,2025-03-11,test,2021-04-06,2023-03-29
3117,S45G01N220,2025-03-14,2024-2025,55,서울 SK,16,원주 DB,0,3,carryover,0,2025-03-05,2025-03-09,2025-03-06,2025-03-10,test,2021-04-06,2023-03-29
3118,S45G01N221,2025-03-15,2024-2025,64,대구 한국가스공사,60,부산 KCC,1,3,carryover,0,2025-03-07,2025-03-12,2025-02-28,2025-03-13,test,2021-04-06,2023-03-29
3119,S45G01N222,2025-03-15,2024-2025,35,서울 삼성,06,수원 KT,1,3,carryover,0,2025-03-08,2025-03-13,2025-03-02,2025-03-13,test,2021-04-06,2023-03-29
3120,S45G01N223,2025-03-15,2024-2025,66,고양 소노,70,안양 정관장,0,3,carryover,0,2025-03-07,2025-03-13,2025-03-08,2025-03-12,test,2021-04-06,2023-03-29
3121,S45G01N224,2025-03-16,2024-2025,06,수원 KT,50,창원 LG,1,3,carryover,0,2025-03-04,2025-03-15,2025-03-07,2025-03-14,test,2021-04-06,2023-03-29
3122,S45G01N225,2025-03-16,2024-2025,10,울산 현대모비스,60,부산 KCC,0,3,carryover,0,2025-03-08,2025-03-14,2025-03-02,2025-03-15,test,2021-04-06,2023-03-29
3123,S45G01N226,2025-03-16,2024-2025,16,원주 DB,55,서울 SK,0,3,carryover,0,2025-03-08,2025-03-14,2025-03-07,2025-03-14,test,2021-04-06,2023-03-29
3124,S45G01N227,2025-03-17,2024-2025,64,대구 한국가스공사,70,안양 정관장,0,3,carryover,0,2025-03-09,2025-03-15,2025-03-10,2025-03-15,test,2021-04-06,2023-03-29
3125,S45G01N228,2025-03-18,2024-2025,10,울산 현대모비스,60,부산 KCC,1,3,carryover,0,2025-03-11,2025-03-16,2025-03-13,2025-03-16,test,2021-04-06,2023-03-29
3126,S45G01N229,2025-03-19,2024-2025,06,수원 KT,55,서울 SK,0,3,carryover,0,2025-03-13,2025-03-16,2025-03-09,2025-03-16,test,2021-04-06,2023-03-29
3127,S45G01N230,2025-03-20,2024-2025,66,고양 소노,64,대구 한국가스공사,1,3,carryover,0,2025-03-09,2025-03-15,2025-03-12,2025-03-17,test,2021-04-06,2023-03-29
3128,S45G01N231,2025-03-20,2024-2025,50,창원 LG,16,원주 DB,1,3,carryover,0,2025-03-09,2025-03-16,2025-03-10,2025-03-16,test,2021-04-06,2023-03-29
3129,S45G01N232,2025-03-21,2024-2025,55,서울 SK,10,울산 현대모비스,1,3,carryover,0,2025-03-14,2025-03-19,2025-03-14,2025-03-18,test,2021-04-06,2023-03-29
3130,S45G01N233,2025-03-21,2024-2025,70,안양 정관장,60,부산 KCC,1,3,carryover,0,2025-03-12,2025-03-17,2025-03-15,2025-03-18,test,2021-04-06,2023-03-29
3131,S45G01N234,2025-03-22,2024-2025,50,창원 LG,06,수원 KT,0,3,carryover,0,2025-03-14,2025-03-20,2025-03-15,2025-03-19,test,2021-04-06,2023-03-29
3132,S45G01N235,2025-03-22,2024-2025,64,대구 한국가스공사,16,원주 DB,0,3,carryover,0,2025-03-15,2025-03-20,2025-03-14,2025-03-20,test,2021-04-06,2023-03-29
3133,S45G01N236,2025-03-22,2024-2025,66,고양 소노,35,서울 삼성,1,3,carryover,0,2025-03-13,2025-03-20,2025-03-11,2025-03-15,test,2021-04-06,2023-03-29
3134,S45G01N237,2025-03-23,2024-2025,55,서울 SK,60,부산 KCC,0,3,carryover,0,2025-03-16,2025-03-21,2025-03-16,2025-03-21,test,2021-04-06,2023-03-29
3135,S45G01N238,2025-03-23,2024-2025,70,안양 정관장,10,울산 현대모비스,1,3,carryover,0,2025-03-15,2025-03-21,2025-03-16,2025-03-21,test,2021-04-06,2023-03-29
3136,S45G01N239,2025-03-23,2024-2025,50,창원 LG,64,대구 한국가스공사,1,3,carryover,0,2025-03-16,2025-03-22,2025-03-17,2025-03-22,test,2021-04-06,2023-03-29
3137,S45G01N240,2025-03-24,2024-2025,35,서울 삼성,06,수원 KT,0,3,carryover,0,2025-03-13,2025-03-22,2025-03-16,2025-03-22,test,2021-04-06,2023-03-29
3138,S45G01N241,2025-03-25,2024-2025,70,안양 정관장,66,고양 소노,1,3,carryover,0,2025-03-17,2025-03-23,2025-03-15,2025-03-22,test,2021-04-06,2023-03-29
3139,S45G01N242,2025-03-26,2024-2025,35,서울 삼성,50,창원 LG,0,3,carryover,0,2025-03-15,2025-03-24,2025-03-20,2025-03-23,test,2021-04-06,2023-03-29
3140,S45G01N243,2025-03-27,2024-2025,06,수원 KT,66,고양 소노,1,3,carryover,0,2025-03-19,2025-03-24,2025-03-20,2025-03-25,test,2021-04-06,2023-03-29
3141,S45G01N244,2025-03-27,2024-2025,16,원주 DB,10,울산 현대모비스,0,3,carryover,0,2025-03-16,2025-03-22,2025-03-18,2025-03-23,test,2021-04-06,2023-03-29
3142,S45G01N245,2025-03-28,2024-2025,60,부산 KCC,64,대구 한국가스공사,0,3,carryover,0,2025-03-18,2025-03-23,2025-03-20,2025-03-23,test,2021-04-06,2023-03-29
3143,S45G01N246,2025-03-28,2024-2025,55,서울 SK,50,창원 LG,1,3,carryover,0,2025-03-19,2025-03-23,2025-03-22,2025-03-26,test,2021-04-06,2023-03-29
3144,S45G01N247,2025-03-29,2024-2025,10,울산 현대모비스,66,고양 소노,1,3,carryover,0,2025-03-21,2025-03-27,2025-03-22,2025-03-27,test,2021-04-06,2023-03-29
3145,S45G01N248,2025-03-29,2024-2025,35,서울 삼성,70,안양 정관장,0,3,carryover,0,2025-03-22,2025-03-26,2025-03-21,2025-03-25,test,2021-04-06,2023-03-29
3146,S45G01N249,2025-03-29,2024-2025,06,수원 KT,16,원주 DB,1,3,carryover,0,2025-03-22,2025-03-27,2025-03-20,2025-03-27,test,2021-04-06,2023-03-29
3147,S45G01N250,2025-03-30,2024-2025,60,부산 KCC,50,창원 LG,0,3,carryover,0,2025-03-21,2025-03-28,2025-03-23,2025-03-28,test,2021-04-06,2023-03-29
3148,S45G01N251,2025-03-30,2024-2025,64,대구 한국가스공사,55,서울 SK,1,3,carryover,0,2025-03-22,2025-03-28,2025-03-21,2025-03-28,test,2021-04-06,2023-03-29
3149,S45G01N252,2025-03-30,2024-2025,35,서울 삼성,16,원주 DB,0,3,carryover,0,2025-03-24,2025-03-29,2025-03-22,2025-03-29,test,2021-04-06,2023-03-29
3150,S45G01N253,2025-03-31,2024-2025,70,안양 정관장,06,수원 KT,0,3,carryover,0,2025-03-23,2025-03-29,2025-03-24,2025-03-29,test,2021-04-06,2023-03-29
3151,S45G01N254,2025-04-01,2024-2025,35,서울 삼성,64,대구 한국가스공사,0,3,carryover,0,2025-03-26,2025-03-30,2025-03-23,2025-03-30,test,2021-04-06,2023-03-29
3152,S45G01N255,2025-04-02,2024-2025,60,부산 KCC,66,고양 소노,1,3,carryover,0,2025-03-23,2025-03-30,2025-03-25,2025-03-29,test,2021-04-06,2023-03-29
3153,S45G01N256,2025-04-03,2024-2025,50,창원 LG,70,안양 정관장,1,3,carryover,0,2025-03-26,2025-03-30,2025-03-25,2025-03-31,test,2021-04-06,2023-03-29
3154,S45G01N257,2025-04-03,2024-2025,10,울산 현대모비스,06,수원 KT,1,3,carryover,0,2025-03-23,2025-03-29,2025-03-27,2025-03-31,test,2021-04-06,2023-03-29
3155,S45G01N258,2025-04-04,2024-2025,60,부산 KCC,35,서울 삼성,0,3,carryover,0,2025-03-28,2025-04-02,2025-03-29,2025-04-01,test,2021-04-06,2023-03-29
3156,S45G01N259,2025-04-04,2024-2025,66,고양 소노,16,원주 DB,1,3,carryover,0,2025-03-27,2025-04-02,2025-03-27,2025-03-30,test,2021-04-06,2023-03-29
3157,S45G01N260,2025-04-05,2024-2025,10,울산 현대모비스,50,창원 LG,0,3,carryover,0,2025-03-27,2025-04-03,2025-03-28,2025-04-03,test,2021-04-06,2023-03-29
3158,S45G01N261,2025-04-05,2024-2025,70,안양 정관장,55,서울 SK,1,3,carryover,0,2025-03-29,2025-04-03,2025-03-23,2025-03-30,test,2021-04-06,2023-03-29
3159,S45G01N262,2025-04-05,2024-2025,64,대구 한국가스공사,06,수원 KT,1,3,carryover,0,2025-03-28,2025-04-01,2025-03-29,2025-04-03,test,2021-04-06,2023-03-29
3160,S45G01N263,2025-04-06,2024-2025,55,서울 SK,66,고양 소노,0,3,carryover,0,2025-03-28,2025-04-05,2025-03-29,2025-04-04,test,2021-04-06,2023-03-29
3161,S45G01N264,2025-04-06,2024-2025,10,울산 현대모비스,35,서울 삼성,1,3,carryover,0,2025-03-29,2025-04-05,2025-03-30,2025-04-04,test,2021-04-06,2023-03-29
3162,S45G01N265,2025-04-06,2024-2025,16,원주 DB,60,부산 KCC,1,3,carryover,0,2025-03-29,2025-04-04,2025-03-30,2025-04-04,test,2021-04-06,2023-03-29
3163,S45G01N266,2025-04-08,2024-2025,06,수원 KT,60,부산 KCC,1,3,carryover,0,2025-03-31,2025-04-05,2025-04-02,2025-04-06,test,2021-04-06,2023-03-29
3164,S45G01N267,2025-04-08,2024-2025,16,원주 DB,70,안양 정관장,0,3,carryover,0,2025-03-30,2025-04-06,2025-03-31,2025-04-05,test,2021-04-06,2023-03-29
3165,S45G01N268,2025-04-08,2024-2025,55,서울 SK,35,서울 삼성,1,3,carryover,0,2025-03-30,2025-04-06,2025-04-01,2025-04-06,test,2021-04-06,2023-03-29
3166,S45G01N269,2025-04-08,2024-2025,64,대구 한국가스공사,10,울산 현대모비스,0,3,carryover,0,2025-03-30,2025-04-05,2025-04-03,2025-04-06,test,2021-04-06,2023-03-29
3167,S45G01N270,2025-04-08,2024-2025,66,고양 소노,50,창원 LG,1,3,carryover,0,2025-04-02,2025-04-06,2025-03-30,2025-04-05,test,2021-04-06,2023-03-29
