game_id,team,season,win,PC1,PC2,PC3,PC4,PC5,PC6,PC7,PC8,PC9,PC10,PC11,PC12,PC13
S43G01N2,수원 KT,2023-2024,1,0.8763427337606711,-1.610444842465285,-1.4810808450791122,1.1715468645776441,0.4145446512018918,-0.9471584828495574,-0.5720332816958917,1.017406303774217,0.3628431619202663,-0.20011395842597574,0.2154586773482292,-0.16055349571730224,-0.3805716147707183
S43G01N4,수원 KT,2023-2024,0,1.0573037788381094,0.6049948099430212,-0.14868226379720992,-1.4451543212690812,-1.4605722481068995,-1.7680069212198697,1.2990350562842592,-1.8405217790746202,0.05740957732881038,-1.1452336214941343,-0.4375764560263854,0.23289110713547853,0.11149624848944072
S43G01N14,수원 KT,2023-2024,0,1.6776790611991381,-2.77717679794366,-0.469179962816387,0.36450206032700677,1.1647156428418695,1.1792068187658902,0.45919298103145617,0.4514811025586709,1.2777300061154155,-0.2959387983723974,0.26606634855963107,0.6567086059492245,0.2017811452185231
S43G01N18,수원 KT,2023-2024,0,-0.9481660946065356,0.6883319384520149,-0.09742590047981955,-1.8098888781869127,-0.6473579565614933,0.6777182407956361,1.0267017944289252,1.678725442957481,0.5235566664289115,-0.09103279674232043,0.8432721695171596,-0.46648604634167623,0.38496455797472406
S43G01N27,수원 KT,2023-2024,1,-0.05755051220874504,1.0132845243861759,1.9076045643373245,0.4758190777518166,0.8911541443453812,1.753086346658001,-3.5189838303819707,-1.32149670443826,2.104765092252086,1.7269678836746776,-0.3990681642271726,-0.015339959220827475,0.1556440239684935
S43G01N30,수원 KT,2023-2024,1,4.339918040884947,1.7345115711491517,-2.5207215674764685,1.511403279571029,0.8928805788816361,-1.452351968489806,-0.26663019331394955,0.5060449552212325,0.7681447417608221,1.2708256574139574,0.3153379842115349,-0.3653515167156913,0.11533070911442753
S43G01N33,수원 KT,2023-2024,1,1.2128748864946812,0.6172421122824041,-0.6295795148148713,0.9209731852149673,-0.7390497601288932,-0.5349738820932486,-1.3298814750860568,1.1021736043231412,-1.6234285047394934,0.3162675509754487,-0.21704353469793466,-0.17225738400712634,0.4129607854905566
S43G01N39,수원 KT,2023-2024,1,-0.7394601636278827,0.13380664018008878,-2.1374184890392507,1.199664568408208,-0.5990375804936765,1.0704318878099985,0.5926149214681727,-1.8206833211997493,0.2632373533991613,1.2089363634495491,-0.8570907866228633,-0.7181195702111356,-0.2067161737871566
S43G01N43,수원 KT,2023-2024,1,0.07553725602286218,-2.3995956484708807,-0.31328866742851885,-0.21093773283929768,-0.0472632363353796,-1.232038977987711,-0.4606936074707228,2.25490290759567,-1.540031528201441,0.1294449879256759,-0.23340633704120398,-0.8694870956820151,-0.7450508772830832
S43G01N50,수원 KT,2023-2024,0,0.3538016492386586,1.2201648771975675,2.8048961343026817,-1.188255294860474,-0.6995644263422858,-1.386830342027835,1.5211255569593993,-0.7592077498338188,-0.24780814506307805,0.475618769777671,-0.615500867572918,-0.049745834363745293,0.36372561332271824
S43G01N57,수원 KT,2023-2024,0,-1.582809161947318,-0.28620087931022475,0.02426516437279073,-1.742269475059165,0.8628616764270025,1.3473324160570008,0.14727556413925216,1.201678902271926,1.251165615496037,-0.8509355052213163,1.5972195988449502,0.6811372360380634,-1.2060302183276126
S43G01N61,수원 KT,2023-2024,1,1.3460275134260695,2.484726999603076,-0.7938894504800739,0.2488060246143788,-0.38099092301195886,-0.23537128399738855,0.1880071766867681,0.10559896402857663,0.4513809345987429,-1.921832305348402,0.18481591363003627,0.26248683147514484,0.41005559772254857
S43G01N66,수원 KT,2023-2024,1,-1.8905266609212377,0.6432912866284367,1.138925363311898,1.118227594402073,-0.5903824213634138,0.6583352073292843,-1.5296802352148855,-0.09750413353529964,1.965094035035421,0.5549584359517702,-1.084714469393973,-0.1382235921652377,-0.5895620615383618
S43G01N70,수원 KT,2023-2024,1,0.6077958428701873,0.8044898443178371,0.35780580582428584,-0.39596526085368483,-0.2803664840276449,-0.23579079812505055,0.0713385734212898,-0.1538983675156606,2.011052165716237,0.6416866080815086,0.23315855101867233,-0.44119577772518653,0.5740180784541082
S43G01N72,수원 KT,2023-2024,1,2.97664157925879,0.34136138772521346,0.34039968428549744,-0.6552494591536365,-3.3361092726838466,-0.17385533478087845,0.603645839909163,-0.10618135901192544,0.5408875193004677,-1.51370329616457,-0.48277589935279397,0.08878122128440526,0.6093979953863863
S43G01N78,수원 KT,2023-2024,1,1.2566512905331864,1.9298026741276029,0.8662978776910489,-2.650257920842591,-1.1342520814612669,-0.001543895504212227,-0.7563895444724889,0.5022202542785347,1.3499609048733894,-0.13138139967885828,-0.5302436749694692,-0.032241783755312454,0.25663920951741803
S43G01N83,수원 KT,2023-2024,1,-1.6025080600091675,1.0678883790984584,-0.012204675958064942,-0.1018629714286097,-1.2332323990359917,-0.580312516370474,-1.3703445740320306,2.1175785940706056,-0.22423379993655182,-0.32464374782375893,0.4875859284600208,0.38607861119301046,-0.8489717341554136
S43G01N90,수원 KT,2023-2024,0,-0.9201448851634103,-1.8684561495361545,2.292816755161626,0.12822782799462984,0.2987016359267641,1.9542662921211396,-0.15926219184786714,0.23040420529486547,-0.3298665931576886,-0.3250908627302889,0.40477989149075166,-0.575991548318434,-0.05956395367482465
S43G01N94,수원 KT,2023-2024,0,-1.5216309381290098,1.5723518625062611,1.476724108983419,0.0942343978311293,-0.9422563717569663,1.8056536203146965,-0.22282016574331245,0.22809950186488745,0.8185255235863775,-1.0358060305583465,0.9258103752942937,0.07889620737560739,-0.710293152128066
S43G01N98,수원 KT,2023-2024,1,1.7317044398750379,-0.7436237070495741,2.160406736306767,-2.2428274240293975,-0.5716425798684192,1.1343084994878134,-0.577750358241409,0.760230353145374,0.4748954073430122,0.9106735067303933,-1.086717038260999,0.4776476073687003,-0.01755598401949162
S43G01N103,수원 KT,2023-2024,1,0.46757190648495794,-0.2582088615340985,0.07510023946289641,0.5969354236560659,-1.5320581986055652,1.0724604792178793,0.21835857605630118,-1.2011441778311038,-0.1689787148138335,0.5524315086486566,0.422097871905607,-0.6902469382939654,0.10396151375486458
S43G01N107,수원 KT,2023-2024,0,-1.5290817046829828,-0.2976807048922913,-0.9921612620997026,0.6027709800377149,-0.15261409310742513,-0.2332480476978504,0.6998168754584507,-0.22677102610576208,-1.4031267061855168,1.0194348151009882,0.6532990670471417,0.49395441043070987,0.5524225602406125
S43G01N111,수원 KT,2023-2024,0,-0.39936425979941764,-0.8791838389400324,2.374869355126672,-1.5889622083177959,-0.7863229935094393,-0.4417075406374743,1.2329370397391712,0.6774210104342627,1.5328800128780684,-0.18290467440967514,0.5365909868194159,0.2593348695577562,0.2012807693679738
S43G01N117,수원 KT,2023-2024,1,1.9585202818803222,3.263307705885356,-1.650879487009916,0.6381083904287297,-0.490976281853169,-0.6771011705237397,0.3607291102658553,1.0912017630327044,0.15593962958394497,0.42974099281858635,0.4814158750245165,-1.0857684060857193,0.5386010469767752
S43G01N123,수원 KT,2023-2024,1,0.7848683297371349,1.3690831203776457,-1.1390129578121317,-0.17736114493836733,-2.544052439314464,-0.7369667479762396,2.0944111028821775,-0.1579177491120649,0.15006484194190586,0.3317492840296221,-0.48599507573130113,0.2532414111302713,-0.5342957521927982
S43G01N129,수원 KT,2023-2024,1,0.7023584856508486,1.837478963503321,0.14101468457742838,-2.609983467456516,-1.978196842502951,1.0113259799357375,0.15477685800452864,0.4692794762493293,1.31349317868002,0.6111963316733889,-0.3632138888463718,-0.257851507095924,0.2783007848391008
S43G01N133,수원 KT,2023-2024,1,-1.4732196142249,-0.32597194622384185,1.211629447968999,-1.344869525903318,-1.4821205561446502,0.19193960389201675,-1.5999940973287672,0.33757718097590145,0.058694983738004414,-0.009221513605555702,-0.4603952679383605,-0.4431265205063669,-0.05178181819117316
S43G01N139,수원 KT,2023-2024,1,2.4772839145435204,1.2426416119833175,-1.3278069689590615,-1.586543141597495,-1.1231447830351902,-0.5462926854213145,-0.8704085307527495,1.850400592852547,-0.3066032659620822,-0.194414381035837,-1.4426418418164095,-1.808398687195441,0.4314399627036479
S43G01N142,수원 KT,2023-2024,0,0.3675782444991778,0.033994586964179174,0.2519008227776687,-0.9997925329054186,-0.3790023491010688,0.09208403849367687,0.6060117885282256,0.04712754949820404,-0.7703336478459387,-0.6634777784111681,0.49588572019037946,0.0011176873888347793,0.14110970786142477
S43G01N147,수원 KT,2023-2024,0,-0.13445645767811962,0.7862593891699208,-0.8806432536555415,1.0931747432047008,-1.1607435726959008,0.6020792558750632,1.344225915525451,0.12175561948804645,-0.47893483338249576,-1.3542140872688098,1.651636156275721,-0.3221433041271438,0.29180753859889463
S43G01N154,수원 KT,2023-2024,0,0.3962730106053194,-1.322963845952007,0.9107387102083964,0.5183625366488487,-0.36265161603809853,0.7371832409050403,-1.0172368703615269,-1.5444335681274097,-0.1279558035013574,-0.754917827892436,0.10971405446842325,0.29387637467875993,0.5393918539438997
S43G01N160,수원 KT,2023-2024,1,3.040473331157039,0.38690800226302363,-2.2140540300275333,-0.5273091783014563,-0.06284847167891686,-1.0359773712297558,1.8524512271638796,-1.9130491352361654,1.633546580685757,0.4065182460917537,-0.09164483160556917,-0.7001250213932873,-0.04288468688569472
S43G01N167,수원 KT,2023-2024,1,0.15949580332024113,-1.423709246190721,-0.297748549812401,-1.1552471320625157,-1.402281244710584,-0.2698907929222443,0.020144823373939028,-0.42588558558323203,-0.7604553066638216,0.9726073924733506,-1.4445691416130715,-0.06642024985131043,0.361618336097136
S43G01N171,수원 KT,2023-2024,1,-0.7549475040902159,-0.19183697541549685,-0.14828686255319332,1.7007823745283452,-1.0585341764959468,0.4792201571658142,-1.1860414946218727,1.0167939027519555,-1.9288877670472668,-0.5825784813176478,0.47858618409159853,-1.0965527189362996,0.006038867727573578
S43G01N174,수원 KT,2023-2024,0,-1.0515633625005643,-0.9913249591157106,-0.7012454365956138,0.7192226814376953,-0.15562214210968728,1.1514584386555864,-0.12916293150361033,-1.2117428557351604,0.5960477670744255,-1.5667086166585371,-1.1259776778326913,-0.22798256533992087,0.2872768010206155
S43G01N180,수원 KT,2023-2024,1,0.7539323186843443,1.4294846459433659,1.8464013520536695,0.16753396191033565,-1.2734800514944353,0.11886960315671892,-1.3454222052156792,0.43534083390924805,0.3678401962994929,-0.4351073720722169,-0.5206321813976207,-0.5683285347782688,0.2087688890326433
S43G01N184,수원 KT,2023-2024,1,0.5108113794609499,-0.49770874362407147,0.4806219561101258,0.8821204725600856,0.6380464955328294,-0.869015481689839,1.2358171992227223,-0.4320560676098398,0.6147608765085508,0.26146318712363564,-1.5459812590758648,-0.6740820070353916,-0.3504908991817955
S43G01N190,수원 KT,2023-2024,1,1.1284153684550202,0.7411245195458349,2.775460232104693,0.8208941296558384,-1.1952610726730502,-0.5742507392196479,0.3799182124851307,0.612788069704834,-1.5274631317418552,0.033742557855051626,-1.0151270046737868,-0.5067247423993569,0.7531980559057211
S43G01N195,수원 KT,2023-2024,1,0.3412602712916609,-0.38307992826914755,-0.9487666813105815,0.15842762332862553,-1.0289413687786162,0.14518912856357824,0.4811423616278107,-0.5962560685814415,-0.6655359711573945,0.7882691016004866,0.023793024268376987,0.009961805204352844,0.17744452411247533
S43G01N201,수원 KT,2023-2024,1,1.2949183047973127,1.1959064288450534,1.264221078698248,2.5224487027296565,-1.2174893435715788,-0.16451727080502646,-0.1379189534532185,0.1282181060822798,-0.9976360274568171,1.740513077630777,-1.2032084574343314,0.18351917241638313,0.3863971499087957
S43G01N207,수원 KT,2023-2024,1,-1.2765418789242846,2.3009062322543485,0.2537278930131212,-0.11778891668171758,-0.8865078441750303,-0.5519338624549269,-0.3818421793112865,0.03300994195819882,-0.6358358356090009,-0.07183430966335637,1.018464340799266,-0.47007459111663535,-0.1891230208271436
S43G01N214,수원 KT,2023-2024,1,0.7483706772110398,2.984542593226453,0.9165208209561793,0.5242972341878891,-2.007053351927099,0.896172953800832,-0.8668293083181539,-1.0930059880426484,0.694201411375765,-0.3804010359108007,-0.3620902252118036,0.14860838294726023,-0.07241679546457727
S43G01N218,수원 KT,2023-2024,0,-0.3247128750206646,1.0891132069818212,0.714092185191393,0.9028985330149571,-0.8981309423094979,0.8671469948478613,0.17113736988539224,-0.7892737119405588,-0.3165256612735772,0.3711525559193403,1.6370102461725833,-0.12615799734322217,0.4000987611357592
S43G01N221,수원 KT,2023-2024,0,0.753196711378228,-1.6759390416131312,0.5603197538017385,-0.07447333726806804,-0.09752471031025634,-0.3873655098649201,0.6974712603593796,-0.4520737010257172,0.3722341889797888,-1.3724142424401606,-0.8430361177461434,0.8773065286716556,0.5315916021945288
S43G01N229,수원 KT,2023-2024,0,0.22068787384196215,1.0584639307469887,0.1668082723491593,1.7868615585906509,-1.2492128977761783,0.2018010966819576,-1.495369147890774,-0.8796168895564724,0.7354452466667337,-1.3914041002766842,1.387689837152738,-0.36454522101680786,0.3600118213421286
S43G01N230,수원 KT,2023-2024,1,0.5149617061482061,0.6817391117361764,2.236985047017413,-1.9634300457339833,-1.1105205510742029,-0.2589288415675031,1.018007619524197,1.0121018116519003,-0.14026815054179947,0.1939872304889024,0.7299721957245272,-0.5159152582285521,-0.044907962722266714
S43G01N233,수원 KT,2023-2024,0,-1.4750888946560075,0.28114318870734967,-0.6511283743663758,0.034089736742619364,-0.605059928459788,-0.5375242297702337,0.6498388460196625,-0.2282344447803258,0.539161152488486,0.5167370905415591,0.49928641834804155,0.4848091034106397,-0.5738400914513331
S43G01N236,수원 KT,2023-2024,0,0.9309468292520127,0.3577690736869132,1.84347032958757,-0.22848713782011612,0.1001712278385126,0.6273710358043584,0.5897069548853904,-2.363159072977522,0.30690497059168564,-1.0516350356679987,2.2685453052199227,-1.2795564701866946,-1.105215709568032
S43G01N240,수원 KT,2023-2024,1,0.4885531993701544,0.42566452645962793,1.548306438029239,0.17014582808963447,-1.4987667384605636,0.6724487933312274,-0.2444933943115843,0.06927476737935308,-1.3330898140623026,0.614214716179841,0.21109093080116323,-0.058791091588417284,0.6754637142224503
S43G01N244,수원 KT,2023-2024,0,0.8216642222341939,2.0356582234113105,2.5035920184197376,0.48839044216212274,-0.6808177282036764,-0.10461808387798113,0.7351315049135166,-1.6004831558807784,-0.6496326030978721,-0.9926765389990354,1.5861439257011736,-0.2528149959782186,0.2664620053981099
S43G01N254,수원 KT,2023-2024,1,-1.1729503217884671,-0.5686505108741647,1.786834532650668,0.8268835523829883,-1.6833941700297401,0.413150391972053,-0.8964841119789714,0.6594952361489321,-0.42812498784525194,2.8825046624597914,-0.3565023144604598,-0.03548884417924745,0.2808880362227478
S43G01N260,수원 KT,2023-2024,1,2.826554688491689,0.5246713171050892,0.14306673161186376,-1.1847194673533266,0.3794580775172622,-1.8178556510113546,0.26836517026132445,-1.4684394276329018,0.1886313640982476,0.36448217097102964,0.12181733702805107,-0.8195936022288834,-0.11819309524573757
S43G01N263,수원 KT,2023-2024,0,-0.8630357353886392,-0.7997405160691811,-0.6353050311577638,0.5955755438190244,-1.4369794035503838,0.29541574660513736,-0.019404249330679312,1.096498020217615,0.39386735033600073,0.32593402905340096,1.2585929395000093,-0.4936158883337523,-0.3522287133366216
S43G01N269,수원 KT,2023-2024,0,2.647013094964174,-0.263900621607475,3.5383009701450345,2.4380336794421864,-0.7132424664007142,-0.9393996488826837,0.5226955594373379,0.8251378639749823,0.8915195441609527,-0.15517046807701002,0.6485362901376649,-0.8221257700272255,-0.020142458232674135
S45G01N1,수원 KT,2024-2025,0,0.5910645234260559,-1.3878629082686458,-2.2687164593296822,0.2916208741188194,0.7083015535171382,0.776756337132601,0.19341360590534273,-0.19765161640842413,-0.34061811044005996,-0.6924569196836572,2.1106286566431995,-0.30299995796115037,-0.07357316461848655
S45G01N4,수원 KT,2024-2025,1,2.4827727316691726,-2.0763070873692593,1.0454670846249388,-1.450960538372153,0.08192635360737391,0.04351782089215412,1.0680526406230426,-0.5748552831401866,0.21014441956748167,-0.12048952717925081,-1.2125294861831526,-0.18296688744170903,-0.18600685463448033
S45G01N13,수원 KT,2024-2025,1,1.8194886879599872,-0.5077316411785345,-1.5759023779310946,0.8014710657422619,0.22222825037603136,1.1342410584594171,0.8959993492640596,-1.3256483464240905,-1.3436752737734565,0.5170496305605782,1.0837123340229413,0.1411068726369616,0.12617283177161645
S45G01N18,수원 KT,2024-2025,0,1.051447777642778,-0.2934795535501987,-0.21855614292834122,-0.555517463257892,-0.7365584341746424,0.08096284666499258,-0.3685375767977235,-2.6521289264993593,-0.6329964518673357,0.0820039946408805,2.2642868832997554,-0.5215812092712571,-0.4421754825585284
S45G01N23,수원 KT,2024-2025,1,1.2601093262813945,-2.2937280884652442,-0.8310964847617986,1.933476247719803,-0.25096275201836743,1.1401939769283616,-0.19686694215470615,0.9626669364865351,0.783854865583112,0.8289502455278672,0.33247552660061386,0.6130141005216918,0.10691845410055086
S45G01N27,수원 KT,2024-2025,1,-0.8072801054475534,-1.313713145994182,-0.31478386875879694,-0.23669408955850402,-1.3450775569613762,-0.2597427309001187,-0.9403444634408139,0.5113049009006186,-0.6723280593388865,1.4360727806359874,1.1626259426965708,-0.41628400673528915,-0.331803782148466
S45G01N34,수원 KT,2024-2025,0,-0.18608932581264534,-0.5785620425358167,-0.6121579271952419,1.0992109703938795,-0.09590064781879007,-0.8598677792568326,1.100820261233513,1.637793042314286,0.7517307021896232,-0.8408027742707042,0.42187383130027745,-0.45249202055362353,-0.15847272993617692
S45G01N37,수원 KT,2024-2025,0,-0.38931747605940614,-0.42472288285877385,-2.317097262844533,-0.05682098900159384,-1.2866090178021683,-1.4219890044347259,-0.2351681542706108,-0.1400830586279907,0.02707203780742636,-0.8310246432511411,0.3702869542684816,-0.0555452500085136,0.5618922502252105
S45G01N40,수원 KT,2024-2025,1,-1.2346602812599103,-1.2441556967206542,-1.7032198289817542,0.38059980634507307,0.14902873639740244,0.08249887474172858,-0.2729120232706014,-0.25196365763900763,-0.9809648498287903,-0.6097101646803113,-1.3460964100651203,0.37815473073760025,-0.4966602009468824
S45G01N46,수원 KT,2024-2025,1,0.9537942847699441,-0.7031393284633003,-2.4256389367356586,-0.569169673255124,-1.4755755008385845,-0.32608643908997964,0.7323384585427051,-0.06571145750065246,-0.74045122963381,0.19804217822014175,-0.5296233949892216,0.7876949546898342,-0.19336977414769274
S45G01N50,수원 KT,2024-2025,1,0.25859466372138556,-0.6387698360864066,-0.37331399387963865,-0.18093980388443934,0.24532530729539592,0.5906265398330174,0.03525920663956118,0.4537901949575868,0.3730476874884919,1.0152118461987827,-0.025077221627386223,-0.16793081873471846,0.6420495932165864
S45G01N53,수원 KT,2024-2025,1,-0.8326460997202157,-0.13836380403177204,1.2935794484693466,-1.5059500978406943,-2.3764919025205224,1.1112328737347947,-0.9958555768172203,0.9419629993271583,0.5207822843288702,0.8935122691015749,-1.3763839587705693,-0.2356508798563888,-0.7259483813783922
S45G01N57,수원 KT,2024-2025,0,-1.2049844551731628,0.04074368509643669,-0.5356970185910472,-0.39747929467950216,-1.6855265206257024,-0.30841977931725745,0.8109496186569983,-1.056587888775408,0.37331972789305273,-0.10676571411164561,-0.010747474143234497,0.478016999650576,-0.06204739928685665
S45G01N60,수원 KT,2024-2025,0,-2.6838510714979544,-0.9519113783586202,1.5421125334336299,0.6092106374710583,-0.18216065435473208,-0.6462604792976591,1.3787197902510848,1.6165886270943257,-0.41503004159255225,-1.2327620279300355,0.4896706010428657,-0.26679575985945103,0.3589351578256367
S45G01N69,수원 KT,2024-2025,1,-2.2903817872655523,-0.40063513453952765,-2.1231761551105137,-0.16573579447242318,-0.8690944593374543,0.4132524495493525,-1.4396491032016459,0.5853351106327656,-0.7583117019273815,-0.1142855465396955,-0.6126243318998877,0.029347805947519085,0.02573114419457396
S45G01N73,수원 KT,2024-2025,1,-0.009592594663760579,-3.150256129689876,-0.7614252784934128,-0.3398638636497459,-1.2837819891660753,1.599657400808393,0.2588899924339167,2.4329852884598755,0.008877469525998811,-1.282942955258712,-0.19384104681203293,-0.7576948996595386,0.11500235707471639
S45G01N84,수원 KT,2024-2025,0,-1.3303620138332783,0.4924992197096251,0.20570206761172957,1.5327958275221485,-0.08064997675847466,0.06520508207187259,-0.5712135138114489,-0.01027125768748651,0.7210776030069611,-0.29512263242296116,-0.05215844457001855,-0.16011695011119118,-0.010627403561008976
S45G01N89,수원 KT,2024-2025,0,-1.8734789004033088,-1.1692339176689401,-1.9789445693163237,-0.714722024008658,-1.9499947643655486,0.5301754935915255,-0.3867801098028576,-1.6634402543061861,0.011538036664360575,1.0554832587879732,0.09182264757148913,0.46700972045803224,-0.12793346580887455
S45G01N91,수원 KT,2024-2025,0,-1.1995792323683137,-1.8464579807430836,0.2474126156104232,0.4306245561124151,-0.06971008187568453,0.6417008420369205,-0.39144796499045204,-0.6600409816082508,0.011937144173610323,-1.0967015487508993,-0.7828133051887316,0.3637513138696345,0.22488352587456895
S45G01N95,수원 KT,2024-2025,1,1.4068668728743272,-0.13464575771911436,1.1744879288366876,2.4843185457989825,1.23205173483306,-1.043651102607139,1.8707288757671443,-0.36841696830581616,-0.11892401641558202,1.2183347855642217,-0.42194876475274673,-1.0058183444770956,-0.5079695287838816
S45G01N101,수원 KT,2024-2025,1,-0.5463071719729667,-0.08794475916540806,-1.3209713769094868,-0.7065473101092693,-0.9195087501838074,0.45002054126516117,0.2725262772794309,-2.327150327820101,-0.19520560057394626,-0.0647008574045874,-0.40443874425169285,-0.6386135496627282,-0.17892980858699253
S45G01N102,수원 KT,2024-2025,1,0.06055562023607663,0.6055517587638864,-1.4220903707090797,0.4022845264988738,-0.9087205580108767,-0.7348137842454242,0.038073102814781136,-0.31241547186945035,0.45776439821732456,0.35521999866178416,0.39707740585095586,-0.5842534500864721,-0.41554155497236683
S45G01N109,수원 KT,2024-2025,0,-0.806675021974094,-0.4238511078692606,-0.6350274805891709,1.6768086574486762,0.12570081422935253,-0.8508624592372555,-0.3738699306063115,0.08885055379062204,-0.7981810205920886,-0.7732493696776861,-0.7367250998524215,-0.024892977720690254,-0.04539077167043968
S45G01N116,수원 KT,2024-2025,1,0.22954482262683537,0.5840867367601156,0.10982808881426726,-1.9091734829651108,-0.9607724148431084,0.025568148011474067,0.08152475772792625,0.27305387494082967,-0.39798568920591043,-0.011936548632921921,-1.040886221141742,0.3084191305278349,-0.6848262659234352
S45G01N120,수원 KT,2024-2025,1,-0.18692159014381024,-0.05096705707941497,-2.538938319696675,1.2107798428605023,-0.5663926194832112,0.24475490568969546,-0.02417588766382723,0.29861496729465875,-0.8839671759900124,-0.545422614305391,-0.11832158540601771,-0.07343978755516348,-0.5368684815471583
S45G01N126,수원 KT,2024-2025,0,-0.22285666595990106,-1.4657314554387262,-0.756557911923755,0.8627820100094661,0.6767492672030888,1.51101242378862,-0.19225822002282617,0.835898546330538,-1.1560575028024973,-0.16675090237307139,-0.05937076669293696,0.9741024051523514,0.305446433757463
S45G01N135,수원 KT,2024-2025,0,1.2287926763876562,-1.450151079089743,1.0078771777661308,-1.9463542637254387,-1.329140623034037,-0.8991695264405997,2.14556887060947,-0.46671891025312895,-0.2630564616271298,0.6905871487346759,-0.19073396102443324,0.8981669213294806,0.44698227385440187
S45G01N142,수원 KT,2024-2025,0,-1.5658883402311665,0.44982574692386307,-1.7625076593346438,-0.39998510086555594,-0.5268377284752644,-1.6093486744412515,0.12093019783784627,0.5519909069631493,-1.0988520593124342,0.4562443407391443,-0.30495910349019834,0.8072389058427673,-0.12829809520387148
S45G01N148,수원 KT,2024-2025,0,-0.46153710812637266,0.13670287284100688,-0.7120970360955089,0.5538326513241428,0.20699724939054817,0.5862877412340665,0.14845474617516213,1.07963137140084,0.1144312670146675,-0.20027347171212975,-0.33771228541949455,0.4623454795140143,0.33459498738940846
S45G01N149,수원 KT,2024-2025,1,0.7864446741794084,-0.10893441972510395,-1.3678963053990294,-1.4440147996188972,0.09245633927187244,-1.061344974718708,0.847788530240414,-1.8106919483387216,-0.516635696541798,-0.24799966984017793,-1.289671785756504,0.8631267446102959,-1.0445108600133843
S45G01N153,수원 KT,2024-2025,0,-0.2396362641444087,-0.43082981430304135,0.7946994996736104,-0.9272385929544176,-0.915399053810786,-0.9671413114376054,2.246765389085082,-0.06993630178567249,-0.5937508853769241,-0.4896424249698606,0.6847786484906935,-0.062027657348481965,-0.21203315499237946
S45G01N158,수원 KT,2024-2025,1,0.5622825641679949,-1.6611948376148515,1.1113483460058802,-1.7252059247859886,-2.2525431374460685,0.531804633798023,0.8218208133802738,0.35256380793104736,0.28303297256085946,1.05770731814663,-0.01747229785927016,-0.3622127286225426,-0.014817884115058848
S45G01N164,수원 KT,2024-2025,1,-0.4315368093742149,-0.3853449825822538,-1.9437353398138404,-0.8712995587453052,-0.6036355693554579,-0.5277962263780407,0.3220504391516937,-0.705187219452485,0.05410141745066129,-0.07656071156889704,-0.917129889369422,-0.1177634859558673,-0.43371217080890345
S45G01N167,수원 KT,2024-2025,1,0.012549444993045665,0.17455038979227117,-0.7602838720076481,1.3796391239371022,-1.0531411308902168,0.7506835575880492,0.518354856637551,0.9470593956865673,-0.07226751707937809,0.08961911487238353,0.29189072336803007,0.6761022629300085,-0.6434475129089897
S45G01N171,수원 KT,2024-2025,1,-0.6097615493245391,1.5564653446865964,0.7385270497453096,-1.5057003642807287,0.504663635469514,2.5445671480987606,-0.36872899534369225,0.5382227652162992,1.013102142322321,0.09817149284454804,-0.25654224979505835,-0.011149480310886245,0.40575840707610467
S45G01N178,수원 KT,2024-2025,0,0.08805629757338904,-0.23046705610841875,-1.0847837449058495,-0.8628220443730128,-0.12452586853788879,0.24572078688085677,0.8061659864418355,-0.4910111319961254,-1.604498263742174,-0.15948355737245504,0.5678881919800591,0.19538295562087374,0.3364061346087224
S45G01N183,수원 KT,2024-2025,1,-0.24248392464607804,0.8933198410306441,-1.432683888762707,-2.075461091124287,-0.3035219336337773,1.5333719460319053,0.30825720187445416,-0.2539250921707349,-0.9249598354876247,1.2712348302998686,0.5306477107142714,0.48975347822134535,0.15028089604186173
S45G01N186,수원 KT,2024-2025,0,-1.197544529580539,0.40217454831864663,-1.5573946390727538,-0.5445728632861165,0.3047350399143565,-1.167258359865729,0.5931639265914237,-0.7214914337187545,-1.2427832302650106,0.37961536287826586,0.39618086802499136,0.3854561609794021,-0.015661040717352904
S45G01N192,수원 KT,2024-2025,1,1.8255104184936164,-2.6279150026583618,-2.5931978903099,1.7720272492218672,-0.3682255509541726,-0.2967555000369262,-1.6750209912536702,-0.43583298812532156,1.1595207761083262,0.17665222464489302,0.6196663966665605,0.7873953772249292,-0.004522994852069565
S45G01N195,수원 KT,2024-2025,1,0.5718244562494869,-0.3746087640604315,-3.506926587689578,-2.3364918731610924,-3.989886725258187,-2.3899471595830444,-1.4420838705292225,-1.5476883527775431,0.42741890456532855,-0.8586595791260504,0.29420186731892334,0.23675241545347112,0.23986564932807908
S45G01N201,수원 KT,2024-2025,1,0.3661173650151681,-2.8215042056786133,-2.3164999772350554,-1.6687028865467854,-0.4573706114719684,1.2281551613043067,0.6797689241430758,1.8517127276487106,0.2778968303719572,0.8310481748383538,-0.13099997250251935,-0.6151319570748475,0.28418059789445094
S45G01N205,수원 KT,2024-2025,1,-0.42762431033652704,0.10814142095952513,-0.2997641151936632,-0.7467653542978138,-0.6931591227822763,-0.5211417631339692,-0.031046662219433956,2.017803218380878,-0.090110025896012,-0.25201314091078125,-0.22162191644853893,0.33237746709506255,0.31781044625613747
S45G01N218,수원 KT,2024-2025,1,0.23004220855453886,-1.3912259459676914,-1.7541330611617445,0.4985585531927125,-2.252738201161353,-0.21731145172079736,0.2353083679906532,0.8142336414749486,0.27389214546331697,0.640705783411819,0.07794758051473481,0.3883124778987811,-0.2326610068099581
S45G01N222,수원 KT,2024-2025,0,-0.5265087655411803,-0.907810626805613,0.9253266157326251,-2.3445055015769354,-0.3757551548803555,-1.2078466855302297,0.3804892241607643,-0.2413270707838922,1.4342125033161819,-0.2622720005690331,-0.4849340169289271,-0.27854702916049695,-0.5325807520888516
S45G01N224,수원 KT,2024-2025,1,1.0429883250496286,0.5512479117979283,0.7270887910370241,0.33906345044393754,0.3579816603649432,-0.2622325009519851,-0.04410436940443077,1.2182422926194174,-1.4757299302385904,1.372800868440864,-1.90492877645074,0.10028376323633169,-0.18586221730264343
S45G01N229,수원 KT,2024-2025,0,0.48374584627927486,0.32420897526410714,-0.7172215213461632,-1.4767425378973844,1.4606257434179013,0.9175931309089905,0.7132904116425907,-0.23136782261766403,-0.4091472570789118,0.571226978303255,0.3515254440595096,0.8464014325190684,0.0702685488680009
S45G01N234,수원 KT,2024-2025,1,-0.32675355403324363,-0.9780921790420134,1.0050350519695133,1.4934616017802607,-1.035790891452964,-0.3649194586836134,-0.3192849309872954,1.8423264840776095,-0.6026023594735034,0.429415734394135,-2.609786421236754,-0.3719580462433098,0.25250988959993287
S45G01N240,수원 KT,2024-2025,1,1.2116176177185818,-0.7847158712734286,-2.8212099835754145,0.7363624234523649,-1.7117728378282062,-0.11528008191355839,-0.9336075957815605,-0.8047420887983536,-0.8558851969857315,-0.37667219876306673,-1.1891774633168835,0.06835691530757965,0.046186930828296634
S45G01N243,수원 KT,2024-2025,1,-1.1429419204250737,1.6603045805632524,-0.9842081662918439,0.38862193094069847,-1.1450959187215175,0.38762749371741617,1.293250320467588,0.9742212500586447,1.097659662673022,0.48875651902966605,-0.20332179428719144,-0.01730240875998331,-0.1408731846068453
S45G01N249,수원 KT,2024-2025,1,-0.09792850622931029,-1.0932005711156174,-0.9082725271150903,-0.008549793107984873,0.308510931292273,-1.0801336134147659,-0.763785309590339,0.9658706334921202,-0.8934408309458818,-1.4127438907953247,0.016381787116790954,0.4114149189903388,-0.1711288059049454
S45G01N253,수원 KT,2024-2025,1,0.7107543998852538,-0.07836490764376157,0.6046632466557803,1.836881237618067,-0.9249131014427513,-1.6901926790591335,1.9903663853922313,0.7972658646546885,-0.4899599683018537,0.23675378220437393,-0.178011599553549,-1.3396569566245098,0.12813630539376059
S45G01N257,수원 KT,2024-2025,0,-2.4977603201804937,-0.9279211729667501,0.3898269381437504,-1.8721851467758863,0.7183936292014838,-0.27371553952644234,-1.229129358931707,0.9803795806712177,0.5909019653553973,1.0767082754311355,1.2320564654309856,-0.0036226742629936284,0.1719110790402368
S45G01N262,수원 KT,2024-2025,0,-1.3256253729268004,-0.28709509849816145,0.4408636462597609,-1.3322694053005812,0.35554479043016424,1.0648159151669172,-0.3328778145239411,0.913322359544031,-0.6548694246076892,0.10743980208105192,0.6249486084513923,0.4370565952698124,-0.2895958892282567
S45G01N266,수원 KT,2024-2025,1,0.7814177588553397,-1.0197050898620887,-1.9810339110949542,-0.6410578062581871,-0.10507810556665614,-0.42645909393427267,-0.838194609553401,-0.5697279403103551,-0.9223750144132905,-0.7723553300173813,0.10636160667965008,0.6499590220831611,0.19825441142246206
S43G01N3,울산 현대모비스,2023-2024,1,2.342085464252547,-0.03618467053835996,0.8602516649162608,-0.293483541575299,-0.9776054029708682,0.6280634810700335,0.04515308054751515,1.0659135345722845,-0.11664751903261772,-0.05026652664042929,-1.4923439965447138,-0.15430260716723931,0.17366653024231873
S43G01N7,울산 현대모비스,2023-2024,1,-0.10515827648529112,-1.3577807480010256,1.9173692464771628,0.7812189309946679,-1.1206668125757384,0.22810916492997196,-1.8175974751952126,-0.219007140235722,0.7200427121363884,-0.16491930506633798,-0.6322928868258101,0.3481198408643785,-0.1730790424194689
S43G01N10,울산 현대모비스,2023-2024,1,0.10079475341436671,-0.8041502675960909,-0.37824764191195687,0.3360805974608732,-0.8018009234948565,-0.22556250161498217,-0.9710862688425167,-0.4568058503771453,0.8560158782719459,-0.7057906536486808,-0.5387613626011366,-0.006173734906879101,-0.7790561856316482
S43G01N17,울산 현대모비스,2023-2024,0,-0.8845166296663161,0.22819466408127712,2.237629991300061,2.3722048673431484,0.3487758800144732,-0.32002159779339545,-0.4361993880185698,-0.22669954147405838,-0.7090461641821497,0.6639361895673133,0.4525784546350271,-0.15158909044472774,0.3640317115882806
S43G01N19,울산 현대모비스,2023-2024,1,-0.005240453783190339,0.5671024212486306,-0.24880635928252545,0.5583545436600007,-0.38345349371784765,-0.7295893291818487,-1.844132509864678,1.102340316950684,-0.942217174711831,-0.18503991278244855,0.050388694644306724,0.5698839186151988,0.002296146631377771
S43G01N23,울산 현대모비스,2023-2024,0,-1.438419534939635,0.3328568744005609,-0.15203286528997745,-0.7701985226200749,-0.35965373015215607,-1.4204446809135458,-1.3323176428054118,-0.10431880115622637,1.154475675241659,-0.6213746822351691,0.6466997319393162,0.42447226689100204,-0.014463447592942704
S43G01N28,울산 현대모비스,2023-2024,0,0.32872000710786414,0.5051582080250201,0.2887975347849441,1.2841144216856109,-1.1554181440693905,0.8590539251265077,0.8229415876424009,0.7513662090068409,-0.02091112161166475,-1.185336242286846,1.5579199239425403,1.1866576063904084,-0.29181110760954165
S43G01N34,울산 현대모비스,2023-2024,1,1.2029706648016016,-1.1187591183639463,0.047925175479591055,0.23472980226120171,1.001116351518415,-0.6602873513747776,0.09185178735072404,0.1372351217598222,-0.027066752593455163,0.22871999617233432,-0.34313772030133294,0.07830589249192361,-0.35899022371742145
S43G01N39,울산 현대모비스,2023-2024,0,-1.390712397312667,-1.1687858968226559,-0.4233244694349254,0.19872590465395154,-0.382363024860428,-0.957479876931943,-1.2173006797140515,1.158197696315518,0.43737340514334655,-0.16676006354954814,0.3865658284696477,0.005052970725796219,-0.11065629441575955
S43G01N43,울산 현대모비스,2023-2024,0,-1.032032177390811,-1.63620285400849,-0.6265129023234174,-0.3453406245389332,0.3627033378717729,2.1944036218991725,0.6292374992763903,1.5244552555788495,-0.6470325638741816,-1.3423354341808105,0.7364861600383714,-0.046153075362553204,0.1794580183805315
S43G01N46,울산 현대모비스,2023-2024,0,-0.8393402496899394,-0.7223380530864258,-1.4701413448716827,-0.510599118450143,-0.014309298378690162,0.8047099739179241,-0.04216695818223823,-0.1124307627378188,-0.10992082457757085,-0.16703676387798694,1.1235776441094976,-0.18458386661863752,0.34578896011751686
S43G01N51,울산 현대모비스,2023-2024,1,0.1315427618655359,-1.1737872568286079,0.7405920976852487,0.1267580334692563,-0.1920448798497559,0.17131504256416055,-0.28101846961867594,-0.16656882779611143,-1.0275823712545205,1.490892295479094,1.0423497219447995,0.008618635537302737,-0.47411323026023644
S43G01N59,울산 현대모비스,2023-2024,0,-1.1535397116900918,-0.30084583913925544,0.8936165254213146,0.26402028005751693,1.2466041846307072,-0.7493054301777134,1.0267416610139588,-0.44197181627889887,0.6060863742931275,0.1799214628043546,0.10816170276048383,-0.3025494934437792,-0.09669503991204892
S43G01N64,울산 현대모비스,2023-2024,1,0.7145813906159457,-0.5587388761256221,-1.367542006771641,-0.11712081415231708,0.6603977505197985,-0.9400740783598174,-0.6643437593095209,1.3486059867828877,0.5003662817694433,0.5581561351199303,-0.0342720630755591,-0.13635644356709617,-0.5176217461161648
S43G01N69,울산 현대모비스,2023-2024,0,1.206621132795178,0.3955997428740425,2.194236587262658,-0.10067100045339572,-0.7324907847372824,1.0008840038808464,0.6851673959732134,0.42516221091179035,0.6174287364219155,-2.0793055402719824,0.4860618973391861,0.1689971338211059,0.3934633793166576
S43G01N74,울산 현대모비스,2023-2024,1,0.29105677931961943,3.084374914817526,-1.2752727840524982,-0.4809565514334216,-1.5051561171311314,1.665147115783937,-0.5130039257595974,1.5349044099111573,-0.5250912392765144,0.7163757424952245,0.09918057063437304,-0.7096920902043002,0.10113822505617455
S43G01N79,울산 현대모비스,2023-2024,0,-0.3348731598827071,-0.44514438658158545,-1.2137633743994014,0.0364110382342302,-0.4043740837098486,0.8163471063466405,0.5140145193219146,-1.0968745226405794,-0.18941787443167002,0.568398298938278,-0.8995976221373008,0.7746585771798421,-0.16325660462504807
S43G01N86,울산 현대모비스,2023-2024,0,-0.6185717941861104,-0.9257203674839705,-0.23838209407958486,0.5080955643407886,0.1067938668263296,0.4551136037101675,1.021884441648285,-0.9015719616781859,-1.0202505160930244,0.08062704284979144,-0.521487279211702,-0.5860150529979793,-0.11002171542952727
S43G01N89,울산 현대모비스,2023-2024,1,0.060038009337150915,1.5660244789854878,-1.0745577077960782,0.9762098762578305,-0.3157308902778232,-0.14570896908361855,-0.06240625479681608,0.13709938589459988,0.6225279441283237,0.3346275292315336,0.1310988723858482,-0.06265689946839113,-0.5424651223012524
S43G01N93,울산 현대모비스,2023-2024,0,-0.9900148013863708,0.968924079717989,1.0262109428075625,0.723869873442227,-0.1689811713671535,-1.6366720364476395,-0.0865908919977929,-0.6555833613809298,-0.4545560099898755,-0.20330818534259906,-0.949185306754994,0.5402149608027625,-0.21271774033136578
S43G01N102,울산 현대모비스,2023-2024,0,0.13962442792940685,0.1647211509200342,0.7794220365016413,-1.8521914447578833,1.6132267411898622,-0.8689735301081645,0.33793519981616027,0.06227921400644824,0.411437769158721,1.4958034651526841,-0.4798185726164609,0.6281226483873666,-0.23961507474930166
S43G01N108,울산 현대모비스,2023-2024,0,0.5095572181434526,0.17278902669421178,1.4444241907258655,1.4649601963836625,-0.729543890400684,-0.04990517224903022,-0.6961206080192744,-0.09793153121529301,-0.057011030390513716,0.1210748567418131,0.6869915616306677,1.5628542444667015,0.12357994430207105
S43G01N111,울산 현대모비스,2023-2024,1,3.2086530187400153,1.1549371908664572,0.9637469217058913,1.0703774682956861,-0.29692795897094276,0.7030859909397884,1.0647143826796395,0.27663030036184866,1.5652504049075777,1.2268898433391364,-0.5394584458973287,0.05441050172912842,-0.26526656939459115
S43G01N116,울산 현대모비스,2023-2024,1,1.1442728530079138,2.049874430025952,-1.709045726154385,0.8090966028232499,-0.8776160546240211,0.3733599807371323,-0.9227740885987867,0.25027391142738176,0.1628753789483408,0.47074524209035196,-0.2917887601563955,0.4937961242523728,0.5183780023468283
S43G01N119,울산 현대모비스,2023-2024,0,0.17752569078372743,1.3241545176324743,0.7661813512721155,-0.08989357933778985,-0.17084101975515287,0.6905516185760731,0.8156629091434887,0.5176984121135647,2.1514202262090434,0.3941119819088817,1.583441992728707,-0.07014087609216929,0.09617407636079896
S43G01N125,울산 현대모비스,2023-2024,1,2.1035205563163304,2.673066558258901,0.9830813072398985,-0.45645490444185755,-0.8576677090012759,0.9989772619521544,-0.4455564440084681,-0.2123514279524928,-0.21785599512764714,-0.10041700434233075,0.073385100555963,0.8214198724425836,0.8073629073533446
S43G01N132,울산 현대모비스,2023-2024,1,-1.5581734246587922,2.4135045831962842,-0.858604936873918,2.3987166228954337,0.08164754036992618,1.73645305555793,-0.9759097030372612,0.8522870981640744,0.7344115765476559,-0.9445784366330436,-0.22278982928822635,0.26764179031834123,0.245694301565099
S43G01N142,울산 현대모비스,2023-2024,1,0.2546122334588502,-0.943956679391768,0.4744635675588261,0.022668074988258177,-0.955982701132331,-0.695804894588082,0.3052025213246379,0.046475033184628804,-0.37042935424072376,1.610157785972544,0.2532200479558487,-0.8785776798369574,-0.13591129364631915
S43G01N146,울산 현대모비스,2023-2024,0,-0.31011640095859055,-0.39015218135885804,0.5137764995031517,-0.366695067791686,-0.9115999906095459,0.052724706197208336,0.5468837184078458,-0.313157717459745,-0.6111111538156735,0.4033840133631979,1.2804570977259662,0.1588812424549153,0.3265286177298158
S43G01N150,울산 현대모비스,2023-2024,0,-0.7486439030249312,0.31727173347482374,0.3423622717536777,0.2282913132768501,-0.45843344113651086,-1.6671468640018545,-0.7182697157553772,1.632957921440695,-0.6076863985471745,-0.25043316813163075,1.6745860053435015,0.46241760835705575,-0.08732130294279687
S43G01N155,울산 현대모비스,2023-2024,1,1.587374375669589,1.7604337430171046,1.3021274197899935,0.3828927083323583,-0.5532372068840885,0.4718995050584346,0.5519069631400841,-1.4972760395187519,-0.04100771375473353,0.49137085175001954,0.8868260664166356,0.5850302364039837,-0.07543545113225586
S43G01N158,울산 현대모비스,2023-2024,1,-0.6814841280075075,2.2352896185189226,-0.6639964114842745,2.13359336719295,-1.2272536486407764,-0.49456256799551324,-0.2509820027060048,0.8185289028331982,1.0590224911204997,0.619051444132514,0.2732338971103,0.43624474448982015,-0.014138625448951359
S43G01N163,울산 현대모비스,2023-2024,0,0.0853589342786499,0.9683553453151189,1.7892593435843853,0.4657276545165123,-0.03511144309487533,-0.0305105904540111,1.121252460007763,-1.0640472974481825,0.17132820337067955,-1.3309938296538186,2.1519695122780793,0.027492039872294698,0.17456640998833853
S43G01N165,울산 현대모비스,2023-2024,1,0.5316612199505092,1.0380872682147317,-0.6736252466981582,-0.13974641292717935,-0.762570255603846,1.6324069488689228,0.6140144699598945,-0.9959155850178099,-0.024327343506490157,0.031210064321237872,1.527590611663526,-0.6425463478774802,0.24973720142544195
S43G01N170,울산 현대모비스,2023-2024,1,0.27100267966930963,1.1297408917999678,-0.37608029388190345,1.5739828516438825,-1.7187994932746002,1.083765152632754,0.6448403588252641,0.763123271444257,0.40212785615280333,0.764430409846232,0.907903139998611,-0.086094575988563,0.008260877819102768
S43G01N175,울산 현대모비스,2023-2024,1,1.4906686334348813,3.227657090582198,1.6189682778919434,0.03644548638184464,-1.766995276490444,0.32190641938631603,-0.6898968275961137,1.0614193539967207,0.3430854937171464,2.4495480497192115,-0.9956886381070614,-0.037878245861176475,-0.5095010438970667
S43G01N182,울산 현대모비스,2023-2024,0,-0.17881695253739796,0.5056248107694543,0.00936093551639299,1.9854998981076186,-1.3500351496968674,-0.37344025996695324,-0.7362671308747992,-0.13844954560904793,1.0245279119278965,-1.8944820550023977,1.890530918386453,0.9323822355404647,-0.6635594270768449
S43G01N188,울산 현대모비스,2023-2024,1,1.2805212122741347,0.0814290208082736,0.27546751508971035,-0.46449575017418093,0.05940162496802606,1.2102030406029156,-0.005818205266203598,-0.15499966963150635,-0.6644281222320738,-0.32306424554962754,1.312450807100751,-0.29315041601646474,-0.4149331216556309
S43G01N194,울산 현대모비스,2023-2024,1,0.9905683050391231,0.7073622046359215,0.12008098396974383,1.4043353536183365,0.6012066204336041,-1.1654726398458624,0.4018404275010855,0.559824528779219,-1.0862677309198023,-0.4141591072603439,-0.8155635280890107,-0.8440412035921852,0.28187537182746064
S43G01N199,울산 현대모비스,2023-2024,1,1.1505907856578805,2.6935831708771807,-2.1598113819286175,0.9969412526877047,-1.2948587967019132,-0.14465180206053768,-1.079668729376947,-0.8220216313364757,-1.0139905361338544,0.41519347468216444,0.6845093292331936,0.9516629320106985,0.3624887723964597
S43G01N203,울산 현대모비스,2023-2024,1,0.45328635789734123,2.5601008497453157,-0.2571091691828295,0.18257278211365427,-0.7231048905908425,0.0368775752851099,0.6100728576162424,0.13578422190584488,-0.471360183594251,0.9874638895046529,1.0341040189974273,0.10383638273882355,-0.135750604367298
S43G01N207,울산 현대모비스,2023-2024,0,-0.9754817067729252,2.4510772898909434,0.31525312866740296,0.7453837792291332,0.16538019489088593,0.10165353263275288,0.1906892976098626,0.7311398751759846,-0.43052940758000025,-1.2230114516123767,0.9433883003936072,-0.5930651254438082,-0.24820958155300768
S43G01N211,울산 현대모비스,2023-2024,1,1.074543622836923,1.8838640912200397,-1.6078469870553358,-0.2664097627116862,-0.0531471429988691,0.9300065742553858,0.0004582827116599454,0.24210350944662035,-0.36635223637002523,0.3744707734241916,1.1923921653670053,-0.008024277785291937,0.2993148493842503
S43G01N216,울산 현대모비스,2023-2024,0,0.8440725063338607,-1.3942957217032503,1.8435058780678937,1.2388058203005916,-1.1679555931352898,-0.467002322997813,1.8366586598058527,2.315677116014907,0.6330238807503773,0.4914971448600952,0.31266284231082947,0.5918855002909617,0.5410960505042843
S43G01N220,울산 현대모비스,2023-2024,0,-0.9401683493403159,-0.430487489820394,1.317071577641973,2.148794563688747,-0.8380535870891378,-0.07714813446220262,0.5364979505951968,-0.2892602970329386,0.48135992765614993,-0.8049082727475083,0.9458553772995186,0.3248210181985241,-0.15984572343810977
S43G01N226,울산 현대모비스,2023-2024,0,-1.7648057874201208,0.38524779487464944,0.9799044928102899,-0.4847917576237555,1.6287605625904025,-0.8129614461958968,0.17342944597505985,0.9236470186602451,-0.01737979390768092,-0.9360337728914983,1.3575920616020407,0.44728055917002185,-0.0726785603890282
S43G01N230,울산 현대모비스,2023-2024,0,1.8714418927180119,1.1598575572270544,1.6318631262058274,0.41942843490816634,-1.0107002987002478,-0.9534028854075068,1.1567331957921012,0.6510891708427538,0.5159988575532793,1.0355196909710709,1.0816545235269233,0.02460133482539242,0.3776951578036453
S43G01N241,울산 현대모비스,2023-2024,1,0.34665368080124936,2.569878051757922,-0.29849297621429,-0.9203181607477096,-0.9579961770689317,-0.0384435553411137,0.15781398993620827,-0.9296010278002452,-1.4069835151780168,0.45872351034207676,0.5232018072024522,0.6834327403368263,-0.2601478656785623
S43G01N246,울산 현대모비스,2023-2024,0,1.499895257226245,-0.09912640574730912,1.5836643540119077,1.7330838287025512,-0.20875380320525758,0.24310197515759902,-0.8518620342347824,-1.0787053452412505,0.39238148120298094,0.27835760293181905,1.6950657081945837,-0.15385192533249123,-0.2942082540842082
S43G01N253,울산 현대모비스,2023-2024,0,-0.36954964311396327,0.9528520919964266,0.5006621060226593,-0.24506460052378456,0.400082535191915,-0.2347329882171672,0.08540327652507448,-0.9090189970835048,-0.7443869816680992,-1.2582890016498478,1.418315791130842,-0.042816503470790246,-0.17516719066712358
S43G01N257,울산 현대모비스,2023-2024,0,0.20541888540766473,0.9795121781533169,1.580196116716057,-0.3807126777563288,0.6542779826166419,0.956111985159712,1.5012464620784125,1.9114588836781825,-0.45995111762332247,-1.8114868854554447,-0.4378413249708967,-0.00651943021490098,-0.11676813629628245
S43G01N262,울산 현대모비스,2023-2024,0,-0.5461772214953093,-0.0007779719061460727,0.469860379012011,0.16218473726064508,1.3776781817714963,2.036016085189169,-0.23513330285501646,0.4286732520727472,-1.550021608268377,-2.3235906319218502,0.14625320165519098,-0.13338862350242037,0.17312117202177527
S43G01N265,울산 현대모비스,2023-2024,0,1.4068719440482413,2.8748032797089893,1.9849223090026786,0.6804733225156756,0.354958711445898,-0.5708562449132368,1.1995340304820046,-0.8535679630171084,0.49328098245818,-0.10025428227570525,1.5295738226787883,0.6136866757564271,-0.2511695826482226
S43G01N266,울산 현대모비스,2023-2024,1,-0.8799413915208443,0.19380096165034494,-0.0072831360555392225,-1.2033625481078327,-0.38911320896564344,0.3423782858330144,0.6197774738968225,-0.7308975035393903,0.016218286786350216,0.8829499678749229,-0.5230806378381504,-0.3927226856508139,0.048011827494691205
S45G01N6,울산 현대모비스,2024-2025,0,-2.5584312259881163,0.11530314903579926,1.0016220348188931,0.47295553850489425,0.33548156823973463,-1.1056341734706008,1.5635506869400417,0.21413403648401527,-0.821787862407359,1.2444512588823198,0.8462451446228745,-0.13236008346009973,-0.49276194640132526
S45G01N12,울산 현대모비스,2024-2025,1,2.3726310167519893,1.7258841785328487,-0.760415881549529,-0.40036858289719324,0.1730111033059566,-0.24007410423313744,0.6471935579820631,-0.03429259532635264,0.028966055285568823,-0.28821069328921084,-0.10879031829263201,-0.11099961966073685,0.14281393728177896
S45G01N18,울산 현대모비스,2024-2025,1,2.0586901163071603,-0.02444613531723026,0.4969824611224709,0.8144271254524383,-0.3370479775185444,-1.1422740013569193,-0.07097126027028137,-1.4450429205863684,-0.8157319949658501,0.9046547326765346,2.0581623152712645,0.14304682814739939,-0.44597856205378744
S45G01N24,울산 현대모비스,2024-2025,1,0.7731824653450843,-0.3605204282370647,0.42181975556366297,0.34291126396024035,-0.6343765660874652,-0.34085847448614526,-0.4789929681388178,-0.7264930822719268,-0.585073966758498,-0.21904986947681382,1.2607362863162515,0.6465291577140683,-1.1956134239740082
S45G01N28,울산 현대모비스,2024-2025,0,1.1414005424020648,-1.1515486287399035,-0.44853254041167173,0.778952382078046,-0.3956437702560448,-0.751980523792461,0.795098031442564,0.1096053434683478,-0.8576301372228924,0.8550837483466021,0.3864652122677985,0.6677057628207673,0.03458127449488458
S45G01N30,울산 현대모비스,2024-2025,1,0.5642462748511764,-0.1324824827974095,-1.422283575405543,2.200177435168612,-0.4394907180797971,-0.946339230541939,2.374759400797262,1.0472674176699817,-0.15734884004793467,-0.1518631577236953,0.0679017380403627,-0.1429645720655104,-0.9969793586740183
S45G01N35,울산 현대모비스,2024-2025,0,-0.4766171382683704,0.18522297321202313,-0.4070974184780494,-0.6433837202896715,1.0070869744653206,0.4368279775311679,0.6103393285099208,0.22080798166973475,1.3492567674845417,-0.09561285133033244,1.6502698124082444,0.15691110920040047,-0.21883118925877865
S45G01N38,울산 현대모비스,2024-2025,1,0.028651568544098775,-0.5066970163400082,-0.44895286882451996,-1.062020525704557,-1.373687321626092,1.2097406993244975,0.9645436255743817,0.765453381827976,1.410578421587276,1.9196022090886657,0.13053268002845492,0.1382644041441325,-0.6958248748951009
S45G01N44,울산 현대모비스,2024-2025,1,-0.38550473956752473,-0.5622891576448639,-1.3940352044218227,-0.1881789361292927,-1.3573340562564375,-0.9821156230792678,-0.3676959352854226,0.27637106216495744,1.385148956755774,0.39465198259269896,-1.2944735701240824,0.7979759135399931,-0.22871851100117882
S45G01N48,울산 현대모비스,2024-2025,1,1.3249178943196243,-0.330153950334658,1.245178604304017,0.7571481529593861,-1.1256087558432857,-0.3636193361670557,0.17152469790026742,-0.9313181819419495,-0.41356026161119847,-0.4952786811613295,-0.16831423875973844,0.2637520582123675,-0.2566239050513478
S45G01N51,울산 현대모비스,2024-2025,0,-0.607360133921102,0.6759432313948494,-1.1911486028471552,-0.32448901027026306,0.23358610771596577,0.9550653483051059,-0.06646319423669547,-0.9885294071605004,-0.7780524703872889,-0.7428936567014169,0.6642230627471801,0.11437526830998253,0.21602091310798427
S45G01N57,울산 현대모비스,2024-2025,1,1.0132776593159034,0.04903764693537867,-0.922428264914329,0.5612879099541619,-1.5633127045744732,-0.2733898110701528,-0.4026909215505653,0.9183195620150076,1.1044395404055336,0.13420152055746726,0.39038286998959765,0.06600369944742794,-0.16718944208391145
S45G01N63,울산 현대모비스,2024-2025,1,1.561401104565703,0.6034498751835586,-0.3564173299260545,-0.3494491959169609,-0.6774630708158452,1.3848967848976041,-0.11480551904119654,-0.9837018510201685,0.030480219740287126,0.9886049023151261,-0.34568510001114294,0.14170234393527933,-0.11821345701558597
S45G01N66,울산 현대모비스,2024-2025,1,1.216682629233823,-0.7577998655208672,1.6320557529415485,-0.861253956944166,-0.3243032520938791,0.3112702310527984,-0.23728186078076127,0.9946776402086384,-2.4116429221261604,-0.5233686937264908,-0.02511753956716993,0.5635118562017765,0.5978088143023432
S45G01N70,울산 현대모비스,2024-2025,1,-1.8089573971870128,2.1992291246241735,-1.8612670405602358,-1.2662070225662785,0.5154253726029099,0.6110198593366216,-0.11188555697476124,0.9146196497976847,-0.3984971293190515,0.5089148332774094,0.6226639043192391,0.4674793389956047,-0.006086590065753404
S45G01N75,울산 현대모비스,2024-2025,0,-1.8492317751231335,-0.17173202763093384,0.1938501749988259,-0.05565448585698878,-0.6429427927926408,-1.3692901568846125,-0.9687110346760743,-1.4702247744885897,-0.05322955941558676,-1.7617987136289448,0.8506526783639395,0.16432303435929108,-0.13619739613805137
S45G01N80,울산 현대모비스,2024-2025,1,0.3812158224225738,0.7136348843658709,0.4871991857327223,-1.140414135375792,0.3270118694421106,-1.1958609663434048,0.584065535140297,0.530234823476405,1.026339120104669,0.4469842063891593,-0.05684780141842429,0.024523730102483512,-0.9328455983230989
S45G01N85,울산 현대모비스,2024-2025,1,-0.11223893414881238,2.1426958594481706,-0.7293334104130211,-1.0370598510916094,1.310375485721552,-1.3503217860115848,0.10864730921413421,1.0929909178228259,1.2399215972458217,0.424002803461131,0.1453583806747355,0.4421322386588127,-0.08762264939465501
S45G01N92,울산 현대모비스,2024-2025,1,0.5177638153784907,0.30115912642481524,-0.3079687618077624,0.14573257309103643,0.09996980605084094,-0.47613229187448747,0.11643994424068234,-0.33509730746402566,-1.7326883203583179,0.8150082283786778,0.2630926333704829,0.400851349575407,0.054756661979791066
S45G01N98,울산 현대모비스,2024-2025,0,-0.7008767665573019,-0.3350197639042773,0.5226351389534964,-0.7593002445295532,-0.8627813952846637,-0.850545871856035,0.14004467117463984,-1.6625579733966735,1.4789528396877747,-0.6869009439110609,0.4520797619612245,0.07885061812733733,0.3748802748595609
S45G01N102,울산 현대모비스,2024-2025,0,-0.9177043075598222,0.7360403765214677,-0.12014364835898887,-0.5103702512649955,-0.7707175359612776,-0.12616706978944314,0.24836882621823578,0.5264743921098551,-0.4771532997788153,0.008222556066973153,0.8348083186366047,0.5870046738420723,0.28582261924758645
S45G01N107,울산 현대모비스,2024-2025,1,0.9833702525480496,0.655086248041813,-2.2246645477888065,0.41813665405340084,-2.098437235809985,0.43931704424971224,-0.17080087482255027,-0.9058719419336738,-0.006725809026053139,-0.938445396917197,1.5651462377598742,-0.42739423065382776,0.0205193084704944
S45G01N113,울산 현대모비스,2024-2025,1,-0.4467689072441969,0.06185638726450028,-1.611294562352891,1.4659202512308158,-0.400542846064138,1.6255530992508083,-0.5959706213882268,-1.1095671968281562,-0.5129353313116809,1.2315681593950607,-0.6406243674998681,-0.16227566704496516,-0.18384130306534008
S45G01N115,울산 현대모비스,2024-2025,1,1.3208564833241319,1.8947096839370015,-0.6328034377832356,-0.41494250645049163,0.8754555011734243,-2.905890241515077,-0.5921679106075664,0.49234401261133753,0.43813567095553946,-1.2431734309143696,-0.09088873223968284,1.0446781499059314,0.32361590075306024
S45G01N122,울산 현대모비스,2024-2025,1,1.237242322431899,-0.34005758057842966,-2.2097559243165943,1.8751144933270005,-0.6828659118580299,0.698101791103307,-0.1555887872973246,1.1942278561304176,-1.557322963324792,1.1809516005381844,0.8168067901254008,0.11261076149512138,0.01479507136679495
S45G01N130,울산 현대모비스,2024-2025,1,1.6278053306838172,0.735414168653749,0.7658853442944098,0.6278252199260351,0.13819969283894148,-0.1590475255095081,0.9653475460666328,1.566391199322552,0.5155558807459846,-0.081049599197685,0.29497876150709007,0.2826175522334083,-0.8113082796093607
S45G01N133,울산 현대모비스,2024-2025,0,0.37931181747890474,-0.8419995710417971,-1.4879206175108286,-0.47049581537783797,0.7232532301256113,0.24116373863659407,-0.2903250919454962,-1.9405999080499285,1.2232653238023803,0.6041083293520827,0.016005611286060758,0.434448122007149,0.20781276733560664
S45G01N138,울산 현대모비스,2024-2025,1,3.306738425783973,-1.7668562783834145,1.6799700300070262,-1.6685520653946078,-1.5955277613241032,1.8217594557066747,-0.787277937687272,0.929136411688651,0.8191463769582031,-0.529059587781503,1.0498535927310386,-0.827971875917673,0.7255981732063109
S45G01N146,울산 현대모비스,2024-2025,0,0.7250864048959329,-0.6745852172705776,2.6696882052283026,-0.09894387761853812,-0.5400834147391945,0.37722710370076273,1.3624858203410362,0.6222648695379327,0.9621566985028978,-0.11507870773585595,-0.8387840550696117,-0.23006427651688996,-0.024482000922837116
S45G01N151,울산 현대모비스,2024-2025,0,-0.43778104745333507,0.41080304441962007,-2.4700861230910016,1.4714287258623249,-0.06754539795305771,0.14678201365045132,1.8757484804671238,0.176844936589995,-0.02693300536093951,-1.204951414001244,1.197700938011089,0.7006015977558977,0.25824033336553853
S45G01N156,울산 현대모비스,2024-2025,0,-0.49548183003013474,-0.2827473475611522,-0.7064074576981314,0.058530165478820395,-1.4888673542959319,-1.5955477664814126,0.6761849195805298,1.9516519487619461,0.15774139528277478,0.02154762690080745,-0.17332409506437652,0.98414061075347,-0.5656645388303484
S45G01N158,울산 현대모비스,2024-2025,0,2.2801005660783003,-1.058100319812034,0.4167184790012346,1.558845257518028,0.9989657902383168,-0.420154009233437,-0.032479471818360556,-1.0750100078731608,2.816142661554397,-0.16530519800488377,0.0046948961062791,0.39639493643687196,-0.049635148046946194
S45G01N166,울산 현대모비스,2024-2025,1,1.6409422014195885,1.5067705426618003,-0.6133096556586829,-0.9372164562124408,0.1642237448364619,-1.7568196788745964,-0.4050223011017385,0.4132198323419929,-0.40202588999683464,-0.44780179337682846,0.40304568203901164,-0.19771563489348065,-0.18752772947149504
S45G01N170,울산 현대모비스,2024-2025,0,-0.5898311490587816,0.16580336313635496,-0.5868758874276756,1.9891918874901922,-0.3899448966533749,-0.533653609447364,0.1321769007303901,0.2310212855127982,0.5253577963001812,-0.2618336856209329,0.47721760897085375,0.21638674478743405,0.05590128607630652
S45G01N176,울산 현대모비스,2024-2025,1,0.2575716316572382,-0.3500435175785999,-0.030626343418998697,-2.14372511052415,-1.5644199761111492,1.1769302917940863,1.1336054872209138,1.2448558759464825,0.07446201337071208,0.11590227611346522,-0.3925424064738016,0.15747594999259487,-0.3946204878428029
S45G01N179,울산 현대모비스,2024-2025,0,-0.7296255409355462,0.5903834438556134,2.16803917034409,0.4801607551215556,-2.155021051828506,-0.19718018572090348,-0.06470287269111151,-1.2740054173281192,-0.6707463594742622,-0.34810063930457136,-0.3170406188728199,0.053332041533988545,0.03395384492767208
S45G01N184,울산 현대모비스,2024-2025,1,1.3530944373405396,-0.9528592439249243,0.5322051581656961,2.3652417825730785,-0.18455407120554057,0.27914726062212475,1.419263334375277,-1.1055422075821462,1.2759848595089491,-0.32772615220862733,-1.7197694957355727,0.6614532520432851,-0.66685699396601
S45G01N188,울산 현대모비스,2024-2025,1,0.8004369885384155,1.6020195493032297,-0.4314634082377848,1.0283305590216423,-0.5440367967640233,-1.0747100654439112,-0.6557384731404512,2.6705017775200357,0.32279205354828244,0.45868308977146705,1.0272069090615499,-0.15809388421195908,-0.23099985672296464
S45G01N196,울산 현대모비스,2024-2025,0,-0.18460416708270938,0.013575441033217613,-1.2806980317301555,-0.26332217369159644,-0.6349330599519205,-0.6684131433601956,0.6916749397504522,0.9747076937674086,0.7501193392029085,0.43018073820038105,0.7387618224273861,0.19743572319874586,-0.10551975100433789
S45G01N201,울산 현대모비스,2024-2025,0,0.41995119021344524,-1.277887484888376,-1.8792034806482072,-1.0764411184866611,0.9177252531638068,-1.6769471379147576,1.0633401381517604,0.2557972901572909,0.41459456172755016,-0.7001598857164567,-0.8057263122977641,1.736950933979925,-0.3155937088436715
S45G01N207,울산 현대모비스,2024-2025,1,1.1134314449802392,1.456189009551413,-0.6449988043060669,0.8480258457539668,-0.03289813784240328,-0.5178150081738103,-1.168447331376959,0.10327281200100821,-0.08454442735898586,-1.1305295240412794,0.4270121980556795,-0.14973994029732612,0.333216642567453
S45G01N211,울산 현대모비스,2024-2025,1,0.6290893251467443,0.34241340941286275,0.6452447938531058,1.383468771465762,0.5588439463451448,0.5192948336748258,-1.6997824203412557,-0.21322714574158647,-0.8573213581324907,-0.12021857741642386,-0.4653320105240089,1.0245072225532983,-0.10555866417289536
S45G01N215,울산 현대모비스,2024-2025,1,3.119571842354529,-2.462668144181371,0.02610958757900664,0.012296036558106542,0.5486091523448399,-0.2211024877498888,-1.0250064422150966,0.7448324209568129,0.8484723846369565,0.12979412623305045,1.0205058998375467,1.5712292490061717,0.20363188490058814
S45G01N219,울산 현대모비스,2024-2025,0,-0.21320251932437437,0.17776802916624831,0.20231873509866954,0.48420932364171376,0.06192504199962234,-0.23994374105276287,0.023387330552797396,-0.044029970382429666,-1.3897467006418973,0.24407746900310498,0.46428920842872945,0.22772617398638687,-1.0047699961651049
S45G01N225,울산 현대모비스,2024-2025,0,-1.5912232734917446,0.4172681567839289,0.8430197892607126,0.17274967350097,-0.48600687539327514,-0.11974095170765095,0.8392433714563381,-0.0027611791979207764,0.8881689945079223,-0.6163375380756339,1.0777152624818782,0.2853572099876738,-0.10688870841704048
S45G01N228,울산 현대모비스,2024-2025,1,0.45280063820849437,0.6465360965194077,-0.7392812008183569,0.3400818147977346,0.17209621982674791,-1.2979950174770805,0.6343747222317682,1.341326447490143,1.013619351347681,-1.9216139471716558,-0.06880125997262172,0.37166986655917145,-0.6990648092945244
S45G01N232,울산 현대모비스,2024-2025,0,0.032347142792666324,0.6279922599607872,0.12147381949096783,-0.9589540064537901,-0.4661033904879202,-1.0109928590094281,-0.7970994648815682,-1.2397751272708877,-1.2785773437653187,0.38941782876831377,0.37803786521810095,0.8669957976119116,-0.020620671448702006
S45G01N238,울산 현대모비스,2024-2025,0,0.649676771027164,0.7729097597903396,-1.4628225590831605,1.006855158943337,0.7047611152240609,-0.6423192956872817,0.16110856804587015,-1.5902626851172972,1.2347399419123308,-0.17887404247895905,0.21875840748234945,-0.4482202359472833,0.3952330913475781
S45G01N244,울산 현대모비스,2024-2025,1,0.766114943761852,-1.4294030583534134,-1.0612218760337024,-0.9451191626682187,-0.5706255644391682,-0.8538452416232544,-1.1889517258994458,-0.3938447635577294,-0.2887639442639975,-0.3687471007574227,0.2727908778051009,0.9371823936721704,-0.9512224684882592
S45G01N247,울산 현대모비스,2024-2025,1,1.4952551905333655,1.5473123929456065,-0.020358142925815143,-0.458399863607975,-0.27303238944439184,-0.20593763395897058,0.06925587660814832,0.5456831028961617,-0.7818997164040825,0.5515013901936923,0.6311128691916801,0.7924380457805863,-0.3608916639240685
S45G01N257,울산 현대모비스,2024-2025,1,1.8345683857370214,1.152383005643815,-2.8061916345793554,0.6492989282565419,0.5074840504197433,0.8840593129191879,0.7092659476333383,-0.02847238457139505,0.4406236523841687,0.3789822893558928,0.0313815377352495,-1.308121836655091,0.27644883080516186
S45G01N260,울산 현대모비스,2024-2025,0,-0.4995847593737318,-0.22503810761235868,0.6247687860771566,-0.5509713072423773,0.036434940380725304,-0.5607397507113554,-1.6132031719119253,-0.050086555995418953,-0.8432160270946768,-0.34823772313259316,0.16752503929732684,0.4467215520910424,0.6406286529208257
S45G01N264,울산 현대모비스,2024-2025,1,2.1249327562188385,0.7571518637624963,0.8206016024708217,0.8717948965060635,0.6568326801909856,0.2109597151697687,0.7128627359545069,1.4117976312959217,0.08076879400809457,-1.3383679277518348,0.2697678227306397,0.5664231349624321,-0.18445650249902565
S45G01N269,울산 현대모비스,2024-2025,1,0.9459085410478846,0.7207997433619868,-0.1991688316544277,1.1215448695949186,0.7452488385678142,-0.8394271403324169,1.1570067404653714,0.34489033917206063,-1.6317292341529461,1.998778292279803,0.1826055217984069,0.6783295749912767,-0.12368342517813208
S43G01N5,원주 DB,2023-2024,1,1.176873296561719,3.910582591014465,-0.41730146640463817,0.3922064183420763,0.8309351645941703,0.4827719909372292,-0.7080293757713205,-1.2910514553663541,0.8307381262326479,-0.6767063016048919,-0.4855282252707213,0.23018026270105696,0.34956268319927386
S43G01N9,원주 DB,2023-2024,1,-0.05625533629548085,0.5248537941299922,-0.6324532025097529,-0.18587450003040668,0.6591293205750476,0.1280711078104784,0.24459571573484132,-0.7319778386397072,0.6751378035502177,0.49238408035309467,-1.0195503828231354,-0.899962309867647,-0.49551838957883626
S43G01N12,원주 DB,2023-2024,1,1.6300863182911012,1.3033212472620697,1.119196060349197,-1.162224354400976,1.585726960642071,-0.9957795458620863,-0.7342656464970824,0.45037414542593096,1.7273265098853547,-0.20837027154520055,0.16981026887750844,-0.779005607639933,0.12290373922798187
S43G01N18,원주 DB,2023-2024,1,0.5987488742833688,0.6153441197054192,0.5109818920418452,0.1787770564908883,0.9040652080305998,-2.070924233851588,0.2492644801099884,1.2354898258648086,1.6690690556036356,1.4721271836459453,-0.5055034834740966,-0.729214438295355,-0.11583176848191935
S43G01N24,원주 DB,2023-2024,1,2.5087244231721035,1.222227013418254,0.23966913615710142,0.1518614938771241,1.5767824254596365,1.5037194237433527,0.03181515021470344,0.5236587802416582,2.2669404773742783,-0.2648309254695824,-0.19758912225077777,-0.08941455898401893,0.4759065178116185
S43G01N28,원주 DB,2023-2024,1,0.10552770558063986,-0.6279622500593913,0.42872257304505,0.12662620113278114,-0.4049270835613891,-0.24524604304257241,-1.0380491817805428,0.08388321164368297,-0.49406898692604584,1.5390984542722448,0.9444445259278752,-0.40846273018031715,-0.699832511998022
S43G01N32,원주 DB,2023-2024,1,2.975253175056496,-0.11494558324929065,-0.16524704133770682,-0.24794157215403553,0.029715597399429913,0.4391708767056778,-1.2226059019467037,2.088390433622177,0.37628381917319803,-0.41075620748683933,0.33541051301192376,0.04829580216383353,-0.7308443244005489
S43G01N36,원주 DB,2023-2024,0,-0.014078088059075554,1.9969503014933399,2.645048300729025,1.4742012643339732,-0.29390647323419783,-0.24262217594183502,-1.3199545255701441,0.0949842898800255,0.7469052907585951,0.37012999822279463,0.05069789730406348,0.9790811471867136,0.4063249889216558
S43G01N40,원주 DB,2023-2024,1,1.1709353476534647,3.2421792683328734,-0.4310702230992248,0.6919757662519409,1.2491858281699397,0.8438493737283711,-0.7212584442956285,1.2191126103810017,-0.9482837625461826,-0.7827811944673836,-0.11683646979734479,0.5840706625142855,-0.23454141835941328
S43G01N44,원주 DB,2023-2024,1,0.17838457013742715,0.8432165784839045,-1.3824135182008623,0.6009632908052032,-0.04809337321024416,-0.011497695801937807,-0.06197272011477972,-0.7882060104560551,0.14675511214666376,1.1927698145392125,0.7097983778477274,-0.14741094785816491,0.48865684780830776
S43G01N46,원주 DB,2023-2024,1,1.22062943726711,-0.3137417028689848,-1.3827430608401565,-0.5213242976500283,-0.4091310994174539,-1.6040688090618713,-0.9941475060462472,-0.3882469660839989,1.040213952297056,-0.06243019660418537,0.018718573175909907,-0.041354867964897235,0.1272402027262934
S43G01N52,원주 DB,2023-2024,1,3.6325856195849835,0.9621483168774974,1.7291119476477659,0.8201996973925101,-0.038475715814549886,1.3009389827475575,-0.8759284784088543,0.3373294598043841,0.2884517122887364,-1.5294986994919233,-0.19941285416376656,-0.21339370934037744,0.1614582626523399
S43G01N55,원주 DB,2023-2024,1,-0.0986058862086759,2.9048976306476817,-0.1570130234151272,1.5461193921721332,0.5355634669409826,0.4252008014220179,2.3685858917806923,1.464167876172623,0.9316355475295042,1.368562579912308,-0.5463833910484333,-0.7390163534661759,0.19787701569143365
S43G01N57,원주 DB,2023-2024,1,3.2263543775777532,-1.5918590369014678,-1.0957306316361168,0.5323706887677815,1.110111827224655,-1.81267866146265,-0.6100295862898895,3.0532960503476447,1.685257088325192,1.809956893427358,1.8313038582386831,-0.5124855580041056,0.32080434995646784
S43G01N62,원주 DB,2023-2024,0,0.012120979078184607,-0.25520280858115574,1.272813992534864,-0.46851942285191495,-0.409531395374361,-0.5794089857423383,-0.8055205184572051,0.0821024718571692,-1.1572422384068282,0.025097362207975493,0.8266817545537531,0.3804814786607823,-0.3653473633974945
S43G01N67,원주 DB,2023-2024,1,2.7761717835171895,2.215809366557678,-0.5886422829290429,0.7368744033149434,2.522369432396171,0.41490988419039093,-0.5292179650802721,0.5636916367396559,1.6681485058634689,-0.5016746554450547,0.013874182102843661,0.022326942505725457,0.5616456131856276
S43G01N76,원주 DB,2023-2024,0,-1.2753127466113252,-0.5918925563493148,1.4849198005926678,-0.8906553445439307,0.02681226603108225,-1.107723055702706,-0.37459383116921335,-0.42803916707788553,-0.7504767570260196,-0.35273344775600324,0.03897071234392372,0.5338596382991635,0.08780579345277353
S43G01N82,원주 DB,2023-2024,1,1.3663182374807183,1.1719661539768638,-0.7724415464921142,-0.9822264361598242,0.9094914408422465,1.4953932689754401,1.0045716193270875,-0.07204542723366396,1.2828795290354509,0.27846748238129126,-0.918450536084501,-0.15416304280252885,-0.0950392732677276
S43G01N88,원주 DB,2023-2024,1,1.950624304341674,-0.3026334671353967,0.8454154968427046,-1.0219897792644128,-0.0032028243853260596,1.452970750758881,0.28806176383531124,0.29588667077296155,-0.03383686482064633,0.1868143769632046,-0.46836595838463896,-0.4989377572158785,-0.5040161762268662
S43G01N92,원주 DB,2023-2024,1,0.9260754743962786,0.37762063610333496,0.16926297100205492,0.38247458270491924,-1.379159515805862,-0.5037082587253944,0.7176837213052669,-1.2939125626556574,-0.6284859004368902,0.8331338348125769,-0.42832225950847974,-0.7525752711669446,0.40790424050272983
S43G01N95,원주 DB,2023-2024,1,-0.6396683596847955,0.6143267191176194,-0.7852264322160748,-1.9972623438084274,1.0651450732879055,0.007207354826131707,0.4952290413711322,-0.3654431849549521,-1.0334162407830734,0.49192440072778393,-0.08472005374676717,-0.6721230796795484,0.13292323873239562
S43G01N99,원주 DB,2023-2024,0,-1.0013902547949216,0.5476097794238995,1.644416252270556,-0.05680180912862193,2.239278250665078,-0.17149548449763843,-1.179869323189849,0.6897825243040028,-1.800518892398401,0.35745271145860374,0.23938712696100656,0.09299758806602346,-0.1870211052077706
S43G01N103,원주 DB,2023-2024,0,-0.3019117059550943,-0.4786164382376189,1.3263822543978212,0.6574157445111036,1.3452241103409401,0.06491461032963403,0.22612431278349474,-0.27904705634091903,-0.8576189902459823,0.8593679376648775,0.4538579664213005,-0.0614413140023394,-0.11610225537466634
S43G01N109,원주 DB,2023-2024,1,1.543701164973934,-0.4760478866986115,-0.032969891346165896,1.6370721433512188,-1.387527818412786,0.9589441642481449,0.4660799080083211,1.6200194366460667,-0.5231038764630801,-0.9324527548115149,0.6503719881230244,-0.23507651640059074,-0.06104655346649621
S43G01N114,원주 DB,2023-2024,1,3.3922951137998103,0.4825327775159212,0.7512103514325893,-0.7025278265801476,-0.7562400901291485,0.7293077972962222,0.7627739685979776,0.530930517916477,-0.08170506999219819,2.0630382998913994,-1.4228029208491118,0.3628263910709088,-0.480004145436993
S43G01N119,원주 DB,2023-2024,1,0.7977099687972579,1.079982095807265,1.8071106253442422,-1.295152451953185,0.9028569575833867,-0.8127102140066227,-0.10060871032094833,-0.9252446900424292,1.3713965248455426,1.3213456742669303,-0.9014663480495877,-1.506770283891492,0.20648389881586524
S43G01N126,원주 DB,2023-2024,1,1.999058303286275,1.7135287604455194,-1.3449273450989592,-0.12287399730865231,0.9810211407744354,-0.16210456732611958,0.34125830895350245,0.904944745197153,-1.296748435794826,-1.3311244883144795,0.22320345772650552,0.4115411183066498,0.3457171213514967
S43G01N130,원주 DB,2023-2024,1,0.28970187305881945,0.7784783414666742,-1.022477665925602,-0.21248110723214558,1.6848046331042157,-0.7597722142155904,-0.3619912296617776,1.2238139011380536,-0.4424653694362537,0.011449081207568577,1.4577888579713367,-0.5201060303457041,0.31622244477714956
S43G01N135,원주 DB,2023-2024,0,0.6932075084738073,1.6378778750056804,0.9640300958266368,1.1285509865474619,0.20498459974821293,-2.124625852433979,1.9525611168999002,0.24929199320133155,0.7302258956249511,-0.1247671844378655,-0.3936670007272757,-0.09045295433199685,-0.06947182175920183
S43G01N143,원주 DB,2023-2024,1,0.05902651756814463,0.1690834083275186,-1.6988824322654181,0.9714578861865593,-0.0891787185637781,-0.17066448614432064,-1.6583260611418376,-0.2451827133551002,-1.7814624765295073,0.18175659427893784,0.252636298031208,-0.5630669787175893,0.5377022317120146
S43G01N147,원주 DB,2023-2024,1,0.24172319774296117,1.2141276486399808,0.9425838583036135,-1.8872060398695967,-0.6083035659072382,-1.6422427985273744,-0.426161352334037,-0.14001645002962862,0.010138258463185617,-0.33952482818299023,-0.6157218476069367,-0.4929164026579467,-0.6323620310190539
S43G01N152,원주 DB,2023-2024,1,0.4641087817925608,-0.09690681488043895,-0.5354847899181308,-0.516190360045327,-0.9278379513063623,0.07946377807566046,-0.0005726032252337594,-0.13303287067096087,0.6288104017837545,-0.9643940461947429,0.6889971359620721,-0.8759843059706829,0.1630902202693689
S43G01N159,원주 DB,2023-2024,0,-0.9605467793890254,-1.1408031794894136,-1.2756808560059192,-1.0212029846399688,0.06273991389109218,-0.3860849661123165,0.6204908018949541,-0.6184497484293919,-0.9099277566860432,0.2153183260642405,-0.07201773395696054,-0.07454464425722486,0.09625638203652466
S43G01N161,원주 DB,2023-2024,1,-0.7944785026450989,1.8559731577911847,-0.8531817244176814,1.1132753176891566,0.18865251821017157,-1.5225449927374954,-1.4207143410537064,1.2737488848067007,-1.3971772125757205,0.48204186450449993,-1.3707596596444056,-0.48984973518226693,0.07070244445595644
S43G01N165,원주 DB,2023-2024,0,-0.13513801942956688,1.0860613612092946,0.6213735265689517,0.17952646898472086,0.9466711794491277,-0.45175643704808977,0.3431686461683761,-0.9356152748266071,-0.8143040941161689,0.866415784187739,0.9804031896196173,-0.04727100543527762,-0.1972912764891323
S43G01N172,원주 DB,2023-2024,0,-1.791686581073527,0.3324394852123552,0.012990889221696332,0.5396643738887777,0.4991010803052916,-0.7410229590609482,0.7918435503503622,-1.2955949465839387,0.7607410114726947,1.3190355961600349,0.963854160571084,1.116025303966221,0.33077615173212005
S43G01N179,원주 DB,2023-2024,1,3.2861707754333414,3.1557581006307833,-0.1011711571618239,0.07546286785321349,0.5868237571926453,0.08172800034746863,-0.6033901193386637,-0.7400883123819861,0.7245249230959008,1.5205209950420762,-0.5725938622744055,0.8379120099435727,-0.47499108152356356
S43G01N182,원주 DB,2023-2024,1,1.1652229472993556,0.027472247696076764,1.271315994882491,0.20306130236377132,-0.5185498568439286,-1.7820081164231647,-1.3364377419373086,0.3215992238888544,1.0598805785608796,-0.4151086878916886,-0.0013398613509181029,-0.3029797301178004,-0.21698327061957387
S43G01N187,원주 DB,2023-2024,1,1.3322098872534602,1.7720999778379847,-0.7149015514207968,-1.632023485019383,0.3210990382502735,0.8500470826488775,0.35228175540996726,-1.0139599125480294,-0.08174244618284372,0.30999494783411596,-0.0366430037789126,-0.8019977898185672,-0.3492742473999542
S43G01N191,원주 DB,2023-2024,1,-0.41484808587152,0.5357998270768316,0.0642728562789507,-0.9797280623163569,-1.517468745318137,-0.6529472060778979,1.4034927834644886,0.5993719987193402,-0.3309929340183499,1.922902354429635,-0.8365965684386772,-0.21256453715744827,0.08605804905073546
S43G01N195,원주 DB,2023-2024,0,-1.1001686856392248,-1.3367611744856032,-0.4232499709356518,-0.1710915220196767,-0.07525803887799729,0.36952930277180746,-0.2617034853049984,-0.8590274042395688,-0.08900533550707382,-0.5939007732026935,-0.12232889186693377,-1.1142234539209068,-0.025550895134317624
S43G01N202,원주 DB,2023-2024,1,2.6472466128322663,0.9604974454163013,-1.3533516502358707,1.3676799097994405,-0.6513473309922023,0.2940101762918638,0.5701344125561715,-0.4080363098349712,-0.7493943367873892,-0.3187049371017209,0.8882443832500716,0.608421829379452,0.08318814442407849
S43G01N205,원주 DB,2023-2024,1,1.5334745840631796,0.16420680279808386,-1.0703285435590975,0.6891385789960858,1.3912167864471439,-0.3110732175317285,-1.5262788357088595,0.6818865662614417,0.6010430191198495,-0.8378106166951227,-0.6836132148825722,-0.23485145576979455,0.5630235188421029
S43G01N213,원주 DB,2023-2024,1,0.6748278595791556,0.1498984646534913,-2.214572687367207,-0.7107484642384582,-0.013845865717461353,0.4829246075100132,-0.0812545276304794,0.5794290001495469,0.9520559301501044,0.8071099312139992,0.9552023840717095,-1.07680127257435,0.26213147149509797
S43G01N219,원주 DB,2023-2024,1,-0.3926643076802727,1.2034317256161644,-0.891972032200463,1.202866321748727,0.5661986330389923,-1.6823742142007247,-0.2063388033891038,2.0075106425739575,2.260490359547802,-0.9697336487950341,-1.0094768245939223,0.3545455947367205,-0.2708171844193254
S43G01N228,원주 DB,2023-2024,1,-0.10458489606182013,2.726253994039533,0.43617261362883764,-0.001770768983230785,1.2203874570397335,-1.1348014409388882,-0.26048550376987667,0.3042335395767155,2.336837952789805,1.2757239892191057,-0.9414380751390558,0.18791727192988894,-0.8429023839378396
S43G01N231,원주 DB,2023-2024,1,3.0006081897469032,2.530599422955577,0.903841572443805,-0.015861227855785316,2.317295667856645,-2.256421623034996,-1.6738331343781607,-1.4536467507340565,2.7741861787479327,1.0062617014047843,1.0515474931380595,-0.6707739815960774,0.33069463608266003
S43G01N236,원주 DB,2023-2024,1,2.3617700958859986,-0.3855705731862025,2.619270293202406,0.7124937174053577,0.3954571637854459,0.45367629656256714,0.12232494926657901,-0.733152965499021,0.4288792585135721,1.325010364179144,2.5509475775509007,-1.2119088039910808,-0.15121538496000192
S43G01N241,원주 DB,2023-2024,0,0.24347254073032165,1.9483964605170925,0.020398215871568294,-0.14431067633045605,0.23000899216423779,-0.8409014750340911,-0.11168163172122479,-1.1702736884772595,0.7725362156273456,-1.1144190776110852,0.5477651429999636,0.6041244238307296,-0.10691539328714152
S43G01N245,원주 DB,2023-2024,0,0.6697847598087228,0.2997858796703619,1.3906785984536238,-0.8578247131025609,1.958038643452803,-0.5134347400036144,-0.04974821331577058,0.3912431551727248,0.8996665923447338,-1.3803782037123553,0.052728503229429825,-0.9184262465928713,-0.13984144680331637
S43G01N251,원주 DB,2023-2024,1,1.3452672635313736,0.30025607478317373,-0.5064390170304094,0.84105399307322,1.2183571559049273,-0.07897192476948213,-0.3749072566843401,-0.24787799432928231,-0.45086250892728513,0.2684649807149443,1.209805626815104,0.5974850661334202,0.6805323155942905
S43G01N255,원주 DB,2023-2024,0,-1.3980895137484122,-0.6702517750881591,0.7096613727190006,0.8917016874455987,-0.6878753521279293,0.283630768349238,1.2299382880942298,-0.6747511730245805,1.2074000936062859,0.13521082063340956,0.6962783685754194,0.5833038155154138,-0.29763194002032367
S43G01N258,원주 DB,2023-2024,1,0.6305960924962432,-0.42436207006036825,-0.23935191684288695,-2.0380687539947,-0.06434862803181048,-2.0247360290844894,-0.5159220241600335,-1.5861865645257491,-0.9061788109906899,-0.37903478942486635,1.3129342727554463,-0.5608396696014826,-1.110239442933367
S43G01N268,원주 DB,2023-2024,1,1.5133932480229846,-0.35048606626215395,-1.1136620849113439,0.7155170808992268,-0.44843476309679153,0.6940259213631482,-0.12058569825215337,-1.5123477865884885,0.10249515648311977,-0.5047812695180272,0.10064074805399334,-0.19314337136478513,0.7100880805953953
S45G01N2,원주 DB,2024-2025,1,0.824145574245181,-0.016534825969581713,2.4448929856522263,1.0034624753236225,0.12452124626075665,-0.9944461494291297,-0.31290979131797664,0.5763875829952545,1.2284878228435077,0.6525539070848613,-0.2896834417495949,0.25737221813243777,-0.651183801705428
S45G01N8,원주 DB,2024-2025,0,2.430432234588843,-1.3787102792808406,-0.10593245043326245,-0.03893104822797297,0.28089460723225845,2.2208912580188347,1.5007089461515677,0.8967240277528372,0.8922002129353734,-0.13933115561548132,1.9194819304741317,0.6033860797117713,0.433590639096173
S45G01N10,원주 DB,2024-2025,0,-0.8727617536919409,-1.3380666078325403,-0.04701019661447456,0.5588888167961144,-0.5539893776977484,-0.10619445265249061,0.6035558268928118,-1.6242471434318604,0.062386644869386505,-0.7871618843475929,0.9548203094111753,0.3469599735207742,0.640510493407056
S45G01N16,원주 DB,2024-2025,0,1.2979538175203593,-2.4949165325940803,-0.02496895515921686,-1.0646769191071868,0.8251633346281786,-1.7254281006161334,-1.0860140159710503,-0.6638378264378623,0.9984402537338009,-0.8852204170388712,-0.2753689491819089,0.41377102979261593,-0.5701870043189387
S45G01N19,원주 DB,2024-2025,0,1.0185622317382057,-0.658429078694765,-1.4527276206775375,-0.8658565041122488,1.7585518670845088,-1.4608280000637697,2.0962045170552313,-0.25850303984101997,-0.2220431766660342,-1.0410349054535522,-0.02125214787189161,-0.01970436724550883,0.017472932398013175
S45G01N27,원주 DB,2024-2025,0,0.825622849582149,-0.00660745745145461,0.26356540661446987,2.1107400539620182,1.3514870545240434,0.4614908118890431,-0.9840826242527556,-0.7651457200204863,2.3713548961491924,-0.7671512158503053,-0.09491652661610833,0.7957636599361837,-0.327908875239207
S45G01N33,원주 DB,2024-2025,0,0.89122103723958,-0.8324108306513904,0.45577974315398173,0.7646678145630521,-0.027477657833667804,0.06153717072107559,2.363252735191985,0.31047173871723593,0.8727123517031523,-1.0899080009838464,-0.34685656679660554,0.8824514236526225,0.089774171735485
S45G01N38,원주 DB,2024-2025,0,0.2390248144593078,-0.643315244328749,1.2385718130363772,-0.5406040537004614,0.4388855629451357,0.8350157307795718,1.7420237261975933,1.2075308994133982,0.37320644170644046,-1.354488355786889,-1.219701731519567,0.08465719681741841,0.33203570961793916
S45G01N43,원주 DB,2024-2025,1,1.6629477900996785,-1.256156684612068,-1.7228787210657732,2.2903271098893554,-0.2680364278041553,0.20996618089376523,-1.1348475732592669,0.17634631808973328,0.7583819906430287,0.3031820702559754,-0.9351559182040041,0.5254207503125679,-0.5440830099756061
S45G01N47,원주 DB,2024-2025,0,0.12473893551700786,0.32129970836956084,0.38336537885751043,-0.7306913735897108,-0.3457119674957619,0.8582923964897581,-0.5346172596063529,-0.9601767994329158,-0.1343294654232626,-1.6769247822337934,0.23032530580845775,-0.10280184113431547,0.11906122176319384
S45G01N49,원주 DB,2024-2025,1,0.20220216362226826,-1.471213358534682,-2.164259990447477,-0.2987507462212087,-0.43234033225500174,-1.0243788403412672,0.772980877032715,0.5086719312417992,-0.4861113477871213,-0.8385890078685234,-0.22586064718589371,-0.2881974958841177,-0.387450934319952
S45G01N54,원주 DB,2024-2025,1,-0.6791236517815604,0.5874047807065351,-1.5770942510666273,1.0753162580610758,0.3217485851983735,-1.5930346756547438,0.4074125426163655,2.047942383441736,-0.6972784349027921,-0.8834464438364369,0.17954024678681968,-1.3191467762892894,-0.35230574818092497
S45G01N59,원주 DB,2024-2025,1,0.30447142029973256,-1.148609917156442,-0.5753546553607733,0.29148558658432405,-1.0104905412958665,1.3115788433721005,-0.9763844732529521,-0.2830729518568332,-0.3163794717098607,1.108719708321239,-0.3074866628079919,0.4519032015541476,0.5493275004532892
S45G01N65,원주 DB,2024-2025,1,3.262813626173355,1.3287971469260949,0.45458123688557894,-2.93136612384453,-0.8977785749779308,-0.016793670583775417,-0.700408765661788,-1.3470532762029983,0.45021228803081653,-0.42681435826497544,-1.1614270135704987,0.5718307471066384,-0.07257419099182316
S45G01N72,원주 DB,2024-2025,0,-1.46049483028828,-0.02250790529072675,-1.4549311396981337,0.3959046088812872,0.2324670287746944,0.652999724822767,0.5977212973057343,-1.7205996828386931,-0.10741955383261059,0.4391875922576476,-0.4644948605640885,0.4328956246491272,-0.3256040795965423
S45G01N80,원주 DB,2024-2025,0,0.407136898616003,0.3497369045709427,0.5795354267576818,-0.35202610987423744,0.5521631792676266,-0.9275795269591566,1.3999486196633804,2.4496817928215022,-0.26342572157105515,-0.7252240215240894,0.8390550980745313,-0.1202753471077284,-0.24625142785055998
S45G01N83,원주 DB,2024-2025,1,-0.289592629568793,1.108516423251792,-0.3915327518041424,-1.5288783531520955,-1.2392482177050694,0.18646617306431362,1.0496305661576055,1.2018677504104391,-0.4070906155513268,0.37437181465602426,0.28800696060080705,-0.9193540300667667,0.6707538295034527
S45G01N89,원주 DB,2024-2025,1,0.7401286462957593,-0.5455138906360123,-1.3833049373215374,0.8531566537996076,-0.7221657135989394,-1.179293300695508,0.9928821086633379,-0.25143795604756036,-1.0748278977957768,0.8578046361101416,-1.4789674663292878,-0.08472903072239522,0.5407019549137525
S45G01N93,원주 DB,2024-2025,1,0.514867339615612,-1.6283489472326604,-3.1099090999534127,-1.1468742803970688,0.45411557622591026,0.38218107789562367,0.6100089357435483,-0.854731905125581,0.2555325721659213,1.396705703025882,-0.5123430946082455,-0.039631908133812795,-0.11125097256972442
S45G01N98,원주 DB,2024-2025,1,1.0378270027442977,0.4354544901512918,-1.596430149835527,0.38452499986766786,-0.9930918189360037,-0.231472756768083,1.0236497861511094,-0.6323548067097731,-0.5193022367011825,-0.4562656058498277,0.17324240334572927,-1.200793324830157,-1.1682896259957616
S45G01N101,원주 DB,2024-2025,0,0.600055305335877,-0.19410678986667543,-0.2772112122615831,0.3448976856494383,-0.23513563525515746,-2.0432237385655627,0.32896029508684643,-0.7781923197984112,0.3434082652746122,0.18216580439632704,-0.5087818359163191,-0.21993142988419626,0.3739204363743755
S45G01N104,원주 DB,2024-2025,0,1.08072928625179,-0.004054171461493909,-0.8714813322990838,0.9110910695050953,0.08679309609265214,-0.40294705809546283,0.3217322589011213,-0.1727642564543461,1.2838143420574215,-0.12752416462537736,1.740104191233745,0.25473720756638957,-0.555072255363567
S45G01N108,원주 DB,2024-2025,1,-0.21100533526454163,0.11649933649431099,-0.9073497398952438,-0.27006133090690465,-0.09353752715946918,0.3877492882464772,-0.1486385754739772,-1.1059541759732414,-0.955913557734646,0.23588881433773123,-0.7435866197593958,-0.18098587175646305,0.3610401497209237
S45G01N112,원주 DB,2024-2025,0,-2.0480240475777514,-1.505427177291694,-0.13308197418230153,0.8040720926079585,-0.17731556807467622,-2.441438954867368,0.4052225347847355,0.1387305450543884,0.016696944101606836,-0.4870177310207006,0.4106549630448553,-0.6074282118782327,0.5824751767627994
S45G01N119,원주 DB,2024-2025,1,1.8454367230036193,-0.09809061957597545,1.5990762702413288,-0.1631056516005804,-0.1769917871035,0.2893734197757766,-1.2209380102799736,-1.4780399719967647,0.7543390009181965,0.37962231515784883,0.09251171442137346,1.1834625336135391,-0.040220542746188796
S45G01N124,원주 DB,2024-2025,1,-0.9352400365428016,1.8224414575337917,-0.6719155579043207,-0.41513910817897864,-0.17255854274633467,-0.19836294784500857,1.1831540003772723,0.9931758203393478,-0.4518120247332266,-0.9690703607218394,-0.366727742569555,-0.5405045476815695,-0.5106836229492141
S45G01N134,원주 DB,2024-2025,0,-0.42855974862234864,-2.2677980565935676,1.4453074683168388,-0.16947334560904193,-1.0389177221991421,0.09129615519482803,0.22680366195336935,0.013714714743120224,-0.6951794880463206,-0.44618638441929154,0.10329633573881727,-0.2225476629149635,0.7430511729706625
S45G01N138,원주 DB,2024-2025,0,2.1744577967725376,-1.8309391374826691,1.551327171658504,0.46321410591927276,1.6590315611837332,-1.392779306358729,0.7256589780270567,-0.7920673264127224,2.158724003994028,0.9651868466105888,1.5617644517391918,0.5384880640765173,0.48158360955797075
S45G01N143,원주 DB,2024-2025,1,1.1856892830256442,-0.5557784296870866,-0.5305698858880954,-1.0884186637114517,1.1396756812120155,-1.0534222530469823,-1.421108704506148,0.0044689057248698365,0.5195812270762973,0.5043496334564878,-0.895220680151098,-0.19957252753002644,0.06900746301100359
S45G01N147,원주 DB,2024-2025,0,-1.181440122924234,-1.277684900782294,-2.431639697045899,-0.24170835833611992,0.5437510272918694,-0.160179772334341,-0.08180079644884272,-0.04242003428178277,-0.9263924798296069,-0.42489135745556894,1.379630445327418,0.3762697233571105,-0.32700167473420644
S45G01N150,원주 DB,2024-2025,1,1.3876361121936762,0.17324435467447183,-1.9618072255245131,0.06110868407994754,-0.9010383243289419,-0.0600945386803265,0.8396153002784432,0.6753466111789705,1.3402288456962617,0.7789574504166444,1.1432916428756124,0.5507565609104934,0.3239104577803805
S45G01N154,원주 DB,2024-2025,1,-0.6798339622215325,2.1722272996625063,-0.21324722035268065,-1.0905737187948281,-0.21988396047175768,0.2074548810626347,-0.49820120081893365,0.6847503181431261,-0.8460919844921452,0.7160047436355198,0.41804538473834335,-0.4294132180410519,0.5450802119602984
S45G01N160,원주 DB,2024-2025,0,-1.0247397011138313,1.2256291317372865,-0.05200309927459816,-1.6039026801798661,0.5043180707634547,-0.3441365034462187,1.6440631757117614,1.8538552245877225,1.0239333412891,0.15034237515824328,0.014859309833304694,-1.1651367387893685,0.4376549635814107
S45G01N164,원주 DB,2024-2025,0,-0.2418604234610475,-0.6928685924999611,-0.748415700944557,-0.09879852671787026,-0.33622955402372895,-1.2119442480771596,-0.3231903529462954,0.13681969094806545,0.6685410769731481,-0.05895031581050354,-0.7591606409385941,0.2423092803640042,0.29995261608541673
S45G01N168,원주 DB,2024-2025,0,-0.878251326308138,-1.100873350523414,-0.5684763499977896,-0.5337795476779775,0.2565079091893679,1.0304252691960891,0.7447302441910191,0.9250720850197544,-0.21095672608345928,-0.8243113600945285,0.21943108779999942,0.8013493249922675,0.22554533963332937
S45G01N173,원주 DB,2024-2025,0,0.6900634233207975,0.058963269221546676,-0.5604103649271251,-0.5104029762389107,0.19573745262412703,-0.11422960433679223,1.0387035854786504,-1.5418651398862313,-1.148770621153254,-0.30553338947300973,0.7836442905208728,-0.13079033921777075,0.16947729998265348
S45G01N183,원주 DB,2024-2025,0,0.8114223639063499,0.15566753381220474,-1.7956270744168195,0.16156775255967276,0.1579474899681203,-2.367499843580502,0.27211261780003543,-0.05727103878851083,0.4139610213467261,0.08283310868805167,0.8367070929548024,0.34742979406417074,0.3880038754905708
S45G01N190,원주 DB,2024-2025,1,-0.3595529676163469,0.20710613132808725,-0.4956288397884614,0.25772502357037225,2.267161757766674,0.30662246940951376,-0.3157923470707414,-0.5350999438078105,-0.2941277593111111,0.4665554717088604,-0.9980654075354181,-0.9046305085342372,-0.7376129248275587
S45G01N193,원주 DB,2024-2025,1,1.4029094938180677,1.2659360589149597,1.2090939408805201,-1.3604559648292882,0.7678904124470383,-0.9102767689775907,0.1173958490879679,1.0527037195245141,-0.19835349391914947,-1.3463717664973252,-1.1361965087697754,-0.6316359821358084,-0.008919280215881557
S45G01N197,원주 DB,2024-2025,0,0.4526828217618546,-1.1711324727401122,1.3539569138333036,0.4970705316652816,0.315821075129628,-0.5939125314869502,-0.04350176980761563,-0.359889984722469,-0.9512741292816626,0.39902501718656425,1.891335835679283,-0.6256881216299481,-0.46328954488044893
S45G01N203,원주 DB,2024-2025,1,1.6213638930599015,-2.3282120800020567,-0.8058900153874093,0.6803961551159847,1.0319685330496162,-2.5931838006111256,-0.705690621315253,-1.0411157267180084,-0.22098078964969314,0.07513469326770995,-0.9946614951336141,-0.39097084163763457,-0.0120731248773997
S45G01N207,원주 DB,2024-2025,0,-1.7759547596825633,0.4323862160088786,0.2567155386301065,0.2696074604998649,-0.1924482140334115,0.12169247298180247,-1.1399973553192289,-1.7731032929013824,1.1546357115599841,1.8050756315655387,0.6432953248294093,0.31415979745323797,0.06610102342203192
S45G01N210,원주 DB,2024-2025,0,0.8518352597269773,-1.3692596791279659,-0.8952881634319827,-0.1630751774901291,0.6773681808982328,-1.0666219838260458,-0.27020603414380934,-0.7544424187555595,0.4553348307263502,-0.3253343447728781,1.6149752867336389,-0.33807572762217253,-0.257109304879144
S45G01N214,원주 DB,2024-2025,0,1.3086910904665288,-2.347426097710242,0.563859957557858,-0.7119556624254814,1.3445656934992618,-1.5680554298209262,-0.672784582013958,-1.1433583196453665,-0.6299450964298251,0.06985761651783777,-0.09856990799438622,-0.4862299186446217,0.366876048157359
S45G01N220,원주 DB,2024-2025,1,1.315567590365882,-0.5873497786166417,-1.8913732110734598,0.12861638121033403,2.6095182736847233,0.2329016965413316,-0.8379781157271861,0.7089781367584449,1.0637225851030374,-0.5080044983435511,2.104782872843954,-0.9532795124740963,-0.1613313385882505
S45G01N226,원주 DB,2024-2025,0,0.5549621096077918,-1.7362743803364746,-1.1544375697287608,-0.01546330195480979,0.0195210827886463,0.10580615919139698,1.6786310635848503,-0.6783559295562285,0.07609349714296688,0.19951766205282634,0.3013854879939197,0.5475978504773897,0.6808944811773064
S45G01N231,원주 DB,2024-2025,0,0.011470540865451538,-0.5202680640402878,-1.1287162065415444,-0.512350026932807,2.0233193766556865,1.0492323260021117,2.813028693109697,0.945547276997979,0.9311892023804516,-0.1698914601369903,0.3836693635949043,0.18618932451279185,-0.10971085241128774
S45G01N235,원주 DB,2024-2025,1,0.7600577156942221,-0.16129629086987418,-0.37030974737862377,0.09303962646912468,-0.03257782193443228,-0.9753297143153399,1.0914584261219573,0.0819200274355745,-1.942781442601059,-0.6556274000220149,-0.8002962276982016,-0.40552977237505383,-0.05966962232422596
S45G01N244,원주 DB,2024-2025,0,-0.30321487368247113,-2.1932430561372906,-0.9411326184582838,1.6965768677166386,1.9516769687060618,1.9674873280305285,0.11946087656666272,-1.0423171830214852,-0.6271194167417263,-0.7370565590487084,0.33657865151483807,0.1013055043806395,-0.2729923192450851
S45G01N249,원주 DB,2024-2025,0,0.6661258898101223,-1.9962253304094661,-0.3966892450860013,0.5210829625157152,0.5923839203689236,-0.1922453510531935,-1.3801826993675017,1.0401165520575368,1.015165193134856,0.18806310621902989,-0.09052990575929348,0.001205571228776931,0.6247960087221012
S45G01N252,원주 DB,2024-2025,1,1.349543679593784,0.8135086465691059,-1.1937457712062503,2.2310234744051263,-0.07499632922016443,0.9261117015357808,-0.12219202488543168,0.7381311863457449,1.2524665057236763,-1.5670587872692308,-0.030351534724808758,-0.23623750109846536,0.3364974942258634
S45G01N259,원주 DB,2024-2025,0,1.1343219559671263,-0.3314710282092091,2.2610318922632158,0.23183384661798717,1.7014772334268022,-0.3274610685265579,2.033571688494448,0.37515937665264215,-0.09113729502847388,-0.3765445380087931,-1.2831065745719934,0.3294813482527872,0.32555728754017416
S45G01N265,원주 DB,2024-2025,1,-0.19755471438442063,0.450344972262391,-0.6798219678649119,-0.3082597750575015,-1.4003239009600232,-0.5275742521525756,-0.44428344089678207,1.7915420007733114,-1.0863596663448702,0.5557071458579065,0.3703057216437184,0.250015109716749,0.10670446190505048
S45G01N267,원주 DB,2024-2025,0,-0.9637672419291831,-1.7705476426785556,-0.3986582530209885,0.49025899526580996,1.8596868295750608,0.6062145831362794,-0.24019989947529918,0.3356989403652673,0.5268294300094504,0.6699035793471216,0.2569534569746846,0.09579534544527561,0.06867684075103848
S43G01N6,서울 삼성,2023-2024,0,0.2182273179347255,3.1941211486780605,-0.8891112382321104,-0.44385413576702226,1.050938016740215,-1.3871918542653954,0.46354492265510205,-2.782850481063154,1.3566385905414555,-0.38001417052440684,0.9260907713855923,0.23665668309034,0.05221684741533738
S43G01N11,서울 삼성,2023-2024,1,0.5558606782951383,1.2282898870775432,-0.26971024344959593,4.705832022084109,-1.5494636475833115,-0.10199822296341134,-1.533949348594112,0.2949446701233701,-0.9558422614765835,0.5645534429466521,0.10151623484093161,-0.4193022767242447,0.20298796032505814
S43G01N15,서울 삼성,2023-2024,0,-2.0630364134187995,-1.37386816104731,0.5353722991141454,1.1320084812525797,-0.4689200696972375,-0.3247687891486886,0.30089455821633465,-0.46554497371372583,0.4351073514659947,-0.1582906869648837,0.16371318627310338,-0.45059024914037704,-0.046424345159548165
S43G01N20,서울 삼성,2023-2024,1,-0.9605693415673066,0.6268225890250312,-0.4195396759609356,2.3193746767184193,-0.46768946454104365,-0.7260567875889992,-0.8982536062620368,-1.3811020515136627,1.9279217665513615,0.6587683593760798,-0.97458999806359,-0.5173602050943708,-0.4664427240842504
S43G01N22,서울 삼성,2023-2024,0,-0.2596672312751608,-0.42880952477907686,0.11642416499687154,1.2631871870773856,-0.022622423793004064,-1.1704828365469941,1.2848110633959096,0.039768877065986794,-0.41736719357870394,-0.23950164433763954,1.6978439421667326,0.18812587570452696,-0.09984220825790556
S43G01N27,서울 삼성,2023-2024,0,-0.0131864051282802,0.25972605450600095,-0.1829155377055324,3.4730219170464203,-0.8593486139430323,-0.2148790092257518,-0.8279590740910229,-0.6338751098701707,0.5814066658391753,0.24921642040224906,1.495796693515983,0.17528366983514984,0.5702602031325315
S43G01N32,서울 삼성,2023-2024,0,-1.418958396526782,-1.3976513025258723,1.2974629189165872,-0.16872870333317522,-0.5155797940176271,-1.5239881139106455,1.9349942537009994,-1.0311819643958517,-0.1202955751805263,0.3753633004247622,-0.022734230204685853,0.9913106581578984,0.14422412102256232
S43G01N34,서울 삼성,2023-2024,0,0.27053987407842806,-0.7147313014415727,0.8672142859912799,-0.4622534321131677,-0.127033720696136,0.544820652564685,0.12918776569276524,-0.635001444547993,-0.14637533482205645,0.6696770096014337,-0.40351293969951424,0.996125818910926,0.1833383369203761
S43G01N37,서울 삼성,2023-2024,0,-0.430714218203337,-0.06239020966016317,0.029475331675091733,0.13056165729692068,-0.21522290146167525,1.7772573860438996,-0.7434029332251908,0.0023478406487098735,0.13982116588778182,-0.36873230810390895,0.5973321092771369,0.12140579787190524,0.07843787156207392
S43G01N45,서울 삼성,2023-2024,0,-1.2226861307413885,-2.3508097159493335,-0.7635328922092013,2.2831966456395025,-2.290623034741785,0.7280676235998027,0.05608534083178757,0.6234608780339543,-0.020115073564011456,-0.7878190753359238,1.4788379443386674,0.14267702530877582,0.2439345708184247
S43G01N52,서울 삼성,2023-2024,0,-1.0648667842962676,-1.0808900008064528,2.599942758223837,-0.013899011423620548,-1.669937786001965,-0.33550045639449183,0.5656159716890993,-0.24650615159868794,-0.9917370309464689,-0.00034567931415933087,1.3998861450145599,0.4935340265387702,0.24240449829764837
S43G01N56,서울 삼성,2023-2024,0,-1.1462633535938154,-0.02497046379004129,-2.1089045141400775,1.1816894481110558,0.21260024601724625,-1.1806524495684598,0.32915302559354026,-0.23275030903038496,0.08991711682332676,1.4354585491915106,0.6001388995752177,-0.07904796710942369,-0.16655831678353847
S43G01N60,서울 삼성,2023-2024,1,2.8890686575420848,-1.3627255998186658,0.6292949501369796,2.0006382970030168,-1.0294159358019102,-0.8120510137825008,0.18324862939944692,0.1271701606668238,-1.5885230014662703,-0.7242285063771342,0.30010977051356874,0.5937700309749814,-0.27092588718556054
S43G01N64,서울 삼성,2023-2024,0,-1.9425077555647754,-1.7409348102275994,-1.3711731231565067,-1.0690701230274362,-1.5561616691736935,-2.0222854457252417,0.924853931851715,-0.559517229951489,0.45878654542287245,-0.4292624951548949,-0.21724348080900258,-0.8745710209788636,-0.13470825207590403
S43G01N66,서울 삼성,2023-2024,0,-1.2045377709988043,-0.1826127330875936,0.33894603155236264,3.559899928051979,-0.2843065622737811,1.1328284709966043,0.0653309842719689,1.1446921169458244,1.4936858758498077,0.8401673102436444,0.23591640411340153,-0.45401747641305307,0.6675541436808476
S43G01N75,서울 삼성,2023-2024,0,-1.0594321302620218,-1.4017860104880067,0.5363310632335806,0.7323468234659509,0.20421022588177234,0.18306608677450997,0.038497952456823685,-0.6973486739325434,-0.9526521171815046,0.43793734255873606,-0.8056840949682953,0.4450176826238442,0.6049820257428155
S43G01N81,서울 삼성,2023-2024,0,-0.10865832449462626,-0.15091792551849295,-0.10673822106563323,0.40704933588117304,-0.7363305019741685,1.0666464829465327,0.12953577431099372,-1.0881417585344215,-0.26665089975236933,-0.4296885618444619,-0.19848768829970817,0.8053929376253278,-0.015404476019358359
S43G01N84,서울 삼성,2023-2024,0,-0.7037905726623123,-0.21762775134671436,-0.3129537240827407,-1.080205695257504,-0.06550749228346148,-1.3681126768357892,-0.20436896842574753,-1.9399162871137003,0.5538523229102486,-0.09954858092598756,0.751315741092048,-0.8916102461657814,0.09629848927320872
S43G01N88,서울 삼성,2023-2024,0,0.2210925110862757,-1.387453244023731,0.438566745072645,0.07322154414037035,-0.6822416000822425,0.18977293751964294,1.8286187385836843,-0.2793878165425256,-0.09843061177758006,-0.6455149178203061,1.1265231045359116,0.011560092996195788,0.6321906613762535
S43G01N94,서울 삼성,2023-2024,1,0.7663376130636195,0.6095984866581775,0.8518830882378835,2.658247130613789,-0.5644835034653862,-0.3368842466902747,-0.18364156118741992,1.836249547382772,0.814707170268585,-0.33658597646547495,1.548437884387129,-0.5300713436721337,0.06779664185032558
S43G01N100,서울 삼성,2023-2024,0,-1.6026156232348812,0.23013440839667254,0.23994709824450164,0.5918343728480502,-0.6157260971821534,-1.7976837047645053,-0.6101346243631137,1.2771222643516709,-0.8699066738140099,-0.026552291969065712,0.2879350691125044,0.8688032663952086,0.535817129446532
S43G01N104,서울 삼성,2023-2024,0,-0.9966958678846208,-1.4103284321611558,-0.07057430803567845,1.851846695210965,-0.1930846097067535,-1.1771659355389406,-0.4982211859204002,-1.1171858251148852,-0.6205240183468063,-0.15585866500045162,1.477844653432989,-0.5594628578537092,0.3674959632188182
S43G01N115,서울 삼성,2023-2024,0,-2.33808085038566,0.18348754378290627,1.5137610268436021,2.06158650609112,0.35020935137188763,0.5914949608423745,1.3371926963079697,-0.4573500661157245,-0.3092029704058638,1.1298657756756987,1.134707853241245,0.11909232798070385,-0.2601082034440964
S43G01N120,서울 삼성,2023-2024,0,0.12246762216782162,-2.231639220958471,0.33698159244617,1.3937287421301334,-0.23949473954026618,0.12346746054661092,0.7296522465537609,0.1974002965637191,-0.6648600372545688,0.7537092842322674,2.626303355920216,-0.1217254570329315,-0.16894999087021945
S43G01N125,서울 삼성,2023-2024,0,-0.10464258568312652,1.786085694655212,1.8177182927612021,1.0449966104033155,-0.3218286775666706,-0.5485266821571262,0.2941726205344304,-1.8017004517911255,-0.18260613893444644,2.7478959763443687,0.07796954814385403,1.1282838997847624,0.6996776004962659
S43G01N127,서울 삼성,2023-2024,1,2.2180537601341475,0.4751933692498911,-0.7125133751652369,0.9328705264421704,-0.1306095309952407,-0.5133550855852677,-0.054686720953600984,-1.7216850520521232,-1.3164489983710983,-0.31793416228027344,-1.0820870939595821,-0.04816975300581268,0.06804394643795708
S43G01N134,서울 삼성,2023-2024,0,0.428158962987275,0.03954056951108278,-0.873236635020396,0.25935088107762705,1.4575519308427183,1.30681241327884,0.7613998232340541,-0.6995017019639803,0.6445849426092136,-0.6271626837868772,0.31658294665696524,0.6739778807869629,-0.1672273565233609
S43G01N139,서울 삼성,2023-2024,0,-3.6545058518557045,-0.022792474581904268,-0.6618713184923672,-0.8389028414787213,0.7404878800427034,-0.7121329589535095,2.0798906772148453,0.528623998657269,-0.255805662879227,-0.03293367312554339,1.3162875374008336,0.6429780362059788,0.41175313755557397
S43G01N143,서울 삼성,2023-2024,0,-1.9505056911709466,-0.47640774799157176,-0.6705969167778029,0.7047386240178863,1.1816454097139584,-0.3691558201989583,-1.53151030963427,-0.8159994204268208,0.0006408197783810732,-0.5165314873857012,0.4115460424272937,-0.21737204287691078,0.4204436370741972
S43G01N148,서울 삼성,2023-2024,0,-1.8071151869866644,-1.1853542245636557,1.177489554401196,-0.9275228136647875,0.8676206102311134,1.5799762140111002,-0.7108966127477914,1.417268513621867,-1.3619916471837654,-1.8571750989759728,-0.22297667386496192,-0.430084789557313,-0.2977412568291877
S43G01N157,서울 삼성,2023-2024,0,-1.4566828915966001,-0.07218363631620628,-0.7810437262638954,-0.2972004677695593,0.26752641762434803,-0.1530162440952725,-0.011250104963257485,-0.022353273626271288,-1.1275645399112286,-0.5304577304150573,0.9857001048228483,-0.021454513658888615,0.31355333550530307
S43G01N162,서울 삼성,2023-2024,0,-0.0669504639625993,-0.9289961573488533,-0.45584953249040805,-0.5438304727609367,-1.6609774085928481,-0.04843947115793931,0.7404030953214614,-2.632990789443737,-0.22828758019601664,-2.075919246869836,0.6615908023459788,-0.5788044343960336,0.21851300191326087
S43G01N166,서울 삼성,2023-2024,0,0.06536661315657763,0.26730796197360224,0.40514225717682806,1.648517704496394,-0.45899634456083666,-0.48531895492652993,-2.3364726301712757,0.618066897039648,0.3793489276177374,-0.3377888708828702,0.2681626863401534,0.09971292868079525,1.112935914336009
S43G01N169,서울 삼성,2023-2024,0,-0.10557362101964501,-0.8034314572970542,2.5535856560387886,0.920763341046688,0.312475998457463,0.4413757462268922,1.3013480206666346,-0.7899947017728352,-0.40450261523101305,0.6603866925899461,0.3747946653970867,0.18183072562382305,0.7110851721399796
S43G01N175,서울 삼성,2023-2024,0,-3.081211867887965,0.5160470456553214,1.5358064464990242,1.6768515775681234,0.047855105158596804,0.20452691311199792,1.9476360580605265,0.9045189069335916,1.3881728689431205,-1.1101324285005982,1.1565170329498302,-0.5826445367439641,-0.08442730387808892
S43G01N179,서울 삼성,2023-2024,0,-2.228431424188949,-0.1349232941206322,1.3261916951773,-0.9923566851513322,-1.1333892660614517,0.44589655627208813,0.2365984628648782,0.2481901603848604,0.32785924345218115,-0.9695076235483664,1.6264324547797764,-0.030308769596502354,0.5187851576697425
S43G01N186,서울 삼성,2023-2024,1,-0.6535365194511897,1.3750241086811843,-0.20609942276319984,2.6190514916942,-0.5941742661769733,-0.5981272404317969,-0.07667726071033355,-0.20168621153635757,-0.13944721045377217,1.0525500544983155,0.14340324474096205,0.25924265639274485,-0.30213922358379014
S43G01N189,서울 삼성,2023-2024,1,1.1729861760402966,-0.2981241804798648,1.133043667310493,-0.1415925173395406,-1.0669404946190402,0.4657080020348724,0.03412605750678525,-1.7314614493362823,0.7585173817153216,0.2818288829003691,1.1065975483352504,-1.3100056886725844,-0.5619993823867856
S43G01N192,서울 삼성,2023-2024,0,-1.2028891747141022,0.9549531561855099,1.4436833923888106,1.6196228456515303,0.19383401096836386,-0.4086970080351041,-1.0549372390973122,0.38300616400165494,-0.46349320801107663,-0.9131441668602153,-1.374738574857677,0.37330640155870176,0.18090891311283658
S43G01N196,서울 삼성,2023-2024,1,-0.057197911794955925,1.8749073623606614,0.016060998047876814,1.5482807756832866,0.18472426383583132,-1.038877789107405,-1.051119112481027,-0.12407545450805324,1.1585705585012276,0.5731958408450892,-0.30022227372244825,-0.9290512011801345,-0.19905649905368866
S43G01N200,서울 삼성,2023-2024,0,-2.162943425712366,-0.6052243425669215,-0.8851583099821603,1.8089240344146917,0.5756173690771147,-0.19992476975446027,1.1887208101830273,1.7172220914793364,-0.8603556226113718,-0.6369502719734458,-0.23912055756102688,-0.27273602723236323,0.13807439953395476
S43G01N206,서울 삼성,2023-2024,1,1.5054498673280516,-1.613928956739541,-0.03656145063092417,2.0096116274725606,-0.289589858369705,0.46078832278024656,0.7038969206597981,-0.11609730716696719,-1.0824749438754269,-0.040931805696428014,-0.9473125219398537,0.19044575961860408,-0.28342815368823276
S43G01N214,서울 삼성,2023-2024,0,-1.1658566696530481,1.5782515863795648,3.036904955615035,2.9002752798193656,-0.6349716678444938,-1.951885964505678,0.3059669577454683,0.6729405756129813,-0.11494934508293796,1.4546467142412294,0.04941549558577131,0.8695063208959748,-0.3737118053587661
S43G01N220,서울 삼성,2023-2024,1,0.991182156320337,0.2944643247508204,0.9653314613867429,1.8010991676342463,-2.6879240201700267,0.39670988719180517,-0.6732051027660582,-0.43196781465141815,-0.561651022407597,0.6721092658526987,-0.018730700072829252,-0.34137170389263977,-0.1479091818310899
S43G01N224,서울 삼성,2023-2024,0,-0.3252533742999363,-0.21086733468375227,-0.18943676072319318,1.746750433552364,-0.39456943440973036,0.3266364425061921,0.9696151903968725,-0.9135717538325073,0.6339979363038198,1.5421130159868894,-0.5027623731738992,0.15281889218045164,0.436393696535763
S43G01N228,서울 삼성,2023-2024,0,-1.3797316924767709,1.0273733058927703,-1.1207682754958257,1.3394223760924284,-1.1045603782389222,0.18718240724841798,0.536221981527401,0.9359268732257242,2.5269326012637374,0.5160867925762569,1.7712306626161918,-0.49737656303617217,0.29389814006032894
S43G01N232,서울 삼성,2023-2024,1,0.17516887116491245,1.2356516206887707,0.3358246521802888,1.8933739748513068,0.46700363496119995,0.5532734208635345,-0.9198752806385073,0.2036827242032633,-0.12159238851399268,-0.06206704910881755,0.27829476693393235,0.12586139466518698,0.5973407509115403
S43G01N237,서울 삼성,2023-2024,1,1.3867047053080315,-1.5712407092424114,-0.6764848304720775,1.77924699608798,-0.07692045951838018,0.38368362622056706,1.4397228577413714,1.1166398433067424,-0.9040017651776414,-0.18614264342626366,0.40687482411255316,-0.46175953245470713,-0.12462102208158549
S43G01N240,서울 삼성,2023-2024,0,1.52276988837669,1.2268448086276424,0.7795289446952116,1.4735692469271229,-1.4225431945714928,-1.052562683380794,-0.16112289095874108,-1.6536772250998997,1.7514978588076933,-1.3254925980557748,-0.2254096942744999,0.5582253467188368,0.38612602173335786
S43G01N246,서울 삼성,2023-2024,1,-0.014670597038570252,-0.10480242019422284,0.7735551887641434,0.5273129444328235,-1.9728582484236707,-1.361534539495028,-0.5995881236988896,-2.06482920417525,-0.18747095109503686,-1.0649153649897798,1.595555529182767,-0.7360312935536149,-1.4520190198667302
S43G01N249,서울 삼성,2023-2024,0,-0.514245138105963,1.5238475493459804,0.5340209042518488,0.4642181852693729,-1.054420058417513,-2.184906487656095,0.5112713004398425,-1.158845983737956,0.5898350228021089,-0.8157132512274007,0.33939872876265165,0.21117711518093008,-0.31749042228262364
S43G01N256,서울 삼성,2023-2024,0,-1.1116493568216996,-0.7233131585169988,-0.5648808529061803,-0.6320135761357688,-0.6441060997613295,1.0675484432211295,0.8468763159333781,1.1519533837872868,0.5380777088444245,-1.165278660743324,0.25739062326499335,-1.1412363468754967,0.4494728109942369
S43G01N259,서울 삼성,2023-2024,1,-0.6169788617457929,1.5871602240224276,-1.0922067393659114,0.4437159945991446,-1.3425054324475265,-0.31572992024683316,-1.4098914042128168,-0.6460839532744796,-0.512553456988887,-0.45382247605922293,0.2072892335441785,-1.0900281211032907,0.6038788800503023
S43G01N270,서울 삼성,2023-2024,0,-1.285285575171552,-0.3267361428793861,-0.20762999425329287,0.5277773530795535,-0.2914680216334152,-1.0801260936162522,1.4152472914839502,-3.1975306271308526,1.1935449139922982,0.42707964553478783,0.5438864258394343,0.9008533235325832,-0.39541147210652905
S45G01N2,서울 삼성,2024-2025,0,0.26025152130660756,0.40009174509262296,1.1721765208427275,1.5610968028795371,-1.6754420331964717,1.211981115892113,1.005800293142651,0.03757940798783747,0.8107072820129196,-0.868038929134236,0.4933840948135273,0.3157767997014593,-0.43655415943418463
S45G01N4,서울 삼성,2024-2025,0,1.6884423258847092,-2.1874996585213067,1.0571147691055087,-0.5957276099167538,-0.9449728112568594,-0.37037840258933286,0.2025978573829021,0.8116548447475285,0.5391790728286673,0.0744090920002485,0.9903321317154925,1.1174194433023172,-0.14490365043118614
S45G01N14,서울 삼성,2024-2025,0,0.40257895827565593,-1.023430800360147,-1.0528489044932507,0.3618766559037662,2.08466953029765,1.1210484651921342,1.2783398463677356,0.8521839269658184,1.3501071060148688,-0.8456436283325235,0.3996706387077866,-0.33737072078039393,-0.07089012302169412
S45G01N17,서울 삼성,2024-2025,0,2.3541609280344042,-0.6711300248957278,1.159785968772168,1.349768543238891,0.8911435049017208,1.1463034496497961,1.4937321049533872,0.49054031927778236,0.7448433973122485,-1.681065118201146,-0.3002371902291651,0.3864326809363609,0.2327637221017479
S45G01N21,서울 삼성,2024-2025,0,0.6668946527539037,0.016715775418815748,-0.8005622598517934,1.6384451778582272,0.6623169997592242,-0.8281902829600608,0.18059344369563474,-0.7208940918678348,-0.5729765774146192,-1.0810964652987103,0.16018980539020328,0.8682592626911898,0.10234469554155917
S45G01N24,서울 삼성,2024-2025,0,0.732125447679744,-0.9961839957683801,0.058461169466827806,0.5736409963389532,-2.57662463362563,-0.5474286772123985,-0.3940781675602395,-1.2312782310211048,0.15393388509657752,-0.4410619650404468,1.2817270634309117,-0.5256362125827114,-0.41955840259932975
S45G01N29,서울 삼성,2024-2025,1,-0.3638448425093428,0.6263127128613568,-0.7215528993580325,1.2694185434487293,-1.0526414291532102,-0.2782857311499379,0.1926693997437774,1.4170486447873236,0.4882817045233494,-1.2445295643920868,-0.8405042868035154,-0.2209980451530772,0.49751996433405893
S45G01N36,서울 삼성,2024-2025,1,-0.4894626705899267,1.367471910047753,-0.021764883510115234,2.2900995042823293,-1.321445497627486,-0.2344087789492902,-0.6974450632327184,-0.530998654320198,0.8233789332443772,0.26360789457736794,-0.49152496414014174,1.3346583113043478,0.11936169703585216
S45G01N42,서울 삼성,2024-2025,0,-2.3700986896742484,-0.09515004604281135,0.46756031153859084,1.190183436485263,0.8671718867077248,-0.7796987637379825,0.45534566877269383,0.11115485921617009,0.5993176993869624,-1.4346042281847828,1.1121868954351157,1.1139422785599462,0.6069575029305341
S45G01N53,서울 삼성,2024-2025,0,-0.2642165658850554,-0.05238215671838968,-0.6903642846203327,2.8247878769110013,-0.85817696124734,-0.44686044381124174,2.517442189664201,-0.12871120621645982,1.4656848735561152,0.807771024033885,-0.16596853385689847,0.45658673985831594,0.053203119447535974
S45G01N59,서울 삼성,2024-2025,0,-0.4430267035527698,-1.8431996274617728,-1.260114184994902,0.7753997874817384,0.5401123069600365,1.3796680959147007,-0.2541260862329512,-0.7283596279514529,1.1221335726367843,0.6359994710328198,0.53457800573741,0.401246916222753,0.5794299638245848
S45G01N63,서울 삼성,2024-2025,0,-0.46579060864825705,-1.3811782919961293,1.698595510213599,0.22324546768785358,-0.57436260828579,-0.7114033077688096,-0.4113132618948634,0.48562407710104216,0.9467133233967093,-0.4660629636376881,0.17299104860491737,0.014839234865755408,0.2363542137341401
S45G01N67,서울 삼성,2024-2025,1,2.228619887960881,-1.268980863694706,-0.9097139107918594,0.5386294123641306,1.1434299392950555,0.49084104209208557,0.39033388068537744,-0.7280079322305294,0.3895551147503605,-1.3336956721893483,-1.0617973789368595,-0.21549197418064872,-0.31968456390748196
S45G01N71,서울 삼성,2024-2025,0,0.21260172203125857,-1.637818135746482,-0.18645580351896496,1.3469113575243852,1.4575426709240065,1.4976348679280556,-0.0028463144790365517,-0.44280081705935104,-0.0038928122138532162,-1.3642211252246177,0.6331132344319167,0.6495881065744865,0.12476814139229088
S45G01N78,서울 삼성,2024-2025,1,1.4794856660007691,-0.5689213801896426,1.749571128615388,1.1445790775381264,-0.5104444133906293,1.4509832968982885,1.76345738864226,-0.1572809309366657,-0.23139829625436348,-0.38763242912842294,-1.133217880254141,-0.16096915799659717,-0.042855094057168315
S45G01N81,서울 삼성,2024-2025,1,2.028480249710464,-0.07149261235126571,1.709505119939188,2.299684630686334,0.24695838433399714,-0.07125167324717739,1.4812867722481553,0.7333669927472186,1.0093740836990106,-0.6929874195577236,-1.8930064121879009,-0.3112779924738346,-0.30827129485656857
S45G01N88,서울 삼성,2024-2025,1,-1.4692474666193651,-0.38940439901204266,2.3807250132690436,2.139535477049821,0.23290693204224508,0.3611525041028868,-1.2322111568549916,0.8527636036568484,-1.2580015535145428,0.36319628616889393,-0.6309036531473949,-0.2309718998452342,-0.05009443858032755
S45G01N90,서울 삼성,2024-2025,0,-1.6380230568788106,0.22290058540792806,-0.44659778449129717,-0.34983934651019954,-0.35177214437895216,0.0985598315554615,0.6728518058319507,-0.9213010655479272,0.008911524756236406,1.0308443846143809,0.015816772472380648,-0.39066938335679535,0.5250098584844762
S45G01N92,서울 삼성,2024-2025,0,-0.6697323706564654,0.33997349836879837,0.5447048639120856,-0.3126290861461123,1.1035849138607994,-0.2803898621228019,0.06313377859461318,-1.5633951245104218,-1.2402347791683292,-1.0927506475254956,-1.1033633417981912,0.03578723743541518,-0.6597854146812255
S45G01N96,서울 삼성,2024-2025,0,-1.5213421307531003,-2.377403280800109,0.5831385377636177,-0.09563545087237567,0.5490932744111294,0.34956244715891166,-0.562486966436158,-1.4662250300605537,0.2692552900255353,-0.14191921584811107,-0.523424662730876,-0.45231644602236787,0.5160335444506535
S45G01N105,서울 삼성,2024-2025,0,0.05532572636744943,-2.062865401446529,-1.1606959247151303,-0.11933949425367596,1.812845935773111,1.7749386860286476,0.1253452030009035,0.6113765902503906,-0.6906495019287824,-0.19554753557540017,0.10502383494942659,0.7012718239782376,-0.24480226821439063
S45G01N111,서울 삼성,2024-2025,1,1.0918910950728669,1.47906765338828,-0.5806422678481893,-1.464509401823401,-0.6878558346024722,0.8556069144948909,-0.36166432106200297,-0.4370654212582184,0.011496835862352015,-1.235486955354257,0.027037191471060203,-0.44645017608908116,-0.4431610398923061
S45G01N119,서울 삼성,2024-2025,0,2.205530474757196,-0.4379154780093996,0.25884843735127994,0.6134522434632025,-0.5141964528348619,0.7064772631187967,0.8117393008454067,-0.9798308424870961,-0.4709179431725519,0.5740839287066467,0.8907222203445957,0.6160530791102025,0.6972493963444053
S45G01N123,서울 삼성,2024-2025,0,-1.9585658694547772,0.4774026190917552,3.3761410480835607,1.0685004891831693,0.3711860997373923,-1.876492342688012,1.3261079367086095,0.3617276106088922,-0.3656131254516059,0.20615979888723776,-0.41075900216849415,-0.10605549136029285,0.2538041236111714
S45G01N128,서울 삼성,2024-2025,1,2.802955877119915,0.6439937029369132,0.13883943998719714,-0.5929756662359417,0.10684247067518145,-0.11804710461654384,0.06589330124168769,-2.2740453270597323,-1.315493061570896,-1.4836834294983492,-0.8088151419078266,0.46296581912421686,0.22543883968194542
S45G01N131,서울 삼성,2024-2025,1,0.35001356305777165,0.9556240915519891,0.9893456188477469,0.42533193441077155,0.5979708601058884,-0.9612364070926381,-0.7013904864158583,0.45051540343495833,-1.5823869341650656,0.5632262124544999,-0.16060898777625,-0.4501540902359674,0.6236119200095576
S45G01N135,서울 삼성,2024-2025,1,3.2891865945654812,-1.071720336082279,0.19445600441949262,-1.6997131993731516,1.563593855438431,0.6275597199483156,0.8419644303592752,-0.43286758694204663,1.0712639703250388,-0.3343368633346811,-0.89585526639485,-0.2142347242441824,-0.01749981977624123
S45G01N141,서울 삼성,2024-2025,1,0.871725745920902,1.0909772343540103,-0.41507925244976157,-0.8101442654063734,0.3790124309357188,0.7562851437579005,1.0990303897100377,0.14623032781893053,-0.05213632349351706,-1.530443864870418,-1.6100585090495445,0.2766162559955386,-0.29163785395832426
S45G01N145,서울 삼성,2024-2025,0,-0.23676516547740895,0.17336200725088075,-0.8013941036516272,0.34731890029345425,0.39328338215261954,-0.20093938160388278,-1.0503029916822242,-2.6915270358579493,0.236361196639487,-0.5329707499018446,-0.0316794174054845,0.40817126180416113,0.3437412158604117
S45G01N149,서울 삼성,2024-2025,0,-0.2423598445034054,-1.7830445774852879,-0.005402916489109378,-0.4401940724673907,-0.5579786969423842,-0.017103792264537003,0.6560805426185352,0.5762808049456803,0.18160765112964528,-0.09030085656167912,-0.17353999877771223,-0.015815210448492704,0.055104650588474004
S45G01N154,서울 삼성,2024-2025,0,-0.965181435421955,3.2463892223449116,0.4820106865270512,0.3668590355121213,0.7463155248376772,-0.7457736815290976,0.23882499626651388,0.5249951871183661,-0.9357113777670513,-0.4713767985231147,0.1409396870498629,0.7844261407501373,0.32455958342289665
S45G01N159,서울 삼성,2024-2025,0,0.42409615353399394,-0.5268909017566251,0.48841268912481733,1.1206727743701972,0.12672709465306536,1.9504342006921906,1.9632979008260119,-1.9817425270374311,-0.09187523900509573,-0.16350352067472362,-0.2334476910495622,0.23748435143733168,0.3992446867037634
S45G01N163,서울 삼성,2024-2025,0,-0.15556500783667462,0.3698332266848992,-0.735345136317105,0.16440558128568108,0.0835330282874957,0.5978797980886695,0.7766879529727513,-0.0779825564224646,0.4582616279660429,0.053891805325162585,-0.1218530603352264,0.7326551972145401,0.05087866648556563
S45G01N172,서울 삼성,2024-2025,0,-0.3337186132555283,-0.8063646209460533,0.09582229513919854,0.06018484297417154,-0.70950863193487,0.5493099088251346,-0.013910706899509006,-0.4517183216813219,-0.6182734259246317,0.544029252574238,-0.29270797685822775,0.9247285387436844,-0.3137260205474559
S45G01N176,서울 삼성,2024-2025,0,1.422048726219186,-0.40429953011508657,0.06265966118872866,-0.4229815227005039,1.2183376961848278,-0.36881305777038687,3.767744321996046,0.679901377148527,1.8902131318207462,0.61165268058641,-1.3358585031820183,0.33615690321107183,0.3142824956614722
S45G01N180,서울 삼성,2024-2025,1,2.6021027983003777,-1.5035444834733382,0.7037135592527001,3.119504640216913,-0.6598662679949979,1.0901527796291468,-0.22648945081892727,-1.3955844667359485,-1.0258863701038738,1.3064873010974,-0.5508885019660033,0.5824745913342421,0.5268882329780953
S45G01N185,서울 삼성,2024-2025,0,-0.8098923398302166,-1.4018846481989367,-0.4516632655313196,0.5097572665076416,-2.295981166626594,0.11760674896415017,-0.06795182844980867,-0.06425515341226731,1.7110719670992591,-1.138730319153354,-0.29037898915903887,0.12544243286369847,-0.38365545090266706
S45G01N194,서울 삼성,2024-2025,0,-1.2180639929454369,-1.3295530816339103,0.36271780229509004,-0.4388843394465956,1.57803169922886,0.19257339748488683,0.06834976103023725,0.9176847492363205,-0.5779619306838901,0.060201445727509156,-0.4057643456819391,1.1230144733182355,-0.8999210148882592
S45G01N198,서울 삼성,2024-2025,0,-1.8617748545357178,-1.5960546755759744,-1.3674993376968931,0.4617878928688633,-1.0496228245865322,0.26885020783711444,-0.5291496653677721,0.40090782451143864,1.1879549994290755,0.8679936269008914,-0.5982300388191466,0.38546258928040555,-0.270293191997614
S45G01N204,서울 삼성,2024-2025,0,-1.2877270505073757,0.3804537850193807,-0.7186090745307433,-0.13668582115899613,0.24987345000231115,-0.8780110608010422,2.2494760141016634,0.21764859255288488,0.19084850469320022,0.46868763410376424,0.37708009176178914,0.04250106655158538,-0.1150736715640121
S45G01N206,서울 삼성,2024-2025,0,0.5513403442518328,-2.117024724292511,0.2787137664896984,-0.00610032503604685,0.3186017540329147,0.17660005833234768,1.502724497427679,1.0998699733286494,-1.6986930355195216,-0.8204109729211065,0.5610634762104514,-0.17336098969905625,0.27378819918180325
S45G01N210,서울 삼성,2024-2025,1,0.24998114046558226,-0.5467874854542675,0.08087338196525225,-0.7853755939195106,-1.220894328853694,-0.2178928617400224,-0.47259124556753546,-0.9070504351611636,-2.0980218066998177,-0.4076361834310856,0.34332078881193695,-0.40614423705154856,-0.7701235444417429
S45G01N215,서울 삼성,2024-2025,0,1.4156938761638467,-2.837657995990589,0.10666085360204526,0.11509675230125477,0.6961707742840966,2.483554730344217,-0.5042223681458553,0.6614907599413875,-0.129850880972387,-0.9424064605442579,0.9847465414814149,0.5869352435399919,-0.11342758903657367
S45G01N217,서울 삼성,2024-2025,1,1.419695851996777,1.184726041606187,-0.20853658479268092,1.1066840400450064,0.26509556338265605,2.2295743951791285,0.8002145722457592,0.7794057149034269,-0.21404770903001552,-0.41548224917596205,0.7434147999399957,1.3786216969054161,-0.46575070791724077
S45G01N222,서울 삼성,2024-2025,1,1.9136864513559024,0.09346064741008614,-1.66812882684715,0.6099086559761568,-1.3562844843148456,0.0473105265787172,2.4378429245245212,0.2389795130559097,0.14963878364771152,1.1941597141432052,0.4690241900148233,-0.5864557289864757,0.055941666647158016
S45G01N236,서울 삼성,2024-2025,0,1.2276238620081257,-2.6444034322288403,1.5070099454691652,-0.5110309641778262,1.2322805339339462,-0.16114140779666875,1.8904297737012647,-0.15202242933735569,0.23110729335478658,-1.1381364994223209,0.19767923225970155,0.07706955936875082,0.5992513682810862
S45G01N240,서울 삼성,2024-2025,0,-2.427759033395051,-2.016998075821727,-1.2188141918004223,0.5419780062508518,0.07844131833049711,0.36160013990048684,-0.3956978442043073,-1.402766306962,-0.07021081616102758,0.39755646927718996,-0.222516322509399,0.7918781823659863,0.4720619327350851
S45G01N242,서울 삼성,2024-2025,0,-0.4907680896055088,-0.9174942771391297,2.0193750118904226,-1.4276257186332064,1.2088073289990087,0.16700345652848583,0.6322941732825896,0.5209141410212451,0.5594442365049354,-0.9884986866533844,0.4196194560987135,0.3716493041332864,-0.1404593443250093
S45G01N248,서울 삼성,2024-2025,0,0.4549613886530911,-0.8358500200552285,0.3933485394086228,-0.7538821124317783,1.8512275965659903,1.5193116282099317,0.8488833752272669,-1.5100436082791777,-1.0971714347437211,1.019413924578376,-0.4789715385768431,0.1763327270594274,1.0737931434779548
S45G01N252,서울 삼성,2024-2025,0,-2.845122949649506,-0.6327464522965982,1.2328586520165836,-0.7814968959853237,-0.25207850092678263,0.7363753389880084,-0.36062373562240246,-0.0007826198548895727,-0.7290710428682272,2.1247039236096588,-0.3668291707319816,0.20680652875611494,-0.17085018375254055
S45G01N254,서울 삼성,2024-2025,0,-2.3335839850344393,-0.5104827512009423,0.4555315147826315,-1.2360456167225344,1.2758631731662413,1.3014135547464234,-0.3038066293669017,0.9608208315559058,0.23118518712181624,-1.1417907780279857,0.887021825773326,0.7994402058522513,-0.37792469058224354
S45G01N258,서울 삼성,2024-2025,1,-0.1738309799799961,1.9744663437186096,-0.4789185428079435,-1.2392892197452088,0.24694761936126094,0.2965284110775175,-0.041217501987688504,-0.0582945438403892,0.057387854085982036,0.7369802202380537,-0.5554635798299327,0.17920169868725658,0.21109538357322027
S45G01N264,서울 삼성,2024-2025,0,-0.2613178434879183,0.43358720968590775,0.8929083415222399,0.026510202754015135,-1.031995300163844,0.3225475838808838,0.5840454902049365,-0.4608596546372378,-0.08144816854571238,0.09704944476740474,0.5561547424583391,0.8166588008981729,-0.5291366196376089
S45G01N268,서울 삼성,2024-2025,0,1.5567324510316962,-0.816703760665044,0.014251702013661754,-0.3324082053714979,2.2609984215954464,1.4308990111481972,2.020514026452248,0.2521684088900584,-0.9108204029932139,-0.45243238419336756,0.005124351746822656,-0.5935135522942535,0.620279459410373
S43G01N2,창원 LG,2023-2024,0,-1.4134846077284497,-2.1109908236396486,-1.2699211145447704,-1.0874743483625449,-1.5238794773996944,-0.5430088182021036,0.5737088991588334,0.006543776447732494,-0.17169900360830592,-0.15480359987625925,-0.014123306169514911,-0.5797894723062267,-0.37911628207029574
S43G01N7,창원 LG,2023-2024,0,-0.2136044157812102,-2.0511670934251898,0.3518666379657453,3.287066947610686,-0.07377551422535912,0.4174177926750501,0.7792725100349388,-0.7574444156738572,0.1252741518584719,1.1451392924412827,-0.3567323057301802,-1.0743782083073024,0.017866872541940734
S43G01N9,창원 LG,2023-2024,0,-1.1322676763355775,0.8524758280046634,-0.05392859203681965,0.4287624784890206,-0.6536552612077687,-0.1871601068170877,0.6005836178928303,0.8542096498913127,-0.004823732611862835,-1.4651061381722232,0.3022641714389667,0.7744958770638001,-0.713263891330282
S43G01N13,창원 LG,2023-2024,1,-1.1157325110527663,2.652244608984832,-1.5014417721978979,0.42382725333235066,-0.9438116746291441,-0.1308608960371318,-0.6450660626880613,-0.6628161497810023,-0.39028812759843884,-0.8331752621718496,-0.8821883566519383,-0.40224036036021116,0.742798380596193
S43G01N15,창원 LG,2023-2024,1,0.6879907490870055,-1.071129947174645,0.640831001491475,1.1260033446953717,-0.2438441242182571,0.3141480497147247,-2.47519876430864,0.9756742892691709,1.196428718283525,0.08789743429843569,-0.0988165875665646,-0.6480571101847001,-0.22751144462310277
S43G01N21,창원 LG,2023-2024,1,1.0280650156136881,0.1256744936301686,-0.6927141309369139,1.3873972365570533,-1.192529977504563,-1.1797551654753742,-0.531964248460982,0.6213773583427581,-0.5153248362848638,1.3153694927228947,0.33399796311508034,-0.09078349196997332,0.10654286192584576
S43G01N25,창원 LG,2023-2024,1,2.261305045119448,-2.1751642640243958,-1.2981935977053256,-1.6373692365180055,0.1366464704415366,0.21704982411998436,-1.1228220608367159,-0.41734995941833297,-1.4376945820677662,0.665478630176426,-0.9154270139950658,0.12203148364778461,0.39885861643875586
S43G01N35,창원 LG,2023-2024,1,0.9137167430869931,2.541598807667111,-0.8724021389990261,-0.12278199725087874,0.30944475544524486,0.5646684620123515,-1.6133037746144772,-2.1575336807784784,-0.6507502920804621,0.6994072144977331,-0.057827324988960614,-0.08665630611922541,0.7352633281714263
S43G01N41,창원 LG,2023-2024,0,0.20520415472128814,-0.9660566253940164,0.629702409756073,-2.1104272570116276,0.8859620230955857,1.1876802125516566,-1.5333526129107462,1.0160473452693166,1.5349438349467992,0.8123819088941868,1.783878844994538,0.7509370148814537,0.4394836147420498
S43G01N49,창원 LG,2023-2024,1,2.72015172329645,2.5659152807828285,0.15030499450505813,-0.0892922389456317,-0.03973955088892185,0.9418774534542984,0.7500421105439585,1.4234959788059407,0.193930789315374,-0.7667704724496118,-0.5368586283433396,-0.7410369872507986,-0.0020893903661873916
S43G01N53,창원 LG,2023-2024,1,-0.047850864977535,-0.47374312675684876,-1.3951149181635676,-0.27322474014094894,-1.010323909474952,-0.6784622869459683,-0.29871014118537,1.3109513329728912,0.4871699091922368,0.359716385017714,-0.9039932614521609,-0.25917051725483753,-0.45077617831231837
S43G01N59,창원 LG,2023-2024,1,0.5423407645421634,1.2966806186463997,-1.0290062067364867,-0.27962928643866114,0.006040480369128378,2.4130546240846895,0.9297967184894546,0.08790523553303839,-0.4072969030857311,1.3196939993689172,0.7268353799624002,-0.10529530173239102,-0.6400030242955691
S43G01N63,창원 LG,2023-2024,1,1.982973146052083,-2.065229028320506,-1.0259384545349135,1.1948238238200284,-0.9842023255346039,0.9279513826497165,-1.1178116135431404,1.156015750255227,-0.4049380894640038,0.7673291167300049,-0.8257144722361244,-0.4524216849984923,0.14340591447032588
S43G01N70,창원 LG,2023-2024,0,-0.4388516596308013,1.214852906472002,-0.9501533040710048,0.6581637263744123,-0.6917171574153662,-0.44802485971118844,1.8022013649556228,-0.04666922443425197,-0.7059381896299303,0.8356513964528242,1.2381627737434102,-0.03154540325991221,-0.20291845924185728
S43G01N73,창원 LG,2023-2024,1,-0.5422175263720183,0.9986702836709382,-3.6377750430508846,0.08374375708567401,-0.358582682141289,1.8162367830475326,-0.5493475740394913,-0.4562204596509369,1.0610271097802946,0.9226914790028627,0.7949322594055903,0.26859220455745514,0.4128124183979791
S43G01N76,창원 LG,2023-2024,1,1.7100331144942447,0.42381291842879537,-0.7339520090998294,0.8954162693540354,-0.6674607845594613,0.09252769997657888,0.18192750543445807,-0.11156214468690441,-1.2964160663372783,-0.8507912089014509,-0.2778563383829913,-0.6573550914379966,-0.0546600777252344
S43G01N84,창원 LG,2023-2024,1,1.0528957432593713,0.9641544248644791,0.02269428658405342,-0.7672485429253344,0.37000712496026955,-0.0538843922929293,-0.3483974770992122,0.34512790669803045,-1.095954954154451,-1.039726511441365,0.5175308130761894,-0.3081967902464424,-0.18033729702412762
S43G01N85,창원 LG,2023-2024,1,-1.0570190334582752,0.6704747826899288,-0.004522635273737052,0.7520457686818567,0.20262935884495345,1.023499543782097,0.09408158705933285,0.32579456277223884,-0.24604179856219166,2.1861485640838367,-0.4105456907928663,-0.12919942924756414,0.22191410338955375
S43G01N90,창원 LG,2023-2024,1,1.3969963964671293,-0.8551713091402061,1.2118064472410397,1.8072039096052357,-0.4062633377736302,-0.1924359086032338,0.9724641122232234,-1.1572774063033906,-0.7973499404958219,-0.3121442004477937,-1.4059962301578615,-1.511922793146639,-0.1431563338437925
S43G01N93,창원 LG,2023-2024,1,-0.8544512400087076,-0.5465977872798101,-1.0397224282016753,0.07488334009127605,-2.104059951615366,-0.6894325934854669,-0.6751995901218406,-0.15100703878261182,-0.013739193044665017,-0.3434233336865288,0.34422215054573807,-1.7419276003568742,-0.0779759944752239
S43G01N101,창원 LG,2023-2024,0,-1.4005498017282754,-1.2419875065631583,-0.06165187183811494,0.8725050442625667,1.062741442624375,2.0205722387709173,1.3903689275456717,-0.33081183246792956,0.4742833547038546,0.6084789595844857,0.2354996498652392,-0.3892905600812625,0.3786138486268629
S43G01N104,창원 LG,2023-2024,1,1.3580931580330367,0.7555294937397045,-0.5089864519700451,0.05840453156792081,0.49273569168090753,1.8495597551621448,-2.253239930037308,-0.7734078649169998,0.6008325517914299,0.4139744172094869,1.054789540885901,0.5414781447344962,-0.412850290093423
S43G01N113,창원 LG,2023-2024,0,0.8923147963511019,-2.622618385965409,0.17702330495248103,2.601380502345326,0.5536380263957177,-0.4078877114114292,3.37088472858113,0.2584262512974291,-0.0377706632062411,2.4605905651239306,-1.3509314141688489,0.4901517189436237,-0.19406640804308647
S43G01N118,창원 LG,2023-2024,0,-0.31080241200979264,1.3140922182192316,0.5569623463054562,0.6902788468786455,0.07615149388679708,1.418037556133958,-2.2051872123831595,-1.3629303619280106,-0.37168481972914197,-0.3172993119924368,1.1404790277334456,0.29218383515972546,0.8890164672438828
S43G01N122,창원 LG,2023-2024,1,0.5981961132988551,1.5439859697758558,0.25026238046953736,-1.5685497742596297,-0.6286487602753743,-0.056719439023940235,-0.5717288426081165,1.6222303908104507,-1.2378814702173482,0.6593702295401557,-0.16795108785190235,0.3857465612201166,-0.0868235415591008
S43G01N126,창원 LG,2023-2024,0,-2.513738567149615,-0.5614077549094046,-0.26882915058896956,-1.1083735808930848,-0.07683581026710198,0.1591909410427719,-0.8254400942907011,0.27443651702158967,-0.15545971276066445,0.26767156992558355,1.3357027331942868,-0.28134215277813507,-0.5647755974335782
S43G01N131,창원 LG,2023-2024,1,-0.4776296546701173,-0.5133973375797042,-1.0351673167760396,0.23212049674260274,0.777081727710017,0.6822308476310394,-0.7065383708397727,-1.122170306616903,-0.8242762452591942,1.4230956321124875,-0.579839413362782,-0.4342561047044596,0.06322822434281468
S43G01N136,창원 LG,2023-2024,0,-1.2800926293496486,1.228112116144065,1.4528618577442471,2.1017164511529,-0.01317489389211196,-0.20483563951052972,-0.9803534186052729,-0.028337564523709165,-0.9733951254039305,-0.9068570686149109,-1.3776982868641252,0.9071616441688937,-0.5064841402861981
S43G01N141,창원 LG,2023-2024,0,-0.9954417475302617,-0.01031162254861007,-0.30822420325440486,1.3543091727147636,-2.2145050785835343,-0.002866741498517949,-0.39426711777153645,-1.744575748081725,-0.12143636758491139,-0.3129465227791268,-0.2171402729659116,-0.31886429617813444,0.10018476005279872
S43G01N146,창원 LG,2023-2024,1,1.9831232796842622,0.5886818709844847,0.3953828017390093,-0.32282718589332554,1.6949605264314187,1.1261787150169347,-0.4966751110395487,-1.306614174672419,0.06969814261744621,0.04639904332767359,-0.3055211553503105,-0.20159909055469735,0.3577454959514008
S43G01N149,창원 LG,2023-2024,0,-1.652835262358332,-2.0044461843737675,-1.7093935857088518,-0.1975046267076489,-0.3870714864918095,0.5099075444122395,-0.6412668275403132,0.524957037448252,-0.9578229569505049,0.6476506855000823,-0.43211778691550623,0.6832604199780197,-0.04830998684719093
S43G01N156,창원 LG,2023-2024,1,-1.9558927140281686,2.930156472426287,-0.1267633330312783,0.2307668146670288,0.09049557271502533,1.5014026540038896,-1.1456935749211332,-0.2796019273990237,0.807420102139776,-0.5199680004457206,-0.12698187967477395,-0.6262703942845436,0.17959522604432293
S43G01N161,창원 LG,2023-2024,0,-4.232892578101828,0.3991153650373541,-0.8036066052851842,0.6096534034998965,1.1368112454790533,1.6019346040222953,-1.1228319382283751,0.7696568780816101,0.6259878079749281,-0.16953095542412616,0.7142734006215421,-0.17120881526082576,0.39454944645775786
S43G01N169,창원 LG,2023-2024,1,2.588042732051193,1.763914437057075,1.1528329244317834,-1.4323320721970765,-0.38141698287825837,1.6244020607132355,0.2011105888101203,-1.9442952491421188,-0.6287534031662081,0.7393084287713118,-0.9342161253701763,0.45143435513963937,-0.0045140580137111785
S43G01N174,창원 LG,2023-2024,1,-0.7605200961587428,-1.7317718262961344,0.4859929566240383,1.1570822773636884,-0.9200852060968197,-1.3426773209777814,-0.8947077952825498,0.38422810914150174,-0.8908865721528715,1.0693885227641595,-1.6672383793563532,-0.8718472301085065,-0.1289836292810971
S43G01N178,창원 LG,2023-2024,1,-0.2398523583339687,1.1482817001975676,-2.056492294743003,-0.5704458701031762,-1.5977102473225786,-0.9139004881067339,-0.11656616554875032,-1.0489987021754346,2.0683586227131667,-1.7352561334104397,-1.8776136888378394,0.6356633802330097,-0.41449920319444233
S43G01N181,창원 LG,2023-2024,1,0.2951807622155599,-0.09215564890861741,-0.36175864586830503,0.41520349164831377,0.24314767580455088,0.47653633407163315,1.7736839572513743,-0.1735448433458706,0.267365659030458,0.6175793800239211,-1.638438218452144,-1.135699337395645,0.36894660088783815
S43G01N186,창원 LG,2023-2024,0,-0.988336196668573,1.003106822409344,0.720184777115746,-0.2974884545692624,-0.8723737301394855,0.6478837813956524,-1.6625845266958668,-0.21966293637883372,1.4464748437687855,0.13769453113932056,-0.029946641925341185,0.21818980732361415,0.24805922130646305
S43G01N191,창원 LG,2023-2024,0,-0.7487704534569157,1.0593805149313988,-0.3264750618862079,0.12417411454628491,0.07304759796416174,0.842774695416023,1.474842642558242,-0.7041288171424622,0.8379597908845346,-0.3628413452781673,-1.0675399982013818,-0.19607079733023192,-0.20312047421782176
S43G01N193,창원 LG,2023-2024,0,-1.7229570387956972,-0.8446875735170114,1.0010955609082,0.8751634404628458,-0.3133820794824476,0.09236437650591815,-0.8749180390018505,0.6793523859343158,-0.2992326212476878,-0.9424154618195277,0.44057173702308267,-0.1542985594245622,0.6356482723179451
S43G01N198,창원 LG,2023-2024,1,0.6069190628953454,1.9222657691771687,1.0520026541836571,1.4293812907442571,0.7972719769776626,1.4070087928049582,1.1334661757587812,0.3997908758054899,-0.5319775591172268,-1.454179221106257,-1.2789463694995697,0.5346540598281844,-0.3957626205395267
S43G01N203,창원 LG,2023-2024,0,-0.4491125792735575,2.7458664063137337,1.8870638099425507,-0.7845532269676451,-0.5853789609695325,-0.07646251511981485,0.06645182033740947,1.0632143851713827,-0.39617723805036914,0.08034480928792004,0.8196864715321183,1.8535021497553705,-0.21888879360797983
S43G01N210,창원 LG,2023-2024,1,0.7534014944156658,0.9283038258203271,-2.128973917758108,-0.41208039753138265,-0.1956763121967053,-0.5565809397753415,-0.7052023772619326,0.8949439379856887,-0.3097364139331801,-1.1095735163800713,-0.6928654206986246,0.6136336049956289,-0.044123486474071855
S43G01N217,창원 LG,2023-2024,1,1.7388754483005326,1.991240864990454,-1.4797882762599048,1.4305799653296671,-0.3860051102972574,-0.949615022969197,-0.05120159861026945,0.44341044783647493,-0.14913487107045054,1.9237176947052776,-1.2333306463023157,-0.23227908377727097,-0.40134148814267095
S43G01N221,창원 LG,2023-2024,1,1.0090866564784968,-1.439779804031315,-1.1481445983419822,-0.7247212571368886,-0.4374785058865272,1.3497373730375934,0.43501089862512843,-0.09805003064860499,-0.84306121357818,1.8958055344287854,0.25289997707229767,0.6796346329259477,-0.37544479446719503
S43G01N227,창원 LG,2023-2024,1,1.742253294989999,0.3911393719961227,-1.8449477730337145,-0.1512439433760162,-0.7750888049094461,-0.3338911685808976,-1.4472343389812117,1.3559810752387347,-0.018109652870413565,-1.740455416512886,-0.6867393817656088,-0.0794080799814401,0.3678636004863699
S43G01N233,창원 LG,2023-2024,1,0.04998325593542325,0.6631151416082387,0.1767280924174809,-0.5706526155157896,-0.8898908511963137,0.5487001855481513,-0.09074249620521574,2.046259835855072,-0.3402102258799588,-0.178952130864799,-0.17426823462629046,0.04084197733286108,-0.5633018056992584
S43G01N239,창원 LG,2023-2024,1,2.93607750020272,0.36573183391820624,-0.8125965776015585,0.941583156598528,-0.1779675952553333,1.242726846434577,1.1867775663632285,-0.11764300696296676,0.9310289442730229,1.4326979101876478,-0.618031154476491,-1.0114376576183985,-0.07002004131225067
S43G01N245,창원 LG,2023-2024,1,0.973050911521522,0.4732677606368948,0.3845513972846182,-0.6532136854103386,-0.631628272628535,0.4058174681853792,0.6266242272690641,0.1830427126552201,0.03749471258362088,0.6045688576711127,1.0283119907593055,-0.4524525619184975,0.5418120579530903
S43G01N247,창원 LG,2023-2024,1,0.8214071248550232,0.5951216073863974,-2.6361464130840755,0.3597038780963052,-1.1894768750024853,0.4727964735004604,0.28714418480187687,-0.27143700457426967,-0.1410008393192983,2.159766600115763,1.2247247756097746,0.5393726014009346,-0.02787477939937744
S43G01N252,창원 LG,2023-2024,1,0.6882327979777716,1.7021253425807208,0.6314967142124974,-0.09608859501265168,-0.7344368978296253,1.3393511251987484,-0.31428519039721564,-1.1008996999589287,1.272198522447082,-0.3554764907936757,0.06485827504104677,-0.7161282398851815,0.3755360155023432
S43G01N257,창원 LG,2023-2024,1,-0.41458781670538114,1.0818498289569758,0.6291375882360987,-1.049672104897571,-2.450051082832154,-2.2699022138125198,1.0198745047532596,-0.4812995532003474,-0.7436175438489545,-0.4083726608821161,-0.7946756276035146,-0.26333913585809476,-0.7499736026800019
S43G01N264,창원 LG,2023-2024,0,-0.5792079058248683,-1.672698659622499,1.9686517289694465,0.9065566812955594,-1.0540794731853835,-0.4560657471456341,-0.28221718257841083,-0.3696503454568548,-1.0632615283974558,0.28219829600654234,-0.5429057460218593,0.2771549694720788,0.36709918012341175
S43G01N270,창원 LG,2023-2024,1,3.671173027880057,0.200595305517055,0.11955460893906424,-0.562257240862326,-0.4532598571823414,-0.7771606596642331,-2.417309949947046,1.013472740696012,1.3847423556871818,0.35367632629539075,0.3092958731261789,-0.012210243195735531,-0.05251329686555149
S45G01N3,창원 LG,2024-2025,1,0.192202193908213,-1.507444203433565,0.9513908606648821,1.2082247594058575,-1.2434588727372182,-0.4138210391931397,-0.626808945474737,0.10696548870690686,0.11633478142280261,0.767351683005326,-0.1625471641850849,1.051273501732965,-0.764521962554472
S45G01N7,창원 LG,2024-2025,1,1.8715911473678044,1.3166904397177104,0.34243882243011736,-0.8933159570525816,0.6550745797924633,-1.106290514347558,1.7156677591833163,0.5451484872617178,0.407029701663226,-1.2205402745265739,-0.37897493459126724,-0.3207660650193196,0.30690966603216174
S45G01N11,창원 LG,2024-2025,1,0.44351840367741335,0.38021028302106014,-0.9520800845968399,0.09140055587135387,-0.7803545761081141,-0.34413401331542315,0.24129139705969416,1.0229878650648712,-0.1403736699530429,-0.2521092749054669,-0.11778879807534523,-0.2090201958990151,0.09484595455556619
S45G01N15,창원 LG,2024-2025,0,-0.3405266802946998,1.5065020107850227,-0.4735893436790423,-0.2908778440946123,0.9720280766287811,-1.0456040786689558,-0.1328359983760578,-0.891603441881831,-1.0533321287487865,1.2286559485206523,-0.9836449331401972,1.171652503694949,0.019201592540007924
S45G01N26,창원 LG,2024-2025,0,0.14492625273069504,-1.5965589308533736,0.46730243799627286,0.6397554512800875,0.9516321892371292,-1.3895287757603978,0.6331860514580492,1.0124816320265397,-0.4366961326523535,-0.03898252844211058,-0.5538523713951099,0.7251163698622725,-0.4186918207284394
S45G01N30,창원 LG,2024-2025,0,-1.4227308313749556,-0.008831405636631755,0.42318779596134914,-2.859865191795118,-0.8067528219235468,0.8771667637273611,0.10244843798951307,-0.18040057225912842,0.4785045426355946,-0.7825867032515974,-0.5705909291068805,0.2907311321205582,-0.5214395490594547
S45G01N36,창원 LG,2024-2025,0,-1.5196328433287292,0.2832858990203271,0.29958212605434054,1.5423702298921558,0.8501135668177483,0.3431651371238314,-1.599141922648863,-0.7750698211812717,0.718798157159286,1.0015556441847673,-0.860655846497252,0.3550825897268737,-0.7184229580029802
S45G01N40,창원 LG,2024-2025,0,-0.9428811540116077,-2.208740625309879,-0.38648763437529643,1.592233261154881,1.1116217030164777,0.2345142240507002,-1.0024210715860853,1.75903075533426,-1.4343852432291564,0.3633994851074839,-0.621414807574778,0.7570771234432133,0.3134041635520987
S45G01N43,창원 LG,2024-2025,0,-2.217412835891248,-1.9028917184934422,0.2713155792210344,-0.13078102846233744,-0.22218924860315167,1.695039028358826,-0.3315810272518726,-1.726782933066001,0.21246869978156854,-0.5802106970295072,-1.2512025721553317,1.2795263496733214,0.40038737800460766
S45G01N50,창원 LG,2024-2025,0,-0.005289841440324274,0.05830283181746986,-0.2562240300758055,-1.0598272638910389,-0.7732641455132782,-0.8863572766886252,0.10725055004226866,-0.45983407649389574,-0.18062925002711136,-1.2063176490476148,-0.9608633736387261,-0.2504825792045657,0.4078485315952432
S45G01N52,창원 LG,2024-2025,0,1.1275290935917246,0.8201104169783522,-1.429035207820657,0.13491628409601783,1.5991502629244223,1.99633705947301,1.7657513160410432,0.38500099692642364,-0.31535158441003514,-1.228357344424801,0.691463364539591,1.1802433977558424,0.3492408010071105
S45G01N58,창원 LG,2024-2025,1,-1.0832866744657912,2.3377843477092246,-0.7127925422067285,0.23147155916673645,0.1489366506645818,0.10471995764469934,-2.0606126353786935,1.129289164266082,-0.16049412466225224,-1.0794685188834667,-0.1305732439142214,1.2426184149427784,-0.4387757897340792
S45G01N66,창원 LG,2024-2025,0,0.050424251793392175,0.03917919506153827,-0.18051227893186864,-0.4004441703378758,-0.371437514465431,0.13426931702144876,1.0811845439557632,-2.153634809056148,-0.2283348025625054,-1.0395101318653692,-0.2150049397109569,0.24731916145461463,-0.4008360122135718
S45G01N72,창원 LG,2024-2025,1,-0.016663133293606847,-0.28192193912577235,-1.2679011343202327,-0.23112918928090714,-0.9243194469130828,0.24872688985345354,-0.4386703749230235,-0.2021005188016288,-0.2900599534530794,1.016950816943676,-0.17470299128298167,0.05094927549809801,0.4896897850080487
S45G01N76,창원 LG,2024-2025,0,-0.7629276915439575,1.997029174730183,-0.5293019374430892,2.8385121814229883,-1.5928116235642273,0.9382051962295833,-0.033771592066915934,-1.1858045507223371,0.3912708842312656,-0.6734283936321083,0.10483596738274369,2.00645956261258,-0.376951836643168
S45G01N82,창원 LG,2024-2025,1,1.047386711757888,-1.0318943407767578,0.7528618078636801,0.07584103129354346,0.003250321980854332,0.9710875661566862,-1.2795486571228778,1.0261947754904408,-0.28787475655647093,-0.8019991664048453,-0.6112435627373782,-0.25939243783530463,0.1204691338475813
S45G01N86,창원 LG,2024-2025,1,1.25155769052956,-1.4864503617222398,-1.579347559265108,-1.1046374237414363,-1.736397058574798,0.3187462600369306,-0.24421886800222978,0.12229013999522906,-0.7979631354493204,-1.0141587383532338,-1.7081062479733744,-0.7840158986290277,-0.009033023781364892
S45G01N90,창원 LG,2024-2025,1,0.17187367280563692,0.8100809388040795,-1.300137749238599,0.08886264266703073,-1.935548864930581,-0.231458777348967,-0.8653209281710047,0.19359380674520385,0.5585539656435593,0.16750420146213033,0.476546989582296,-0.018473076301017473,-0.31991472010035255
S45G01N94,창원 LG,2024-2025,1,1.3005139398937127,1.1778923726514074,-1.0873853815267538,1.524980972282526,1.0250567494390326,1.0546902706426884,1.5385998684336295,-0.022794085862379555,-0.40953453868707895,0.27987563346462313,-0.8051242244970284,-0.2521943559128839,0.28113806003698344
S45G01N100,창원 LG,2024-2025,1,-0.06345698420294431,-0.6873201700699226,-1.152249371857165,-1.2227291612462474,-1.7192792577521692,0.948851458205686,-0.5281677222181819,0.45621387561754956,0.6045429782952059,-0.37568464742284535,-0.8399981806254707,0.8412985431834769,-0.459116919656466
S45G01N106,창원 LG,2024-2025,1,2.1675680386122735,0.30721117354860306,-1.16575593620984,2.15102153394074,0.5735910518349301,-0.42173842185092997,-0.660669269978274,0.20360722078683324,-1.8587080959185778,-0.7587079688498868,-1.5829753456885358,0.1014163566056411,-0.7267400530770437
S45G01N109,창원 LG,2024-2025,1,-0.5112249880271318,0.257957409525817,-0.21699238229843232,-1.138309600444304,-0.9577128546149661,-0.7651902020187092,-1.6498344290954796,0.11898175865602421,-0.23987232333482403,-0.09944735992551079,-0.7807116582063952,0.962320577095129,-0.10908812749448858
S45G01N112,창원 LG,2024-2025,1,1.3463816570321352,1.5150923023074863,-0.7050330750617434,-1.6401735957916694,-0.06391093965120243,1.7303630462055106,-0.5642798364747972,0.8995220858466004,-1.568757513964835,-0.14436972083229732,-1.099835810355438,0.3891210836097053,-0.3846951808818491
S45G01N117,창원 LG,2024-2025,0,-1.1256071877458445,0.7636423986623034,-1.2737766906496835,-0.3225630959118446,0.20475746513196072,-0.5129699789698686,0.23924361964177138,0.8518623460066761,0.960634888236442,-0.9667999917986172,-0.7378285412141727,0.3113693001982799,-0.3031407166993845
S45G01N122,창원 LG,2024-2025,0,-2.9378398172996767,-0.3731003783717016,0.7283055654606263,0.2522557353366816,1.6223328477599563,2.503793295723855,-1.387251503867773,-0.5422056946952486,0.2649327879054897,-1.1485994826537291,0.12911184744860144,1.254906941118011,-0.5415044843849426
S45G01N125,창원 LG,2024-2025,1,-1.0000509134398399,0.34151246829102355,-1.9020972239622445,-0.061190112827432225,-0.7340685570893497,0.7315317452023554,-1.2355769237237593,-1.0436273897507298,-1.0530888510340217,0.7265662060333272,-0.4893966559251017,1.8041202869322532,-0.28556705691368983
S45G01N131,창원 LG,2024-2025,0,-0.7668678322518862,2.0224342279710403,0.1253294967560886,-0.9620193821105507,-1.5314126845049316,-1.0965903268451163,0.22171221298103827,-2.474213919029066,-0.9579755828204828,-1.9951706855602869,-0.8383734123811212,0.17646213470004146,0.2196922921684333
S45G01N136,창원 LG,2024-2025,1,0.8290659342786866,0.6855724645996867,0.6184750172422524,0.23771132851935317,1.092960589762397,0.40056644781750156,0.7025897240405257,-0.6757123262057501,1.5138196918805886,-0.14324157190707804,-1.1352835398644787,-0.3858594254443804,-0.22301280416486385
S45G01N142,창원 LG,2024-2025,1,-1.1008549621007135,0.8544822017118484,-2.356553099430449,-1.1254691180092224,1.3677102062558757,1.970038950482416,-0.99210611806007,0.8184694468946578,-0.3391235867728093,0.11183290242714959,0.3334655800616611,0.49003288969398173,0.06918700147968103
S45G01N145,창원 LG,2024-2025,1,0.2957385305362682,0.33497132910097793,-0.009228581196615335,0.335763520068083,1.4429613758327169,0.8733809884006636,-1.7395972935023585,0.12532250428181316,0.47582011842721655,0.24803758438045634,0.5850317685187906,0.6672954887142826,-0.09326645869387847
S45G01N152,창원 LG,2024-2025,1,0.6346575222747038,-1.6847846200411556,-0.8531795366618435,-0.30411714249149063,1.5657330922737822,0.9802960298841934,0.6684489062759277,0.15769517656243998,-0.6679427866530563,-0.14832094973762533,-0.1337611549252841,0.4404762697821194,-0.7266688598211661
S45G01N156,창원 LG,2024-2025,1,0.07962644819424936,0.5361223453632141,-2.0915959417199557,-0.38664802701312456,-2.4099452680009703,0.351696275319463,1.7977761246031443,-1.2018890082206308,2.3493230062010486,0.15430094177885628,-1.419986609138225,0.37327921632449235,-0.4361531865481941
S45G01N165,창원 LG,2024-2025,1,-0.2944307395829221,-1.0181892386786906,-0.8679558212539077,0.07261497001481892,-0.19307704539546106,-0.8821919042504466,-0.6992315044533636,-0.4012526497297195,-0.23627787303344558,-0.4684038453178175,-1.4327121208505753,0.021203267710856843,0.37373141842772195
S45G01N168,창원 LG,2024-2025,1,1.171589371947274,-0.8500222043554778,-0.6115707933357655,-0.9341202880304748,0.06853900390835785,-0.6388055926403803,-1.2290572863652747,0.6712680813939581,-0.2552300822861922,-0.9615055333344794,-1.0507284136215076,-0.014524277503162045,-0.0366561830224398
S45G01N174,창원 LG,2024-2025,0,-0.20107242306638431,-0.5656600781918862,-1.283269745744835,-0.7946416876263909,-0.7796209744910314,0.7859497814478315,1.278795146061921,-0.08490635660901874,0.29795713465773077,0.35495066136482356,-0.050484695003123435,0.10593821479319428,0.46696796225287224
S45G01N177,창원 LG,2024-2025,1,0.39205790336987184,2.258110061257114,-1.0433984903370397,-0.25628943091693257,-1.9218594098367021,2.4393513316753297,1.8491469817362254,0.652158142422582,1.5224837618114093,0.55839023952337,0.021144129133177335,0.2683929606678336,-0.5546804548394794
S45G01N181,창원 LG,2024-2025,1,-1.0700295509518367,1.7004014581160678,-1.9613338611070943,-0.9359497128256105,-1.3484267300251997,1.4015271852304851,-0.8122725137874092,-0.5983762108923636,-0.6674002778884108,0.028534389844467038,-0.4120653231260308,0.2140092043613951,0.47194711750118856
S45G01N189,창원 LG,2024-2025,1,0.7832221453104775,-0.973430975179132,-0.7755074025591605,-0.032298002533613944,0.0511046672255455,0.7835443537203813,0.09380988103527578,0.9047247771881405,-1.223536501775651,-0.5101363658698221,-0.11061348227704322,-0.5162998591001258,0.1629310400622769
S45G01N194,창원 LG,2024-2025,1,1.265469528377799,-0.5248521742390981,-1.7923292008902474,-0.7086487308144654,-1.6960687545556568,-0.9514991717245055,-0.1427853453177064,-0.7878641441803923,-0.7509915087007144,-0.935711733434746,-0.6133802310487383,0.5828273937070708,0.20954204692579662
S45G01N199,창원 LG,2024-2025,0,-0.6411751263069141,-2.975534655915571,-1.8467865048460685,0.7844123924912316,-1.574968969871983,-1.0846931735935108,1.2903658693677422,0.5354541314723839,-0.6001779859978255,-0.8749456337345014,0.6622035899071246,-0.14356891819437181,0.11225682945778039
S45G01N203,창원 LG,2024-2025,0,-0.02443818114213127,-1.4879986257257054,-1.3477672983157372,0.026599497033975548,-0.019740483719829078,1.5959159949323902,-0.031425431879562,-0.04484930305760576,-0.9667558001289203,-0.03025982300708382,1.0012332045474557,1.120820227827015,-0.37790572712823506
S45G01N208,창원 LG,2024-2025,1,0.16774138460023025,-0.2495307208512812,-2.7437951889368692,1.0084843870974947,-1.096354059151012,-0.19837425977462353,0.5592845524773772,-0.27710177153124743,0.1206517358236238,0.3061313555223224,-0.15272057638768063,-0.8943835643264255,0.5045966578518184
S45G01N213,창원 LG,2024-2025,1,0.9969681584111516,2.251956361316541,-0.07114241857734581,0.07175401573762924,-0.9032220686350173,0.3502437310528573,0.6877019402960209,0.2963324411551251,-0.8933821920833246,-0.6206849325083007,-0.7247206277757079,0.506556368910606,0.258572577854688
S45G01N219,창원 LG,2024-2025,1,-0.8279229857405302,0.10481625244333999,-0.11930752032049452,-0.1748884172914494,1.009216181098427,0.6322263208496618,-0.36753511213680545,-0.2466699744852945,-1.5600175953864415,-0.16167505243755104,1.09412690918008,0.25102699738873846,-0.9202920549002546
S45G01N224,창원 LG,2024-2025,0,-1.6404759689841877,-0.30251096615079964,0.7106830432462208,0.6198787245835272,-1.0361318235822863,-0.6142803614541007,0.8235891345833886,0.7535802430812035,1.115204047742861,-1.109005378174681,-0.4966868815153684,0.19576789021118984,0.051855963367801336
S45G01N231,창원 LG,2024-2025,1,1.8530252127121125,1.5038856220457244,-0.043535946152444965,-1.911543654851881,0.04523224000302162,-0.1568133052269869,0.9224446137594714,0.8404846388506437,-0.13156969540877025,-0.23086737669326726,-0.9589712677453471,1.5621941604224763,-0.08432984251250847
S45G01N234,창원 LG,2024-2025,0,-2.011250655371879,-1.349512922107468,-0.4827379219622545,0.8047818909615101,-1.6950553126846188,0.14531199897828453,0.23679765859209848,0.9215402988480904,1.2689044622778851,0.7031003748339734,-0.6017887130978894,0.6201977634711943,-0.2269871198000407
S45G01N239,창원 LG,2024-2025,1,-1.5267398453094554,1.827940594371925,-0.8532558243999635,-0.018330960507394595,-0.9814371875225993,0.3652837427695472,-0.324453459786626,-0.6205602966307449,-0.7444553297297652,1.928682573246337,-1.0350823902571273,0.1941010992415255,0.5583434686474494
S45G01N242,창원 LG,2024-2025,1,2.6971277710771515,0.6228972752105351,-0.5091471928160962,0.3054892801657006,-1.1480429146917674,1.0664228182741422,1.4197326697664994,-0.08157408943733505,-0.9862407405267436,-0.24070532469397254,0.019384647668253763,-0.1717700856417642,-0.08458662563654822
S45G01N246,창원 LG,2024-2025,0,0.3565260520440359,0.307347282593783,-0.21954267495993468,-1.2325599075755294,1.6076064992602441,0.19146915696146194,0.716810006353912,-0.6545099612752333,-1.3737698557231104,-0.0001464988543607915,-0.7179731803117246,0.17663837269693342,0.1949922033037113
S45G01N250,창원 LG,2024-2025,1,-0.2303671721442238,0.9780149194723843,-1.6102076090799815,-0.21073272527648385,-1.305763132880436,1.1981451537120722,-1.0103483827877164,0.3824925813641019,-0.44190696013301733,-0.4219960030754357,-0.1346831431558743,-1.1492880155661307,-0.012852520315609406
S45G01N256,창원 LG,2024-2025,1,0.62205993063624,-1.227490633346072,-1.7053772595555372,0.6657278538550809,-1.3942068090608442,0.8912245207294001,0.8547430172975622,-0.0383648273042251,0.0487276464625976,0.05567983831566435,-0.4910872971543639,-0.5281355413558689,-0.37778885315461863
S45G01N260,창원 LG,2024-2025,1,0.12769292717924427,1.128819126607851,-1.6423880427438973,0.8310388750573809,-0.576641908094104,0.9018999727230393,-0.38102256908680476,-1.6988277732313075,-0.0013406261204476863,0.36389195953772646,0.19414877750631399,0.5264960960315299,-0.5651517622453341
S45G01N270,창원 LG,2024-2025,0,-0.2778062898669687,1.9939063729970072,0.032594067413696234,-0.57833669467116,0.8747370471915649,0.8777975280159172,1.5953010174143258,-1.6563242555429527,0.1738252604644413,0.6630307712519315,0.4965418496990363,-0.6066028415150164,0.26049308570515495
S43G01N1,서울 SK,2023-2024,1,-0.6807262833907671,0.36936899692620473,-1.0843004554595446,-1.9842059023884089,-1.4078503568947571,-0.1471802467514769,-0.7950695910230017,0.14643107637002337,-1.7220714339219492,0.523805305354771,0.05870876744797724,-0.6883619990724914,0.10856283827442646
S43G01N4,서울 SK,2023-2024,1,0.7672654927215832,-0.1554216965735843,1.4616098169575986,-0.7477611977583558,-0.1577438179141549,-0.4501347585263347,0.25171884299240965,0.11473952463293802,-1.2817845308709306,-0.30507536072568886,-0.6257576725918459,-0.4357054781835309,0.11895151588552715
S43G01N8,서울 SK,2023-2024,1,-0.6923669143880826,0.8156582048225579,-1.701296535798285,1.0239870083781488,0.16825592519162064,0.6719966597397791,-0.15474098468015318,0.5330763186172688,-0.9924090146431049,1.323348183441609,0.8968977079404677,-0.1081410834890685,-0.2762847461042259
S43G01N10,서울 SK,2023-2024,0,-0.6760701725694754,-1.3382056068483021,0.742633534443769,1.195201301429766,0.24530554627791334,-1.08194507206177,-0.21052187653184,-0.18358162616839824,-0.23287793107197485,1.277543898845133,-0.5822963975558053,0.5429740017346704,-0.4534521426281367
S43G01N16,서울 SK,2023-2024,0,-3.4519470465854174,1.6503135125006958,0.0003886730365138313,1.453968917131025,-0.5298722932519228,0.29467755128121154,-0.6026987302055413,0.00028466547940054294,0.35325420410415376,0.9161204201367666,-0.10026020588414365,-1.3020365686366435,0.17213363138157056
S43G01N25,서울 SK,2023-2024,0,-0.2589767290261758,-3.0834426577297136,-0.9039385056235341,0.11709697237536425,0.3526222042853678,0.6649008274976803,0.32874773733223506,-1.3027338747197552,-0.5318848907642143,-0.1696418005297399,-0.1084594786005647,0.5764550242036702,0.5962564630660703
S43G01N37,서울 SK,2023-2024,1,0.18933359996004254,-0.34680622412810386,0.40069689661372365,0.5574286957743444,0.12204151680593285,-0.17611699562378522,-0.43594311002154346,0.3750336950309212,-0.23607179080273805,1.2377130941626846,0.2807031441518861,0.30294168534013216,0.14681776695847448
S43G01N40,서울 SK,2023-2024,0,-3.0415401165051645,0.4352959597312996,-0.3794538604900147,0.27571612693108344,0.39554218663465757,0.3219841710032559,0.056515187654449274,0.07542452993172288,-0.4321813497796136,1.1672409240355828,1.8469063486177881,-0.08352094572782634,0.47880509923404607
S43G01N47,서울 SK,2023-2024,1,-1.7203798201122067,-0.6810615550424313,0.15429293446079004,0.37449992108827185,0.4889864753744022,1.0091315140898809,-1.9062736766929573,1.3447840839422522,-0.7836048789165253,-0.25122738291430646,-0.2640378588698051,0.05378639285229951,0.3019770550416399
S43G01N50,서울 SK,2023-2024,1,2.303786430726196,0.42817179434145214,0.8853056730112812,-0.5932763361881954,-1.004466749529513,0.5854721127997584,0.04198884529287552,0.8271400246941543,1.9886329810010868,0.0011498189475153242,1.083590353505743,-1.2052412622038042,0.5310632550047653
S43G01N56,서울 SK,2023-2024,1,-0.3738348062624427,0.3244558494165249,-0.931085951886243,-1.1060823523354717,-0.26898859821477333,0.06241522154872012,-1.5694475176364597,1.511131076130165,1.3096315943703454,-1.2121674979893147,0.6171427767562754,0.5298897049793058,0.14597247714990697
S43G01N62,서울 SK,2023-2024,1,1.1935090670849582,-0.4454631787752548,0.5386950738608519,1.5621063350975024,-0.8004749150515476,1.327173769952364,0.03418157200541526,-0.1401027139198868,-0.8143604353902475,-1.0950750657783859,0.6688568140368983,-0.2366604910972131,0.35233592346358994
S43G01N68,서울 SK,2023-2024,0,-0.4283951944768721,-0.10207717479693117,-0.23644608679363274,1.1181668025191476,0.15826228714007462,-0.5011300378841862,-0.9989372893510063,-0.273982237055054,0.18481645090297258,0.242158398361467,0.6547947525807428,0.5380397967697867,0.26197783193718305
S43G01N73,서울 SK,2023-2024,0,-2.8400256625305342,0.4054401265815411,0.7565156597883417,0.10704552539200683,1.0091207678137635,-0.06970100530122567,-0.6957704291371087,0.5171105102623558,-0.95579402044843,1.4064725602677963,-0.9271598505274963,0.7453010958115242,0.8324715405906637
S43G01N77,서울 SK,2023-2024,0,-0.42502843485509195,-2.614357430035726,1.2517512211146746,-0.6030837214949599,-0.08134377215588323,1.1595399101413508,-0.7505110922611273,0.1734281983011988,-2.1591212486537215,-0.39621442108096766,0.2757083041985858,-0.6929148261560544,0.41953579633013677
S43G01N80,서울 SK,2023-2024,1,1.788116662644118,-0.07345448673499859,-0.332727014993876,-3.4624525849010555,1.063583852572062,-0.5931898139999461,0.11153575269342388,-0.15411006647642997,-0.9525828025422852,1.983911395780601,-0.29739040411105244,-0.009907674958956236,0.18603218527075374
S43G01N86,서울 SK,2023-2024,1,-0.3451075544095113,-0.190153798068479,1.5208392253570664,0.19544750022449164,0.7621561138603601,-0.10777018778148416,-0.7833912099308039,-0.7779298726180376,-0.9220485702309434,0.9061392681985612,-1.3971494892633407,0.602732243830963,-0.5781185143683606
S43G01N95,서울 SK,2023-2024,0,-0.23077552772072069,-0.017314347082104373,-1.2987090017277865,-1.2548449776570163,1.39792820902692,-0.8363231983552614,-0.29914038479111393,0.1287771149614922,0.7316577267795557,-0.5721262305591471,0.8901785388553157,-1.2057813734744134,0.5885519863054169
S43G01N97,서울 SK,2023-2024,1,2.0470057599999345,-0.3299538689249078,-1.094740262282395,-1.1996460987359912,0.02806893759955902,-1.239197038717474,1.0265637886203018,0.15325783514779356,0.5027778042426481,0.3828059316201609,-0.2510144011460992,-0.15948760953049604,0.06900509058392229
S43G01N102,서울 SK,2023-2024,1,0.9897643566912547,0.3116160493967989,-1.9032734150281914,-1.3650983319495158,-2.6150395071487513,-0.9585074208730734,0.7053762833440184,-0.8015502638729617,0.27316121282591127,-0.46344352285209434,0.6530746647923086,-0.0864241176401223,0.23266497058629057
S43G01N107,서울 SK,2023-2024,1,0.39903765460356544,0.7120767910388756,0.587108517713665,-0.05108793247342816,-0.3521856995418878,-0.2574792885266493,-1.9201645279806543,-0.5688699892411879,-0.5784080037554985,0.7752647543515673,-1.7063990200591417,0.24879384643044103,0.2187514416330432
S43G01N110,서울 SK,2023-2024,1,-0.3846759905125365,-0.06285316978925698,-0.3388725692607427,-2.121639992537241,0.13771309582123162,0.9066262394321526,0.3763234651894922,1.324187444493353,-0.9896761935785812,-0.03105277561049963,-0.8404525987445444,-0.5342260715442806,-0.30495483447033805
S43G01N113,서울 SK,2023-2024,1,-0.16713954558783517,-2.8937146778718876,1.1738149505168523,-2.277165324588884,-2.2770112919252528,1.614821227733489,-0.2846368049070932,0.7693091277344586,0.46460651263599934,0.20878210399557487,-1.22688619562144,-0.4040860048999099,0.12269263006245273
S43G01N120,서울 SK,2023-2024,1,3.566208921972595,0.10733264511226183,1.918876861698326,-1.070214262545954,-0.7905316367789239,-0.20590942096939083,-2.649070683570269,0.043652161443597105,0.8369498642552166,-0.852811781613381,0.6556847483163172,1.4974338980057393,0.3269378498620241
S43G01N128,서울 SK,2023-2024,1,3.5404997106920875,-0.2404367178926282,0.38786280355566916,-0.17879914038521919,1.9440059225126964,-1.4795908737419283,-0.1889572496291509,0.10906919529033893,-0.9583886325628735,-0.9586498985209944,-0.599320801065016,0.31280119667192813,0.49294493481503454
S43G01N134,서울 SK,2023-2024,1,0.6596727918299046,-0.7839522300888381,-0.7705413726334063,-0.6678113812828149,-1.0890790354469861,-1.1494124337234963,-1.026048256120197,0.6097821242421146,-0.15007483542980996,-0.021423725404253198,1.2155333002030728,0.14447491270190307,0.272003203049977
S43G01N137,서울 SK,2023-2024,1,-0.7892011276098875,-1.7017430291555102,-0.7160340718307598,-0.3128015256169559,0.21257166360783802,-0.46147173193085456,-1.3147235006915172,0.3057436631920896,0.04284692196511718,-0.9557139703295799,0.6159063719433653,-0.811435133546564,-0.5542490461503812
S43G01N140,서울 SK,2023-2024,1,1.3348124232103646,-0.4354888100959552,-0.04412768453864897,1.182642122340892,-1.0027300050879466,1.596479691496613,-0.22654093294523503,2.290566323867256,-1.491105073485415,-0.11099286593236535,-0.10352486017587378,0.44372475132410044,0.002323982093417307
S43G01N144,서울 SK,2023-2024,1,1.065860044399132,0.24433796638250188,-2.0790769989248736,0.6900949274059288,1.924167245640521,-0.6118242357651914,-1.526138004013337,-0.6208445538410909,0.9474641650164415,0.13647183695266835,0.20000781025702952,0.10665362244738812,-0.04102123654292803
S43G01N149,서울 SK,2023-2024,1,0.24574631633597555,-2.102406260040115,-3.45457817543668,-0.0125506834143754,-0.1795324967630137,-1.5622973923579488,-1.6918122965748066,-0.656159949207818,1.3568234392868486,-0.5537381763994904,-0.3473315716199086,0.03471232619214725,-0.032292332633991505
S43G01N151,서울 SK,2023-2024,0,-2.016600886828709,0.8445490163889395,-0.8329803672702466,0.025190330203658726,-1.9523985467883571,-0.5522402754247646,-1.2679486090901144,-0.7786017183298394,0.04085263595260208,-0.9261957555610427,0.7237708941948108,0.7364033554173397,0.5473371139500361
S43G01N155,서울 SK,2023-2024,0,0.34003519623809075,0.1027574287378837,2.4625212877933245,1.57840587256519,0.533361379689302,0.5347205705655068,-0.675527141400751,-1.1042888819013705,-0.13961995237709493,-0.07060447619552153,0.7261900458549738,-0.5808177266533612,-0.25803570753341815
S43G01N159,서울 SK,2023-2024,1,-0.04819535839809085,-0.6106643176243065,-1.047933302255703,0.17256678263519534,0.029085168735680986,1.5293746288363947,-0.41681429435156814,-0.2742188556698803,-0.8529427136102905,0.44592815468552294,-0.33308738898494816,0.022153631455697438,-0.1537095773032499
S43G01N164,서울 SK,2023-2024,0,-2.1804010481689304,1.2749090832247756,-0.634388162797616,-0.02863063615042861,0.3898280739799032,0.2915758668887309,0.1498517796847046,-0.7173697893626065,-0.02671562493550801,0.33949202802168593,-0.9480444149441246,-0.23617324634101894,0.5372365397768198
S43G01N167,서울 SK,2023-2024,0,-0.3367492282123131,-1.2555400955764286,-0.18017728596510343,0.8314437722146786,-0.6019052215898735,0.6241458223179981,1.0000212455720776,-0.7200844270596247,-0.7347748272326696,0.9749750675641249,-1.2800028165712884,0.5684749575672365,0.22677682603111857
S43G01N173,서울 SK,2023-2024,0,-0.5411668633534681,0.4548316153511313,0.01739001886230584,-0.40975527626347524,-1.192521192703413,0.6923019306420772,-0.708945645603347,-0.9770687149928143,0.061237580190248234,-0.4560946241633699,1.0269785117199528,-0.2835483734631019,0.8680117223333891
S43G01N184,서울 SK,2023-2024,0,-0.31197189151473326,-0.1969099480592597,0.9682619904811829,-0.6264706600045591,-1.312230298105448,1.1102496377534783,-0.17246968149506187,-0.47953577489130567,0.020196010078490118,0.671853060006124,-0.5459577192532171,0.3642108024778357,0.39135186570837516
S43G01N188,서울 SK,2023-2024,0,0.2545897884382271,-0.3487006290258804,0.15156968991927314,-0.7221080843607386,-0.7046981763190698,-0.06494485582466437,-0.04895184752630508,-2.1054546247424257,0.004770482740390037,1.2807474425152483,1.1384976129515172,-0.8384342149907001,-0.03694882615160708
S43G01N197,서울 SK,2023-2024,1,-1.4169305703640367,-0.17269740182655904,-0.8264337681648611,0.3132721975236909,-0.9268172514300145,0.8248976219950213,-0.5342128278568029,1.728524783948443,-1.1545442397825263,1.519219290225093,0.3193135712334791,-0.14676170678098263,-0.30536037884544603
S43G01N200,서울 SK,2023-2024,1,-1.1175478103700782,0.5661580782719845,-1.9124680700390806,-1.4494599845685345,0.9510043236917145,0.8719959469888701,-2.0254918623869123,0.6876363549930392,0.3176891909936604,0.8204278908352984,0.1727568236735076,0.3055484578173336,-0.5407432168071568
S43G01N205,서울 SK,2023-2024,0,-2.598877771946329,-0.7054817791930914,0.2823237435894575,-0.9961034306567849,0.3444458005182052,-0.6028871005948584,-0.9764059570899072,-1.3765728175954024,-0.47432723776028984,1.536465594253574,-1.0872433637099435,-0.3291896131587612,0.15660449782115599
S43G01N210,서울 SK,2023-2024,0,-2.3295466422062447,-0.5398723596082262,-0.7194838148514938,-0.2973159291206549,0.13161981180179608,-0.1612971543205342,0.172842338255992,0.6634807947200723,-0.5450084695235393,1.0666777581324336,-0.04183528950860055,0.8558712915167427,0.30383111707972565
S43G01N212,서울 SK,2023-2024,1,3.4051229257772158,1.0676810328836441,-0.35670188538222325,1.7237234625002622,-1.0321596309525314,0.40613551743285325,0.9256942298534991,1.3427058608566547,-1.0859406234057793,-0.10815114165812588,-0.03419485256667271,-0.06184193192432345,0.2162519356497046
S43G01N215,서울 SK,2023-2024,0,-1.9105202969853583,-1.5224181230760045,0.6731724076577688,-2.444430113054683,-0.7430373883361645,1.0277562942666063,0.5392486587089177,0.9677110977215719,-0.20471428116343976,0.36101708785074355,0.04751915441048003,0.18791371363118498,-0.29641878609136874
S43G01N223,서울 SK,2023-2024,1,3.489533476713023,0.17508948431256816,0.24286604804988793,-0.24885222474680804,0.1915883617436849,0.0803152301587806,-1.9738645109751325,-2.1625524255339204,1.133074729158777,-0.95288672303899,-0.48386259068901427,0.030967218759724448,0.21291449216867117
S43G01N226,서울 SK,2023-2024,1,1.7053991519513487,2.4607275541179745,-0.963728849382161,-1.3054063471217177,1.063676246470438,2.208605198739588,-0.6531861875149491,0.3361481181441204,-0.6040904313898565,0.32307933072613276,0.4793692450623113,-0.5780437468154211,0.23439299295782043
S43G01N235,서울 SK,2023-2024,1,1.4927136272576738,-0.34440117699911793,-0.5817543889561653,-0.6726668249125247,-1.4657213521715033,-0.540590306466207,-0.5083638233942961,1.474356076218073,1.436145030751308,1.3232497027290044,0.287642620901626,0.5302002704802383,0.232253674729118
S43G01N242,서울 SK,2023-2024,0,0.740746145839597,-0.5141845518616522,-0.4364786662169059,-0.7604943333853629,-0.025044560642723163,-0.5663798350477041,-0.5596041812565558,-1.647207446326137,-0.0028129582340372583,-0.25039430870397444,1.0492135505837898,-0.059880256082707375,0.021087011006574313
S43G01N248,서울 SK,2023-2024,0,-0.35507952179750063,-2.117761230176329,1.1247981989910274,-1.5456171308756925,-0.1550655543778939,0.2873668851562113,0.00800670131927097,0.3335599333407355,-0.30828259887803583,0.8108247563058818,-0.20479652959817826,0.47338170995206824,0.6109582125032211
S43G01N251,서울 SK,2023-2024,0,-0.48872590331328425,0.032209844563661306,0.32251559784669,-0.6162945519901627,0.7836227756759646,1.4433326140074039,-0.5789111160784657,-1.9435393819193427,-0.16299316893074123,0.8418283865554296,-0.43917852253399575,-0.744521223194853,-0.09705059799555753
S43G01N256,서울 SK,2023-2024,1,-0.058533421134366985,-0.3362812190242454,-1.509769862274309,-1.6798822226896861,0.32269971867641783,-0.6966492082163666,0.1509566101012348,0.10854670479703157,0.8425144271474846,1.557851072689697,-0.12430311081782969,-1.2592769727967574,-0.21186273497689848
S43G01N260,서울 SK,2023-2024,0,0.2639489090585323,-0.3158560457126968,2.188621840330061,-0.6657992142915619,0.8609341160059251,0.9027578404945595,0.32409914930904077,0.21483181811246232,-0.3302109080415984,-0.47679191100310353,1.0956179962626569,-0.32764131300877947,0.3843719535161815
S43G01N264,서울 SK,2023-2024,1,1.6283649570487477,-1.0309794344539642,0.7384354360274145,2.2769588231176767,0.5504061758632373,1.1983741620762522,-1.0909318179039573,-0.07512610662331531,-0.59985576277309,-0.8407056671992981,-0.6345751316546726,0.3116212231388795,-0.4151112128753145
S43G01N267,서울 SK,2023-2024,0,-1.5162499861250889,0.13638896597325265,1.5784679775531054,0.44014827891558633,0.1907220671809711,0.16974051259805925,-0.3115992932105168,-0.5184754258804497,-0.931864445363229,-1.1573859639417714,0.785930568833823,-0.05764722321631877,0.6869849312682036
S45G01N5,서울 SK,2024-2025,1,2.8492621311906845,0.0232873716055246,0.34360560201539236,-1.3089362360632124,-1.6023015939870568,-2.198889204751861,-0.9403940159753768,1.0073249256211219,-0.9458569931692139,0.9312202204068292,0.8456461444485848,0.13216232566997885,-0.054948435885143664
S45G01N8,서울 SK,2024-2025,1,2.1176716828861286,-2.1601039558992277,1.102395186992968,-1.7239767389226286,-0.20232396708707673,0.5434052682479531,-0.4067792696759778,-0.1876189496532854,1.0308148636520535,0.8846536435686132,0.4125620148148363,-0.38595147918726924,0.2769216413471791
S45G01N13,서울 SK,2024-2025,0,0.68620516698429,-1.3619469978806797,1.6208517280009416,-1.3606273303539345,-0.12753901892946345,-0.40700885849581214,-2.2155695511252946,0.23749896704323217,-0.9586973482717113,0.053138042602363926,0.8374736103425938,0.8436549735248913,0.33320795329149866
S45G01N17,서울 SK,2024-2025,1,0.6517241510159679,-2.099559765347815,2.3419416808493496,-1.56690891371007,0.06621504505331492,-0.5055902771889689,0.026373028534076016,0.8460964653508052,-1.043112063226832,1.8970587955433371,-0.31492973084918446,-0.11103556716004429,-0.10110804761772638
S45G01N26,서울 SK,2024-2025,1,0.4384175638507316,-0.8272016766233004,-0.3825179028234546,-1.0833117166890318,-1.0702838169626372,-0.7515510940653399,-0.12303738621894177,0.3325403490540898,-0.4705841284060663,-1.0546251081384024,-0.5982463886453497,0.4082455595618205,-0.45531665371501023
S45G01N31,서울 SK,2024-2025,0,-1.356430108556556,-0.27918860223488295,-0.532676338368452,-0.9923346638520285,-1.195189780362403,-0.7910051931712301,2.2476799704685417,1.3205077248280555,0.021868644630132498,0.363484681081373,0.6563894763288723,-0.5383255368353679,0.12950960122099495
S45G01N35,서울 SK,2024-2025,1,1.6767716094708938,0.20114518714601037,0.4649113466599496,0.19924596264110006,0.07231446636180425,-1.8626217335691813,-0.7191544559056317,2.1783931496474094,-0.06496248919558813,0.18926065439775255,0.9671018709717094,0.2336983137134208,-0.35482143172221337
S45G01N41,서울 SK,2024-2025,1,3.8241699526262134,1.3567907553431002,-1.8596073317493063,-0.5866857356715827,-1.1733871753225247,-0.7315317361397536,0.16953158059507906,0.2523504967821976,-1.398513535368406,-0.11052858328138276,-0.5550256143555836,0.6765858496453946,0.37456238652366586
S45G01N45,서울 SK,2024-2025,1,1.7455126649641237,2.118703043658879,-1.4861372982870493,-1.4349050600308189,1.1351497568787012,-0.48359286700462156,-0.06142228925520562,-0.18948095946162458,-1.4351840208180495,-0.14862410480141586,-0.889385268104706,0.46281143806384406,-0.2582498969484293
S45G01N47,서울 SK,2024-2025,1,0.4089953690294468,0.05382107643551772,-0.24979142177573738,0.5694483448841768,2.5362525033297136,-0.0895712453148883,-0.12431499055658458,-0.7369444172052698,-0.3977446422367599,1.2275579639620071,0.7427031433476436,0.19210024233419323,-0.7135582709188133
S45G01N52,서울 SK,2024-2025,1,-0.22771197656722256,-1.1778312207497217,-0.6266503893350246,-1.9987886256322023,-1.5796613511162518,0.24743991248475472,-0.05204457841915939,-0.4947057854257963,-1.41637458564692,2.0484208546385814,-0.010055548437047793,-0.7125123273555886,0.48041242433000764
S45G01N55,서울 SK,2024-2025,1,1.6204073869140476,-2.3649474282141782,0.3324130723378062,0.5055078694857219,-0.30035983550224665,1.1221928706216004,-0.33066391275675056,-1.2728357326200266,-0.9964438170787996,0.172632552547725,0.03311519657111644,0.01573445523076334,0.3971490417088989
S45G01N60,서울 SK,2024-2025,1,1.8614194088265048,0.30436195442174746,-0.6604603567645756,1.0364666698783338,-0.3110269856977424,1.2894496656677268,-1.02918453644822,1.7004206236382566,0.6301335362918749,1.539696925292448,0.28814213968131563,-0.046652498673180436,-0.7409388572080244
S45G01N68,서울 SK,2024-2025,1,0.2893549356138844,-1.2872901681676596,1.1747804312449517,-2.2410000922014146,-0.7661431109607052,0.5585837069753637,-0.5427288848357795,-0.7724580355467112,-1.7735569709833963,-0.6560785906360787,-1.012307961788013,-0.18034506517723298,-0.10001414762303958
S45G01N74,서울 SK,2024-2025,1,0.4480460139343403,0.6480382944019532,0.02273390797085223,-0.06997186754074718,1.0349292904835794,0.035864524184178626,0.2748370148142544,0.22561182253877088,0.8344531964040239,2.581998033631372,0.062360757741697595,0.08841220523358025,-0.07067933675692642
S45G01N77,서울 SK,2024-2025,0,1.4466518144003462,-1.1191156279279446,0.6924030915011449,-1.3970286268224994,-1.9907488076587982,-1.0228060624444137,1.3380265320486469,-0.9965371961573293,0.30743992201029446,-1.3034614259213666,-0.013970004681405235,-0.2797140448540117,0.06917265229182752
S45G01N85,서울 SK,2024-2025,0,-1.6131215875789566,1.7317981987580353,-1.5705826462009997,-1.4562859281374774,-1.3294937359621233,0.033448334394971274,0.15206777350314468,-0.32999894654462125,0.28913524745829666,0.006418634068142397,0.44937190717982645,-0.37530912477656575,-0.09197634977275461
S45G01N88,서울 SK,2024-2025,0,-0.3188223394424677,1.105742375381287,1.0626945387621545,2.1223480866971505,0.5251717739886607,-0.9626437696210068,-2.1046176354426462,0.051797532700839526,0.19332869332139066,-0.17191450004325626,0.2139671343461159,0.9331209874422511,-0.24846994078023213
S45G01N97,서울 SK,2024-2025,1,-0.8028605609183338,-0.5889380706231111,-1.38163978821484,0.9125698830101242,-0.5855859523954196,-0.1605926922282165,-0.9868492173722734,2.1801114757157842,0.047862881632218204,0.15800933541690224,0.3608963567460767,-0.1668202243331714,0.291823559459743
S45G01N105,서울 SK,2024-2025,1,0.14708023420843855,-2.17989519282674,-0.7738044902684211,-0.22225866660195867,0.9428459255800644,0.2852039657138951,-0.18287347650695132,-0.2556933841029402,-1.8902474115895553,-0.46371403526746635,-1.0231559168442088,0.04236709325975049,-0.11415381660552526
S45G01N108,서울 SK,2024-2025,0,-0.5442969940454789,0.09236027495114306,-1.189172890699002,0.015121444452336487,0.2706534741782193,-0.7331654683137647,0.5250710365793241,-0.1468215861934306,-1.3408058652159796,0.4891075769143673,0.3025711900287221,0.4131253394621462,0.2896434106360254
S45G01N114,서울 SK,2024-2025,1,4.800585447880201,0.41712193865480485,1.7048578214383514,0.22209135670099453,0.4178726341277256,0.42008656066083205,2.2678921847252016,-1.5569210149056127,-0.9799310793274154,-0.6434448686583036,1.1924415211195734,-0.19989145106503334,0.21787550375124923
S45G01N117,서울 SK,2024-2025,1,-1.399174824472715,-0.10186689126406293,-1.148020083653876,-1.1633797906316148,-1.3578544144132867,-1.8425340654314664,-0.23778361881438473,2.099524101693251,-1.0661708244216013,-0.8270316587940573,-0.1618122920471763,-0.029020659699447737,-0.09805379044771008
S45G01N121,서울 SK,2024-2025,1,-0.5683994218417301,0.14789490269695996,-2.277264975379442,-0.32487773563824446,1.5026999658813103,-1.841928130230411,-0.26854085999748534,0.42467787911871613,0.6380491031654663,-0.023584638448265808,-0.8733815861497869,-0.4760575153717688,-0.30448052347689647
S45G01N126,서울 SK,2024-2025,1,-0.9523099209822529,-1.918234202090019,-0.9728614578733896,0.17960948501298665,-1.3953939544337344,-0.553981983492736,-1.6905303318486635,-0.06855588994000333,-0.1941741864495926,0.30835753980897707,-0.47220150326045507,0.002552171913981886,-0.9104114656062634
S45G01N129,서울 SK,2024-2025,1,-0.007484231712297129,-2.6022205079783376,-0.5073759704629062,0.8462147935890433,0.21521447870739618,0.4776318355999448,-0.17663226783719438,-0.7221021577957802,-0.4633266607880913,0.5368383330673259,-1.9191309764167515,-0.1869751061498359,-0.47406646353170323
S45G01N133,서울 SK,2024-2025,1,0.5582143091097861,-1.1594701125595832,-1.3175666296716568,-0.23825544684826827,1.1822369716761791,0.591716124128439,-0.30283202303901363,0.7119867056071222,0.2156242579197947,-0.14269105538033278,0.7631800836526846,-0.2079590532832508,0.13702482341732117
S45G01N140,서울 SK,2024-2025,1,1.8812355415671147,-0.5621354654552161,-1.821873525466431,-2.2299975999509263,1.2905839081495283,-0.6548026694423891,-0.4914266401997633,0.7525895629132446,0.25325236741557433,1.1109619085288298,-1.323981536173689,-0.8198235174013568,-0.0720391969803108
S45G01N144,서울 SK,2024-2025,1,0.47670161283225804,0.9709754144371612,-1.8213521509261712,-0.8323098813661258,0.6932557433646471,1.4542532175285316,0.5168200405003092,1.8761755180330526,-1.374815477345332,-0.1471118075780481,0.14551438680378315,0.17604164086278712,-0.30206481692783177
S45G01N147,서울 SK,2024-2025,1,1.2113763533058095,-0.8412366078123471,-1.6940502655161465,-0.6085272157637535,0.7905233966056434,-0.7983580555940202,-1.3255980897282087,0.16377238498709698,-0.134008072114722,-1.1067148208036934,-0.3504759160360236,-0.043874261798546484,-0.12286585341189148
S45G01N151,서울 SK,2024-2025,1,-0.2506146373171867,0.07233983038692633,-0.6411071232911633,-2.501331504998392,-0.7899001007292598,-0.22284484000438304,-1.9946052462597594,-0.28647149032111435,0.42085237187396773,0.9786760778634456,-0.6417198143756296,-0.289159957665958,-0.23148125663725408
S45G01N155,서울 SK,2024-2025,0,0.20736190454583237,-0.09318431190624103,-0.7599465448781018,-2.0418897058897674,-2.7459883230289366,-2.1193161901661295,1.5596938017977666,-0.002117638377742207,0.5308563649509634,-0.12759468783006783,1.1794770403899197,0.3939271815446853,0.43373939910847875
S45G01N163,서울 SK,2024-2025,1,-0.13980588174881586,-0.10090219397964663,0.39503429085437797,-0.8869459596859938,-2.0797984140350154,0.07278186515852166,-0.14161296400973258,1.574549981215371,-0.2429308277154998,1.005502646050339,-0.08946353682548168,0.7110033920419311,0.20150724843635828
S45G01N169,서울 SK,2024-2025,1,-0.5786279368004753,0.5187735633956707,-1.2136405883873378,0.19464190839034218,1.220914215621946,-0.6131289500748062,-0.10217287958625706,0.7949303177632613,-1.8332942882396528,-0.9798745361649329,-0.3004929683642995,-0.22203081884064357,0.021735312512905742
S45G01N174,서울 SK,2024-2025,1,0.0005695744154284081,-0.48421039358459256,-1.1879308271248277,-0.7719385702288807,-0.8610221201167942,-0.13492944803793683,0.0749738670622098,-0.5644264376972333,-0.06337918393299993,0.05217172089403876,-0.48455468011675956,-0.34587449750056787,0.27453120734894143
S45G01N178,서울 SK,2024-2025,1,1.369406677963139,-1.428126445438831,-0.6622970035704624,-1.2498305046440086,2.3183023826704523,-0.8418624729881666,-1.7718290935882295,-0.40129718450772583,1.8802403959283593,0.2583113205834366,0.32252961701844124,-0.8286035360223538,0.5293237245573346
S45G01N182,서울 SK,2024-2025,1,1.6195820904494618,-0.9927000311627563,0.28687014775627406,-0.7358526512061114,1.2535288187173619,-0.4940579080478221,0.07550623166854156,0.09887817667463199,1.37554939134786,1.3967767790026706,1.0694230567335097,-0.32796754699779046,-0.25739815969478086
S45G01N186,서울 SK,2024-2025,1,0.29234089534353475,-0.22980036985634442,-0.9945614966802744,-0.5148709240446369,1.3630752681325808,-0.548968494994761,-1.0601020297827426,-0.24036786829784137,0.3691431303787616,0.043078142480468734,-0.46447690984766976,-0.9524093499107992,0.40090784951403985
S45G01N189,서울 SK,2024-2025,0,-0.5018210073491942,-1.224549076827784,-0.006488310464177201,-1.081055076619094,1.2875694122901724,-1.9212979853433094,-0.784708898080716,0.1396238137108012,-0.7494466076195482,-0.4432949712467286,-0.132461702671166,0.04542950109736379,-0.2595023159311669
S45G01N196,서울 SK,2024-2025,1,-0.305142487780447,-0.24399873056353039,-0.22979495064773017,-0.9926558797646544,1.0692618867011805,0.12460170937732837,-0.08026134058032616,0.9805348966838244,1.9157769407742136,-0.5508589369537348,-0.4480293489679795,-0.48037898479213187,-0.5226011944211525
S45G01N200,서울 SK,2024-2025,1,0.8243987537438578,-0.8930786012612617,0.5707247943654307,-0.20156564473453567,-2.3259351060366997,-0.9562445434906902,-0.6588463049412655,-0.15794932703472395,-0.5742546025173468,-0.015146512324029431,-0.1674795603441109,-1.2557301515922041,-0.023253453790250452
S45G01N206,서울 SK,2024-2025,1,1.468131496468157,-1.3716610194638723,0.6583662286917362,-1.75156080272242,0.8125425610078311,0.1409894830726828,-0.7165695543836925,0.8168837529902666,-1.0280803944743424,0.6110007242142488,-0.07116751418321574,0.29730209258978313,-0.4708686499680408
S45G01N209,서울 SK,2024-2025,1,2.0849853265135434,-1.150472006733019,-0.8371053361883176,-0.7408998009751544,0.005705027542897201,-0.9332808367555234,0.9768759219443908,2.4012427522431907,-1.0562362335366282,0.8480907314001425,-0.8064943229612146,0.4055299340602647,0.1693777150735691
S45G01N212,서울 SK,2024-2025,1,2.83608812374178,-0.053300222135095346,-0.4626415835591992,-0.30209556833342754,0.013994875382498514,-1.13420128475952,-0.6160141570371875,-0.7053129096693119,0.0015302782991847724,0.3863101701329086,-0.3314252762525297,-0.2648494576408528,0.3134888606411667
S45G01N220,서울 SK,2024-2025,0,-0.07415553926942095,-0.1570503352745819,0.7872737746458386,-1.9062864779022959,1.7812077730540392,0.553319627533287,-0.5777065271804974,-0.06936912720714715,-0.6060740330145319,0.651776702930315,0.5592860471903911,0.14707333029066483,0.7028025950909871
S45G01N226,서울 SK,2024-2025,1,1.4694395611827114,-1.524766812731524,-0.36046645375336084,-1.413938675629893,0.3493109611639839,0.6204997747399276,-1.637157528005563,0.12736200998337793,1.1330040301199964,1.1785592524227133,-0.0019829163288774057,0.5046170182469409,-0.12491756734693531
S45G01N229,서울 SK,2024-2025,1,0.2120007114370738,-0.6510710044532189,0.5802533297943322,0.2673289433039766,1.5645355842119864,-0.29273151608398573,-0.013755708212782393,0.01976725585377081,-1.3525554816295138,0.2014930341352839,-0.5570961419387019,-0.092655917084439,0.12177832509692482
S45G01N232,서울 SK,2024-2025,1,0.7166513922624953,-0.4939430467988889,-0.9584163982766147,0.6147084060633766,1.1606759925590537,1.0978753865097024,0.18628941008568126,0.09905364069274274,-0.8061875595961567,-0.8486836624991145,0.8881228303407198,-1.003424562350038,0.2575165137998753
S45G01N237,서울 SK,2024-2025,0,1.8466331064664039,-0.1584306589588571,0.8382497435086624,-1.124044361436464,1.2747591319233136,-0.48932542575429094,1.0087571818469712,1.271777934128179,1.2287798554324305,-0.5291781899521779,0.2832698614333348,0.8661309844656251,0.5009934797272063
S45G01N246,서울 SK,2024-2025,1,-0.2892878003041254,-0.6586907985568511,-0.2548906892914896,-2.211065148680769,1.342980489311038,0.830635413931109,0.5808898735517739,1.7003926610338138,-1.8550855914983435,-0.22980890040193014,0.4684252485519654,-0.9408860876132309,0.38135796542186773
S45G01N251,서울 SK,2024-2025,0,1.7918596752707234,-0.7261645003972199,-0.4506923872289505,-0.38696736790749287,-0.341682616440472,-0.0845657644491367,1.1273441907958717,0.6741794268938279,-1.3153144947287045,-0.5085887480404603,0.6709835363656974,0.15547517876169425,0.5858852110955439
S45G01N261,서울 SK,2024-2025,0,-0.140282505595142,-1.0599929665149375,-0.6223676964937315,-1.9095791731136091,0.7448748185106823,0.47925485949164703,-0.07000368654747921,0.8544087944362734,0.8108668272016063,0.6340003899892755,1.0874415679175011,-0.34077130600514527,0.208142921339379
S45G01N263,서울 SK,2024-2025,0,-0.3667937014368562,-0.5571643974138732,0.02962320887645895,-1.0914724340952195,1.363293311938682,-1.1268131727677944,1.714278181442967,-1.347411855956894,-1.280239798797675,-0.5496389444149795,0.4602013629632822,-0.2581469727138538,-0.13799085060881344
S45G01N268,서울 SK,2024-2025,1,1.5511895962790747,-0.03864736105720507,1.4330878549748345,-3.017618795278148,-0.19744081882449002,-2.2829247795801226,-0.457556641349211,0.31883817095518313,-0.39511139070624485,-0.39179059033537766,-0.6932823140659744,0.3665836794866419,-0.012191524666860909
S43G01N6,부산 KCC,2023-2024,1,0.2680952338328146,2.9399185023131986,0.7169205640204689,-1.9860718558901234,0.1168951144967175,-0.5129619657064909,-0.1389225822398067,0.21036886209941755,-1.4233915408342561,1.4987341582462435,0.8693910965317572,-0.11393424657262992,0.35902746726443796
S43G01N12,부산 KCC,2023-2024,0,-0.240783745462922,1.5128881499448654,-0.030346731629330943,-1.5265360740065956,-0.9562621045145447,-0.2874033478718483,1.791058321536723,-1.334461539343354,-0.3847656634565907,0.920323061705303,0.6840886396532422,-0.5568731452594821,0.4966437086328208
S43G01N23,부산 KCC,2023-2024,1,-0.31484181321738053,1.1457992626639104,-1.6766102806542398,0.6509009246046104,-0.31928268626599016,0.6527523911566865,0.09476116989359892,1.0880496312494574,-1.4427141663215406,-0.4398340758363755,0.9689323088685345,-0.28107730057640384,-0.3239749736696309
S43G01N31,부산 KCC,2023-2024,0,0.6153940000009379,-0.8192077258131375,-0.40232724820539767,-0.03479893962976089,-0.005147267824211508,-0.9556034266921153,1.022450048121355,-1.141066548321502,-1.5201963564033623,0.752587407217197,0.13906543891740705,0.6278543246433527,-0.10117155452974996
S43G01N35,부산 KCC,2023-2024,0,-2.3010798787258353,0.7730687415342117,0.6744978965615811,1.1897246789965137,1.760900154561386,-0.99907438566378,-0.5950949229627394,-1.894748653900365,-2.1866790884133422,1.9545821962558456,0.34979256277744203,-0.5535190367525729,0.7963064450747708
S43G01N42,부산 KCC,2023-2024,0,-0.10378719604137222,0.8172308449824771,2.072654104731175,-0.13103384081206243,2.0748754385029797,-1.4068520288161699,-1.2619477175965037,0.8251609583610587,-0.09067427818320287,0.016378359206467907,-0.3755271646666331,0.6734602296031936,0.3026869439123336
S43G01N44,부산 KCC,2023-2024,0,-1.1347705912075765,0.41968355718733286,-0.7817119850319229,-0.0014083225865139455,-0.608671164171249,-0.06044885094634671,-0.916202417293612,-0.4325588582799759,0.36193709273196845,-0.17704251355210146,0.9213437552719042,-0.18715614331082206,-0.12503291656344948
S43G01N48,부산 KCC,2023-2024,1,1.8390477703460586,-2.0586848217927027,0.20580690963917392,2.418793576817776,0.07062212028950973,-0.27058902128231493,1.5088727926337009,0.44265495408834105,-1.5031436848205548,0.8004933125892972,0.1824915722738323,-0.5403588848525193,0.10565364332284898
S43G01N54,부산 KCC,2023-2024,0,-0.7286438276491523,-0.449933683426684,-0.21543397456229385,-0.001990727817102023,0.6570739138528391,-0.9336779753164731,0.14785662742786215,0.420391276843979,0.7819769230710065,0.2795721655695211,0.07306774878522311,0.0011375364220457447,0.06156502837048579
S43G01N65,부산 KCC,2023-2024,0,-1.985556870094275,0.1650647451981322,0.2787382768618062,0.6051691194106772,1.3836735729648872,-1.0377991970209632,0.2339083209572499,0.15691359853952577,-0.6988001883464945,1.2608873348702736,0.42401666605338006,-0.5806340326607259,-0.22226677723574761
S43G01N69,부산 KCC,2023-2024,1,1.098590958759345,-0.1366589305371654,1.2895979501785233,0.22369607246562123,0.6743336008141074,0.07616200733227207,1.6160347506098556,-0.14757748896377704,-1.618331089155215,1.0272458732127563,0.07704357687024359,-0.9000683908495852,-0.2851698892147206
S43G01N72,부산 KCC,2023-2024,0,-0.2865049813386069,-1.3788998802253924,1.2619564975636874,-0.09750997593679639,0.4907515469292574,-0.6667926648925092,1.6037263937312043,-0.08194895883401677,-0.7339094218754203,0.45310582269447985,0.02988403626852007,-0.1599037638999712,-0.2570346607465382
S43G01N77,부산 KCC,2023-2024,1,1.9864320028720266,-1.5333355200458954,0.48037895007364406,1.233363342187526,1.396250382762977,-0.7633848697827403,-0.7596449396457413,0.5537114660061148,-1.3396727197451423,-0.9211737974430064,0.29338110699151954,0.1000905184416965,0.26588984404245414
S43G01N81,부산 KCC,2023-2024,1,0.04319919396957628,-1.6003066449570968,0.00772552598520452,1.120621449960678,0.34412509964436283,-0.12717497513197482,-1.3955328537418505,0.18984823772998122,-0.3006351265358446,0.5673694099525094,0.5032779919226541,-0.1382593725981304,-0.1875725525693355
S43G01N85,부산 KCC,2023-2024,0,-1.8280978911842365,0.948226669827192,-0.8315686778664639,1.3337060777721703,0.37934339868316236,0.17480380024243855,0.6252094276519315,-1.9837120720935084,0.9778306650878752,-0.16503995693384688,-1.2204933015738029,-0.9691251340806739,-0.3605611770178127
S43G01N96,부산 KCC,2023-2024,1,1.4468030373998937,-0.5587819051438028,1.145059987942947,1.4299071055619605,1.1209575109733005,-1.2955721744246753,-0.6352648602519114,-1.1139215191200478,-1.928964992677057,0.7508594352778848,1.6389659208520015,-0.5878296603158533,-0.8981360485343207
S43G01N99,부산 KCC,2023-2024,1,-0.23958581268703727,0.639079963617987,-1.0268186295738195,0.9184448879101612,0.6852517023418248,0.8911492604978736,-0.43759610119579373,0.6124029403808218,-0.8828366650618523,0.27576822434339815,2.1737786082521975,-0.2202324313641262,0.19888674246346635
S43G01N105,부산 KCC,2023-2024,1,1.3595392953886822,-2.2662884989440384,-0.9804614755843651,0.9712274945120861,-0.6301838498556845,-0.8899302886104065,0.3831224995731046,1.5810386025746164,-1.373446744729891,-0.18231039047240238,0.8786630002635638,0.6557501590814977,-0.5214144254245763
S43G01N108,부산 KCC,2023-2024,1,0.6587927837655224,1.243665169542758,0.1277240275555911,1.188488612674248,-0.5620717165451021,0.4311984809056603,-0.36330250919908585,-1.500642026204524,0.48454480043066467,0.8494862963870576,0.26889900082717766,1.3469792792592303,-1.0276124878772908
S43G01N112,부산 KCC,2023-2024,1,1.306756609673746,2.6164503496003277,-0.8395591948344936,-0.8190223794054792,-0.5616869396938515,0.08500486267941619,-0.1045215979863695,0.6068524764813933,-0.9744759143750704,-1.1513003342505186,-0.17199160135534236,-0.1779511266772844,-0.4974862564042831
S43G01N118,부산 KCC,2023-2024,1,-0.25038680809424,0.5439930221683998,1.4863144437154878,2.5629482832271377,0.7995819021134255,-1.8775379826204568,-1.4283068635471092,-0.1570324443064863,-1.6903079896014046,0.4438650360297046,0.13116887191986712,-0.4282144833565954,0.010765022630541878
S43G01N121,부산 KCC,2023-2024,1,-1.0658022905310554,2.562102575684917,0.06614254491423613,0.6607654510422852,0.20006022316684313,-0.3667251316662607,0.2584976964039445,-0.40129537382926644,-0.4780558465865632,1.1229738188073295,-0.4778761700952706,0.06754731457800724,-0.10751032245963611
S43G01N129,부산 KCC,2023-2024,0,-1.2230835210428894,0.8369733198618456,-1.1893027337266417,0.09298904632216415,1.2947898250725343,-0.847873200743912,2.686645782615787,0.36217500217841997,0.7693075487592224,0.2977924149484926,1.1385622763512617,-0.5890854923307657,-0.3350585732382193
S43G01N133,부산 KCC,2023-2024,0,0.9067955895093385,0.25808029488179396,-1.1179866079922554,2.302658258447038,0.7206126823427217,-2.0974827649420598,-0.17093904873612847,-0.3600986514221439,0.9751567546080482,-0.5528811194493504,0.16923645900185028,-0.3252286150530455,0.17642053026162394
S43G01N137,부산 KCC,2023-2024,0,0.06904958387362034,-0.6470233283608068,0.46938311772711616,0.4069168485262092,0.20074746949541603,-0.851389551193676,-0.17815188361451195,0.5857367006148162,-0.9556665080771835,-0.40089487600138074,-0.7537796902350391,-0.474606464160306,0.010004711363706502
S43G01N145,부산 KCC,2023-2024,1,1.113363031722867,-0.4305685435321447,0.053610381204286836,1.6454785228385014,0.5286018201703864,0.7274451973983694,0.7179754465398354,-0.6393325162961293,-1.3084183379214551,2.1238867093849927,0.1312362278923926,0.40507799384800364,0.03512363177857549
S43G01N150,부산 KCC,2023-2024,1,-0.30248320972023585,1.1236845747484592,-0.46983162264401823,0.029694790594154044,0.5660645547918713,1.0604937170731463,0.4885542793317424,-0.2932435247647457,-0.3207455066245654,-0.20130719364862854,0.0654611973020205,-0.7951562466879448,-0.22867667004182857
S43G01N151,부산 KCC,2023-2024,1,0.17921265842115897,1.6712603030919295,-0.3101407984810565,1.2385405797726639,1.1117153198553673,-0.5841257713164849,-0.3239353993385019,0.9113737131276296,-1.1735591480201761,1.2112301294713066,-0.7279656847245685,0.6324362950862744,-0.2462335805231455
S43G01N152,부산 KCC,2023-2024,0,-0.23654892266323385,0.3317094205928257,-0.19900536676092612,0.332960932525347,0.46651887302257417,-0.2907993205874777,0.68021396473701,0.06763536371611653,-1.2184557317900542,0.5462717978591068,1.0062472598698213,0.12431389814932649,-0.19660983222251385
S43G01N156,부산 KCC,2023-2024,0,-2.907638866911692,2.4929254050856935,0.5341206246169651,1.7402015561971726,1.375110823848056,-1.1953080869070025,-1.0125508824628218,-0.435735329417485,-0.8244813032511816,1.8912650744321504,-0.2038510192746616,-0.41503736545456693,-0.386512231317573
S43G01N162,부산 KCC,2023-2024,1,1.9223770419250892,-1.2786473820967919,-0.4254732567098834,-0.7079168664841212,1.6639058813969168,-1.701720900995427,-1.6712878462640526,-1.6906324280714526,-0.12019932466885068,1.6819396232646442,0.5599452216975985,-1.237407130593633,-0.14740623707587827
S43G01N168,부산 KCC,2023-2024,0,-0.9819563236630516,0.11737642630055076,0.5715575120328942,-0.13965120151978752,0.8331792035505138,-0.41130210770121295,-0.9420865309012291,0.8301364486417897,1.2801958889162761,0.9106574705505038,2.0418866644864964,-1.2491539813374424,-0.6328224528324472
S43G01N173,부산 KCC,2023-2024,1,0.7168711819780679,0.6817714069086362,0.31395346494820964,0.30060316381488156,2.6767817221306602,-0.0018205856915461157,-1.110136423813597,0.2750068864836639,-0.1966899333358286,0.8431014682836541,0.6082801519521056,-0.11063374323198549,-0.0730155685425907
S43G01N177,부산 KCC,2023-2024,1,1.2907239236650903,3.193556688401153,0.7121962069529548,-0.9353330129582075,1.7423383947368645,-1.2826654908351371,-0.17642580377200037,-0.3234310278027343,-2.003146595323186,-0.24541299260779803,0.4180784117267498,-0.1853115222569496,0.2177916492602743
S43G01N183,부산 KCC,2023-2024,1,0.43454490490750064,0.40665909465015304,-0.8129161322752505,0.02764449138020732,0.24739853177823784,-0.7675224763505091,-1.0455983564289262,0.44652008172192514,-2.6630285984497624,-0.7105029480792122,0.39840067580657884,0.2929754003557986,-0.008248367049682667
S43G01N189,부산 KCC,2023-2024,0,0.762416833234632,-1.0352747548810883,1.4284970123709555,-0.039699998816309076,-0.07075693046310758,-1.9703124840827542,-0.3274651723802159,0.5033709424760743,0.5684508824992832,1.5964301956522278,2.7220207857202516,-0.41728702902434034,-1.0340649617872317
S43G01N193,부산 KCC,2023-2024,1,1.0429408243865468,0.28148118747130685,-0.10276967582242826,0.396844948630486,0.9204983462922904,0.605404018052678,-1.0026057009485911,0.059100295382562826,-1.43936817862346,0.4867077651750608,-0.8656479369735117,-0.3629290179779524,0.3057294812070495
S43G01N199,부산 KCC,2023-2024,0,-3.0362100385166415,0.32767621028203237,-0.14598008830718637,0.34019040721452376,0.5695865553927947,-0.1301835666657991,-0.7484787137855451,-0.8924778405089276,-0.964733053897369,0.14309295607398062,0.4527453921209153,-0.25176125582973663,-0.17526560148858172
S43G01N204,부산 KCC,2023-2024,1,-0.31941862368898033,0.2268892513416126,-1.1363788963591832,2.1933872725922985,0.010988218630536853,0.003389163118792554,0.5148594969731717,1.0606546206051932,0.25927245235335594,-1.4635503508377083,-0.6317685782839114,-0.594955806399582,-0.43006379493818064
S43G01N208,부산 KCC,2023-2024,0,-2.2317790586773074,-0.5276194711810375,0.7201229776913591,0.6448403702524217,1.4607695729635286,-0.5788968898529984,-0.5933179356415961,0.25548908888504007,-0.18302292907171208,0.3140466605083677,0.25229877677158896,-0.6711701779165415,0.2986719140516146
S43G01N213,부산 KCC,2023-2024,0,-1.9174231268901032,-0.2971963239826786,-0.1690318715370949,-0.6479600617462954,0.635752098353547,-0.41491541178063995,-0.4821930241114627,0.674765539649778,0.9926444248167848,-0.5610544077191795,1.0219943241945646,-0.39160625750802014,0.14175356249488752
S43G01N218,부산 KCC,2023-2024,1,0.1265751509806266,1.0789423854984137,-0.19117140905258984,1.419375157270495,-0.10027493070162176,-0.1678288143754026,-0.8648344762293714,-0.6872378891019442,0.4406344615216918,0.018262267259458124,1.8143487953799606,-0.46051189911826174,-1.0248962501987398
S43G01N223,부산 KCC,2023-2024,0,-0.638495681357521,-1.8612164899422854,0.48333603649777784,0.8849695593793754,2.702868413962364,-0.6177373927404451,0.3533809718982118,-1.2438782842378526,-0.41485487508907515,0.42036389142115904,1.442205968412039,0.02067406949423084,-0.4781168303250645
S43G01N225,부산 KCC,2023-2024,1,3.281889550526739,3.838151558869205,-0.8436042309196786,0.2874129215930434,1.1466029220276646,0.7195397520931286,0.4161120625897839,-0.37717644839643255,-1.1124649820291272,-1.1622140244989323,0.7490190679269998,-0.15549943923581813,-0.019509842744322804
S43G01N229,부산 KCC,2023-2024,1,-0.44068559904677224,1.0904449631873543,1.0093795132027334,1.6586885845301778,-0.8043178537641035,-0.13686784111628633,-1.2943914060241029,-0.547811567912888,-0.875907787646419,0.5008398498400725,1.1328344253542824,0.07139356275005365,0.05433911559606965
S43G01N231,부산 KCC,2023-2024,0,-1.0349322161463155,2.251218006079362,0.7412766865930327,-1.257553676001019,-0.9904150553279607,0.5282501100689991,0.23648196094160506,-1.2213808318159627,0.0354648568719495,-0.0906338970822813,2.390520849474118,-0.48490085793531484,-0.1949772249006958
S43G01N238,부산 KCC,2023-2024,0,-2.3327408107333127,1.2158681167228205,1.5772785167410628,2.1253404350118994,1.169514947248039,-1.2778974247707817,0.9896292277720474,0.7587228108746155,-0.3641305416542705,-0.30073771111424724,-0.9171612933420749,-0.8562877880346714,0.0677417397848737
S43G01N244,부산 KCC,2023-2024,1,1.9516267740994342,2.589682424665307,1.7898169573704117,0.3559226868484424,-0.07514322747042289,-0.09818087737556552,-0.11547643520599842,-0.46039554087492723,-1.9535815782956407,0.01619218754691122,2.0352715745365297,-0.2731212925280365,-0.32965349178954373
S43G01N249,부산 KCC,2023-2024,1,1.8697080507816406,2.2515677436043364,0.20904773347210573,0.49760462867952143,-0.6054047525092464,-1.5201286986613192,-1.1375806922896448,0.726765974865284,-0.4882219230748532,-0.7206663620790447,0.8584235937841385,0.516535648527625,-0.07565260022328593
S43G01N252,부산 KCC,2023-2024,0,-0.7112487625200986,0.440913371223293,2.472958120970613,0.5730216470668574,0.3663607651610757,-0.770029058307096,-0.2725771101418355,0.436784905045337,0.05331606076147846,1.1144878598744015,0.3925701061241266,-0.3747231792264839,0.4433458016233888
S43G01N259,부산 KCC,2023-2024,0,-2.4168181437470886,0.8679081287887188,0.5739620267087768,0.793092631999766,0.8055829218535836,-2.2105439644026035,-0.7905183709688597,0.1760795951036164,-0.43653211708420797,-0.005514598790749881,-0.0859902515226619,-0.7910466137414823,-0.19533093343772626
S43G01N261,부산 KCC,2023-2024,1,1.9736493247378055,-0.8927739110260178,1.0761242734713519,1.6683634186688245,-0.20667447060200395,0.6830712144997778,0.6427082243168845,-1.398511958915046,-1.4800103694902011,-1.0073587677084075,1.2857117064432546,-1.275570657234467,0.4994359881888387
S43G01N265,부산 KCC,2023-2024,1,1.119207143689005,2.4070630462606295,2.780697382230474,-1.7229283346346327,-0.7708180330666379,0.6706046715874768,0.8069859678503072,-0.15331787357828666,-0.7179101581930399,-0.6791902604799505,0.6069299513506906,-0.27215216618175614,-0.2571701938586707
S43G01N267,부산 KCC,2023-2024,1,1.703703219433381,1.5889006175187548,-0.6988791437282387,0.0010330020571898137,0.4605380002247148,0.9407603257170698,0.19231786048187016,-0.33032304235814136,-1.496487166025893,1.3031378007334398,0.6605061177280891,0.04833272478387525,0.18854662715095122
S45G01N1,부산 KCC,2024-2025,1,0.17178224235276315,-1.807235331808802,0.08242567964045992,-1.4481319896610647,2.681407065846777,0.5787662774545927,-1.1022549579478393,0.7136396616845433,-0.6413815085194217,-0.9347032396082025,0.192644780865193,-1.2271370928844287,-0.6436195494870447
S45G01N7,부산 KCC,2024-2025,0,0.5504451101440841,0.5019952319154932,2.1783719667540837,-2.812360781909527,0.38475668044952005,-0.2981011343845422,0.13794622423081193,1.609900016468925,-0.4013813729804932,-1.127622775776671,-0.43590556901900845,-0.34900732757379727,0.4586335977090911
S45G01N9,부산 KCC,2024-2025,0,-2.2398131904851244,0.936689479435051,-0.4381511887518098,-0.668470343536745,1.5938039089880496,0.5475635447634308,0.5541470647806113,0.5025488985055374,-0.027941736035169334,-0.24206268313474094,-1.3843235855416018,1.3228680994143374,-0.6156608548351923
S45G01N12,부산 KCC,2024-2025,0,-1.6001344267043265,0.7257592898508877,0.9625932771216499,-1.4936546985119006,0.5962974024481544,1.4220244552345203,1.406539862563408,-1.3643618155293338,0.1252201098711934,1.4126128971138383,-0.2515398927761187,0.04236135511571632,-0.010381437819763343
S45G01N21,부산 KCC,2024-2025,1,-0.2202547619960265,-0.7133496537195952,0.04876611422983171,-1.9680791744820876,-0.304504883868368,-1.605970791045158,-1.924189508577206,-1.5451157993163016,-1.3060292300778558,-0.8009594356857725,-1.034412732666685,-0.36485678033927876,-0.2054095165707411
S45G01N25,부산 KCC,2024-2025,0,-2.5853114256289023,-1.730234867476876,1.1744117553684827,-2.3497943082697073,-0.2354141206725106,1.218193098397556,0.1853028912404565,0.25410010758488233,0.6486384971224645,-0.00017579769730600913,-0.8725077955906836,0.4965402583297295,-0.06856646151307608
S45G01N32,부산 KCC,2024-2025,1,1.1206655990521626,2.237105533609205,-1.7391217510533648,-0.8722197295520016,1.1372543586874992,-1.2600410508547357,-0.9815088236625167,1.155778402603587,0.22829002221412642,1.5651321758416534,-0.4499308140628202,-0.43026713732899474,-0.4192141363419872
S45G01N41,부산 KCC,2024-2025,0,-2.2164246999232535,-0.7767440503282245,0.948502319420073,-1.9658662478476505,1.471907243917789,-0.668931102028247,0.711729506200553,0.32162103054440966,-0.22386181758779233,0.660715214744589,0.4258602374909949,1.3919857245643972,-0.4035095609106398
S45G01N51,부산 KCC,2024-2025,1,-0.0625460160429424,0.3278399672271257,-1.0006810097281846,-0.3605743226536236,1.3117709880098412,-0.8928407865478242,-1.1564235584974787,-0.25962965879297073,-1.5647148128080868,0.7219986190724222,0.7300798087599871,-0.03763749706657067,-0.13693543193927926
S45G01N56,부산 KCC,2024-2025,0,2.2408086243448007,-1.6499172801676627,1.8069041616983645,-0.4112730143125996,1.5678799922869218,0.034136516471161574,-0.15287160044182194,-1.826178081830554,0.1114228921260595,1.7406498653733333,1.607693703128861,0.5550504184568352,-0.25887190205818394
S45G01N61,부산 KCC,2024-2025,1,-0.08839873372729935,-1.0033371348591855,-0.8551078301422878,1.1267075529564012,0.8527875315914385,0.2699060927455597,-0.490304089821957,-0.6152011385990821,-1.1763203044921187,1.01555946532873,-0.3435828005919111,0.22640788784345312,-0.3793597365425534
S45G01N71,부산 KCC,2024-2025,1,1.6718390504943732,-0.7295065840724023,0.23828341202230624,-1.5514834611257755,-0.24660431473507397,0.38254688389867547,-1.759715663646344,-0.37241042921115963,-1.1548019001345355,0.6635768600038205,-0.41619646059365667,0.921273435705287,-0.07470654205045091
S45G01N73,부산 KCC,2024-2025,0,0.2940147068705564,-3.035939605329033,-1.6295889956015395,0.5129750618515341,1.7141654885081163,-0.40725638037331324,-0.08069669134042938,0.12412254857986707,0.3608998391219475,0.8254092054633155,-0.15700318005520814,0.4265306540362372,-0.5431819173942888
S45G01N77,부산 KCC,2024-2025,1,3.0625573013095604,0.3817952005347819,-0.426147981028578,-1.398418156663873,0.5671743272289638,0.4579812419805625,1.9699471343018695,-0.3213750389220545,-0.42223248568969396,0.6248013016840318,0.7596170060643808,0.9870670717953769,-0.016466826040658307
S45G01N79,부산 KCC,2024-2025,1,3.9940042938159586,0.5519582669729612,0.7040659079569256,0.30624528708594995,0.7518540102780522,-0.5418031311707089,-0.07979059917741832,-0.4267258819185209,-0.10156990483189618,-0.5870189375622847,0.6267117393489973,-0.42920307531939045,0.13874573397189932
S45G01N83,부산 KCC,2024-2025,0,-1.1470709821565181,1.2367937322998561,0.2578510371358081,-1.3118777416590763,1.3352869098047455,-0.3070248921621245,0.8285949295584382,0.3136981099069385,0.3302724244497458,-1.2172904924750318,-0.6597228054058336,-0.9548084192951267,-0.2732582079613438
S45G01N86,부산 KCC,2024-2025,0,-1.6427689220777684,-2.486454119695722,-0.5562488869253575,-0.9924526993773924,2.0124744293877193,-0.5700802789496154,0.42028536975083053,0.07397821080008407,-0.2639799122486805,0.2811831950915542,-0.2128446547454413,0.8034306115519904,-0.16582158843477723
S45G01N94,부산 KCC,2024-2025,0,-1.278502126169405,0.5683514768675121,2.099449779870777,-2.862888045247175,-0.07290180618875178,-1.2480011270823095,-0.9497697148592853,-0.0718525798627442,0.15860953171543282,0.8251353185060957,-1.3254924189014954,1.1614616596051373,0.056533611047419594
S45G01N99,부산 KCC,2024-2025,0,-2.4614562225717886,0.6438169083646308,-0.5759424405391925,-0.4573754259197011,3.5507894035837526,0.6326622196913836,1.5064485154664966,-1.7199420280977633,-0.6260635514872404,0.8989730305271874,-0.27715766154968974,0.3497317911393388,0.8662529268474494
S45G01N103,부산 KCC,2024-2025,1,1.7613301929330463,0.5052892260715515,-0.1460289878607356,-2.164818653563487,0.47935270220281995,0.7805659508390687,-0.8040291597671397,0.897345893115424,-1.3205065421827995,-0.06326237628119767,0.14382584674447194,-0.23706887620616593,-0.007264179007322567
S45G01N107,부산 KCC,2024-2025,0,-0.8076471619601007,-0.44408116597767033,0.49998615311651634,-1.2351247260047868,1.8496810526953358,-1.5184997358505825,-0.3993108823899522,-0.5096168369500229,0.3999166021775615,0.8224016739903243,0.4678704681446375,-0.416648631882448,-0.1650601533133643
S45G01N114,부산 KCC,2024-2025,0,1.0927974504401738,-1.6027524747358015,3.1400692139567528,-1.6337749160543524,-0.008959844226073547,-0.5900784428606517,0.11643520531002759,-1.0666416625934183,-0.12745236474430152,0.9911529674461321,2.112706412324076,-0.8425552143871041,-1.0879480023180335
S45G01N116,부산 KCC,2024-2025,0,0.20520257369577624,-0.5904370465544442,0.7336538653823429,0.1633497424182381,0.6763232579033042,-0.869972912616926,1.2226236743471535,1.273426221119976,-0.4023250206977501,0.20382455129889987,-0.3881398457609582,0.01905708100510272,0.8036309943112981
S45G01N124,부산 KCC,2024-2025,0,-1.0743714158990028,1.2400150670653258,0.45940489829728137,-0.8747860971805452,1.5005540206606838,0.2653445933787623,0.6414511296536507,1.8064591044367093,0.27250038965537765,-0.8392977294404413,-0.21105574514912842,-0.39565249333143926,0.19112483801906335
S45G01N128,부산 KCC,2024-2025,0,0.7490099022878637,-1.2388013381693987,1.692790635391672,-0.9880726704496204,0.09860774120081686,-0.1057227459517189,-0.30416054367013073,0.54953989761259,-2.1736444870158205,-0.6682817219127162,1.0865679592467858,0.7206105537429965,0.8703009924873181
S45G01N132,부산 KCC,2024-2025,1,-0.17755285975777327,2.2794267235665595,-1.226532783734482,-1.4115396494990602,1.6802942881403689,2.4249301501641853,0.44073471659920416,0.2379952700322704,-0.581253876978976,0.7333699250594264,-1.7675256558506591,0.01913444586215262,-0.3073843129546266
S45G01N137,부산 KCC,2024-2025,1,-2.1590999787855094,-1.070451095139299,-0.1443777881183749,0.31859095468802784,-0.0449399148284041,0.30663071422060373,-0.004175468088067816,2.20859037342159,-0.05009708101014283,0.7183962742300232,-1.4084853260869998,-0.6945392119286155,-0.10347187266482637
S45G01N141,부산 KCC,2024-2025,0,-1.4550143374481008,-1.0660492203414083,-0.6301122177853675,-0.2502863951326669,1.4247946618867482,-0.8609140599481264,1.2716609761284514,0.20852182437029465,1.4814780733708406,0.8862692501979391,-0.09683072062744799,-0.31517289257736436,-0.8943004550512448
S45G01N155,부산 KCC,2024-2025,1,2.9880904103889736,1.699463314541561,-0.6300608086899661,-3.8093546290217755,0.7764520181455339,-0.6205553671539978,0.8592124698800437,-2.005681629305391,0.5770503392409362,0.4090269091951061,-1.6899022013281289,0.4843576828296452,0.30785723863189624
S45G01N160,부산 KCC,2024-2025,1,-0.061566597243318616,3.4239566606715575,-0.29492143400955817,-2.18171788847556,1.6254547844570593,1.3408551971938596,1.2644119595301286,0.7292145242833475,0.21178131708151762,-0.16458652869061619,-0.3520821395382576,0.7759898357839478,0.20874120384036013
S45G01N161,부산 KCC,2024-2025,1,0.16454802424081594,1.420651028183192,-0.4783581173554537,-0.9898678685887655,0.4071629067369542,-0.4525293007306699,1.9254221239880138,0.6967971051527101,0.07578642113049343,0.8273711660601016,-1.1005080119567798,-0.3939170903820738,-0.3029505957036436
S45G01N166,부산 KCC,2024-2025,0,-1.4443825770734922,0.6056582964293387,0.5917845583195748,-1.8901242714030646,1.4814701017508705,-0.8572251445821335,1.0848996181568575,-0.32187819921827304,-0.0026258451066899576,-0.20958794193422176,0.06776167639532786,-0.2655959252592215,-0.5615799919461413
S45G01N171,부산 KCC,2024-2025,0,0.2451419166290731,1.463302377473054,0.4764696331623725,1.8950811341887683,0.2460224762245243,-1.2289155459327932,0.4295859028557831,0.4131782035100937,0.8807978115424733,0.5830925052977478,-0.01991174961178224,0.23308022226537917,0.8285638527701129
S45G01N175,부산 KCC,2024-2025,0,0.2278088137515198,-0.6672970817326865,0.9203164553227628,-0.1541788821393337,0.16148527981521016,0.3410812344367213,1.0693228293981225,0.46920161123532195,-0.04163996539038744,1.5623601949915924,1.5511963460222324,-0.4264754056592188,0.1357165224778394
S45G01N177,부산 KCC,2024-2025,0,-1.1893823181748444,0.3533385317740053,1.5518781084633269,-0.036906293563388703,-0.40295870514523235,-1.889944947336179,1.630040743795485,1.136083044296723,1.6235525772921355,1.016549157687107,-0.9128731389748883,0.036926775870516966,-0.5292380789142525
S45G01N181,부산 KCC,2024-2025,0,-1.8167513757920724,1.7032783363269133,-1.384230864601271,-0.08764405351727782,2.1909103600070097,0.8807592917002741,-0.02713485258492346,-1.2766785470145459,0.7028369082614051,1.3848359967444583,-0.5499445075610508,0.7453189524736048,0.2847884809533495
S45G01N187,부산 KCC,2024-2025,0,0.4883720531109731,-2.4091221552017243,0.17795518497585897,1.1022812884405806,-0.5184555068509105,-3.0563537933905054,-0.0402961241671428,1.300502057125245,-1.527128025193353,-0.6216483551891062,0.24287081786592252,0.36645120737571935,0.5349670513502813
S45G01N190,부산 KCC,2024-2025,0,-1.4121037747845808,0.732888413255759,0.09067320403544457,-0.1862767043299796,0.7547248757087403,0.31232678143389936,-0.7014976691838806,0.1389208740468343,-0.5320647328245206,-0.6626886658038895,0.6081619520782175,0.9649266640777986,0.03264013371228535
S45G01N191,부산 KCC,2024-2025,0,0.196507049892479,0.48969299090420015,0.6781787748049712,-1.082926612990347,-0.15308247515105985,-0.34510501480573497,0.7576809375164613,-0.08327231228563155,1.6103212090919738,0.587416250628483,0.8888962095980628,0.16043161902781258,-0.6206161353858681
S45G01N195,부산 KCC,2024-2025,0,-1.2698169714670842,-0.8714114577054293,-0.9109057061472283,-0.7036338158361073,2.893646108801843,0.028945298240267116,1.0658014001524703,1.1912933694243713,-0.6124402198933451,-0.49645093795479706,-0.20257486038719255,-0.19507900825170518,0.26308468290335435
S45G01N200,부산 KCC,2024-2025,0,0.01286701158336532,-0.3982330792327866,1.7287360940726841,0.9729466021092841,1.4938926920006652,0.334674929306539,0.7868461922763221,0.5043809939843565,0.4962502093543083,-1.0835661434822896,0.060363606976359764,0.5588603122414199,-0.24265547482930944
S45G01N217,부산 KCC,2024-2025,0,-0.44310875503763564,-0.8125480122989632,1.4986330478041598,-0.16412943173825242,-0.5216896371425909,-0.26473257826423086,0.7738340822712153,0.6158671539990344,-0.38101142413952455,-0.21053093321589766,-0.2237562431677331,-0.25491852082731137,0.130320002293166
S45G01N221,부산 KCC,2024-2025,0,0.10488626099570482,-2.5846930270072646,-0.36679029942448005,0.12614372467638627,-0.6092403162823907,-1.6093120167807313,0.032777927299465937,-0.04583209337750129,0.361011285386642,0.09351375525406076,-0.702436321589608,0.5675117788408743,0.5761501102131593
S45G01N225,부산 KCC,2024-2025,1,1.6409072870602206,1.8124568569490351,0.7330346509990088,-0.5089182555883928,-2.024475846062488,-1.0738152863147408,-0.4968947571197573,1.4127151275549448,-1.4618150852502094,-1.062665111364884,0.3082072905988851,1.3423837891379014,-0.3886365183526941
S45G01N228,부산 KCC,2024-2025,0,-1.0366241063813306,-0.18147966953703593,0.5171183690385618,-1.1901618949327537,-0.1703742183433655,1.6590661083393325,0.17460798926703314,0.42361843680508693,0.34414978352205045,0.9423489196359639,-0.599666143351771,-0.22098183606676583,0.11977785632901468
S45G01N233,부산 KCC,2024-2025,0,0.2870597707535195,-0.4095848249853084,-0.13758582246031983,0.5465363894125288,0.6583312699230317,-2.0281800350269292,2.7416744436356635,-1.389375695611786,-0.9086507817797549,0.47330030576602056,-0.36170244578037786,-0.16255797851960427,0.4647968129901946
S45G01N237,부산 KCC,2024-2025,1,1.875839711175111,-0.635270790169142,0.25271916594050853,-2.602682115985661,1.263858070127974,0.6544455038338258,1.2385367633486801,1.8128940418148738,0.30577729574758467,0.9404108601904787,0.0674572331152239,-0.21644895616604967,-0.09337954659995683
S45G01N245,부산 KCC,2024-2025,0,-1.8439267420704017,0.4516743066476864,1.1709262856727327,0.37500102029115007,1.9962241317345193,-0.5209514836885514,1.3853653183184271,-0.7332308220296504,-1.430083721639494,-0.21454400107779387,-0.5909186236405349,1.2544630820964124,0.004747391398136018
S45G01N250,부산 KCC,2024-2025,0,-2.1879272467497115,1.36916455499686,-0.026267794331138402,0.09707654908784259,0.6217536323274907,1.0260700742695976,1.043823968612607,-0.43632676636526835,0.6850152664429906,-0.2039493929317157,-0.0018928281418635643,1.1066417641463608,0.5453115271030194
S45G01N255,부산 KCC,2024-2025,1,-0.2884605343289843,1.7146416026001157,1.641331224604528,0.33644297581540034,-1.0184929659972417,0.4671337332213438,0.009407063425154601,-0.2215068268759406,0.1328178217505641,0.6656100575478928,-0.9562312918368308,-0.20865016696155916,0.04682620465131459
S45G01N258,부산 KCC,2024-2025,0,-0.7860630606557361,1.9350493608139216,-0.561271279020216,-0.6141413305087311,0.01033157951990178,-0.3140412319296215,1.1740021610892928,0.7197089944538148,-0.054510355105878545,-0.7846962518141587,0.2495198355279053,0.5052298485803058,0.5755382587401225
S45G01N265,부산 KCC,2024-2025,0,-1.27718850394698,0.4323504479360179,0.1490321018870677,0.17151355953012937,-0.3531005742905523,-0.6567223944228932,-0.08008406142257066,0.14040058965510946,0.9233243245975375,-0.5932624158409444,-0.5824768911283509,0.36977757281336415,-0.05713555914573426
S45G01N266,부산 KCC,2024-2025,0,0.05593580907659773,-1.1348623623139522,-1.3496898591960265,-0.23304293030132364,0.28568565996770173,-0.29277034984845096,-0.5708468202916216,-0.5150335426299169,-1.3725624425041496,-0.3548843726614187,-0.07516390866558997,0.9210088008986246,-0.07724689437441086
S43G01N3,대구 한국가스공사,2023-2024,0,-1.9047546243375262,-1.4058901517700997,0.9841858221004282,-0.0043373145248427605,-0.6099350357816379,-0.7734058235593346,1.4254705091303952,0.057104362888399256,-0.49954480017104663,-1.9582802217276292,-0.14753159904395155,0.44737651215448987,-0.5456830131219149
S43G01N13,대구 한국가스공사,2023-2024,0,-3.5298492040714624,1.2857336659423797,-0.8715244779299731,0.631174768520108,0.14838286318994948,-0.5831478058459154,0.177580730586765,0.01454994000620841,-0.7261322646575576,0.18355423579859695,-0.27735640447557464,-0.7560412711233541,0.028762574343118883
S43G01N16,대구 한국가스공사,2023-2024,1,-2.459769639836829,2.736209061974945,-0.13406389258459211,1.088994138603492,-1.464670006630747,-0.6060121125433414,-0.12027125650151545,0.1216134722562949,-0.14985465666368605,-0.15843747460084964,-0.9581734835166951,-1.0433258678734434,-0.21933597517166437
S43G01N20,대구 한국가스공사,2023-2024,0,-2.3757810157222115,-0.7607992274763223,1.717465488326985,1.043606810898784,-0.18754728506103308,0.4016942981172123,-1.698557695896994,0.43429040909875155,-1.0829235242954967,0.5834031545938064,-0.8198370688687536,-0.7628404172101502,0.5675248356773004
S43G01N24,대구 한국가스공사,2023-2024,0,-2.4919451346343977,-1.120666412842401,0.31601008011122456,-0.25360602777212576,-0.3047208684161424,0.7237616560678704,1.0767457973404206,0.034870382140513516,-0.1946482977514805,1.1948678084105424,1.1390015335205357,-1.0189370711295254,-0.48911335928108646
S43G01N29,대구 한국가스공사,2023-2024,0,-1.5829721458292412,0.5578344593675587,-0.7421005036394822,-0.6777132246179368,-0.6512708188285824,0.7040559809112366,0.45651753898538333,-0.5352892372059183,-0.6254183816941322,0.5654346079874839,0.9243220955785716,0.014691996017514284,-0.14676718048368034
S43G01N33,대구 한국가스공사,2023-2024,0,-2.936116413758701,-0.29723300717362555,1.1619527807977998,1.1305738829970957,-0.8046069495916705,-1.652261418490077,-0.5237675605964441,0.05809734928384077,-0.7400510199257675,-1.214177714368721,-0.5004913762887668,-0.1986118164557357,-0.3079843878865252
S43G01N38,대구 한국가스공사,2023-2024,0,-1.6229746160653182,1.7402071219687454,0.17056809115251592,0.44832077125943753,-1.2668006317989848,-0.06910067755047664,0.8547102857642668,0.18487094731150946,0.8446611309746048,0.32058364544343554,-0.16370577687344773,-1.1412032673266705,0.7902454706496397
S43G01N47,대구 한국가스공사,2023-2024,0,-1.7841002404237347,0.3988012337448175,-1.48709464090844,1.944730899850656,-1.3467324749911092,-0.4591705145707725,0.49399393088353494,-1.5605229068278363,-0.4462983556280686,-0.9379984788656983,-1.2878037454242188,-0.20649918767140327,-0.22568044608228702
S43G01N51,대구 한국가스공사,2023-2024,0,-0.2820082380436151,-1.466583455876027,0.1156965033745244,0.5374304811906063,1.6489591349295167,1.8428965021541073,-0.04322243299155234,-1.0404478646393138,-0.6153598401227403,-0.8474232515962152,0.6405254463402853,-1.428567315608699,-0.5008905676885437
S43G01N53,대구 한국가스공사,2023-2024,0,-1.721861875359488,0.017089415927006656,-0.33833228188701997,-0.1089894200112993,-0.5835154360758121,-0.6265649075749619,1.2098300909723196,-1.9887509962108885,0.689361518338539,-1.4038082468209316,-2.5844531660026506,0.6993766109971178,-0.10829822869364722
S43G01N58,대구 한국가스공사,2023-2024,0,-1.680181790072853,2.742210823858899,0.4369035741159357,-0.9798257872483856,-1.448198392369911,-0.8679893159878531,-0.3293461111145899,-1.1925310306901282,-0.8870613961583804,-0.26747525964104885,-0.25631167003265226,0.08947837663296132,-0.02286900316236368
S43G01N60,대구 한국가스공사,2023-2024,0,-0.6025134370920748,-2.992454062818365,2.859820498238864,0.10787541020669014,-1.353110694870719,2.345803524216383,-0.8011426741979258,-0.9316466905128946,0.8698794534635489,-1.6454606123838484,-0.15846410019340326,-0.6403663472349346,0.421298132907414
S43G01N65,대구 한국가스공사,2023-2024,1,-0.6699662134388811,1.4692290624867568,0.31600202057517746,-0.09396602510218105,1.6045161834704569,1.442547215183953,-0.5319943833593964,-0.6618361751276908,-0.8085763214708667,-1.4263071622909718,-1.087034999851189,-1.0409450055295173,-0.05144976271488659
S43G01N78,대구 한국가스공사,2023-2024,0,-0.2652991330225544,0.5958044098946554,0.8115743681110932,0.9775550490436614,2.6531896377479973,-1.4728477280191459,1.9839416257707052,-0.6274147878232633,1.0273631893999156,-0.5547414433576559,-0.7583471889655969,-0.874604909667191,0.3918713116932292
S43G01N82,대구 한국가스공사,2023-2024,0,-2.105537819894622,-1.3917077552211785,-0.45893227301050143,-0.06232849094832935,0.3833400061909095,0.7256181085216391,-0.09762660884689417,0.3206941687222803,0.9764052286881952,0.0017065309862231098,1.1555241769206799,-1.0382935703167446,-0.21241330946191186
S43G01N87,대구 한국가스공사,2023-2024,1,0.373140134073886,0.5649327860387461,-0.4244205570375462,0.5789650842438521,1.009955805249764,-1.0762245807692603,0.020397521491385406,0.2592492352998396,-0.14559031181865487,-1.804237323299085,-2.0475826344040846,-1.047265512099433,0.14436505174200226
S43G01N91,대구 한국가스공사,2023-2024,1,-1.327242728114904,1.4427575132886934,-1.9018258407783128,-0.6668942715099888,1.7912750990158344,1.0169522845993437,0.017751589573778263,1.402087076830688,0.9680728708139373,-0.11666753244121772,-0.5823171849509449,-0.40906063693216316,-0.12072696851170009
S43G01N96,대구 한국가스공사,2023-2024,0,-0.7544987122394184,-1.4559784181748452,0.9505337591667218,-0.676060247593563,0.09121345334506824,1.3534349408328366,-0.43567431954075236,-1.7454715767314313,-0.4556481920096999,-1.377397299070876,1.8096502650736654,-2.0428575352290808,-0.9125625757660957
S43G01N97,대구 한국가스공사,2023-2024,0,-0.22271130447678736,-1.3962757480444212,0.8298431862892236,-1.5891466712808213,0.4144962941638013,0.3849685775858602,0.47231450526306634,0.04795309543119287,0.8359181820667376,-0.4807634056427997,-0.5352249406033474,-0.45139735341769444,0.43066899115437174
S43G01N101,대구 한국가스공사,2023-2024,1,-0.16473271381207544,-0.3587719265418705,-0.05325836541581284,-0.036131126769201286,0.4112274898899348,0.23167468349839565,0.4713886845135893,-1.1865026084998602,-0.5265510468857615,-0.298105687808685,-1.9248079109707763,-1.6063963004404112,-0.4197977042435322
S43G01N106,대구 한국가스공사,2023-2024,1,0.11511565709660511,0.9301070301968437,0.3966365798640655,0.3900589955665932,-2.127220457298889,-0.18432171992910484,-0.6497677700256582,0.9556645450090431,1.2232196916545284,-1.060335313604916,-0.7352559495098461,-0.5713912600941037,0.5958636248734096
S43G01N109,대구 한국가스공사,2023-2024,0,-1.3350017969745438,-1.3534957887086356,2.2467414343649312,-0.9025211277530288,-0.040715826964330105,-0.9199361352600715,-0.6864304227059499,-1.0995582950582563,0.314929089833726,-1.4981639249443868,-1.2839776328277253,-0.5754098271270798,-0.38148352227366705
S43G01N115,대구 한국가스공사,2023-2024,1,1.7971860333572929,0.9823376598289244,1.6044785293890966,0.8369717512944673,0.033399186203421936,1.6504640326268323,-2.3519565346277007,0.171049765991293,0.8309884792236539,0.10353279968614969,0.03167562244372304,-0.8175331115147817,0.8590568505494639
S43G01N121,대구 한국가스공사,2023-2024,0,-2.1120863126043607,1.4010833724019387,1.1143906216019195,0.2555686693612984,0.022938154241290795,0.6123742163822472,-0.48574418049999174,-0.006012794713315371,0.07293611054432529,-1.220664521726774,-0.8085263355689629,-1.1310683850473293,0.3097667072719135
S43G01N123,대구 한국가스공사,2023-2024,0,-0.6791147762335261,0.21582553645407418,0.8417930542836762,-1.034880835596674,-0.3580528973707258,-0.6224727290312394,1.8065526044466198,0.9097459389860718,0.44964207929347816,-0.7243756978336607,-0.7274554038031457,0.07998189180024949,-0.23447402847504054
S43G01N132,대구 한국가스공사,2023-2024,0,-3.3555948915513625,0.7618763049542564,0.04352062386082752,1.0897735368977584,1.0399632275843875,-0.5272234758482842,-1.744051538906399,0.3110503513975552,0.793801472616537,1.1078428011060362,-0.3661873695409533,-0.39879464925074093,-0.08389469730633296
S43G01N138,대구 한국가스공사,2023-2024,1,-0.8344743104769516,-0.1400103273942068,-2.348308857689907,0.16610663014513843,0.5858029799046278,2.565616664536461,0.9736390737410926,1.1332901095153198,0.6483901818056925,0.920158033698634,-0.10298110988937291,-0.6026929501432335,0.2299064085717382
S43G01N141,대구 한국가스공사,2023-2024,1,-0.05921648553999728,0.5226503032375364,1.5004587853765683,2.3136248211907846,1.0552304519975526,-0.21090516916745028,-1.2842451032241404,-0.620914591576637,0.28666108385931416,-1.1293516789341016,-1.5203753843947316,0.29116621190638775,-0.5883770602972436
S43G01N148,대구 한국가스공사,2023-2024,1,0.26049177955000247,-1.1352005049621783,0.12955118252226816,1.5474359866696952,0.767966521639144,-0.313040740999809,0.2611176445581842,0.12998423670659123,-1.6215920216266542,0.2815929266084955,-1.1674949115182545,-0.9113697713020112,-0.09907393208591303
S43G01N154,대구 한국가스공사,2023-2024,1,0.7343133319410857,-1.6653396366006163,0.6265144086531135,1.878561835578634,-0.7404145687316017,0.6907083565045025,-0.18999258384762466,-1.3105027322653184,-1.1193871114912493,0.8174161487540755,-0.6672003567369829,-0.8638852385297711,-0.14912097254579001
S43G01N158,대구 한국가스공사,2023-2024,0,-3.468380375548769,0.9812558294316872,0.042033551712289514,1.03112739492822,-1.664230983392753,0.5211201750957734,-0.6492889089199874,0.32223463621883575,0.1686891109769884,-0.6626490014721511,-0.10770892058835092,-0.832149506012514,-0.8336384590905244
S43G01N164,대구 한국가스공사,2023-2024,1,-1.214672887867306,0.5234805487910212,-0.06006756688369821,0.5491379734429173,-0.09471191727565464,-0.3375221270164193,-0.857979222708954,0.8205721416745723,0.5749244946932318,0.562367546463545,-1.3452142269598484,-1.013843608694589,0.09820580360256745
S43G01N168,대구 한국가스공사,2023-2024,1,-0.6889584930196706,1.5862844064754125,1.1480378535570264,0.5402519991630413,0.8291450338141774,0.7442003548309392,0.13430383530067616,-0.8259574001884259,0.07138446387184273,-0.16326105203919614,0.24988150734084946,-0.7858135466177298,-0.41153074435821574
S43G01N172,대구 한국가스공사,2023-2024,1,1.3488111871645097,1.6699620755369269,-0.7784085279871489,-0.6188251550251876,0.7616612715058658,1.1766225339041911,-0.7000514013706686,-1.800549857935422,0.21241536197030916,-0.8409439911798295,-1.447984505850834,-0.7030340851225533,-0.07548615007962124
S43G01N176,대구 한국가스공사,2023-2024,0,-0.6644454380332446,-0.7306399110936334,-0.4172793233740549,1.2045923415413762,1.3494492839336738,1.3103604121354941,0.5818965052522326,-0.2696596952690223,-0.5404725166443153,0.7928887026052033,-1.13651325388037,-0.6630081012440878,0.47757166438245385
S43G01N180,대구 한국가스공사,2023-2024,0,-1.5296824827204407,1.0672795532852175,0.4592021297011274,1.5675748706140562,0.05103676917030582,-1.4931519900132963,1.3019655911619428,-0.4427994515059886,-0.4722966689489211,0.10366843187334077,0.7448935615839023,-0.13366664368219613,-0.7601497533557097
S43G01N185,대구 한국가스공사,2023-2024,1,0.31793539141115934,-0.5830901513313341,0.4047454428585976,1.5078256976864028,-0.8089803259048545,-0.7547044727312184,-0.4987609357532351,0.6323357921701234,0.21487058519288937,1.1580581665344996,-1.727139624084073,-0.8135069802741463,0.0877113417733222
S43G01N192,대구 한국가스공사,2023-2024,1,-1.4601985151348178,0.053529552435695835,0.1031645691352382,0.6512412591545309,-0.48454112898237695,-0.023643034551966407,-1.459563883696576,0.4106619439467421,-0.5562103618561908,0.6163924067797514,-0.27449157417733694,-0.5129123090574813,0.11704397494351437
S43G01N194,대구 한국가스공사,2023-2024,0,-2.3686045648089333,0.6169221420958299,1.6547834683687739,-1.3555434854615092,0.40442950928892196,1.2330500094954244,-0.581696737808365,-0.13756669983732653,-0.8098350691293204,-0.009127828615714638,-0.3615793779718006,0.21591296023957407,-0.15805694500974685
S43G01N198,대구 한국가스공사,2023-2024,0,-1.325173976192489,-0.7364324099668806,0.9723652492833108,-0.2113049698362859,-0.4454601649047482,-1.3387082464864282,-0.0889310370895163,-0.5157682891195586,0.49357773272942235,0.5906135871994338,-0.5287337315735182,-1.1841136226530846,-0.0023837924150854365
S43G01N204,대구 한국가스공사,2023-2024,0,-1.9187720084394129,-0.4684030593176594,0.6726762597125007,-1.0836036463028673,-0.36697258421897755,-0.49104989294679846,-1.460211756486939,0.9202565069377504,-0.6801515525892006,0.8944385263103584,-0.40617661680682915,0.18002141153384685,0.2068350760789278
S43G01N209,대구 한국가스공사,2023-2024,1,0.42963731471871364,-0.6099310932719287,-0.226884497505603,1.6065386550124423,-0.7027424329781773,0.3769331530922654,-0.34448585080339156,-1.3666827961901444,0.789747491285787,-0.3248035609625672,-1.9875556492411413,-0.4655431572723441,0.044314872995696045
S43G01N215,대구 한국가스공사,2023-2024,1,2.4643577959861473,-0.4839010226853024,-1.16755427602953,0.8796591706173071,0.04660366661058326,-0.7337407897346165,0.2754614680226144,0.3918346333671747,0.8692387828525867,0.2749571085892527,-0.47984650429790077,-0.12706403516917922,0.2556597692210227
S43G01N219,대구 한국가스공사,2023-2024,0,-2.180272785722586,-0.45820054455543446,-0.9869723958841451,0.2238803413764942,-0.01254899441777688,1.8742020398539152,0.35661960155188854,1.263104535764227,0.8822536540242388,0.45933741270257566,-0.82803901397045,-0.820665260246504,0.24882426181044665
S43G01N224,대구 한국가스공사,2023-2024,1,-0.40371226175290775,-0.3353297961348984,0.23443956403579694,0.9492841409349427,-0.10758147116151767,1.1575300921545377,-2.1565367118648004,0.05703448104008927,1.4709437945171906,-0.90814018179916,-0.13549363428635783,-0.1911175595111485,-0.3798456184109379
S43G01N227,대구 한국가스공사,2023-2024,0,-1.9711025164334408,-1.156557174005524,-0.6340836914940476,-0.42833242881103395,1.2548951251103309,-0.07381732120909718,0.18139271908615578,-0.8974581067053208,0.4538953644476387,1.2094610794220644,-0.529334603273485,0.5908748147864858,0.620142910773011
S43G01N235,대구 한국가스공사,2023-2024,0,0.039307728590460736,-1.0450982012137775,-0.4773353676300194,-0.7028586182795654,-0.9136283004281402,-0.37504431643073155,1.4228362871107765,-0.39192880826359694,2.323386623850307,0.4148636786881925,-0.466447836655787,0.007619538109446879,0.6631344972410086
S43G01N238,대구 한국가스공사,2023-2024,1,-1.240271376551531,1.9090496444804037,0.07653233125250236,-0.034571391005099206,-0.8963248735738774,2.1770024380331154,-0.7822857950027164,-0.25159603234412464,0.6933159282093478,0.329689130534571,-0.5576157559947288,-0.6377648068656084,-0.29279056623297417
S43G01N243,대구 한국가스공사,2023-2024,0,-1.8985314033300669,1.501684202453435,-0.9830655251979614,1.0128943507625991,0.09966868289395518,-0.3320878665200856,-0.37201800365852095,-0.5099866409800412,2.881852548421064,-0.07985004252910771,-1.7890567093778837,-0.31767532119260067,0.25541667831376463
S43G01N250,대구 한국가스공사,2023-2024,0,-3.373709611044135,0.6991131430722166,-1.3529164653191723,-0.272815426327138,0.09701130937194317,-1.0448928084725138,-0.5784257485732204,-1.6969965876016673,-0.677828351373762,0.3422862767754146,-1.3654671505133538,-0.32655169031861486,0.5552301121378571
S43G01N254,대구 한국가스공사,2023-2024,0,-0.5980076158552314,0.5209935417330223,0.03255218458011856,2.3744414193987624,0.7286861346465774,2.093209505194337,0.6695212448088218,-0.2688635730176144,0.4024066466666918,-2.4247616919484254,-0.5061060642785906,-0.5743752453536639,0.08055196742368032
S43G01N262,대구 한국가스공사,2023-2024,1,-0.6336851596774608,-0.6379744019492499,0.97830318460884,0.10251312748338054,0.4648337064359071,-0.2796587406885727,-0.5116201229054032,-0.1439663500168843,-2.503846631447013,1.3275934662942646,-0.5613182324713537,-0.41411667925584567,-0.08192225318032968
S43G01N268,대구 한국가스공사,2023-2024,0,-0.47452798619630004,-2.1275025653488506,0.6514413364507315,0.4829462869790712,-0.059483793166527604,-0.21125753783476628,-1.7422319698256041,-0.8277875335585513,0.5761213555610198,0.9512194552169007,0.3774577992254021,-0.8262670645210851,0.5447796168293549
S45G01N3,대구 한국가스공사,2024-2025,0,0.8648059923746432,-2.4740393850446436,0.7663458825280044,1.2821206824240468,1.77700199483672,0.6925983851648722,-0.8176017419324737,0.40295236615443497,1.3065508883433974,-0.27078994134848033,-0.32206174324106523,-0.06488656560104229,-0.371376056429872
S45G01N10,대구 한국가스공사,2024-2025,1,2.2661302687229075,-0.2695503045536496,-0.7186881296631964,-0.0734871631302498,0.89225039323315,0.5351552489194944,-1.2774916007724442,-0.671532735116714,0.23827021942352328,-0.14815157479315394,-0.3026179091993851,-0.4757621052011663,-0.6113247937445659
S45G01N14,대구 한국가스공사,2024-2025,1,0.013771490071078082,-0.6947714149063401,-0.3532037252240835,-1.1454711838252098,0.30474327100397164,0.33423127514422596,-0.13863034536909635,-0.14162582944829008,0.3872756854998446,0.3026868469260003,-0.4675096087290506,0.060064844930778856,-0.6346054022178884
S45G01N22,대구 한국가스공사,2024-2025,1,1.8132616893931917,1.11148486413255,0.11772363921893211,-0.6757698321231604,-0.5136092962481607,1.5104762067702489,0.2904327271434602,1.102096626170614,0.5863766163014172,0.5922788656538603,-1.3323915800317514,-0.19272903086587292,0.13985888610982763
S45G01N25,대구 한국가스공사,2024-2025,1,1.8083059780475546,-0.5668212823591048,-1.2972398671003051,1.9590594137029582,-0.25829447365047686,0.8899363595860609,1.2753011333576914,1.8670994994130963,-0.4752032127327364,0.35578016293804693,-0.7941091087898882,-0.3211485048785332,-0.24765559597026687
S45G01N31,대구 한국가스공사,2024-2025,1,0.8023138168833046,0.9226996996991561,-0.4558997122492354,-1.1168481153032617,0.43776196884618834,1.338564577439175,1.2703932791813817,1.6727880295717554,1.581195885601311,1.6767758846598362,0.17169957032875677,0.5294547912710506,-0.2850244483498456
S45G01N34,대구 한국가스공사,2024-2025,1,-0.5807844810927908,0.7234710422014518,-0.5174594421765397,-1.02154445532725,0.4426705507048771,1.6785544187753207,0.4065398942494086,-1.1932816949216458,1.0354163117108055,0.1656552014641492,-0.8935544029808781,0.5087174701554324,-0.7870702808283566
S45G01N39,대구 한국가스공사,2024-2025,1,2.0846637496300846,0.8409980339871695,-0.9686673081226993,-0.8033898083743255,0.7036563003186551,0.9056917319727082,-1.935778739532069,0.7882587810141918,0.3192254004681,-0.5212133257017416,-0.22260542285501655,-0.5148001831568401,-0.02875261242195176
S45G01N44,대구 한국가스공사,2024-2025,0,-1.4991170406244136,-1.28572318560131,-1.4292471014161245,0.7450216130117835,0.006126847240501955,-0.46503565702659955,-0.16977848595581005,1.268462437748625,0.6070080068091744,-0.8560564806038208,-0.6689649095880614,-0.09561861612093786,-0.5487343481431532
S45G01N49,대구 한국가스공사,2024-2025,0,-0.6358791931765811,-1.6234051879626767,-1.0428491463618594,-1.7212630020513404,-1.5468814906439277,-0.13535585146598386,0.444471963536238,-0.8521340413680905,-0.07374952839049682,-0.3224650785043544,-1.2076981745513025,-0.16349144592703205,0.10135918616407716
S45G01N55,대구 한국가스공사,2024-2025,0,0.9702298552522962,-2.2868614431139638,0.7519227113079938,0.4956517314836888,0.08616268183959751,1.0113693758023918,-0.3606863216768483,-0.4540162022177134,-0.9038473224248514,-0.3547538340747038,0.1670094776963434,0.05269348347231885,-0.2032728468560185
S45G01N62,대구 한국가스공사,2024-2025,1,-0.8826437330769669,-0.19598593827459296,-0.5008942594556335,-0.7369879776811857,-0.32541322631685676,1.9756343417404418,-0.9442327608481296,-1.5285782568882218,1.0142279614833276,1.2805099160817206,0.7031763238303828,0.5692681539648679,-0.2547516136607965
S45G01N64,대구 한국가스공사,2024-2025,1,1.9736860065921502,0.5147786044828184,0.7558766459606625,1.827271453161794,-1.1132791498509766,-0.7640693294511879,0.33697773270972375,0.21221283968937663,-1.2039174147558471,1.2841754392439082,-2.1702337672213083,0.11186173646233567,0.4737858433654665
S45G01N67,대구 한국가스공사,2024-2025,0,-0.1876932681622424,-1.761602744672324,0.6062422052422719,-1.31258996208999,0.20682951482742556,-0.10296381990123572,0.8246600700445715,0.24933464093806176,-0.08289099197780793,-0.12292413677892707,-0.2273956403493915,0.9746300954461076,-0.2698859668360867
S45G01N70,대구 한국가스공사,2024-2025,0,-2.203658715508212,2.0073257344812196,-2.0143632758119043,0.7530975981560982,1.3781938898851946,1.73529195755744,0.6581492888869677,0.6571975520940915,-0.4253260255388602,-0.5189134032032955,0.5743820763368515,-0.19570510418659864,0.12202207995861201
S45G01N76,대구 한국가스공사,2024-2025,1,-1.5449522765251442,-0.3987965653352874,2.5554844073236143,2.1677476311811392,-1.1489276573971567,1.5486008941183287,-1.4186846176813133,0.4872579365403083,-0.9472913940922721,2.2450751570682197,-1.23217865713388,0.2873213775335222,0.3762212848167026
S45G01N79,대구 한국가스공사,2024-2025,0,-0.6763392451716767,-0.46722675005294706,2.073332833454,-0.017414375313836897,0.5035054333938916,1.441477415230902,0.6141137828949693,-0.9910082354350024,-0.21593659468870363,-1.0576231929644873,1.3439774774147724,-0.22764835940933023,-0.4794426365449847
S45G01N84,대구 한국가스공사,2024-2025,1,-1.1534074104553125,1.5962811837413842,-0.3436259181783324,1.5242265022944983,0.7441883850668324,1.307695910322603,-0.3700260468167093,-0.6936572574997085,-0.5366131887834884,1.0854673027766633,-0.17269451938595962,0.47302464641974173,-0.5692874060141085
S45G01N95,대구 한국가스공사,2024-2025,0,-1.1349994481915038,0.03248497387514982,1.42490550660282,-2.2561164219508627,-0.7905624151361031,0.98474332247858,0.08952882539272836,-1.409421051160019,0.2494838625920263,-0.5496038224274854,0.11319610965834956,-0.4772664657769896,-1.0055542711290297
S45G01N99,대구 한국가스공사,2024-2025,1,0.19056153126614406,1.498213940319427,-0.249146919846038,-0.01648162889699263,1.0390462496477528,0.5262752188072075,-1.9631271927542981,0.5301864133235991,-1.6196537164123392,0.3329681446027765,-0.8750996000405367,-0.3536048567697201,-0.024710515286688765
S45G01N106,대구 한국가스공사,2024-2025,0,-2.426376406184518,-1.2530004209922023,-0.48273342572047756,-0.4147656382860851,-2.15824168878101,-0.9294170464539632,-0.5697819737815091,-2.3971671928533524,0.38630832907598944,-0.8851971852169903,-0.03437886156743935,0.81706808527917,0.40221690038321894
S45G01N110,대구 한국가스공사,2024-2025,1,-0.6117187936662054,-1.3846818586319627,0.9755230812384763,0.772993482393959,0.0063586493919762215,-0.23906516175331535,-1.216119652301365,-0.17162094672193715,0.5764088813937661,0.7652375152136464,-0.9037898594298179,-0.3260147023748169,-0.539464569988666
S45G01N115,대구 한국가스공사,2024-2025,0,-1.8169984891935929,0.5127975314428359,-0.36283325201782807,-1.2354807291738146,0.42873608970929256,0.4618948240705383,-0.9137142274480834,0.37671759027345975,0.730574415450949,-1.0404969920565754,0.23270526224738552,-0.6737326546374969,-0.6512816046189197
S45G01N123,대구 한국가스공사,2024-2025,1,1.6785903040929102,2.573672996269896,1.0521715507434763,-0.4162818423191011,-1.7375629674386206,2.3778659467325043,-0.07986424178692086,1.0831460532195716,-0.21619855027630627,0.32061286665623123,-0.12435928291242118,0.01255074450540714,-0.02683584458025956
S45G01N127,대구 한국가스공사,2024-2025,1,1.3958214318516358,1.3574137279047374,0.06098336208438818,0.8049040728182106,0.7214471717518306,-1.757377185047127,0.15215146651300468,0.3376579997055623,-0.8010956752685728,-0.9402132655842533,-0.8776386685585131,0.43635282744641885,-0.35963640080575354
S45G01N129,대구 한국가스공사,2024-2025,0,-0.08680297923565011,-2.387129891919948,-0.7173439934699352,0.12539036541530804,-0.06457525494891797,1.2744740637218024,1.26626775501798,-0.7711800262820792,0.9501149932144737,-0.36845750687495527,-1.3210128209251522,0.9738589619588925,0.20153768378074002
S45G01N134,대구 한국가스공사,2024-2025,1,2.0711705829440894,-0.9641579399385539,-0.3910272880348527,0.10943372549858034,0.6728908538490572,0.009020442656397681,0.2518763913105375,-1.3443279495014622,-0.41556353993451933,-0.16516027359156382,-1.2172468532240224,-0.6573560779743671,-0.4705711444017269
S45G01N139,대구 한국가스공사,2024-2025,0,-0.017564475828211537,-1.4923775371976113,-0.5102257387512213,0.4938287864937304,-0.6759116749678449,-0.3601901878104222,-1.9948790954050069,0.7243890033588336,0.3994498560886726,-0.5071232737201323,1.192351119152781,0.48901957001701546,-0.055487179258331396
S45G01N143,대구 한국가스공사,2024-2025,0,-1.143410406029175,-0.7940522426508814,-1.8083616221309995,0.8813109915881036,-0.4129789887310754,1.1500501073192062,0.7505397310598286,-0.81465074618497,0.09335102408989747,-1.358626066548585,0.794702783391821,0.10596300975115348,0.2167566455098236
S45G01N148,대구 한국가스공사,2024-2025,1,-1.0923201312680708,0.06616061299023,-0.1773128957608374,-0.5422610502927504,-0.1449420943929746,0.16104129123467784,-0.2562953063438702,1.25362829577732,0.13782954884876397,0.7007468241077994,-0.5653655971818218,0.5756783351231163,-0.26315251120446204
S45G01N157,대구 한국가스공사,2024-2025,1,3.4561918712459203,-2.1771030121147614,2.747654511503521,-0.13819306896426709,-0.24929314811617784,-0.11612359507811923,-2.6533008460586576,0.6660087586395133,1.5162666641851752,0.668627427856103,-1.248772931414037,0.6523742122753551,0.6574618930672687
S45G01N161,대구 한국가스공사,2024-2025,0,-1.371655774522132,0.4339269383926667,-0.014980981482800245,-0.6525691319155008,-1.3801991748727354,-0.2958840735605715,0.6169454591313198,0.777320232361529,1.246449405575605,-0.5956225432078236,-0.0904747987557872,-0.646521178023359,-0.05151986908624584
S45G01N165,대구 한국가스공사,2024-2025,0,-1.1751879762233295,-1.4588005983070012,-1.555148592003069,0.40481934431582506,-0.20321892355224702,0.6616634632479728,-1.0289012897473897,0.05261784494512871,0.3715938045793898,-0.7051362482209933,-0.20748376368270244,-0.2761408422592481,-0.037491744605995365
S45G01N169,대구 한국가스공사,2024-2025,0,-1.0904180289097751,1.1084216614871898,0.05419703884851706,-0.4907066701459875,0.7515887337008195,0.1478859236916166,-0.45954330640002494,0.655508677305721,-1.0729002391482605,-0.49029594642332003,-0.6878110786176106,0.9326499395040803,-0.043778405714188014
S45G01N172,대구 한국가스공사,2024-2025,1,0.9773814592586882,-1.2380404582399145,0.814770713543699,1.2753811828879855,0.21493638933749115,-0.7395435607288395,-0.3369705781219352,0.3277766531436013,-0.6430011836050344,-0.23593261345450703,-1.013059932465553,0.4804000002200015,0.1790267564971004
S45G01N179,대구 한국가스공사,2024-2025,1,1.23212135174222,1.7445128929629619,2.4589802638302287,0.9920003575606298,0.22421377475711535,1.29072451528608,0.1808629081251359,0.19725987758267596,-1.2995007740566336,-0.9542822150606544,-0.8526375339030584,0.39942085849808656,0.23539522583792677
S45G01N184,대구 한국가스공사,2024-2025,0,-0.5088236458065227,-1.9331196947548464,2.2873790080639105,-0.22465593876773582,-2.0719666854713004,0.18461861221947315,-0.6236486824532382,0.7059336760353363,-0.3922626269673831,1.0471449213416832,-0.8806412001368853,0.855179285778542,-0.6292687666849671
S45G01N193,대구 한국가스공사,2024-2025,0,0.45861620383187646,1.0433187269909923,-0.5929183589072425,-0.25149987519067757,-0.3284849314415587,-0.38837061556775526,1.7955342800080327,-0.7684728200132757,-0.304563118865369,0.3485640746226298,0.6292483121338103,0.817028462082945,0.3398373510584618
S45G01N198,대구 한국가스공사,2024-2025,1,-0.3732574258554118,-1.4468604750586487,-1.4407817358356134,1.480644156964882,0.6192871270394251,0.1364303788251835,0.2947170588601377,0.6377190314851754,1.4069994220023259,-0.40802591454738624,-1.5925918707530682,-0.37882489046309736,0.11608165468674751
S45G01N202,대구 한국가스공사,2024-2025,1,2.56476300861411,1.4057834186902614,0.9103614664797959,-0.08947313676340612,2.7862163223707843,0.24717424551384212,1.2339802012188161,0.43772485646671244,-0.47338996099623676,-1.6207232076182894,-0.2291923405819797,0.47119102533093676,-0.5696263630024778
S45G01N205,대구 한국가스공사,2024-2025,0,-0.5955575035852899,-0.25490763284627976,-1.7035762257622602,-0.25112864869374296,0.5581493240910167,1.372328701794122,1.4217740306155793,-0.42369396824201616,1.2041511433365084,0.8431757711349833,-0.6847307626175223,-0.11293884073637397,0.02087653504760255
S45G01N208,대구 한국가스공사,2024-2025,0,-1.6208303248764655,-0.13625434513016024,-0.7943861772168175,-1.4744039491696443,0.645818660650659,-0.15142764653555268,-1.2719584162653257,-0.1311002004330545,1.4654497761046554,-0.302071653129453,-0.06478599694433465,0.41767852808386097,0.04096213105217523
S45G01N212,대구 한국가스공사,2024-2025,0,-0.8031731563913695,-1.019903783702862,-0.8153234313820907,-1.186678041437195,-1.2176393181784075,-0.042527555131278004,0.4438377060428419,-1.226573289534672,0.34113989478486295,-1.074215769315348,1.3134614196035101,-0.0942722967946991,-0.014225092925938607
S45G01N216,대구 한국가스공사,2024-2025,1,1.693869628513513,-0.04043057067027149,3.1944299574369865,0.7701703349184167,0.1313716770508967,-0.6995437063665052,-1.4130221471362965,-0.532700620293075,1.3626876113257615,1.6500578587033221,-1.8078303549070265,0.1016674081711529,-0.09380586786155837
S45G01N221,대구 한국가스공사,2024-2025,1,0.8518375108421838,-1.8441358735691193,-1.0623210335867181,0.14832849541297582,-1.453500758387686,1.5942852433742674,-1.2265893812657798,0.6323224971304339,0.40025084128580807,0.17148657154286656,-0.11174777003373298,0.3855274557564512,0.27651212166554906
S45G01N227,대구 한국가스공사,2024-2025,0,-0.003543759278446294,-0.4324150054340135,2.220435358481801,-1.0611310632123834,-2.1186555536126357,-0.7501993417393595,0.08020642651576199,1.6739266530320691,-0.14173475202648195,-0.2780969756523374,-1.3797200137688557,0.7215403612244204,-0.2688893523850194
S45G01N230,대구 한국가스공사,2024-2025,0,-1.3338461598580549,1.0381765297256076,1.1072382133216685,-0.32675368565154395,-0.09537107666222472,1.0208026918045159,0.9525997503873463,-0.4000208289954288,-0.11300495298460367,1.4958101320832133,-0.29973613752288714,0.6791026299353364,-0.24941407117029016
S45G01N235,대구 한국가스공사,2024-2025,0,-0.21250780113960674,-0.6998558601038428,0.6011707750682528,-0.8529061555553591,0.5521532417485348,0.9966867971505654,-0.9072486979329952,0.7636388274927887,0.8726772322694224,-0.6183552695581572,0.4274062144438772,0.26081385656384576,0.17406371677381402
S45G01N239,대구 한국가스공사,2024-2025,0,-2.1568670730113024,1.2557882295606693,-2.2534317202651484,1.073851483155143,-0.4740229886966857,1.0985700216313086,-0.20212988116892142,0.03995694561808557,0.045028488401308533,0.0898227140373576,1.024918815163631,0.688736664430963,0.09117471508210095
S45G01N245,대구 한국가스공사,2024-2025,1,1.9296253060489807,1.7296006728928712,0.6187043422768554,-0.4399721765660965,-0.14016607796561517,0.22286282802000373,-1.630092514223175,1.7342279147634903,-0.8910028233456937,0.5602284885106141,-0.24725769942995612,1.2658437388932147,-0.02848936916742319
S45G01N251,대구 한국가스공사,2024-2025,1,0.9995959190372248,-0.23524723471828593,1.4763634471887042,-2.0370007698966592,-0.020612676395333453,0.6175957073431059,-0.31308707753132514,0.7697804621598162,-1.3833352677727837,-0.2541290464422101,-0.21426476412971426,1.2407397745682216,-0.05909016203954617
S45G01N254,대구 한국가스공사,2024-2025,1,1.84747525239449,0.05167692813743073,-1.5044237403962006,1.2088832207267406,0.01806294783234561,0.5608799835950763,-0.04642507973934295,1.3554586641754418,0.05390745890354537,-0.8138109043545727,-0.2609391011324947,-0.8819765217819914,-0.5016410883937815
S45G01N262,대구 한국가스공사,2024-2025,1,0.874722972300277,0.3591403168334476,-1.454627716978517,1.102780490171335,0.05355176843441221,0.9130074330641555,0.6424804035561515,0.45201442656049434,0.8829784008718315,-0.4561990185170828,0.562904246877119,0.3046164084085353,-0.7175850922022357
S45G01N269,대구 한국가스공사,2024-2025,0,-0.6495629921436455,1.0328155080188006,2.134517252687095,-1.5032957341284836,0.38633092511833067,2.04767829706366,-0.2390244918534865,1.485463521124598,-0.41497007360487953,-2.895756573672219,-1.0171011479335546,-0.5574751647972448,0.037163611385275214
S43G01N5,고양 소노,2023-2024,0,-3.149280215035671,0.9883015314524447,0.6332441709555277,-0.021760251839969876,0.6017952367380456,-0.7404140854229839,-0.09768354179826605,-0.35740634419592726,-0.7165747957666568,0.519600296527997,0.8804259710341739,-1.226180619346394,0.3819625639720842
S43G01N8,고양 소노,2023-2024,0,-1.7778052797779695,0.34036715087100994,0.5108271192346314,0.8491688760591151,0.5509646874378316,-0.2479416273876495,-1.779445157041781,0.7007928874162475,0.4440693149195081,-0.8352531896139539,0.23207750150409712,-0.2285999250114945,0.042120666357774166
S43G01N11,고양 소노,2023-2024,0,-3.4667655896622898,0.29461965531929635,1.9607438144546692,0.686197829009874,1.0024524812534414,1.8620689454761252,-2.68052955405838,-1.2362242814671938,1.2889902315985666,0.0037348764656562525,0.22337935945806053,0.6406667193343322,0.17867836302261736
S43G01N17,고양 소노,2023-2024,1,0.11792878036235226,1.7293011273323782,2.0262989045347166,1.1630550544802316,-0.3028897839810828,1.4245979987193966,-0.7959174588994105,-2.0761024036053737,-0.35929008392825323,-0.3948894187128547,-1.361573715279366,-0.21799664100673247,-0.010467025571255744
S43G01N21,고양 소노,2023-2024,0,-0.9589049991787515,0.9025591579654155,0.7180298525087294,-0.8023672111296649,0.45248582796178594,0.26524686173357465,0.3720592552060095,-1.548963378281399,0.5331875548572043,-1.1955050692458846,-1.09957073911915,1.073718424027232,-0.013996061172809384
S43G01N26,고양 소노,2023-2024,1,-0.5414381023321745,-0.3387849278067034,-0.35849182046227646,-0.9386918465186764,0.13931609085468744,-0.6557744155257733,-0.4911256042399573,-0.41949235298210047,-0.14234586366868382,-0.34199733009007227,0.37225306772137723,-0.8127548695692718,-0.396153267681647
S43G01N30,고양 소노,2023-2024,0,-3.165851463104657,-1.5037515630067573,1.380565631999635,-2.9847082533103215,1.0747239956720769,0.22368113575165047,-0.6928020670240594,0.7059097962715937,1.2353477450793624,1.2006077217679643,1.4022259257192553,-0.213480619298805,0.5453210227622869
S43G01N38,고양 소노,2023-2024,1,-1.4126966542356938,1.9356380976268341,1.0990938257175384,0.22513153060633848,0.199074781813032,-0.1353093819570162,1.0656063849140196,0.7044142125307211,0.5389237650515166,1.3475661431500727,-1.3102994299738617,-1.0334554448877804,-0.07914098114968977
S43G01N42,고양 소노,2023-2024,1,-0.3079644073266889,1.3142602455923234,-0.608230593545924,-0.5433230940242201,1.469984196098408,1.1611324120155966,0.02395535457853645,-0.7601904181941305,-0.2327901021239548,-0.5207217624738091,0.30822403329054965,0.10248111493109244,-0.14619376440752718
S43G01N48,고양 소노,2023-2024,0,-0.016216430025180462,-1.7863765698050658,1.4189821207683113,-1.8273328704543603,-1.0275982227633305,0.695444043515676,-1.1418675798231834,-0.8715417862889445,0.42247238408285026,-0.8025158950563579,-0.22859856484334165,-0.4883207830203957,-0.02194232121891752
S43G01N55,고양 소노,2023-2024,0,-2.145350436601727,1.9998505511474802,0.8625220943717755,-0.9137584900042872,-1.9771344124011208,1.155229786610677,0.5383135429503989,0.22090515662082388,1.7916204934010032,1.0274644464241323,0.045994717923395066,0.31877980872231837,0.598291951659226
S43G01N63,고양 소노,2023-2024,0,-2.720848770463554,-2.905489657789771,0.5537952788160948,0.5636724128811754,-0.08928299054797992,0.6603369251254992,-0.07514708414460829,0.09321163777178257,-0.23986124883421153,-0.36461513947489504,-0.22569789511856264,0.1357734011079222,-0.028518670157210883
S43G01N68,고양 소노,2023-2024,1,-0.2682458072734263,0.8085206994710207,-0.41585471850331546,0.1780511080601268,1.3042580903041534,1.414533014522062,-1.1566625218752906,-1.1306192083364066,-0.8713743762672665,-0.3189764649494875,-0.2117821330153329,0.6449218771062368,-0.26891821969039287
S43G01N71,고양 소노,2023-2024,1,-1.1198179027117012,1.5211515581870418,0.002510813663742539,-1.5691714089990234,1.493987315639528,-0.8715551752213656,-0.5391762235238019,0.6559667056068964,-0.9996585052298558,-0.02847516582561224,-0.6742803120082385,0.1371782199544607,-0.5853762714882425
S43G01N75,고양 소노,2023-2024,1,0.3455968621585392,-0.8551166033660123,-0.4259701339828098,0.8987786060178161,1.0959669348990597,0.6671445157656573,-0.660198814368993,0.46972960046202095,-1.0860468436445425,-0.6337079591058808,-0.9045101995662095,-0.49802060459924336,-0.32139483314319506
S43G01N79,고양 소노,2023-2024,1,-0.6601834383783596,-1.5019930808754338,-1.3173660139728354,-0.1353891601395832,1.129613880090186,0.8974786130089918,-0.043492813265852526,0.818441411996218,-0.5116166573576885,-0.0691096191930812,0.054084108604721716,-0.22705292754409231,-0.3297549059626613
S43G01N83,고양 소노,2023-2024,0,-0.679296370602323,1.3187278728828395,-1.0178405814719909,1.410843197437333,0.3591611558207302,-0.23682902343267082,1.7920782186233997,1.2921132541354678,1.079061275683512,-0.8972725829619026,-0.24575066328641734,-0.09655194669243762,-0.3974739515397459
S43G01N87,고양 소노,2023-2024,0,-1.2469465115267742,0.5805912215460662,-0.2977392638982712,-2.036246446811851,0.017994784310257243,-0.005714703944299012,0.17883905104312173,0.39045012293466164,-0.43657404412187106,-0.3370524318273541,-0.5535839747595805,0.36881065862614265,0.6398022963298704
S43G01N91,고양 소노,2023-2024,0,-1.7672125937993004,1.6898889276429547,-1.3003332369741776,-0.7698083003793228,0.3111706210813904,-1.2971541523266301,-0.03378447235164176,1.3163724793842417,0.6436699410785407,-0.9233121289497968,-0.44573255674884155,0.30715370774220013,0.3104648633184243
S43G01N98,고양 소노,2023-2024,0,0.7036481833880376,-2.2574099257825115,0.7956967907552038,2.0218703796679005,1.6832430909299747,1.6615225870025516,2.8907715801797584,-0.5541351442562853,1.851665517840296,0.10875136983584541,-0.29538524510880204,0.4128088059946054,0.05537164064013076
S43G01N105,고양 소노,2023-2024,0,0.3767758997133204,-1.9629060560025429,-0.628104184447736,-1.135424828592638,-2.1089683440453024,-0.6307241785114955,-0.24682492096961672,-1.820865019473969,0.5752535212510216,-1.2337769801725138,-0.5779477617582258,0.3731275499864719,-0.10811366255875138
S43G01N110,고양 소노,2023-2024,0,0.29477824684747167,-0.8626243806892995,0.054210065875850144,0.6217285965283859,2.1221940357601525,-2.336103556800842,0.696180129924375,1.1830022871202575,1.135540576900887,-0.3210345228223973,-0.632215135436097,-0.3381433634229216,0.49671631292233204
S43G01N114,고양 소노,2023-2024,0,-0.7269375898923115,-1.6599441355436884,-0.3367095457967049,-1.1025324236800298,-1.3664007546032857,-1.739990664793991,2.775125360054329,-0.5966774777150983,1.162415258900152,-1.2274358067527453,0.8587977362551505,-0.13283230500889762,-0.035195236509920125
S43G01N116,고양 소노,2023-2024,0,-3.242763221218437,0.22820626063626617,0.3196259059236656,-0.10686886289867525,-0.8740744814877165,-0.9304649876284175,0.4950183861793607,-0.0912491532937592,-0.33796892536707007,-0.2363487111946423,-0.6958681249631162,-0.4271316432789075,0.3934570712505846
S43G01N124,고양 소노,2023-2024,1,-0.532428977765714,0.517604305766545,-0.3150442764301463,-0.02120195852143425,-0.3504849658552502,0.708373301821127,0.22282966074834032,0.665032483608655,-0.14112566338042404,-1.1741558925303626,-0.13535413794388218,-0.5655427206425097,-0.3631970867366914
S43G01N127,고양 소노,2023-2024,0,-1.1738045765468461,-1.0142753551490444,-0.23092601889644251,0.11000587074524744,-0.8153194061361735,-0.21961023890396641,0.5174972985158894,-0.17532265521649273,-1.4503206381363065,0.012986678808316195,1.306390056124076,0.4153643767519877,0.011728911516472413
S43G01N131,고양 소노,2023-2024,0,-0.9417574575394807,-0.4805393950988549,-1.1309102273048457,0.6456024424643193,-0.4099878360535331,1.3951788191423329,-0.1905984314898668,-0.977660914205087,-0.4000968514861988,-0.13723709030748402,0.2855275102156074,0.34981715298585775,0.6148103776611373
S43G01N135,고양 소노,2023-2024,1,0.6374859620861415,1.1462682281420895,0.3816815794322821,-1.6454336492844746,-1.7095581762651404,0.19198718862503839,-0.32646718383083934,-0.5187029924712349,1.946716999253122,-0.35191771022361223,0.12810936691164723,-0.3588713100314097,0.09612636627355085
S43G01N140,고양 소노,2023-2024,0,-2.0355877020047566,-0.8696001830939397,0.3654056059630511,0.00680420501394455,0.14212010383684576,-1.2947333809433166,2.0142804523552233,0.6852884069979716,-0.6421562185050027,0.13415182616653848,-0.2763824457075344,0.2436818510647438,-0.5113884515413086
S43G01N145,고양 소노,2023-2024,0,-0.13557483756636324,-0.3792698500818954,2.2073640776420578,-0.3466395059061345,0.5138805504117959,1.5852589143904041,-1.2963136997555824,-0.6431830325836677,1.2334203026175667,-1.3070247605442142,-0.6933155038584384,0.5809826904299592,-0.0381595616305275
S43G01N153,고양 소노,2023-2024,1,0.015244099677643116,2.0444879582071915,-0.7128327535055006,0.8763497361792765,-0.7092034839736415,-0.1761360338339633,-0.7079196587955452,0.7001425349524826,1.1485039737835607,-0.5601993771099003,0.8119227822403805,0.46877512300332785,0.16562397497729942
S43G01N160,고양 소노,2023-2024,0,-0.2743488324597338,0.5111794385827663,1.557695476233656,-2.6353497350952466,-0.1828895051401577,-0.25816115811164314,1.7993517400282786,1.3967210588817525,-0.652882698833922,0.5035640645613911,0.5249652988911603,0.951726815239736,0.0388523884336905
S43G01N166,고양 소노,2023-2024,1,-0.8429336395735306,1.3698513531057759,-1.077964695246961,-0.09135763428435524,-0.7514030916178609,0.0495066565909926,-1.0365772115894694,-1.5882397135486002,-0.33363490363382037,0.12521474334817406,0.031016327333952834,0.9606096607821715,-0.12314689812206635
S43G01N170,고양 소노,2023-2024,0,-1.2053100032253223,1.0421717376526094,2.481360817132727,-0.5183017943590719,0.5828551899760871,-0.19546868974091816,-0.10633348403221939,-0.4905511939831715,1.2015382616463932,-1.0689819219486922,-1.7389304192452764,-0.2614933527647111,-0.33282833263864786
S43G01N176,고양 소노,2023-2024,1,-1.4792819837792108,-0.10659307183569927,0.6207777823264885,-0.1412102955923826,0.9342021703460971,-0.6262643537313571,-1.2368881191824848,0.30757876944093143,-0.1445756968559014,-1.7081672566895505,-1.4851201045256832,-1.0754511883500106,-0.08640467480688742
S43G01N178,고양 소노,2023-2024,0,-2.064546277464356,-0.7186592578323505,-0.18066477549403695,0.18581023895396892,-1.1735607477355396,-0.7764677004926802,0.825225141646648,1.0158096663883487,0.4513401996466938,0.7338598625075676,-1.5083332731474508,-0.510022455568545,0.5276477459719984
S43G01N181,고양 소노,2023-2024,0,-1.6018718034089576,0.09840872250438415,0.4270887792011836,-0.48422472661402105,-1.2234776697381053,0.7439105845913825,0.6129020050258113,1.468232229103415,0.07644872456694596,-0.09987964460777177,-0.09149583555878285,0.024999842219884622,-0.3870755220665198
S43G01N185,고양 소노,2023-2024,0,-1.6774604512753317,0.19279186535806694,1.3883747080958921,0.994233512317984,-0.7159921953132431,1.4178013085353356,0.4546619645410243,1.0149343145413805,0.34946045331856274,-2.021590935462251,-1.2057510720595574,0.5326457806402515,0.1683044717473687
S43G01N190,고양 소노,2023-2024,0,-0.5917258564802479,0.4863185222517589,1.8166079009228466,0.6738326990401678,-0.6144779887145325,1.1550506589335647,0.8794868818084665,-0.8499900112545429,0.7023589557754799,-0.39425331698125177,-0.24604474981564378,-0.49347149905840315,0.0551850952365299
S43G01N196,고양 소노,2023-2024,0,-2.0964272583928745,1.5386659793790116,2.041054835603455,1.1675056906080914,-0.8059690462971016,0.337673874027463,-0.5504054524069498,0.9779909893392155,0.044122373481528365,-0.1361593023274447,0.17999588131993105,0.14474200040015484,0.6298697342124534
S43G01N202,고양 소노,2023-2024,0,-1.0673294800890605,-0.9781881308031791,0.824413592540557,-1.415060874181399,0.579206601773694,0.05905387896529294,0.3338766942203145,-0.378438747769184,-0.156685021237594,0.08132372768630892,0.5335460053610295,-0.32362245367644266,-0.18225927098130215
S43G01N208,고양 소노,2023-2024,1,0.802801167411789,1.376263714911025,0.42094783015407367,-0.14728552331681255,0.7627825265709969,0.7722334630815666,-1.501087529130472,0.3434275167977271,0.34732766985686847,-0.04622581553063721,-0.7609698650170063,-0.020124563122440674,0.5346243910088861
S43G01N212,고양 소노,2023-2024,0,-2.669967162938923,-0.6887822920871975,2.0671239605615654,-1.9089459822045276,0.5901912943396128,-0.5680173437830867,1.3957287752569314,-0.7970897666582569,-0.43762340539444167,-0.1615528514772731,-0.5670601140062032,-0.1892872708615293,-0.5232712408110746
S43G01N216,고양 소노,2023-2024,1,0.2599575470305545,-0.42620897899939464,1.3548875305790637,0.1294634568965601,-0.46599031268649954,1.3215047262708617,1.6882569927272606,0.5744171170474731,0.1354282216812778,0.567185618583629,-0.9899898552474669,-0.3082726312539894,-0.5813545404615644
S43G01N222,고양 소노,2023-2024,0,-1.4538584610890162,0.8187680771612024,-0.3241666111342593,0.7475396559508024,1.146810807304468,-0.41137400798004037,-0.011968999476107418,-0.5012711476618374,-0.6031149062548076,0.20599303307883307,0.4801944215285428,-0.29192530125324423,0.03284551098829715
S43G01N225,고양 소노,2023-2024,0,-2.4310599997635527,1.457039011621021,2.194198315511603,-1.5699766128505859,0.5662213900571984,-1.6570783285693131,-0.2120504394295859,-0.9324669097736339,-1.3475779476949263,-0.17224095944842022,1.1085344944000675,-0.14930172547833825,-0.2967324215403753
S43G01N232,고양 소노,2023-2024,0,-1.385277092942139,0.9657311703091597,1.2149708761120306,-0.012361077769230613,0.9696531544288098,-0.5068653842057046,-1.5295766804007276,0.4376037695425185,0.29810259171705955,0.11131816870931667,0.0994991109419625,0.31275539733020485,-0.49541262691049054
S43G01N234,고양 소노,2023-2024,1,1.8310371809993846,1.306828194445125,0.5218165123938956,-0.29616679168407684,1.0899578356034125,-0.768384331161779,-1.3311540684822754,1.1320938526874518,-1.081406358284076,-0.35415400326910845,0.4918559303600516,0.4490421192073777,0.18209718861171334
S43G01N239,고양 소노,2023-2024,0,-2.095450170357071,-1.72714567089806,2.8412570914326274,-0.8606776489299471,0.6175785988050214,1.1712315806051417,1.0356608317440827,0.675413926521473,0.6821520907854779,-0.9048979857743337,-0.49806450095767607,-0.8986829967770901,0.3187622594080133
S43G01N243,고양 소노,2023-2024,1,-2.850008967269739,1.119816962110717,0.14937027251568943,0.718755882488203,0.6724335305362809,0.17146881937680444,-0.8610966039861511,2.819103205393124,0.43709784828595166,-0.8580511614520259,-1.049431867786864,-0.8344225526094633,-0.14672650362782033
S43G01N248,고양 소노,2023-2024,1,3.09938400142018,-0.676566969259292,-0.9861422406517272,0.4488146362867255,-1.6844406107270247,-0.2953545263773253,0.9417543372186606,0.5729320700227869,-1.1749072050547005,-1.2600413801682622,-0.7319678051757769,-0.30979135273442704,0.9472239895972754
S43G01N253,고양 소노,2023-2024,1,0.28092158506064757,0.43159216271368117,0.24519778941858844,-0.8097369637562113,1.4769537313146277,-1.0567793608281864,-0.8391857611584663,-0.26793380834909764,-1.0823650592467478,1.0066248269597984,1.209485041560864,-1.0444629242402788,-0.8408999280810697
S43G01N258,고양 소노,2023-2024,0,1.6116119403964646,-0.08434614039677073,0.041671035891941995,-0.6107060914137795,-0.7420653141729697,-1.8763460620290282,0.46188136262261875,-0.9497042948550043,-2.4249681361233777,-1.4035220499060697,1.1498215741226425,-0.044389001143099814,-0.1779611248552125
S43G01N269,고양 소노,2023-2024,1,0.8734313604436197,-0.5335245184307665,2.8200800712476854,-1.1288396595821628,-1.5125020151334143,1.3179729623442569,0.9931950127847521,-0.5212660072720184,1.0374377229105773,1.2318271271432977,1.0733337681220647,-0.5572531968387928,-0.38844604350364803
S45G01N6,고양 소노,2024-2025,1,0.4166841232465374,1.042261068103341,0.36485834412571194,-0.43039064444522185,-1.4927816647327343,2.063788790677316,-0.8919736903788947,0.4271772500031574,0.13459139000204495,-1.198494387463539,-0.2687004629354012,-1.5728931011150777,-0.12609723607225715
S45G01N9,고양 소노,2024-2025,1,-0.7059932911344671,-0.30518594615392103,-2.0146048323477754,0.575121378805401,-0.8840508265636395,0.3604723045169571,-0.9633601324985991,2.4770532005243227,-0.3895825613553383,-0.3201987278953463,0.5266107138244415,-0.28946631715279775,0.2688578265247585
S45G01N15,고양 소노,2024-2025,1,-0.784446628657505,-0.27486053522178683,-1.2323467666587136,-0.17918006689622795,0.39114081853919225,-0.4523616397561879,-0.6626070470584826,1.1015402687553701,-0.2732662135948675,-0.9183187756365956,0.5637044838595469,-0.7168360889144247,0.3705645336447251
S45G01N20,고양 소노,2024-2025,1,-0.19994293109102365,0.1306494542796093,0.3533533846593385,-1.2554216620597956,-0.4171988494182105,-0.47120148635929193,-1.0523743322096422,-0.46576381464873595,-0.6758685928987488,-0.08888271383565378,-1.6777454679730146,-0.48325618589932906,0.1536660515621678
S45G01N23,고양 소노,2024-2025,0,-0.1077869871340211,-2.052947200011285,-0.312864626592711,-0.33490303545309247,-0.8490845567702541,0.13208716183722152,-0.9445982511589982,-0.44186287482482833,1.6194108295030722,0.30020519324197303,-0.11749798245120577,0.8929930768876867,-0.2267884977316375
S45G01N29,고양 소노,2024-2025,0,-2.0599559255223356,0.2297830914436807,0.3239646372442557,-1.4712561246575446,0.5565112227998168,0.9427762368908409,0.7014647020680265,1.3436553726403795,-0.3132689996406388,1.871470335457894,-1.0785781651524828,0.5538410611826834,-0.03921723064871072
S45G01N33,고양 소노,2024-2025,1,1.1592837406227838,-1.248639291412413,0.7842292376459427,-0.74591567217995,-2.429753214482909,1.1794365379827179,0.3124134575907161,2.546654463349501,0.19966066497296603,0.05807194618587936,0.20526224656610592,0.10729119127295987,-0.35361555196963435
S45G01N39,고양 소노,2024-2025,0,-1.759556183656349,-0.35527061144344957,-0.7472437016682262,-0.2765115834781116,-1.2551182431309413,-1.0602040571935993,0.49972152506532425,-1.047787378645845,0.21819927535127906,-0.22398355141710394,1.2839344496723493,0.48818854844956583,1.0225233516184624
S45G01N45,고양 소노,2024-2025,0,-1.5364538389458249,0.273734146970231,-1.0322188943138728,-1.4843126144163945,0.006149058883275736,-1.4342439211052025,0.12184094411654146,0.4099366473041073,0.02722417275535597,0.6143459892584706,1.6336822395385233,0.947854895988514,0.18085112907277295
S45G01N48,고양 소노,2024-2025,0,0.6364081837672059,-0.8944086298272217,1.6593156194883074,0.3663680440242841,-2.586237568119474,-0.03729803409219517,-0.1643826152749304,-1.1613015434557499,0.5652512184818748,-0.9016315766744769,-0.608466400525794,-0.6279393741715218,-0.3576902774641473
S45G01N54,고양 소노,2024-2025,0,-2.2274681704858965,1.554123324860804,-0.2859882296611229,-1.0355028968036928,-0.22077500392591662,0.1286682492848837,-0.22203508306244066,-1.282348552795109,0.10745326389578014,-1.0640260761455627,-1.0438550229391954,0.5240004267274927,-0.1820528656893374
S45G01N58,고양 소노,2024-2025,0,-2.3437160689575913,0.7787675664081104,-1.5480112004515407,1.0928308116260255,-0.1620926043361472,-0.9286087836573671,-0.03476039299656269,0.44635815177576765,0.02393416822838424,0.8825659231465134,0.3598050448403556,0.23994057756010548,-0.3158790727965518
S45G01N61,고양 소노,2024-2025,0,-0.9483286536719044,-1.05901705868156,-0.47596119514376267,-0.5664083498216295,0.8612373399644261,2.00092940574921,0.5451597875578121,-0.6153198883710765,-0.7720887769682204,-0.7987310796802796,-0.6403496304683942,0.12142613079508534,0.008671641381374808
S45G01N64,고양 소노,2024-2025,0,-2.255934881155062,-1.0833282492003031,0.7447053925353488,-0.08900226085723517,0.20403389854474907,0.8444821727175772,0.8894185324962015,-1.2617369986435676,-0.16192950173049916,-0.46756361562867255,-1.13502979646215,-0.02341417900368184,-0.16408475562021035
S45G01N69,고양 소노,2024-2025,0,-1.536719682339863,-0.6741712369610439,-1.2247004301004378,0.6783416636728176,2.162468014662496,-0.5229446812076949,0.35908691815859195,0.4626896578331825,0.2814252990432692,-0.40915882755963356,-2.285417111819894,-0.3021037286788704,0.2094144783376635
S45G01N74,고양 소노,2024-2025,0,-0.41787752142996476,1.8328741970755857,1.0032000673432215,0.3329926609398809,-0.10875165153686134,-0.5536880295602741,0.125764694618157,0.26492817218365894,0.0501682615174985,-1.250785631889318,-0.2704780086976804,0.8523705722570349,-0.11000020010968149
S45G01N81,고양 소노,2024-2025,0,-0.9928116853371859,-0.9797059748258522,1.785141331434139,-0.35265213365711245,-1.8103069526650535,1.0753746837773064,0.6583077533031321,1.0588662860670595,-0.0064166590896399586,1.4493006727038706,0.49202311153579464,0.7199647376567604,-0.2260492100343156
S45G01N87,고양 소노,2024-2025,0,-1.8699910760946912,-0.03015809822387978,-0.19567636017243642,-1.8463580031762545,-0.5933226429850126,2.1343523352738996,-1.3742260313254,2.127418002694359,0.7243002586991627,0.4809982280650285,0.4684073900147516,-0.03408211090529056,0.2534446348329363
S45G01N91,고양 소노,2024-2025,1,1.6589196772835322,-1.2785980352364419,-0.9570520668216361,1.1299126220480735,0.8879715249586407,1.0295075363547304,-1.1336111478881186,-0.30078636715755647,0.6215348500295006,0.11237720633290386,-0.7961315928627715,0.26334787294117024,0.2644755367165816
S45G01N96,고양 소노,2024-2025,1,2.264134934369435,0.2712329334125493,-0.1785648888871246,0.3646634703354165,-0.6211265481619658,0.27835332076236136,0.4704624642259582,1.6028537555498525,-1.1601381406291373,-0.4599176850528828,-0.7236629533207942,0.8197050488696804,0.003378697396097993
S45G01N104,고양 소노,2024-2025,1,0.9875905788666187,0.004504104338870843,1.3874026898229102,-1.8962483114233304,0.5411602399906658,-0.9848655564969278,-1.4495821179040487,-0.9863767291519585,0.9913004447270087,-0.17216761499663674,-0.2985323426706663,0.06490504661709089,0.008024428530093546
S45G01N110,고양 소노,2024-2025,0,0.3864413275794692,-0.5645873466496696,0.3303759942060207,1.383859116816309,-1.3157637537152749,0.5224413477231555,-0.0666091605118278,0.7833981598869021,0.3487884758212346,-1.9991190193199235,-0.4103894509771962,-0.19178988228260063,0.38089713568942735
S45G01N113,고양 소노,2024-2025,0,-2.4285960346187436,-0.6858631955707417,0.7040664613205487,0.7173526220495382,-0.5432748573963155,-0.029730594798266976,-1.6710471017485085,-0.33080686341073656,-1.190815000614535,-0.30781033853915735,-0.6091983061528119,0.06960182113916928,0.3902753219841602
S45G01N118,고양 소노,2024-2025,1,0.6996764761773959,-2.1019250659299415,-1.0441005840267454,0.11647185807063486,-0.1384113736184856,1.5553317133207036,-0.7238920679236263,-0.055330670112085915,0.9633616811851252,0.7209724883065375,-0.15039328088075507,0.9574914750189791,-0.5301205839388858
S45G01N121,고양 소노,2024-2025,0,-1.9404763461268713,0.2242704525699224,-1.8964839685272075,-2.1864344982796236,-1.008602701842045,-0.5629442056116754,0.1355033868199404,-0.24007210955044747,-0.10645283594819388,-0.26931597954246683,-0.6819546000614216,0.08545072541666904,0.33240054288254617
S45G01N125,고양 소노,2024-2025,0,-0.25332799102317966,-1.299746987939945,-1.5445784050504048,1.0578384564555634,0.986235404840169,-0.3571806820705789,-0.75220860231999,0.018567129562222146,0.0621212290257673,-1.1302671353171894,-0.8955200826459893,0.20030334914226308,0.5012121996393066
S45G01N132,고양 소노,2024-2025,0,-2.432133978448017,0.35488751740725205,-0.9796741608361682,-0.272582967460687,0.09593872746557894,-2.616504375945511,0.4548320961500316,-0.9827754183306495,0.30646647328969545,0.3195334893312335,-0.3729688408125875,-0.004068841152966575,0.8066013177468649
S45G01N137,고양 소노,2024-2025,0,-1.2580790386807648,0.957969393370084,-1.6824273936462333,0.22571191786460904,-2.5687052224875093,-1.0280094798104524,0.9724811023626435,-0.7131838723920849,1.0257580118495069,-1.7723661233638917,-1.8431587054886893,0.4985011503638548,0.30332571841281214
S45G01N140,고양 소노,2024-2025,0,-1.993622825536947,-1.2548982025064288,-1.090210745379308,-0.7376962688201115,0.13568411231791713,-0.355082230867716,1.1361251849994658,-0.47834266726602914,0.5372569764524571,-0.20358775826175995,0.27980963100058187,0.7190781218250262,0.5137927590195
S45G01N146,고양 소노,2024-2025,1,0.8221853674334318,-0.7140122137347868,1.816089481950688,-0.6291556339047514,-1.3754664248715693,0.33282798461379687,0.5130990721923009,-0.4115250209599741,1.459801215779859,0.4146518086373534,-0.7025053702776562,-0.8715317313839763,-0.05919132312761278
S45G01N152,고양 소노,2024-2025,0,0.5885919626059204,-2.3574933158894766,-1.00032074791863,-1.0885354963952014,-1.1053163687694174,-1.2770130648121996,0.041504516240369514,-0.9165524019476924,-0.25056707376291554,-0.33282553062511266,-0.2627405703333897,0.10257683762887357,-0.16657157731200914
S45G01N157,고양 소노,2024-2025,0,0.8150354762007852,-2.5957549469737495,0.8267275275080842,2.1017260369719306,0.08684418136738695,1.58594993888531,1.6816175885693114,-0.9693862785386606,-0.13561711910211258,-0.4390142575383909,-0.038899297201710065,0.8426435618254491,0.5271471397630841
S45G01N162,고양 소노,2024-2025,0,-1.1502025442160546,0.10064582457651107,-0.14342445373558918,0.6324743332987043,0.26464851240249154,0.30814106188055923,1.4030389851342808,-1.4220334407562234,0.8371976364282024,-1.1837641285622025,1.129110443246329,0.9397661106789073,-0.8569324813593221
S45G01N167,고양 소노,2024-2025,0,-0.624889237587444,-0.36211058012196135,0.6094072278477571,-0.5759398082443234,0.6949539057357476,0.6618945206481901,0.6514069993204715,-0.6343383677876762,0.4202266838077736,1.419011978193776,-1.159279127439826,0.3871224039882004,0.2419757153722528
S45G01N173,고양 소노,2024-2025,1,1.3802669352845993,0.3424073373901203,1.21830301529154,-0.7564031755873489,-0.18999032928939397,0.5211520438809761,1.0023147265597239,-0.9737740626570289,-0.4876996541152995,0.23034633283511127,-0.7882771748180084,-0.02322164963211175,0.36015556078623817
S45G01N180,고양 소노,2024-2025,0,-0.273005667499373,-2.13904178665547,1.0696986543860298,0.41533355097810887,-1.201788806388426,1.267580681973185,-0.6578475922232476,-1.6197590294051833,0.14046931709066246,-0.5832891865660064,0.05123085655720797,0.22467988715431256,-0.10770326639953888
S45G01N185,고양 소노,2024-2025,1,-0.1542331994852671,-0.6515939674820154,0.8577635003838783,0.44634795010588163,0.0588380831303754,0.5082209733930558,0.029677876797387263,0.7281762093791098,-1.5153404966041395,0.9398164880870886,-1.5434479389274103,0.7006975474698981,-0.6648824778932835
S45G01N188,고양 소노,2024-2025,0,-1.38923251828723,1.8260248671040862,0.9357459977736913,-1.0028587307365944,-0.14150896693644904,-1.3771770713957454,0.12230215299861694,0.43211129291284267,0.7669841686202681,-0.7247104694686427,0.13552562852512107,0.9870324700376362,0.22440903613678245
S45G01N191,고양 소노,2024-2025,1,2.093556952531704,1.5138565840135183,0.5550121926971578,-0.35113633602411515,-0.9146067917430587,0.9117084612227709,1.278154956609576,0.6557786990210694,0.6248530144768948,0.5787490572772008,0.803159643933509,0.6127353706154363,0.515199618555401
S45G01N197,고양 소노,2024-2025,1,1.1396378793054196,-0.30112098751407945,0.9778530381815477,-0.4136029946083887,0.857823260901089,1.8498810396086338,0.4610188482826214,-0.5850668923098579,-0.9614544765741356,-0.5429205398095078,0.9062617908660453,-0.7576050437833397,-1.1031181741377047
S45G01N202,고양 소노,2024-2025,0,0.5640229487826631,0.13202891854800608,1.7846472836082918,-2.083165698307635,1.0030411303097326,0.04382138458311119,1.4545141461639912,-0.04688230235256413,-0.7265036386992352,0.07569801547616169,-0.059562904401616545,0.37291827260919413,-0.05685765123175246
S45G01N213,고양 소노,2024-2025,0,-1.6839447263504466,0.30936967660012343,1.3942594806750608,0.3980353112500875,0.47919455345056106,-0.6774226303878702,0.9680732176408142,0.34808080360942995,-1.1181239647331642,0.9874318469349119,-0.5785019314312971,-0.09486933930307882,0.15821748201456387
S45G01N218,고양 소노,2024-2025,0,-0.3559279764204793,-1.6429936347933045,-0.7870053990491633,0.1153058156357135,1.3953065920558378,0.6550576413815853,0.08016540140889636,0.7042427486293461,1.801206423529799,-0.35756629872172346,-0.4104687742194596,0.5573902852514778,-0.4700470721494491
S45G01N223,고양 소노,2024-2025,0,-1.176199175109339,0.562786137898437,-0.14679539009764744,0.15619294839540854,0.42010287028751164,0.3423408111840094,0.1371235143070106,-0.2968874527863232,-0.5545908739824728,-0.636614738358851,-0.06963274644008076,-0.5302983958776614,-0.31095666841613223
S45G01N230,고양 소노,2024-2025,1,0.7159889814361078,0.7530987711601809,0.19268594596047234,0.5446583019414356,-0.9560178553442806,-0.15646293349282295,0.03129143102552955,1.0613677374900194,0.6253943015808754,-0.662009041218407,0.4201097823980565,-0.17266354683289664,0.4621485012797838
S45G01N236,고양 소노,2024-2025,1,2.895996914865038,-0.8808686351785755,-0.0008086809773042608,-1.2999642573222054,0.17055953307636162,2.4067044212458364,0.9338194319057023,1.1397154910912703,-0.7593249973386683,0.06769902923923159,0.719293968683449,0.13885199687041963,-0.5681237645956593
S45G01N241,고양 소노,2024-2025,0,-0.40435874561844415,-0.5367880125964433,2.1422399106463668,1.1629923039906482,-0.7084644118218393,-0.33308667223371097,-0.20173550647462277,1.2375267104252474,-0.3690141507945477,0.4419475682619563,0.9499061515391772,-0.25371503612524954,0.21827507909370747
S45G01N243,고양 소노,2024-2025,0,-1.4169750477595509,0.7990954965171527,0.004450264527283002,-0.38087552148324316,-1.3547398592560653,0.31896845063780366,0.537015107515542,1.5572828419812907,1.474640241871905,1.4367898363261324,-0.16145467619392612,-0.05146448869202032,0.2836216951472319
S45G01N247,고양 소노,2024-2025,0,-0.9496866636441951,-0.07467919384602514,1.0894546027526617,0.10940704055242573,2.0057555752365515,0.4114147060539327,-0.44893780974774733,-0.28596763699202593,0.588434309123401,-0.8250388728465459,0.6133995937122906,-0.1085466191313534,-0.3551494338708559
S45G01N255,고양 소노,2024-2025,0,-0.6789138230758984,2.0685559684949557,2.1533852980912025,2.2133291102792567,-2.1324997940483588,-0.13920630439600226,0.13840069162607332,0.4723305596200933,-0.3058707193280711,-0.44621837074030446,-0.3608002834613689,0.7795925218971909,0.029957404685156588
S45G01N259,고양 소노,2024-2025,1,1.7568691629911275,-0.6028505093061932,0.8241482107028908,-1.6647331041884192,-2.4810318463977366,0.2756220118814076,0.1746212117635048,1.2670946439516535,0.34357058229012166,-0.06288399343169496,0.18520383172495164,-0.1931137417670321,0.2643704007975755
S45G01N263,고양 소노,2024-2025,1,2.427516557053636,0.7998537184224459,-0.024350502723283332,-0.9956671479417806,-0.9183719943259923,2.107476811586553,0.35341062783236155,-0.37472924212604436,-1.2978736047067634,0.6565047694346204,0.3925211654365833,0.4958143000276609,0.619908759611844
S45G01N270,고양 소노,2024-2025,1,0.5262445624103996,1.6089569732155093,0.46583963640864723,-0.3851174665571613,1.6906739294618847,-0.8756063223201903,-1.63955702382957,0.14525798587586491,1.2448525788188685,0.09331235627917008,1.5729599563831953,-0.3764727317364737,-0.2140916391357774
S43G01N1,안양 정관장,2023-2024,0,-0.6116543872703804,0.03314879576394095,-0.45213015063308504,0.5485762896931624,2.006827889083285,-1.3685071960793425,0.03511199469260835,0.6731680903079487,-0.22551411948485645,-0.6906892390768525,0.5052315028692895,0.38526329579118546,0.289441909510698
S43G01N14,안양 정관장,2023-2024,1,1.8010162602921143,-3.1180285936881105,0.2115386402556771,-0.5816748750008942,1.3132304136552198,-1.2348803874217118,-0.7604697066435887,0.5828889640361201,0.9319563166070985,0.6831807982825778,-0.39490177268908433,0.34224647800425584,-0.27755607147401196
S43G01N19,안양 정관장,2023-2024,0,-1.6836582764091923,-0.6038899484667167,-0.2226577781387929,0.9307831889632734,0.9035081572728549,0.029346545040303,-1.156216219378443,0.7937830153014155,0.41838226318406957,-0.3561007722013743,0.9074482770749465,-0.0054740332309836034,0.5170923417730319
S43G01N22,안양 정관장,2023-2024,1,1.5467688951939091,-0.44256415264737653,0.5692847316426212,-0.7896508968083814,-1.0071438440326759,1.10481071919921,-1.7641888453684935,0.4512856505024351,0.41809182880961837,-0.5357165783390918,0.7054753632267814,-0.8398584842397387,0.04304326318513089
S43G01N26,안양 정관장,2023-2024,0,0.22507450368691198,0.5735966210416985,-0.6995498288750001,1.262255481228572,2.0293234760743974,0.3214991627919319,0.18786945725727303,-0.11759422311317581,-0.33634092858429504,-1.2225594016214256,0.6361428192111312,0.1235877429816204,-0.6277010478299743
S43G01N29,안양 정관장,2023-2024,1,0.7946156184717647,0.6687677611042164,-0.0732301680325166,-0.045920921845298085,2.248943334190478,-0.15846386612627875,-0.20197809915288292,1.448362994867621,0.6973104939265546,-0.9340815378758873,0.19635162759852592,-0.3310259263819915,-0.08752724873455017
S43G01N31,안양 정관장,2023-2024,1,1.4416401611216716,-2.9807404558754946,0.4349454173964905,-0.36762272605762064,0.3095776106144482,-0.9944826503205302,-1.9782830983155912,-0.24990797218351143,0.7839431017111332,-0.027065257573874124,0.016034734043402755,-1.4018080810784224,0.7181540929638965
S43G01N36,안양 정관장,2023-2024,1,-1.0118314581023855,0.9407946535476381,0.05571750730998001,1.2287920731623179,-0.5868840749669634,0.9052402075009917,-0.16822941989159718,-0.08150061044631661,-0.333014473912694,1.4609806544496413,1.2705721184050018,-0.986416155989006,-0.38679105292709065
S43G01N41,안양 정관장,2023-2024,1,2.5525230934720238,-0.582325023248411,-1.3794011712937462,0.5801690610326451,1.6489115090862947,-0.22572699049806277,0.9090815155340765,-0.2206800208173507,0.6545605302386021,-0.39887978049398287,0.1900043586828663,-0.9328353823862231,0.3190588062841287
S43G01N45,안양 정관장,2023-2024,1,0.9196757590851679,-1.6371900223793567,0.8020255808887277,-0.37556929019091206,1.5195785045051835,-0.9213969237861279,-2.7768794047170733,0.8366880576886188,1.1967417639530782,-0.08801805402622519,-0.7701042252224354,-0.15645572821308057,-0.3413389655393309
S43G01N49,안양 정관장,2023-2024,0,-1.9855692543015435,1.573170958959785,1.2098665249820377,-1.0164408435431496,-0.06954827575448633,-1.213094376439422,1.5476632836164455,0.08791585955077096,0.08477017276251089,0.596101471389524,1.18401433734971,1.512271348740238,-0.4481763126369617
S43G01N54,안양 정관장,2023-2024,1,0.5874692644878065,0.7531420642461398,-2.30220264413326,-1.0682346839344878,0.07159179970536221,0.7796970873880139,0.1593112935139687,-0.4343444525490384,0.5688681850477152,0.6988694648601291,0.4646556531367901,-0.10854501824999258,0.02407939571909592
S43G01N58,안양 정관장,2023-2024,1,0.19309373670795016,3.2497034650808745,-0.021361151716089502,0.5557834067330935,1.886694831960362,-0.7003501542214201,0.06829599878291326,-0.711356062399406,0.5833654369507317,-0.13503992156001896,-0.4325848078137382,0.3559636722033597,-0.21090379340583726
S43G01N61,안양 정관장,2023-2024,0,-1.5518019890319064,0.09382997807778408,0.3541366869166575,-0.41655940593577007,-0.0443393895089589,-1.5458611213896987,-0.02161815886546267,0.5481981257029888,0.15778963017083827,1.7236651745895055,0.7589366621358536,-0.5436237163170098,-0.20361707872394372
S43G01N67,안양 정관장,2023-2024,0,-2.6557599553982008,0.6359229336076555,1.087577666253996,-1.843269140302388,-0.01980629196055038,0.4086324204609769,-0.21014631730294311,-0.11685592291167783,-0.8362396233141427,0.19437233793718287,0.4267929699179463,-0.06749333480737961,-0.07835418038261108
S43G01N71,안양 정관장,2023-2024,0,-0.8061459978574365,0.8143368954161444,-1.3534195658497148,0.0026282230753930636,0.8367715777927202,-0.08326982623438837,1.2744537421379105,0.0576621573520781,-0.39669975921959,-0.5019755465001149,-0.0970538356903101,-0.6773670837662794,0.44659147135279714
S43G01N74,안양 정관장,2023-2024,0,-3.588560115372291,0.2522589754532788,0.9983925992078365,0.04911745403848362,0.6785613876180798,-2.6323415322187813,0.019775684410943222,1.704455487479884,0.11287688524143928,-0.5420510942492713,1.1039871569943638,-0.04283765591874128,0.5474861580658175
S43G01N80,안양 정관장,2023-2024,0,0.4033602340000059,-0.6422407482214826,-0.7589343704484095,-0.8663295123639356,1.1852770328470585,-0.5024302548297769,2.565094454754978,-1.5368534636818643,0.26516513052504403,-0.5224346525236239,-0.24746180160777606,-0.3077402954762423,0.5096736511197845
S43G01N89,안양 정관장,2023-2024,0,-1.662194872233671,0.20973768332520445,0.65452661510812,0.48406388980084414,-0.8231875277783008,-1.4631280162539384,-0.7878883372455888,-0.05109867646820653,1.1593452393031844,-0.4350831602190047,-0.15647596259213917,-0.35291939347114837,-0.04440859473958636
S43G01N92,안양 정관장,2023-2024,0,0.4442497553379592,0.2547811264783435,0.20518741863753506,-0.17216443814978158,-0.5637597788966048,0.5158516429156458,-1.2622185100535044,-0.8897202596994621,2.2472346009733055,-0.5591768820687233,1.1381349361017263,0.43650528480060424,0.12827887579146927
S43G01N100,안양 정관장,2023-2024,1,-0.3461584908711083,1.0641439153326702,-1.4211072452841298,1.1019153825677037,0.93116611228643,1.53287053665795,-0.34206946655190434,0.2926068999267045,-0.017758994835731283,-0.4064206215625209,-0.24800358339328427,-0.12462327925272752,-0.04445645490339687
S43G01N106,안양 정관장,2023-2024,0,-1.7805282452411204,0.8993376766285319,0.6804027321662468,0.5028145396102643,-0.4231807132950114,0.24284228103298416,0.6014523796969897,0.10003341008247599,0.4049172849636356,0.6589041504831796,-0.4400958926316706,0.15591307175186636,0.30439658655910545
S43G01N112,안양 정관장,2023-2024,0,-1.2280742246539584,0.39255101179209245,-0.2513024348747122,-0.4029707084836005,0.9523240754412611,-2.1641159578726614,0.682580257404729,-0.08500287660700753,1.2159039919031078,0.6787396151590646,1.4571835657748216,0.23292372938705877,0.4925258281146715
S43G01N117,안양 정관장,2023-2024,0,-3.4927989119305938,2.0133430761177493,0.3077654585337631,-1.4870446520868639,-0.01349773618832581,0.7835006647474875,0.5787132128646669,-0.5775196074676209,0.952623202551042,0.12915742463212404,1.4343519505857287,0.24372827761073387,0.542839028357323
S43G01N122,안양 정관장,2023-2024,0,-0.7451511678865748,1.0218494210064417,-0.2666141181216472,-0.045693922692106766,1.5906081430271461,-0.6288902463242119,1.2229344152784274,-0.4599032817599394,-0.2148198058376656,-1.0672952982569306,0.00941167611487034,0.3767159374874154,0.4898034332866107
S43G01N124,안양 정관장,2023-2024,0,-1.17223608551649,0.5132279562609108,0.35184959920314407,0.22939231611515207,0.37931672302502734,1.290685655177541,0.96938948594753,0.8410718241676051,-0.3001966840377077,-0.6131264135522585,-0.08580227200148653,-0.09211770192450892,-0.08592941753210864
S43G01N128,안양 정관장,2023-2024,0,-0.6275339726942841,-1.2742937877738996,1.040514593004842,-1.620994133515153,0.7011752381479951,1.0201603479421908,-0.2669802728854962,-0.7144568385168402,-0.3832861895460014,-0.13978236381223,0.5250608056118932,0.07120161936757247,0.18187598673328786
S43G01N130,안양 정관장,2023-2024,0,-0.9763044306006667,0.0024147944337620693,-0.2324506068387484,-1.332254586962978,0.6010112279584344,0.16698669717653394,-0.4881961829121194,-1.1852602349172126,1.1134706348277301,0.15294599263084008,0.054721070029156625,-1.009538344818242,0.37802680697170765
S43G01N136,안양 정관장,2023-2024,1,-1.5760977078000564,-0.664996944909353,0.06163292402791105,1.2742533756189014,-1.1132696856751665,0.4669208633569872,-1.6710246148277774,0.6787483266993676,-0.3115405781112459,0.09736612560514818,0.2846833044177112,-0.8940650780007757,0.12259948201846607
S43G01N138,안양 정관장,2023-2024,0,-1.6709467162867218,-0.8331925197112795,-1.3552629274809431,-0.8594327075693087,0.11721400096584982,-0.5008158679263458,-0.02818166901921949,-0.4543920767669915,2.1731815961109042,1.4169145482537469,-0.2936136639648507,-0.08615983523242922,0.9869161783266591
S43G01N144,안양 정관장,2023-2024,0,-1.4221672295537853,-0.39038603965848034,-0.7702468598369557,-1.674919899237137,0.5068275885184145,-0.854416697045905,-1.3293382165642589,0.2462742843117618,-1.6416515017468938,-0.1343058386423365,0.6222087045233722,-0.06450630516582655,0.563235195846297
S43G01N153,안양 정관장,2023-2024,0,-1.5657292074194742,0.960083636133733,0.40344210735413716,-0.7373132241773305,-0.2752507600354859,-1.3418516812146324,0.2071570059287694,-0.6089475492351061,0.27164805685840504,0.17172945448949195,-1.207433316923831,-1.0603430119588042,-0.11324078242233974
S43G01N157,안양 정관장,2023-2024,1,0.042153230622753196,-0.2634841171756852,-0.5083940850539564,0.24247650668624482,0.9469550234638268,-0.4511705135069263,-1.4419654674767401,-0.2977176308212927,-0.41408252308294,1.0572661049758734,-0.2964349503927842,-0.8884975122194899,-0.22568575307832892
S43G01N163,안양 정관장,2023-2024,1,2.302487116583226,0.9848728187612659,2.6221576070053456,-0.6333365680667652,0.33307888985420725,1.6200229233337724,-0.2666570965784276,0.12914327997939012,-0.5391617186176658,0.7184697853656602,0.42433374103842403,-1.4343023438227955,0.2729701612539435
S43G01N171,안양 정관장,2023-2024,0,-2.33575531701494,-0.13752526425583453,0.6183151547009347,0.8189821374265542,0.6183410934818027,0.6175773490560379,-0.23723532776619186,-0.6518775018281301,-0.5168068438594544,0.3068293837269703,0.084093137580824,-0.28533617143427253,0.12435448516398638
S43G01N177,안양 정관장,2023-2024,0,-1.2495114564092615,1.7744987232305,0.37454084634849605,-1.8777232588509685,1.7591139154567426,-0.031557625069780076,0.5621058542770039,-0.27508761080169103,-1.1489840713997925,0.2512639246946805,1.6444838575926908,-0.7461010618970034,-0.1709112860866348
S43G01N183,안양 정관장,2023-2024,0,-0.6113343299052303,0.04746136772103456,-0.09091857741619087,-0.14306088450539073,1.1523354617448405,0.7597473866949191,-1.1466044852664832,-0.9172259395023082,-0.2590481668212372,-1.1337877536674819,-0.0506610632233111,0.443603163552312,0.08160828676384795
S43G01N187,안양 정관장,2023-2024,0,-0.9615099572187595,-0.2907239786372391,0.6742693269586857,-0.4419183143479259,0.2150624958997547,-1.885774467023189,-0.1868859273640254,-0.13191356059698534,0.19768047948840348,-0.3604840123251806,1.4346019328640174,-0.7267087824726021,0.4709181465732579
S43G01N197,안양 정관장,2023-2024,0,-1.384662765609686,-0.05303899089044431,-0.674800690421334,0.4525867647777171,2.293943518733886,-0.2011230033930131,0.617001445040244,-1.0243376358421126,2.072229355787169,-0.7101944586615311,-1.2015946124066548,-0.1059267567341967,0.04106490699438198
S43G01N201,안양 정관장,2023-2024,0,-2.1471170988460555,0.6711528284573992,0.8830393284061682,0.22748062955694737,0.5434803135661637,0.8970904918548841,-0.13841976116232216,-0.5201956165262823,-0.07034970753783468,-1.684065336911313,0.06044079687790519,0.4876052263055482,-0.74979282935103
S43G01N206,안양 정관장,2023-2024,0,0.023911738931332215,-2.7496052482872884,1.645077343947046,0.07348228309777932,0.4808174830888015,-0.6012457677455534,-2.1016068845432603,0.2745926150633164,1.4584720330671799,0.11608639516470089,-0.06302513243991577,0.7452805192828998,-0.05351152239176121
S43G01N209,안양 정관장,2023-2024,0,-1.541914360359373,-1.317059896721438,2.424755561590119,1.5055373033847594,0.7155482330194526,-0.31441285764390725,-0.27458954368342126,0.2860797938383556,-1.125778291667837,0.7868113719866846,-1.829784879215768,0.7450382880059976,0.1442103698165022
S43G01N211,안양 정관장,2023-2024,0,-1.651218418953493,0.9956115919348415,0.17301250722996375,-1.0255928141280937,0.4245484428296193,-0.5688409742918642,0.32322116310960847,-0.724020572878586,-0.7338082038263793,-0.07006283498950548,0.3027798643274401,0.0017460908955985917,-0.09410994140674264
S43G01N217,안양 정관장,2023-2024,0,-3.7897354607237257,0.008285903182669967,0.6968646698535071,-0.8417935645310216,0.273558947819288,0.6361879088132656,0.37968532860350657,-0.6559089367686108,-0.025721711580267627,-1.3852164916964793,-0.35149186227336165,-0.0604469742636787,0.7124270415016992
S43G01N222,안양 정관장,2023-2024,1,-0.05680204417468375,1.2730624604239393,-0.343682916586162,-1.2620335723067444,-0.27969150066183773,-0.5414860187913594,-1.1472840676520895,0.33876596982282614,-0.33238064886680097,0.18947292986363787,0.37333846395832865,-0.2931906162674061,0.3736125099309271
S43G01N234,안양 정관장,2023-2024,0,-0.22794214985400174,0.18900878956985318,0.1098328352701408,-0.6913202497123119,0.3786818521214121,-1.6759812823270714,-1.3345176845712101,-1.4453429300735423,1.0720532149726065,-1.5705776817902193,0.505950732839425,-0.42514436984538145,0.24897934640381345
S43G01N237,안양 정관장,2023-2024,0,1.2737871826664118,-1.7494218416651144,1.4376736097917748,-2.0060418249379866,0.3234362764135528,-0.5667670487450547,-2.545144400447399,0.9404008509694171,4.1369961483096915,0.7236033513824984,0.6436596315301715,0.9305895204544788,0.37424812680627856
S43G01N242,안양 정관장,2023-2024,1,2.231479581284319,0.14509774357447594,0.4974547828951404,-0.9869249857343637,2.655675769602081,-0.5131987934942497,0.22144944542515949,0.08789666030983644,-0.8889917025677778,-0.3706626598546801,0.08417456769408188,0.17373636355803868,0.16708130373116317
S43G01N247,안양 정관장,2023-2024,0,-1.4164082488909848,-0.7218447513180893,1.407260901484128,-0.41148562328669774,1.9646618113493135,-0.2222103113894552,0.3520914327490703,0.027039656557517687,1.142695369160317,0.24755442876735384,-0.9039838815832528,-0.24266998848876994,0.7366511045139059
S43G01N250,안양 정관장,2023-2024,1,-0.9191155992963638,2.0244280142043167,-1.9543584081086993,-0.9645340919407145,1.8074099790064762,-0.12190487627354299,-0.6402033535513516,0.27063144138330164,-0.8133539072555244,-0.6952232304251327,-1.572335300007955,-0.08270232088398094,0.041946607230127754
S43G01N255,안양 정관장,2023-2024,1,2.279006147505213,-0.5390511761590911,0.5741625268379655,-0.02689713806026534,0.49272540604894255,0.4884956035656463,-1.6457803899465366,-0.01735857760611905,1.8182370218606347,1.1461879194475448,-0.48188867704698846,-0.8849176672820155,0.2651686615177587
S43G01N261,안양 정관장,2023-2024,0,2.3620014032826973,0.22498157620671266,3.3687843485464115,-1.4036953628413948,0.39943819446539053,-2.0874117236355185,-1.6751442332829758,-0.3093216238173364,-0.9185473033195422,-1.6862343506525266,0.2482526451412955,0.18888310495040483,-0.0804917647040489
S43G01N263,안양 정관장,2023-2024,1,1.6319457094073118,0.43274429901645955,-0.01273303367663618,-0.3421391705706215,0.8850292024554892,-1.774831240926514,-1.4257951546292837,1.5534577990486431,2.437320005982858,0.2662593644660367,0.8734818855003255,1.0120226480179995,0.07873140866892821
S43G01N266,안양 정관장,2023-2024,0,0.5752638025930014,-0.09066416813929999,0.67304203500807,0.5829664705917198,1.6483817367050642,-0.6088497841412142,0.3856153593763542,0.1746086114182181,1.280450154977157,0.3708296812240302,-1.0316665120354522,-0.6722198863288367,0.4178184865926366
S45G01N5,안양 정관장,2024-2025,0,0.2647052131448249,-0.611819547251252,0.13403071254429438,-0.3042144153031212,-0.012713550882349664,-0.6227117983715686,1.7962016590793053,-0.38270509283391146,0.8623572969659771,-0.07388021736633703,1.4507874077143883,0.3433144128028731,0.11524216172260938
S45G01N11,안양 정관장,2024-2025,0,-0.8777395190779516,0.09187236771132874,-0.43985232722462064,-1.2533077987600778,1.880453558121273,-0.11840146612390752,0.0014957503469624875,-0.7326106073453935,0.6850212997386221,0.3167871677680126,-0.28086221475509543,0.3988872099350747,0.24102750605720652
S45G01N16,안양 정관장,2024-2025,1,2.367753044646906,-2.8887264265222856,-1.1597607812174007,-0.8602400568166664,0.34343886801387974,-1.576653149042847,-0.9984796450210249,-0.23225549428172088,0.6234305493728461,-0.5368837014868004,0.499319112487197,-0.19421294359321697,0.22186983799641008
S45G01N20,안양 정관장,2024-2025,0,0.691312742714049,0.05708320735087208,-0.5156522992636026,1.638542323216191,1.947463135312063,-1.9439252678912153,-0.2655849410096417,0.16660429614927014,1.2812775237993768,-0.15719274806985178,0.13072765550725868,1.055876973526718,0.4650159082669061
S45G01N22,안양 정관장,2024-2025,0,-2.3579046809989768,-1.054506531947304,1.594107485169731,0.01931292749508734,0.868637432177983,0.4392729047609042,2.536915856422974,-0.10696907948259678,1.2857287344812751,1.3894616770556627,-0.9946472950370637,0.0708182158418163,0.25566808167024724
S45G01N28,안양 정관장,2024-2025,1,0.674536249345942,-0.6248115847951164,-0.028471439123822367,-1.120879708403804,0.8808117881075157,-0.4608831127819385,-1.0168351128826578,-1.9994551578767688,0.549258133191503,-0.5755987532093974,-0.7399955703529099,0.6532929273305587,-0.4558254553793291
S45G01N32,안양 정관장,2024-2025,0,-3.105661946827151,1.249211038846231,0.34880105761288593,-1.124023740731874,1.1204290401928931,0.7132669073543005,0.5029002242109432,1.6918682394604538,0.28307502667166706,-1.9550231823760618,0.8287926174178107,0.40391145422318536,0.900338307196258
S45G01N37,안양 정관장,2024-2025,1,-0.008266099110134583,-0.5398301090737285,-1.1496039163611784,-1.0337074819902417,-0.2892229155765773,-1.3554610685797541,-1.4165614801400574,1.0102970796379818,0.5112475213933803,-0.18625903783647396,-0.10339599863893638,-0.040281885684903984,0.2812379801057649
S45G01N42,안양 정관장,2024-2025,1,2.350921344089486,1.8058252501727687,-0.4148975506071192,-0.5703903911385654,0.8853436499595533,1.6744696601800468,-1.7317209863669276,-0.15451381089487332,-0.683008932826308,1.6632400586166574,-1.6025436991928041,-0.29515208292481065,-0.011145527468890493
S45G01N46,안양 정관장,2024-2025,0,-0.4586159418340764,-2.0387590031440257,0.4262080728150234,0.01475660927967914,0.9249268514164145,-1.4617168443388295,0.1927506001917014,1.2167491691247974,0.3552654945351159,0.21547621904895337,-1.1714374166077308,0.7559749615648227,-0.19884508434603032
S45G01N56,안양 정관장,2024-2025,1,3.6261788211521337,-0.7489774197617948,1.0034022943336636,1.177235395538411,1.2984706360566975,0.20446557175590802,-1.0521621326500938,-1.5985590297457268,0.7292183099958014,-0.5433459310012015,1.9867286366435313,0.6892524884212062,-0.31192028471967603
S45G01N62,안양 정관장,2024-2025,0,1.4687990781504632,-0.09822247415828048,0.2734365574533021,1.993707886853954,2.810729912215776,-1.0543107791056323,-1.15438941031247,-0.0206936925224141,1.3364175831711966,-0.8502785909843188,0.03748389816916196,0.18202181157152506,0.531479718831244
S45G01N65,안양 정관장,2024-2025,0,0.38154855133409,-1.3395287082694498,1.5595553563674445,0.4833953878084156,0.5049500421192371,-0.5912184614197906,0.773945213007907,1.3803106129271043,-0.30225857484935886,-0.1289034285627348,1.9008809562267317,0.8869669726913425,1.2220496250529391
S45G01N68,안양 정관장,2024-2025,0,2.7055827983035163,-1.3860574943494408,-1.2128423330803775,0.7357383883666053,1.9506000905516352,-0.7104334218760255,0.6622157614017093,-1.1208227814231821,0.5855046169070312,-0.3625008719162611,0.48402049411643133,0.3439579266412325,0.6461630477945883
S45G01N75,안양 정관장,2024-2025,1,2.659647020713253,1.053356949622052,-0.4099536475986558,0.17970157735636016,1.1450302736739435,-0.48229894029334774,-2.594055618612164,-1.7072676853330933,0.4410459563968587,-0.6212716949579241,-0.7474873068510882,-0.1998684147587282,0.31682601904480506
S45G01N78,안양 정관장,2024-2025,0,1.1816984204214105,-0.8101916046478312,3.3011353803611008,0.10964430494545424,-1.1990475265698417,-1.0079435793890608,0.33421582413407736,0.4959718707012005,0.7170357669689791,-0.9385009766760154,-1.629347387988031,-0.22428599492969195,-0.005186086095820474
S45G01N82,안양 정관장,2024-2025,0,-0.26053879838728555,-0.6922281221905309,0.18508258788627804,0.26372203362432073,-0.1488050202316487,-0.8548036125785909,0.2947381694111719,-1.003891445182544,-0.5093301765596393,-1.1008362368506635,-0.4378443124981602,0.4076224126834684,0.35523436485816084
S45G01N87,안양 정관장,2024-2025,1,0.37655360044746194,1.1130333264208088,-0.024872571701190154,2.7490328934811825,2.597530355384917,-1.7339861708688533,0.9747013238492177,0.6136298648271707,0.8863675849491233,1.0221217339474664,-1.561140863448381,0.8775159165820267,0.10684663959731462
S45G01N93,안양 정관장,2024-2025,0,-1.0889098730045543,-1.8079073173860891,-1.42141083977634,-0.8118082948602354,0.8534815694900156,-0.641046316942848,-0.2275312757658217,0.7788748779647969,-1.2594786202280877,-0.4935590760851463,0.25459331592877793,0.23557586196559588,0.41090425463663693
S45G01N97,안양 정관장,2024-2025,0,-1.558095462350636,0.5275637165666507,-1.52050006552778,-1.0453276021032096,1.1700927471701774,0.7571100818262139,-0.6571806175946691,-0.704094393064872,1.2369803471131418,0.7759541846682197,-0.30223615476089294,0.9280275086570025,0.3120638543554709
S45G01N100,안양 정관장,2024-2025,0,-0.6950284841089618,-1.8342179011228237,-0.6582499061136604,1.344165524044678,0.3609519863768265,-0.08207191853362662,1.4370839400170807,0.06233553072705872,-0.3896145574469917,0.6701056452108705,-1.1503614293416866,0.4094643486318529,0.2437998987859069
S45G01N103,안양 정관장,2024-2025,0,0.20362982583559375,-0.6574521671124608,-0.4047324810838098,-0.48227352851064187,1.6812461757936314,-1.6809280769143202,1.0712841631044654,-0.33266468469028304,-0.9246818209379841,-0.4204358024372163,1.0186568580969724,0.13949561820709536,0.7842661964930622
S45G01N111,안양 정관장,2024-2025,0,-0.642947232222058,-0.08704798466634707,0.7459772686519969,0.6454760143449484,1.3106406177166157,-1.4615612949597858,-0.1843687301383614,0.7564484335543492,0.6292000350269609,-0.20685485709821966,1.4697828871061034,0.00542104158900024,0.12571057185500695
S45G01N118,안양 정관장,2024-2025,0,0.25957851739467425,-3.074257172570873,-0.859639294892678,1.107483597472743,0.7074083445650435,0.4266348407393237,-0.17676293812862012,-0.39467594963126534,2.077914631149287,0.2807343471694499,-0.25321398122328737,0.43693833985971736,-0.3240468312550756
S45G01N120,안양 정관장,2024-2025,0,-1.862795911629397,-0.8506050233141704,-1.1631036326554012,-1.0005763794772315,-0.19429365591811512,0.4798321157845461,-0.22958127166146516,-1.3137986381879623,0.34624833018336015,-0.3315405231131289,-0.5260150783001194,0.0817745548784244,0.7307906496614508
S45G01N127,안양 정관장,2024-2025,0,-0.9711529288747958,0.45884074813457143,0.5198170214736975,-0.826346047313216,0.36495445348040495,0.9022514933332991,-0.6847180486328046,-0.7268053022038589,-0.1430651694035372,0.008333919236287943,0.05448405494801516,0.6339476709796743,0.10945184587910686
S45G01N130,안양 정관장,2024-2025,0,0.08320725664139711,0.4417177213980252,2.8138462233684742,-0.2973206957641842,-1.0396657637385314,-0.40968251924879256,1.539748496688885,0.6724289385093469,1.241197192447955,0.6178969492794975,-0.6131084204198693,0.9553569224000757,-0.020163819763257793
S45G01N136,안양 정관장,2024-2025,0,-0.3233630447785148,-0.4023531865689436,0.44601249510400187,-0.6967944594788147,0.7930732936993868,0.8273031932612466,-0.14790920688316725,1.4813660077931472,1.1261517198551563,0.5367734570641385,1.2461895708450836,-0.14317498224223413,-0.0924427814910201
S45G01N139,안양 정관장,2024-2025,1,0.34091784950733495,-0.9012056516718335,-0.42630449776557844,0.8766295340935151,1.6442234105753804,1.0648619536164998,0.1818105936180682,-0.6832196141987553,-0.5943654359805493,-0.5726951297779195,-1.0134476843432578,0.11414829680022738,-0.5726304872083083
S45G01N144,안양 정관장,2024-2025,0,-1.6091743462364738,-0.6485888518362447,-1.694034023236931,-1.3446425244795766,0.16416748550219323,-1.7408772618474704,0.37410780538294497,-0.6349180295579718,0.10735297468358222,-0.44951753623920576,0.34154885123875434,-0.2055861007182221,0.34524939935330295
S45G01N150,안양 정관장,2024-2025,0,-0.31746625728697175,-0.46482510350487743,-0.4185914174763768,-0.3158894711435067,-1.7640192679223827,0.10612857276361938,-0.2517430669783212,0.13508046156405107,1.8461881290285251,0.24986872877834077,0.6902082500999908,0.3762703448476142,0.3403472453153344
S45G01N153,안양 정관장,2024-2025,1,2.0077436034250415,-0.5059446130027822,-0.5668034869374851,-1.1576274042395012,-1.2078679726114656,-0.09622122295844489,1.6680143477100111,-0.9074877742261104,0.5578623793170197,0.307690301297963,-0.4461158051605006,-1.9941023376661131,-0.2318182343978006
S45G01N159,안양 정관장,2024-2025,1,0.9061069270210079,-1.1352121033372322,1.4049787604858162,-1.0289282354481786,-2.0827988942050797,-0.4159587818759194,-0.45984619583227065,-0.03201825921837522,-0.231686158305837,0.5204991221844719,-0.5419420627475783,-1.0649081664687063,0.045795383545826435
S45G01N162,안양 정관장,2024-2025,1,1.939079422352854,0.361238378516535,0.9785558354939597,-0.5425024740110559,0.11829415583088969,-0.19756362368500277,0.7615172387855949,0.31491695021178967,-2.030271884211477,0.7466120799629223,-1.345411452822679,-0.7514524499852264,-0.24829494306908292
S45G01N170,안양 정관장,2024-2025,1,-1.0477141856663033,0.038730139581077204,-0.7660589474872997,0.0968464533373588,-0.3902439128893807,1.0695144015268931,-0.5907326749891464,1.0037437998623038,0.22082834377798793,0.03900601311962128,0.7735712396206073,-0.1995067666052341,-0.5898570886691908
S45G01N175,안양 정관장,2024-2025,1,1.6031220837994713,1.4784453399330972,1.2261563229004395,-0.8072944295278837,0.2176371467208474,-0.3712553117558395,-0.21061953084256368,-1.908108496849498,-0.19676951831015166,-0.35064564854297836,-0.6248795707739903,0.3997420177883639,-0.35268536508283715
S45G01N182,안양 정관장,2024-2025,0,0.03893884248471675,-1.1028516761318674,-0.09544439787995722,0.02111522020767459,-0.24662437929889947,0.1856665017305794,0.48035683180654404,-1.0876423882104418,1.0658428789956376,0.08278449349704846,1.1630200042127452,-0.5980205357389435,-0.7475175183014513
S45G01N187,안양 정관장,2024-2025,1,-0.13496424459587253,-1.0786016729706378,-0.7749070163497143,-1.4151330231076906,-0.18728104019675432,2.3976693539827,-0.3156421713576798,-0.11544058211353805,0.5560121336748469,0.024108263195888525,0.07568361618846747,-0.04049877586101787,-0.12534137070985774
S45G01N192,안양 정관장,2024-2025,0,-0.5518614380291437,-3.78845945218697,-1.3989031410977169,0.034034789112180934,0.5630837807211663,0.09000382453747029,-2.2194173814144,1.2987213535779008,0.5243374892431935,-0.22335405509461945,1.3869511136953385,-0.0424336383110632,-0.15927495039424877
S45G01N199,안양 정관장,2024-2025,1,1.2289030461208086,-1.47979999518815,-1.3771788659203996,-0.7844548759952558,0.2885138324450795,-0.6074734157356314,-1.3745758989498669,-0.60772603900287,0.06358236318571207,1.1265457114393895,-0.7655937108869578,0.6551755492698549,-0.6422252167569953
S45G01N204,안양 정관장,2024-2025,1,1.1430462561016868,1.5594380288743732,-0.19346932067917727,-1.7821487060922268,-0.37359230537700466,-1.3867846598544482,-0.7337609602422565,-0.5131048216815487,1.2355331565528538,-0.6236419177787182,-1.3888048614133435,0.06513767675529653,-0.34252832041975556
S45G01N211,안양 정관장,2024-2025,0,-1.919785962913157,-1.2576509399954203,0.5081292747845658,1.7337695978551084,0.3239528738414969,1.914260193183736,-1.1232052967567303,-0.17670808304586533,-0.6534616899251103,-0.8602816694713482,0.3368581458191689,-0.38261583042675407,-0.34766222233600425
S45G01N214,안양 정관장,2024-2025,1,1.6258354036174378,-1.6395976266108079,-1.016701251097585,-0.7868073878353954,-0.426669913617293,0.28901805696872324,-0.5660406841852971,-0.6736083151218532,-1.579783765020774,-0.7688610478207389,1.08634197369243,-0.4969758501647492,0.2936942167781021
S45G01N216,안양 정관장,2024-2025,0,0.03670491033552361,-0.6066911957912838,2.6854809769604078,1.4669126963717674,0.012445855691693979,0.5228608405581169,0.8509844167618907,-0.4011759830514922,0.5997079298177606,-0.4278385608054363,-0.839583407662749,0.11469855639664696,0.35789027709667715
S45G01N223,안양 정관장,2024-2025,1,-0.531356368843441,0.6106021803161282,0.3905524348694329,-0.46292296581028103,-0.6705152801781975,-0.9142775931222882,-0.22147177342155386,0.9831129163635295,-0.15205995699067815,-1.1936591291745757,-0.34970881584859387,-0.7636707637652722,-0.3360991768667975
S45G01N227,안양 정관장,2024-2025,1,0.6076686982352195,-1.0142063280041544,-0.6061857715893018,2.1355205716958268,-0.45160979596665635,0.15276580763270178,1.6794695154194021,0.07019882452786888,0.8219013010725085,-0.6578888940212791,-0.8042907468090859,-0.33083726090871246,-0.8868848397467839
S45G01N233,안양 정관장,2024-2025,1,0.9864147701702841,0.7967490134375526,0.2670258639217317,-2.5873809514362742,0.31227527584627435,3.3625484831852592,-0.6312930784397108,0.3276277278833579,-0.21803156314532218,-0.5192332231882484,-0.06468834056127247,-0.15068812740475723,-0.15273787865503838
S45G01N238,안양 정관장,2024-2025,1,-1.2931494464465645,0.7966477407633875,-1.1629352968882778,-0.4879086662180723,-0.1472173684088162,0.21942679889909963,-0.8441267518327056,-2.395015906853697,-0.35870318546243235,0.8783757602962399,0.3592621780751787,-0.4211158072955701,-0.2765244570526783
S45G01N241,안양 정관장,2024-2025,1,0.6668930784128436,0.48194438638552817,0.9374029053341334,1.0120780458066791,0.8467806034343736,2.981898230700444,1.1488442076969787,-1.1425826922795344,0.6006566283575698,-0.08877855931845322,-0.49529986895485933,-0.451112504310326,0.04203750663778703
S45G01N248,안양 정관장,2024-2025,1,0.7847672895563093,-0.3565596228515002,-0.4766400427991142,-0.581790490908245,0.30662758111327937,-0.7174921531040931,-0.5436441317437586,-0.3757120998723594,-0.7030602209750985,-1.3682884791240542,-0.07984024589324729,-0.5817176937820248,-0.43086365667750015
S45G01N253,안양 정관장,2024-2025,0,-1.226023454298558,0.03986807753018053,1.1093099520064498,-0.2831673885933478,0.13985566626509366,0.918312003789376,0.045471600711810986,0.3975523215868416,0.616262877352501,-0.069605891103623,0.46300790430670946,-0.4582195609902948,-1.0647185009608002
S45G01N256,안양 정관장,2024-2025,0,-1.6078011166551702,-1.8214253121307464,-0.4201036857123847,-0.3906729075909901,-1.1316695174883855,-0.4306753778506076,0.21606226869684322,-0.7602970826625883,0.48445227523073686,0.071419822922323,-0.4116069184695126,0.030710529274700336,-0.5938054366397625
S45G01N261,안양 정관장,2024-2025,1,0.3523811849350458,-0.3179204904178981,-1.3454177759073083,-0.22810560618264109,0.791281554391807,0.6559369270847656,1.7689675854612428,-0.5031259103411893,-0.27385989466401656,-0.014392696737859796,-0.11650918899958888,-0.31759969779991987,-0.3746200484616909
S45G01N267,안양 정관장,2024-2025,1,0.646883481706196,-0.31015147373822377,-0.21111228629689613,-1.1699904322999672,0.7118704865105134,1.201076775350982,-0.8926595998723594,0.79628761587166,-0.8838320053538421,-0.4154577608583654,-0.6872755881814818,0.10326034748537084,0.5193997523283316
